id,minute,result,X,Y,xG,player,h_a,player_id,situation,season,shotType,match_id,h_team,a_team,h_goals,a_goals,date,player_assisted,lastAction
426425,3,BlockedShot,0.8059999847412109,0.73,0.0609119981527328,Ilkay Gündogan,a,314,DirectFreekick,2021,RightFoot,16385,Tottenham,Manchester City,1,0,2021-08-15 15:30:00,,Standard
426426,4,MissedShots,0.9230000305175782,0.4909999847412109,0.2560530006885528,Fernandinho,a,614,FromCorner,2021,Head,16385,Tottenham,Manchester City,1,0,2021-08-15 15:30:00,Benjamin Mendy,Aerial
426427,5,MissedShots,0.8880000305175781,0.4270000076293945,0.1308889985084533,João Cancelo,a,2379,OpenPlay,2021,RightFoot,16385,Tottenham,Manchester City,1,0,2021-08-15 15:30:00,,TakeOn
426432,33,BlockedShot,0.8540000152587891,0.6880000305175781,0.0408072993159294,Jack Grealish,a,675,OpenPlay,2021,RightFoot,16385,Tottenham,Manchester City,1,0,2021-08-15 15:30:00,,
426433,34,MissedShots,0.9059999847412108,0.51,0.4742240011692047,Riyad Mahrez,a,750,OpenPlay,2021,LeftFoot,16385,Tottenham,Manchester City,1,0,2021-08-15 15:30:00,,
426435,40,BlockedShot,0.779000015258789,0.395,0.0253024008125066,Riyad Mahrez,a,750,OpenPlay,2021,LeftFoot,16385,Tottenham,Manchester City,1,0,2021-08-15 15:30:00,,
426437,43,BlockedShot,0.8619999694824219,0.375,0.0786347016692161,Jack Grealish,a,675,OpenPlay,2021,RightFoot,16385,Tottenham,Manchester City,1,0,2021-08-15 15:30:00,João Cancelo,Pass
426438,43,MissedShots,0.7519999694824219,0.4059999847412109,0.015307200141251,Fernandinho,a,614,OpenPlay,2021,RightFoot,16385,Tottenham,Manchester City,1,0,2021-08-15 15:30:00,,Rebound
426439,47,BlockedShot,0.8669999694824219,0.5179999923706055,0.1121099963784217,Ilkay Gündogan,a,314,OpenPlay,2021,LeftFoot,16385,Tottenham,Manchester City,1,0,2021-08-15 15:30:00,Jack Grealish,Pass
426441,48,SavedShot,0.85,0.705999984741211,0.0324745997786521,Raheem Sterling,a,618,OpenPlay,2021,RightFoot,16385,Tottenham,Manchester City,1,0,2021-08-15 15:30:00,Benjamin Mendy,Pass
426442,51,MissedShots,0.7330000305175781,0.3470000076293945,0.014113999903202,Fernandinho,a,614,OpenPlay,2021,RightFoot,16385,Tottenham,Manchester City,1,0,2021-08-15 15:30:00,Riyad Mahrez,Pass
426445,56,MissedShots,0.7380000305175781,0.3420000076293945,0.0160597003996372,João Cancelo,a,2379,OpenPlay,2021,RightFoot,16385,Tottenham,Manchester City,1,0,2021-08-15 15:30:00,Fernandinho,Pass
426446,59,MissedShots,0.909000015258789,0.44,0.0462918989360332,Nathan Aké,a,579,FromCorner,2021,Head,16385,Tottenham,Manchester City,1,0,2021-08-15 15:30:00,Fernandinho,HeadPass
426449,69,MissedShots,0.9619999694824218,0.485,0.6131100058555603,Ferrán Torres,a,6441,SetPiece,2021,LeftFoot,16385,Tottenham,Manchester City,1,0,2021-08-15 15:30:00,João Cancelo,Cross
426451,74,SavedShot,0.91,0.67,0.1027569994330406,Jack Grealish,a,675,OpenPlay,2021,LeftFoot,16385,Tottenham,Manchester City,1,0,2021-08-15 15:30:00,Gabriel Jesus,Throughball
426453,80,MissedShots,0.8190000152587891,0.4559999847412109,0.0081225000321865,João Cancelo,a,2379,FromCorner,2021,Head,16385,Tottenham,Manchester City,1,0,2021-08-15 15:30:00,Kevin De Bruyne,Chipped
426454,83,SavedShot,0.7859999847412109,0.6669999694824219,0.0235833991318941,Kevin De Bruyne,a,447,OpenPlay,2021,RightFoot,16385,Tottenham,Manchester City,1,0,2021-08-15 15:30:00,Jack Grealish,Pass
426455,85,SavedShot,0.9690000152587892,0.3010000038146972,0.0563034005463123,Ferrán Torres,a,6441,OpenPlay,2021,RightFoot,16385,Tottenham,Manchester City,1,0,2021-08-15 15:30:00,João Cancelo,Pass
427538,6,MissedShots,0.8959999847412109,0.7240000152587891,0.0344704985618591,Adama Traoré,h,900,OpenPlay,2021,RightFoot,16393,Wolverhampton Wanderers,Tottenham,0,1,2021-08-22 13:00:00,Fernando Marçal,Pass
427540,16,MissedShots,0.750999984741211,0.439000015258789,0.020389499142766,Nélson Semedo,h,6163,FromCorner,2021,RightFoot,16393,Wolverhampton Wanderers,Tottenham,0,1,2021-08-22 13:00:00,Adama Traoré,Pass
427541,17,SavedShot,0.8640000152587891,0.5570000076293945,0.028745599091053,Trincão,h,8934,FromCorner,2021,LeftFoot,16393,Wolverhampton Wanderers,Tottenham,0,1,2021-08-22 13:00:00,,Aerial
427542,22,MissedShots,0.6980000305175781,0.4229999923706055,0.0146247996017336,Rúben Neves,h,6853,SetPiece,2021,RightFoot,16393,Wolverhampton Wanderers,Tottenham,0,1,2021-08-22 13:00:00,João Moutinho,Pass
427543,26,MissedShots,0.8419999694824218,0.61,0.0461160987615585,Raúl Jiménez,h,4105,OpenPlay,2021,RightFoot,16393,Wolverhampton Wanderers,Tottenham,0,1,2021-08-22 13:00:00,João Moutinho,Pass
427544,30,BlockedShot,0.8640000152587891,0.3979999923706054,0.0558302998542785,Raúl Jiménez,h,4105,FromCorner,2021,RightFoot,16393,Wolverhampton Wanderers,Tottenham,0,1,2021-08-22 13:00:00,Romain Saiss,
427545,32,SavedShot,0.7719999694824219,0.5920000076293945,0.0262157004326581,Trincão,h,8934,OpenPlay,2021,LeftFoot,16393,Wolverhampton Wanderers,Tottenham,0,1,2021-08-22 13:00:00,Raúl Jiménez,Pass
427546,44,SavedShot,0.749000015258789,0.4329999923706055,0.0137940002605319,Rúben Neves,h,6853,SetPiece,2021,RightFoot,16393,Wolverhampton Wanderers,Tottenham,0,1,2021-08-22 13:00:00,,
427547,47,BlockedShot,0.8190000152587891,0.5220000076293946,0.0616833008825778,Rúben Neves,h,6853,OpenPlay,2021,LeftFoot,16393,Wolverhampton Wanderers,Tottenham,0,1,2021-08-22 13:00:00,Adama Traoré,Pass
427548,50,BlockedShot,0.909000015258789,0.7230000305175781,0.0395430997014045,Adama Traoré,h,900,OpenPlay,2021,RightFoot,16393,Wolverhampton Wanderers,Tottenham,0,1,2021-08-22 13:00:00,Raúl Jiménez,HeadPass
427549,52,MissedShots,0.754000015258789,0.31,0.0146310003474354,Nélson Semedo,h,6163,OpenPlay,2021,RightFoot,16393,Wolverhampton Wanderers,Tottenham,0,1,2021-08-22 13:00:00,Max Kilman,BallRecovery
427550,58,SavedShot,0.8809999847412109,0.354000015258789,0.06248389929533,Trincão,h,8934,OpenPlay,2021,LeftFoot,16393,Wolverhampton Wanderers,Tottenham,0,1,2021-08-22 13:00:00,Nélson Semedo,Pass
427551,60,SavedShot,0.8630000305175781,0.505,0.5833190083503723,Adama Traoré,h,900,OpenPlay,2021,RightFoot,16393,Wolverhampton Wanderers,Tottenham,0,1,2021-08-22 13:00:00,Rúben Neves,Throughball
427552,61,BlockedShot,0.8680000305175781,0.345,0.0581027008593082,Raúl Jiménez,h,4105,OpenPlay,2021,RightFoot,16393,Wolverhampton Wanderers,Tottenham,0,1,2021-08-22 13:00:00,Trincão,Pass
427553,61,BlockedShot,0.8040000152587891,0.4670000076293945,0.0425288006663322,Adama Traoré,h,900,OpenPlay,2021,RightFoot,16393,Wolverhampton Wanderers,Tottenham,0,1,2021-08-22 13:00:00,Raúl Jiménez,Pass
427554,61,BlockedShot,0.924000015258789,0.434000015258789,0.1270940005779266,Raúl Jiménez,h,4105,OpenPlay,2021,RightFoot,16393,Wolverhampton Wanderers,Tottenham,0,1,2021-08-22 13:00:00,Nélson Semedo,Pass
427555,62,MissedShots,0.8809999847412109,0.5309999847412109,0.014092399738729,Romain Saiss,h,3491,FromCorner,2021,Head,16393,Wolverhampton Wanderers,Tottenham,0,1,2021-08-22 13:00:00,João Moutinho,Aerial
427559,67,MissedShots,0.8080000305175781,0.4359999847412109,0.0456234999001026,João Moutinho,h,3422,OpenPlay,2021,RightFoot,16393,Wolverhampton Wanderers,Tottenham,0,1,2021-08-22 13:00:00,Rúben Neves,Pass
427560,72,BlockedShot,0.68,0.5120000076293946,0.0125692002475261,Rúben Neves,h,6853,OpenPlay,2021,RightFoot,16393,Wolverhampton Wanderers,Tottenham,0,1,2021-08-22 13:00:00,Adama Traoré,Pass
427561,74,BlockedShot,0.8690000152587891,0.4209999847412109,0.0309660006314516,Trincão,h,8934,OpenPlay,2021,LeftFoot,16393,Wolverhampton Wanderers,Tottenham,0,1,2021-08-22 13:00:00,Raúl Jiménez,Aerial
427562,75,MissedShots,0.89,0.46,0.0600248016417026,Leander Dendoncker,h,7236,OpenPlay,2021,Head,16393,Wolverhampton Wanderers,Tottenham,0,1,2021-08-22 13:00:00,Trincão,Cross
427563,78,MissedShots,0.7380000305175781,0.6659999847412109,0.0154352001845836,Fernando Marçal,h,5708,OpenPlay,2021,LeftFoot,16393,Wolverhampton Wanderers,Tottenham,0,1,2021-08-22 13:00:00,Rúben Neves,Pass
427567,86,BlockedShot,0.7980000305175782,0.664000015258789,0.0248399004340171,Rayan Ait Nouri,h,6674,OpenPlay,2021,LeftFoot,16393,Wolverhampton Wanderers,Tottenham,0,1,2021-08-22 13:00:00,Rúben Neves,TakeOn
427568,87,BlockedShot,0.865,0.5729999923706055,0.0644596964120864,Raúl Jiménez,h,4105,OpenPlay,2021,RightFoot,16393,Wolverhampton Wanderers,Tottenham,0,1,2021-08-22 13:00:00,Adama Traoré,Cross
427570,89,SavedShot,0.8769999694824219,0.5279999923706055,0.0136879999190568,Fabio Silva,h,8778,FromCorner,2021,Head,16393,Wolverhampton Wanderers,Tottenham,0,1,2021-08-22 13:00:00,Rúben Neves,Aerial
429061,0,BlockedShot,0.8190000152587891,0.5279999923706055,0.0560332015156745,Juraj Kucka,a,1123,OpenPlay,2021,RightFoot,16404,Tottenham,Watford,1,0,2021-08-29 13:00:00,Moussa Sissoko,Pass
429062,6,BlockedShot,0.93,0.2429999923706054,0.0362057983875274,Ismaila Sarr,a,5675,OpenPlay,2021,RightFoot,16404,Tottenham,Watford,1,0,2021-08-29 13:00:00,Joshua King,Pass
429064,14,SavedShot,0.9,0.2710000038146972,0.0413528010249137,Ismaila Sarr,a,5675,OpenPlay,2021,RightFoot,16404,Tottenham,Watford,1,0,2021-08-29 13:00:00,Joshua King,Pass
429067,20,BlockedShot,0.8780000305175781,0.6430000305175781,0.0771934017539024,Emmanuel Dennis,a,9301,OpenPlay,2021,RightFoot,16404,Tottenham,Watford,1,0,2021-08-29 13:00:00,Adam Masina,Pass
429068,22,MissedShots,0.7969999694824219,0.7530000305175781,0.0508123002946376,Emmanuel Dennis,a,9301,DirectFreekick,2021,RightFoot,16404,Tottenham,Watford,1,0,2021-08-29 13:00:00,,Standard
429074,52,MissedShots,0.865999984741211,0.5109999847412109,0.088631696999073,Juraj Kucka,a,1123,OpenPlay,2021,RightFoot,16404,Tottenham,Watford,1,0,2021-08-29 13:00:00,Ismaila Sarr,Pass
429075,53,SavedShot,0.9590000152587892,0.4559999847412109,0.1410609930753708,Ismaila Sarr,a,5675,OpenPlay,2021,RightFoot,16404,Tottenham,Watford,1,0,2021-08-29 13:00:00,Moussa Sissoko,Pass
429078,62,MissedShots,0.775,0.3979999923706054,0.0227867998182773,Moussa Sissoko,a,772,FromCorner,2021,RightFoot,16404,Tottenham,Watford,1,0,2021-08-29 13:00:00,Ismaila Sarr,Pass
429079,66,MissedShots,0.9130000305175782,0.4579999923706054,0.0819398015737533,Juan Camilo Hernández,a,6954,OpenPlay,2021,Head,16404,Tottenham,Watford,1,0,2021-08-29 13:00:00,Oghenekaro Etebo,Cross
429593,20,MissedShots,0.7530000305175781,0.3890000152587891,0.0583163015544414,Conor Gallagher,h,9040,DirectFreekick,2021,RightFoot,16406,Crystal Palace,Tottenham,3,0,2021-09-11 11:30:00,,Standard
429594,33,BlockedShot,0.7780000305175782,0.5879999923706055,0.0269777998328208,Wilfried Zaha,h,522,OpenPlay,2021,RightFoot,16406,Crystal Palace,Tottenham,3,0,2021-09-11 11:30:00,Tyrick Mitchell,Pass
429595,34,BlockedShot,0.87,0.6459999847412109,0.04495570063591,Wilfried Zaha,h,522,FromCorner,2021,RightFoot,16406,Crystal Palace,Tottenham,3,0,2021-09-11 11:30:00,,
429596,40,MissedShots,0.7609999847412109,0.4309999847412109,0.0261099003255367,Conor Gallagher,h,9040,OpenPlay,2021,RightFoot,16406,Crystal Palace,Tottenham,3,0,2021-09-11 11:30:00,Jordan Ayew,Pass
429597,41,BlockedShot,0.96,0.549000015258789,0.6316900253295898,Conor Gallagher,h,9040,OpenPlay,2021,LeftFoot,16406,Crystal Palace,Tottenham,3,0,2021-09-11 11:30:00,Wilfried Zaha,Pass
429598,41,SavedShot,0.9690000152587892,0.5529999923706055,0.650833010673523,Conor Gallagher,h,9040,OpenPlay,2021,LeftFoot,16406,Crystal Palace,Tottenham,3,0,2021-09-11 11:30:00,,Rebound
429599,42,MissedShots,0.936999969482422,0.44,0.0465519018471241,Christian Benteke,h,606,FromCorner,2021,Head,16406,Crystal Palace,Tottenham,3,0,2021-09-11 11:30:00,Conor Gallagher,Aerial
429601,49,BlockedShot,0.899000015258789,0.4720000076293945,0.1314869970083236,Conor Gallagher,h,9040,OpenPlay,2021,RightFoot,16406,Crystal Palace,Tottenham,3,0,2021-09-11 11:30:00,Christian Benteke,Pass
429602,50,MissedShots,0.8480000305175781,0.6680000305175782,0.0307948999106884,James McArthur,h,633,FromCorner,2021,RightFoot,16406,Crystal Palace,Tottenham,3,0,2021-09-11 11:30:00,,
429603,56,MissedShots,0.855999984741211,0.5379999923706055,0.0639744028449058,Cheikhou Kouyaté,h,532,FromCorner,2021,LeftFoot,16406,Crystal Palace,Tottenham,3,0,2021-09-11 11:30:00,,
429604,59,MissedShots,0.8640000152587891,0.419000015258789,0.0653806030750274,Jordan Ayew,h,672,SetPiece,2021,RightFoot,16406,Crystal Palace,Tottenham,3,0,2021-09-11 11:30:00,,
429605,65,BlockedShot,0.8819999694824219,0.3879999923706054,0.0547438003122806,Jordan Ayew,h,672,OpenPlay,2021,RightFoot,16406,Crystal Palace,Tottenham,3,0,2021-09-11 11:30:00,Wilfried Zaha,Cross
429606,71,BlockedShot,0.8069999694824219,0.6170000076293946,0.0329558998346328,Wilfried Zaha,h,522,OpenPlay,2021,RightFoot,16406,Crystal Palace,Tottenham,3,0,2021-09-11 11:30:00,Conor Gallagher,Pass
429607,73,BlockedShot,0.779000015258789,0.425,0.0212057996541261,Joel Ward,h,510,FromCorner,2021,RightFoot,16406,Crystal Palace,Tottenham,3,0,2021-09-11 11:30:00,,
429608,75,Goal,0.885,0.5,0.7611690163612366,Wilfried Zaha,h,522,Penalty,2021,RightFoot,16406,Crystal Palace,Tottenham,3,0,2021-09-11 11:30:00,,Standard
429609,79,MissedShots,0.7659999847412109,0.534000015258789,0.0363817997276783,Conor Gallagher,h,9040,OpenPlay,2021,RightFoot,16406,Crystal Palace,Tottenham,3,0,2021-09-11 11:30:00,Jordan Ayew,Pass
429610,83,Goal,0.8569999694824219,0.5429999923706055,0.106112003326416,Odsonne Edouard,h,3697,OpenPlay,2021,LeftFoot,16406,Crystal Palace,Tottenham,3,0,2021-09-11 11:30:00,Wilfried Zaha,Pass
429612,92,Goal,0.9130000305175782,0.5470000076293945,0.5152080059051514,Odsonne Edouard,h,3697,OpenPlay,2021,LeftFoot,16406,Crystal Palace,Tottenham,3,0,2021-09-11 11:30:00,Conor Gallagher,Pass
431972,5,MissedShots,0.789000015258789,0.4629999923706054,0.0409826003015041,Kai Havertz,a,5220,OpenPlay,2021,LeftFoot,16425,Tottenham,Chelsea,0,3,2021-09-19 15:30:00,,Dispossessed
431973,10,MissedShots,0.8530000305175781,0.5420000076293945,0.0694065988063812,Kai Havertz,a,5220,OpenPlay,2021,LeftFoot,16425,Tottenham,Chelsea,0,3,2021-09-19 15:30:00,César Azpilicueta,HeadPass
431974,14,BlockedShot,0.8930000305175781,0.4329999923706055,0.1466480046510696,Mason Mount,a,7768,OpenPlay,2021,RightFoot,16425,Tottenham,Chelsea,0,3,2021-09-19 15:30:00,Romelu Lukaku,Pass
431976,21,BlockedShot,0.86,0.7419999694824219,0.0167047996073961,Mason Mount,a,7768,FromCorner,2021,RightFoot,16425,Tottenham,Chelsea,0,3,2021-09-19 15:30:00,Andreas Christensen,Chipped
431977,25,MissedShots,0.8040000152587891,0.4879999923706055,0.0553512014448642,Andreas Christensen,a,200,OpenPlay,2021,RightFoot,16425,Tottenham,Chelsea,0,3,2021-09-19 15:30:00,Romelu Lukaku,Pass
431978,30,BlockedShot,0.855999984741211,0.5640000152587891,0.0933248028159141,Kai Havertz,a,5220,OpenPlay,2021,LeftFoot,16425,Tottenham,Chelsea,0,3,2021-09-19 15:30:00,Marcos Alonso,Pass
431980,46,SavedShot,0.943000030517578,0.6859999847412109,0.0581388995051384,Marcos Alonso,a,1621,OpenPlay,2021,LeftFoot,16425,Tottenham,Chelsea,0,3,2021-09-19 15:30:00,Thiago Silva,Chipped
431981,48,Goal,0.906999969482422,0.504000015258789,0.0287050995975732,Thiago Silva,a,3288,FromCorner,2021,Head,16425,Tottenham,Chelsea,0,3,2021-09-19 15:30:00,Marcos Alonso,Aerial
431982,52,BlockedShot,0.895,0.489000015258789,0.4530830085277557,Marcos Alonso,a,1621,OpenPlay,2021,LeftFoot,16425,Tottenham,Chelsea,0,3,2021-09-19 15:30:00,César Azpilicueta,Pass
431983,53,SavedShot,0.91,0.6229999923706054,0.011795399710536,Antonio Rüdiger,a,1822,FromCorner,2021,Head,16425,Tottenham,Chelsea,0,3,2021-09-19 15:30:00,Andreas Christensen,Aerial
431984,56,Goal,0.7319999694824219,0.5129999923706055,0.0231224000453948,N&#039;Golo Kanté,a,751,OpenPlay,2021,RightFoot,16425,Tottenham,Chelsea,0,3,2021-09-19 15:30:00,Mateo Kovacic,Pass
431987,74,SavedShot,0.943000030517578,0.4370000076293945,0.050382699817419,Thiago Silva,a,3288,FromCorner,2021,Head,16425,Tottenham,Chelsea,0,3,2021-09-19 15:30:00,Marcos Alonso,Aerial
431988,80,SavedShot,0.894000015258789,0.6220000076293946,0.4504309892654419,Timo Werner,a,65,OpenPlay,2021,RightFoot,16425,Tottenham,Chelsea,0,3,2021-09-19 15:30:00,N&#039;Golo Kanté,Throughball
431989,80,BlockedShot,0.865999984741211,0.6559999847412109,0.0365175008773803,Marcos Alonso,a,1621,OpenPlay,2021,LeftFoot,16425,Tottenham,Chelsea,0,3,2021-09-19 15:30:00,,Rebound
431990,80,BlockedShot,0.904000015258789,0.5579999923706055,0.1195899993181228,Marcos Alonso,a,1621,OpenPlay,2021,LeftFoot,16425,Tottenham,Chelsea,0,3,2021-09-19 15:30:00,,
431991,85,SavedShot,0.9130000305175782,0.495,0.117917999625206,Romelu Lukaku,a,594,OpenPlay,2021,Head,16425,Tottenham,Chelsea,0,3,2021-09-19 15:30:00,Antonio Rüdiger,Cross
431992,86,BlockedShot,0.8690000152587891,0.5579999923706055,0.0925562009215354,Romelu Lukaku,a,594,OpenPlay,2021,LeftFoot,16425,Tottenham,Chelsea,0,3,2021-09-19 15:30:00,Jorginho,Pass
431993,90,SavedShot,0.965999984741211,0.5770000076293945,0.5750979781150818,Mateo Kovacic,a,2254,OpenPlay,2021,RightFoot,16425,Tottenham,Chelsea,0,3,2021-09-19 15:30:00,Romelu Lukaku,Pass
431994,91,Goal,0.8690000152587891,0.474000015258789,0.0630294978618621,Antonio Rüdiger,a,1822,FromCorner,2021,RightFoot,16425,Tottenham,Chelsea,0,3,2021-09-19 15:30:00,Timo Werner,Pass
431995,93,BlockedShot,0.8809999847412109,0.3579999923706055,0.1005640029907226,Romelu Lukaku,a,594,OpenPlay,2021,RightFoot,16425,Tottenham,Chelsea,0,3,2021-09-19 15:30:00,Marcos Alonso,Chipped
434197,11,Goal,0.9230000305175782,0.4909999847412109,0.5376830101013184,Emile Smith-Rowe,h,7230,OpenPlay,2021,RightFoot,16434,Arsenal,Tottenham,3,1,2021-09-26 15:30:00,Bukayo Saka,Pass
434198,15,SavedShot,0.7719999694824219,0.3670000076293945,0.0252043008804321,Thomas Partey,h,2328,OpenPlay,2021,RightFoot,16434,Arsenal,Tottenham,3,1,2021-09-26 15:30:00,Bukayo Saka,Pass
434199,16,BlockedShot,0.916999969482422,0.4579999923706054,0.037719901651144,Pierre-Emerick Aubameyang,h,318,FromCorner,2021,Head,16434,Arsenal,Tottenham,3,1,2021-09-26 15:30:00,Gabriel,Aerial
434200,16,MissedShots,0.7440000152587891,0.3970000076293945,0.0273764003068208,Pierre-Emerick Aubameyang,h,318,OpenPlay,2021,RightFoot,16434,Arsenal,Tottenham,3,1,2021-09-26 15:30:00,Martin Odegaard,Pass
434204,26,Goal,0.8719999694824219,0.5609999847412109,0.1136320009827613,Pierre-Emerick Aubameyang,h,318,OpenPlay,2021,LeftFoot,16434,Arsenal,Tottenham,3,1,2021-09-26 15:30:00,Emile Smith-Rowe,Pass
434205,33,Goal,0.905,0.439000015258789,0.5214759707450867,Bukayo Saka,h,7322,OpenPlay,2021,RightFoot,16434,Arsenal,Tottenham,3,1,2021-09-26 15:30:00,,
434207,46,MissedShots,0.7190000152587891,0.2770000076293945,0.0161937996745109,Thomas Partey,h,2328,OpenPlay,2021,RightFoot,16434,Arsenal,Tottenham,3,1,2021-09-26 15:30:00,Bukayo Saka,Pass
434208,53,SavedShot,0.9,0.5179999923706055,0.0214201007038354,Takehiro Tomiyasu,h,7931,FromCorner,2021,Head,16434,Arsenal,Tottenham,3,1,2021-09-26 15:30:00,Martin Odegaard,Aerial
434213,67,SavedShot,0.95,0.27,0.039012499153614,Pierre-Emerick Aubameyang,h,318,SetPiece,2021,RightFoot,16434,Arsenal,Tottenham,3,1,2021-09-26 15:30:00,Emile Smith-Rowe,Chipped
434214,72,SavedShot,0.799000015258789,0.2929999923706055,0.0504953004419803,Bukayo Saka,h,7322,OpenPlay,2021,LeftFoot,16434,Arsenal,Tottenham,3,1,2021-09-26 15:30:00,Thomas Partey,Chipped
434215,73,MissedShots,0.8809999847412109,0.4470000076293945,0.0281888004392385,Gabriel,h,5613,FromCorner,2021,Head,16434,Arsenal,Tottenham,3,1,2021-09-26 15:30:00,Martin Odegaard,Cross
434217,82,MissedShots,0.7440000152587891,0.5279999923706055,0.026587700471282,Kieran Tierney,h,8089,OpenPlay,2021,LeftFoot,16434,Arsenal,Tottenham,3,1,2021-09-26 15:30:00,,BallTouch
435337,28,BlockedShot,0.7819999694824219,0.4929999923706055,0.0355692990124225,John McGinn,a,7723,FromCorner,2021,LeftFoot,16443,Tottenham,Aston Villa,2,1,2021-10-03 13:00:00,Douglas Luiz,Pass
435339,42,MissedShots,0.8630000305175781,0.3120000076293945,0.0303549002856016,Ollie Watkins,a,8865,FromCorner,2021,RightFoot,16443,Tottenham,Aston Villa,2,1,2021-10-03 13:00:00,,
435340,42,MissedShots,0.7659999847412109,0.4970000076293945,0.0198299996554851,John McGinn,a,7723,FromCorner,2021,LeftFoot,16443,Tottenham,Aston Villa,2,1,2021-10-03 13:00:00,,
435341,43,BlockedShot,0.7909999847412109,0.624000015258789,0.012304900214076,Danny Ings,a,986,OpenPlay,2021,RightFoot,16443,Tottenham,Aston Villa,2,1,2021-10-03 13:00:00,,Aerial
435342,46,BlockedShot,0.8630000305175781,0.3189999961853027,0.0471700988709926,Matthew Cash,a,8864,OpenPlay,2021,RightFoot,16443,Tottenham,Aston Villa,2,1,2021-10-03 13:00:00,John McGinn,Pass
435343,46,BlockedShot,0.943000030517578,0.6969999694824218,0.0464276000857353,Matt Targett,a,884,OpenPlay,2021,LeftFoot,16443,Tottenham,Aston Villa,2,1,2021-10-03 13:00:00,,
435344,47,SavedShot,0.7630000305175781,0.5720000076293945,0.0182512998580932,John McGinn,a,7723,FromCorner,2021,LeftFoot,16443,Tottenham,Aston Villa,2,1,2021-10-03 13:00:00,,
435349,58,MissedShots,0.71,0.4720000076293945,0.0149437002837657,Matthew Cash,a,8864,OpenPlay,2021,RightFoot,16443,Tottenham,Aston Villa,2,1,2021-10-03 13:00:00,Douglas Luiz,Pass
435352,63,BlockedShot,0.84,0.3470000076293945,0.0485786981880664,Jacob Ramsey,a,8941,OpenPlay,2021,RightFoot,16443,Tottenham,Aston Villa,2,1,2021-10-03 13:00:00,Douglas Luiz,HeadPass
435353,64,BlockedShot,0.8640000152587891,0.5670000076293945,0.0741102024912834,Jacob Ramsey,a,8941,OpenPlay,2021,LeftFoot,16443,Tottenham,Aston Villa,2,1,2021-10-03 13:00:00,Ezri Konsa Ngoyo,Pass
435354,66,Goal,0.965,0.539000015258789,0.6622350215911865,Ollie Watkins,a,8865,OpenPlay,2021,RightFoot,16443,Tottenham,Aston Villa,2,1,2021-10-03 13:00:00,Matt Targett,Pass
435355,70,OwnGoal,0.0240000009536743,0.5259999847412109,0.0,Matt Targett,a,884,OpenPlay,2021,RightFoot,16443,Tottenham,Aston Villa,2,1,2021-10-03 13:00:00,,
435356,77,SavedShot,0.8619999694824219,0.5690000152587891,0.0483992993831634,Danny Ings,a,986,OpenPlay,2021,LeftFoot,16443,Tottenham,Aston Villa,2,1,2021-10-03 13:00:00,Matt Targett,Chipped
435358,80,MissedShots,0.875,0.645,0.0157705005258321,Ollie Watkins,a,8865,OpenPlay,2021,Head,16443,Tottenham,Aston Villa,2,1,2021-10-03 13:00:00,,Aerial
437018,1,Goal,0.9290000152587892,0.4920000076293945,0.4305700063705444,Callum Wilson,h,468,OpenPlay,2021,Head,16452,Newcastle United,Tottenham,2,3,2021-10-17 15:30:00,Javier Manquillo,Cross
437019,8,MissedShots,0.91,0.3879999923706054,0.02538269944489,Ciaran Clark,h,875,OpenPlay,2021,Head,16452,Newcastle United,Tottenham,2,3,2021-10-17 15:30:00,Callum Wilson,Aerial
437023,19,MissedShots,0.9030000305175782,0.47,0.0221416000276803,Jamaal Lascelles,h,766,FromCorner,2021,Head,16452,Newcastle United,Tottenham,2,3,2021-10-17 15:30:00,Matt Ritchie,Aerial
437029,49,MissedShots,0.8130000305175781,0.605999984741211,0.0519246011972427,Allan Saint-Maximin,h,101,OpenPlay,2021,RightFoot,16452,Newcastle United,Tottenham,2,3,2021-10-17 15:30:00,Joelinton,Pass
437034,73,MissedShots,0.78,0.7030000305175781,0.0116200996562838,Allan Saint-Maximin,h,101,OpenPlay,2021,RightFoot,16452,Newcastle United,Tottenham,2,3,2021-10-17 15:30:00,Callum Wilson,HeadPass
437036,81,BlockedShot,0.8290000152587891,0.524000015258789,0.0797130018472671,Ryan Fraser,h,1683,OpenPlay,2021,RightFoot,16452,Newcastle United,Tottenham,2,3,2021-10-17 15:30:00,Allan Saint-Maximin,Pass
437037,81,BlockedShot,0.775,0.3309999847412109,0.0243068002164363,Jacob Murphy,h,6063,FromCorner,2021,RightFoot,16452,Newcastle United,Tottenham,2,3,2021-10-17 15:30:00,Jamaal Lascelles,Pass
438237,1,BlockedShot,0.845,0.555,0.0418331995606422,Said Benrahma,h,3585,FromCorner,2021,RightFoot,16465,West Ham,Tottenham,1,0,2021-10-24 13:00:00,Tomas Soucek,Pass
438238,7,BlockedShot,0.8019999694824219,0.47,0.0508629009127616,Jarrod Bowen,h,1776,OpenPlay,2021,LeftFoot,16465,West Ham,Tottenham,1,0,2021-10-24 13:00:00,Pablo Fornals,Pass
438239,7,SavedShot,0.8769999694824219,0.6519999694824219,0.0390583984553813,Pablo Fornals,h,2335,OpenPlay,2021,RightFoot,16465,West Ham,Tottenham,1,0,2021-10-24 13:00:00,Jarrod Bowen,Cross
438241,13,MissedShots,0.8680000305175781,0.5179999923706055,0.0707236006855964,Tomas Soucek,h,8288,OpenPlay,2021,LeftFoot,16465,West Ham,Tottenham,1,0,2021-10-24 13:00:00,Michail Antonio,Cross
438242,18,MissedShots,0.8080000305175781,0.6079999923706054,0.0392176993191242,Pablo Fornals,h,2335,OpenPlay,2021,RightFoot,16465,West Ham,Tottenham,1,0,2021-10-24 13:00:00,,
438245,32,MissedShots,0.88,0.3060000038146973,0.048998799175024,Ben Johnson,h,6424,OpenPlay,2021,RightFoot,16465,West Ham,Tottenham,1,0,2021-10-24 13:00:00,Tomas Soucek,Pass
438246,34,MissedShots,0.965999984741211,0.4540000152587891,0.5755540132522583,Tomas Soucek,h,8288,OpenPlay,2021,Head,16465,West Ham,Tottenham,1,0,2021-10-24 13:00:00,Pablo Fornals,Cross
438250,40,MissedShots,0.8959999847412109,0.355,0.0589555986225605,Michail Antonio,h,531,OpenPlay,2021,LeftFoot,16465,West Ham,Tottenham,1,0,2021-10-24 13:00:00,Ben Johnson,Chipped
438252,46,BlockedShot,0.8109999847412109,0.5329999923706055,0.0482770018279552,Said Benrahma,h,3585,OpenPlay,2021,RightFoot,16465,West Ham,Tottenham,1,0,2021-10-24 13:00:00,,
438253,46,BlockedShot,0.8669999694824219,0.4209999847412109,0.0704341977834701,Jarrod Bowen,h,1776,OpenPlay,2021,LeftFoot,16465,West Ham,Tottenham,1,0,2021-10-24 13:00:00,,Rebound
438254,70,SavedShot,0.8619999694824219,0.3509999847412109,0.0591553002595901,Pablo Fornals,h,2335,OpenPlay,2021,RightFoot,16465,West Ham,Tottenham,1,0,2021-10-24 13:00:00,,BallRecovery
438255,71,Goal,0.955999984741211,0.5179999923706055,0.50456702709198,Michail Antonio,h,531,FromCorner,2021,RightFoot,16465,West Ham,Tottenham,1,0,2021-10-24 13:00:00,Aaron Cresswell,Cross
438256,81,SavedShot,0.955,0.6659999847412109,0.1304379999637603,Said Benrahma,h,3585,OpenPlay,2021,LeftFoot,16465,West Ham,Tottenham,1,0,2021-10-24 13:00:00,Michail Antonio,Throughball
439892,7,MissedShots,0.8880000305175781,0.344000015258789,0.0105683002620935,Edinson Cavani,a,3294,OpenPlay,2021,Head,16473,Tottenham,Manchester United,0,3,2021-10-30 16:30:00,Bruno Fernandes,Cross
439893,8,BlockedShot,0.8819999694824219,0.4270000076293945,0.1140339970588684,Edinson Cavani,a,3294,OpenPlay,2021,RightFoot,16473,Tottenham,Manchester United,0,3,2021-10-30 16:30:00,Aaron Wan-Bissaka,Pass
439894,8,BlockedShot,0.7019999694824218,0.495,0.0135177997872233,Scott McTominay,a,5560,OpenPlay,2021,RightFoot,16473,Tottenham,Manchester United,0,3,2021-10-30 16:30:00,Fred,Pass
439897,24,MissedShots,0.9180000305175782,0.4729999923706054,0.0670223012566566,Edinson Cavani,a,3294,OpenPlay,2021,Head,16473,Tottenham,Manchester United,0,3,2021-10-30 16:30:00,Bruno Fernandes,Chipped
439899,32,SavedShot,0.6930000305175781,0.3370000076293945,0.0110403001308441,Fred,a,6817,OpenPlay,2021,LeftFoot,16473,Tottenham,Manchester United,0,3,2021-10-30 16:30:00,Cristiano Ronaldo,Pass
439900,38,BlockedShot,0.8490000152587891,0.34,0.0276188999414443,Aaron Wan-Bissaka,a,5584,OpenPlay,2021,RightFoot,16473,Tottenham,Manchester United,0,3,2021-10-30 16:30:00,Luke Shaw,Cross
439901,38,BlockedShot,0.8580000305175781,0.5,0.0755300968885421,Cristiano Ronaldo,a,2371,OpenPlay,2021,RightFoot,16473,Tottenham,Manchester United,0,3,2021-10-30 16:30:00,,Rebound
439902,38,Goal,0.960999984741211,0.34,0.0559073016047477,Cristiano Ronaldo,a,2371,OpenPlay,2021,RightFoot,16473,Tottenham,Manchester United,0,3,2021-10-30 16:30:00,Bruno Fernandes,Chipped
439906,63,Goal,0.8540000152587891,0.4509999847412109,0.5647940039634705,Edinson Cavani,a,3294,OpenPlay,2021,RightFoot,16473,Tottenham,Manchester United,0,3,2021-10-30 16:30:00,Cristiano Ronaldo,Throughball
439908,85,Goal,0.875999984741211,0.5929999923706055,0.4481709897518158,Marcus Rashford,a,556,OpenPlay,2021,RightFoot,16473,Tottenham,Manchester United,0,3,2021-10-30 16:30:00,Nemanja Matic,Throughball
441586,5,SavedShot,0.735999984741211,0.4129999923706055,0.0169552993029356,Ben Godfrey,h,7689,OpenPlay,2021,RightFoot,16481,Everton,Tottenham,0,0,2021-11-07 14:00:00,,BallRecovery
441587,7,MissedShots,0.955999984741211,0.3129999923706055,0.0194573998451232,Michael Keane,h,1653,SetPiece,2021,Head,16481,Everton,Tottenham,0,0,2021-11-07 14:00:00,Fabian Delph,Chipped
441592,23,BlockedShot,0.769000015258789,0.3879999923706054,0.023956200107932,Demarai Gray,h,762,OpenPlay,2021,RightFoot,16481,Everton,Tottenham,0,0,2021-11-07 14:00:00,,BallRecovery
441593,32,MissedShots,0.8819999694824219,0.4420000076293945,0.0424550995230674,Richarlison,h,6026,OpenPlay,2021,Head,16481,Everton,Tottenham,0,0,2021-11-07 14:00:00,Allan,Cross
441594,34,BlockedShot,0.8380000305175781,0.3579999923706055,0.054850298911333,Demarai Gray,h,762,OpenPlay,2021,RightFoot,16481,Everton,Tottenham,0,0,2021-11-07 14:00:00,Allan,Pass
441595,34,BlockedShot,0.8040000152587891,0.740999984741211,0.0398911982774734,Demarai Gray,h,762,OpenPlay,2021,RightFoot,16481,Everton,Tottenham,0,0,2021-11-07 14:00:00,Allan,Pass
441597,49,MissedShots,0.87,0.3520000076293945,0.0339423008263111,Anthony Gordon,h,8150,OpenPlay,2021,RightFoot,16481,Everton,Tottenham,0,0,2021-11-07 14:00:00,Demarai Gray,Cross
441600,67,BlockedShot,0.8490000152587891,0.5790000152587891,0.0467117987573146,Tom Davies,h,1042,FromCorner,2021,RightFoot,16481,Everton,Tottenham,0,0,2021-11-07 14:00:00,Ben Godfrey,Pass
441601,69,BlockedShot,0.8809999847412109,0.4670000076293945,0.1183350011706352,Demarai Gray,h,762,OpenPlay,2021,RightFoot,16481,Everton,Tottenham,0,0,2021-11-07 14:00:00,Anthony Gordon,Pass
441602,69,SavedShot,0.8130000305175781,0.5329999923706055,0.0442764982581138,Tom Davies,h,1042,OpenPlay,2021,RightFoot,16481,Everton,Tottenham,0,0,2021-11-07 14:00:00,,Rebound
441603,75,BlockedShot,0.8480000305175781,0.6459999847412109,0.0431853011250495,Anthony Gordon,h,8150,SetPiece,2021,RightFoot,16481,Everton,Tottenham,0,0,2021-11-07 14:00:00,,
441604,81,MissedShots,0.8909999847412109,0.5609999847412109,0.1191290020942688,Demarai Gray,h,762,OpenPlay,2021,RightFoot,16481,Everton,Tottenham,0,0,2021-11-07 14:00:00,Lucas Digne,Pass
443374,1,SavedShot,0.7719999694824219,0.6719999694824219,0.0584811009466648,Kalvin Phillips,a,8719,DirectFreekick,2021,RightFoot,16493,Tottenham,Leeds,2,1,2021-11-21 16:30:00,,Standard
443375,7,MissedShots,0.7440000152587891,0.3879999923706054,0.018096599727869,Stuart Dallas,a,8718,OpenPlay,2021,RightFoot,16493,Tottenham,Leeds,2,1,2021-11-21 16:30:00,Pascal Struijk,Tackle
443376,14,MissedShots,0.8519999694824218,0.580999984741211,0.0471329018473625,Joe Gelhardt,a,9339,FromCorner,2021,LeftFoot,16493,Tottenham,Leeds,2,1,2021-11-21 16:30:00,Stuart Dallas,Pass
443379,39,BlockedShot,0.7730000305175782,0.6909999847412109,0.0191175993531942,Daniel James,a,5595,OpenPlay,2021,RightFoot,16493,Tottenham,Leeds,2,1,2021-11-21 16:30:00,Mateusz Klich,Pass
443380,40,MissedShots,0.715999984741211,0.5059999847412109,0.015340999700129,Adam Forshaw,a,1711,OpenPlay,2021,RightFoot,16493,Tottenham,Leeds,2,1,2021-11-21 16:30:00,Jack Harrison,Pass
443381,43,Goal,0.9640000152587892,0.4720000076293945,0.7307130098342896,Daniel James,a,5595,OpenPlay,2021,RightFoot,16493,Tottenham,Leeds,2,1,2021-11-21 16:30:00,Jack Harrison,Pass
443383,46,SavedShot,0.8719999694824219,0.3189999961853027,0.0683192014694213,Daniel James,a,5595,OpenPlay,2021,RightFoot,16493,Tottenham,Leeds,2,1,2021-11-21 16:30:00,Adam Forshaw,Pass
443384,47,MissedShots,0.92,0.4959999847412109,0.0475770011544227,Pascal Struijk,a,8717,FromCorner,2021,Head,16493,Tottenham,Leeds,2,1,2021-11-21 16:30:00,Stuart Dallas,Clearance
443385,48,BlockedShot,0.7830000305175782,0.38,0.0198062993586063,Daniel James,a,5595,FromCorner,2021,RightFoot,16493,Tottenham,Leeds,2,1,2021-11-21 16:30:00,,
443387,55,SavedShot,0.8730000305175781,0.754000015258789,0.0412063002586364,Joe Gelhardt,a,9339,OpenPlay,2021,LeftFoot,16493,Tottenham,Leeds,2,1,2021-11-21 16:30:00,,
443388,56,BlockedShot,0.8680000305175781,0.34,0.056546900421381,Daniel James,a,5595,OpenPlay,2021,LeftFoot,16493,Tottenham,Leeds,2,1,2021-11-21 16:30:00,Stuart Dallas,Pass
443389,56,SavedShot,0.865,0.295,0.0397156998515129,Joe Gelhardt,a,9339,OpenPlay,2021,LeftFoot,16493,Tottenham,Leeds,2,1,2021-11-21 16:30:00,Daniel James,Pass
443394,63,MissedShots,0.535,0.135,0.0064194500446319,Kalvin Phillips,a,8719,OpenPlay,2021,RightFoot,16493,Tottenham,Leeds,2,1,2021-11-21 16:30:00,,
443397,70,MissedShots,0.933000030517578,0.4579999923706054,0.111685000360012,Júnior Firpo,a,6485,FromCorner,2021,Head,16493,Tottenham,Leeds,2,1,2021-11-21 16:30:00,Stuart Dallas,Cross
443398,70,MissedShots,0.7280000305175781,0.66,0.015018000267446,Adam Forshaw,a,1711,FromCorner,2021,RightFoot,16493,Tottenham,Leeds,2,1,2021-11-21 16:30:00,,BallTouch
443399,70,BlockedShot,0.905,0.5629999923706055,0.1078199967741966,Joe Gelhardt,a,9339,FromCorner,2021,LeftFoot,16493,Tottenham,Leeds,2,1,2021-11-21 16:30:00,,Rebound
443400,73,SavedShot,0.8159999847412109,0.720999984741211,0.0260020997375249,Daniel James,a,5595,FromCorner,2021,RightFoot,16493,Tottenham,Leeds,2,1,2021-11-21 16:30:00,Stuart Dallas,Pass
443403,83,SavedShot,0.8240000152587891,0.345,0.0395162999629974,Daniel James,a,5595,OpenPlay,2021,LeftFoot,16493,Tottenham,Leeds,2,1,2021-11-21 16:30:00,Pascal Struijk,Pass
445745,11,OwnGoal,0.0609999990463256,0.509000015258789,0.0,Sergi Canos,a,1078,FromCorner,2021,Head,16515,Tottenham,Brentford,2,0,2021-12-02 19:30:00,,Clearance
445746,27,MissedShots,0.7719999694824219,0.6530000305175782,0.0138088995590806,Bryan Mbeumo,a,6552,FromCorner,2021,LeftFoot,16515,Tottenham,Brentford,2,0,2021-12-02 19:30:00,,Aerial
445755,55,BlockedShot,0.915,0.509000015258789,0.0375370010733604,Ivan Toney,a,998,OpenPlay,2021,Head,16515,Tottenham,Brentford,2,0,2021-12-02 19:30:00,Pontus Jansson,Foul
445756,57,MissedShots,0.87,0.5879999923706055,0.0299289003014564,Pontus Jansson,a,1801,OpenPlay,2021,RightFoot,16515,Tottenham,Brentford,2,0,2021-12-02 19:30:00,,Aerial
445757,62,SavedShot,0.8590000152587891,0.6659999847412109,0.0402639992535114,Ivan Toney,a,998,OpenPlay,2021,LeftFoot,16515,Tottenham,Brentford,2,0,2021-12-02 19:30:00,Vitaly Janelt,Pass
445759,83,SavedShot,0.975999984741211,0.6419999694824219,0.0911014974117279,Ivan Toney,a,998,OpenPlay,2021,LeftFoot,16515,Tottenham,Brentford,2,0,2021-12-02 19:30:00,Christian Nørgaard,Throughball
445760,87,MissedShots,0.77,0.2820000076293945,0.012852200306952,Bryan Mbeumo,a,6552,OpenPlay,2021,LeftFoot,16515,Tottenham,Brentford,2,0,2021-12-02 19:30:00,Ivan Toney,TakeOn
446729,2,SavedShot,0.915,0.4729999923706054,0.1394020020961761,Teemu Pukki,a,7696,OpenPlay,2021,RightFoot,16522,Tottenham,Norwich,3,0,2021-12-05 14:00:00,Adam Idah,Pass
446736,32,BlockedShot,0.7609999847412109,0.524000015258789,0.0187685992568731,Pierre Lees-Melou,a,5619,FromCorner,2021,RightFoot,16522,Tottenham,Norwich,3,0,2021-12-05 14:00:00,,
446738,38,BlockedShot,0.9230000305175782,0.435,0.1312659978866577,Grant Hanley,a,7690,SetPiece,2021,LeftFoot,16522,Tottenham,Norwich,3,0,2021-12-05 14:00:00,Kenny McLean,Pass
446739,38,BlockedShot,0.92,0.4820000076293945,0.0899225026369094,Andrew Omobamidele,a,9833,SetPiece,2021,RightFoot,16522,Tottenham,Norwich,3,0,2021-12-05 14:00:00,Ben Gibson,
446742,45,MissedShots,0.8490000152587891,0.549000015258789,0.0585549995303154,Brandon Williams,a,8075,OpenPlay,2021,RightFoot,16522,Tottenham,Norwich,3,0,2021-12-05 14:00:00,Pierre Lees-Melou,Cross
446744,52,MissedShots,0.960999984741211,0.3459999847412109,0.0105838999152183,Grant Hanley,a,7690,FromCorner,2021,Head,16522,Tottenham,Norwich,3,0,2021-12-05 14:00:00,Billy Gilmour,Aerial
446746,58,MissedShots,0.8830000305175781,0.61,0.0790605992078781,Teemu Pukki,a,7696,OpenPlay,2021,RightFoot,16522,Tottenham,Norwich,3,0,2021-12-05 14:00:00,Brandon Williams,Pass
446747,58,MissedShots,0.935,0.505,0.5555310249328613,Adam Idah,a,8021,OpenPlay,2021,RightFoot,16522,Tottenham,Norwich,3,0,2021-12-05 14:00:00,Teemu Pukki,Rebound
446752,74,MissedShots,0.745999984741211,0.5840000152587891,0.012679100036621,Billy Gilmour,a,7988,OpenPlay,2021,RightFoot,16522,Tottenham,Norwich,3,0,2021-12-05 14:00:00,Brandon Williams,Pass
446754,80,MissedShots,0.7469999694824219,0.6559999847412109,0.0137721998617053,Billy Gilmour,a,7988,OpenPlay,2021,RightFoot,16522,Tottenham,Norwich,3,0,2021-12-05 14:00:00,Brandon Williams,Pass
449805,0,MissedShots,0.8919999694824219,0.555,0.0435791984200477,Andrew Robertson,a,1688,OpenPlay,2021,Head,16552,Tottenham,Liverpool,2,2,2021-12-19 16:30:00,Trent Alexander-Arnold,Chipped
449806,1,SavedShot,0.7980000305175782,0.654000015258789,0.0286305006593465,James Milner,a,489,OpenPlay,2021,LeftFoot,16552,Tottenham,Liverpool,2,2,2021-12-19 16:30:00,Mohamed Salah,Pass
449807,10,SavedShot,0.754000015258789,0.435,0.0201143007725477,Trent Alexander-Arnold,a,1791,OpenPlay,2021,LeftFoot,16552,Tottenham,Liverpool,2,2,2021-12-19 16:30:00,,
449811,22,BlockedShot,0.8780000305175781,0.675,0.0509441010653972,Sadio Mané,a,838,OpenPlay,2021,RightFoot,16552,Tottenham,Liverpool,2,2,2021-12-19 16:30:00,James Milner,Pass
449812,22,SavedShot,0.815,0.5279999923706055,0.046647198498249,Naby Keita,a,5247,OpenPlay,2021,LeftFoot,16552,Tottenham,Liverpool,2,2,2021-12-19 16:30:00,,Rebound
449813,23,MissedShots,0.8930000305175781,0.415,0.0134201003238558,Joel Matip,a,332,FromCorner,2021,Head,16552,Tottenham,Liverpool,2,2,2021-12-19 16:30:00,James Milner,Aerial
449814,26,BlockedShot,0.7559999847412109,0.4570000076293945,0.0157408993691205,James Milner,a,489,SetPiece,2021,RightFoot,16552,Tottenham,Liverpool,2,2,2021-12-19 16:30:00,,
449815,28,MissedShots,0.9740000152587892,0.3970000076293945,0.0196735002100467,Sadio Mané,a,838,SetPiece,2021,Head,16552,Tottenham,Liverpool,2,2,2021-12-19 16:30:00,Andrew Robertson,Aerial
449817,34,Goal,0.9130000305175782,0.55,0.0508197993040084,Diogo Jota,a,6854,OpenPlay,2021,Head,16552,Tottenham,Liverpool,2,2,2021-12-19 16:30:00,Andrew Robertson,Chipped
449819,40,BlockedShot,0.8780000305175781,0.2979999923706055,0.0407095998525619,Mohamed Salah,a,1250,OpenPlay,2021,LeftFoot,16552,Tottenham,Liverpool,2,2,2021-12-19 16:30:00,Naby Keita,Pass
449820,42,SavedShot,0.92,0.3920000076293945,0.0818409025669097,Trent Alexander-Arnold,a,1791,OpenPlay,2021,RightFoot,16552,Tottenham,Liverpool,2,2,2021-12-19 16:30:00,Sadio Mané,Cross
449821,43,MissedShots,0.909000015258789,0.4429999923706054,0.0935875996947288,Diogo Jota,a,6854,SetPiece,2021,Head,16552,Tottenham,Liverpool,2,2,2021-12-19 16:30:00,Trent Alexander-Arnold,Cross
449822,47,MissedShots,0.8809999847412109,0.484000015258789,0.0305822007358074,Diogo Jota,a,6854,OpenPlay,2021,Head,16552,Tottenham,Liverpool,2,2,2021-12-19 16:30:00,Trent Alexander-Arnold,Aerial
449824,49,BlockedShot,0.8430000305175781,0.3379999923706054,0.0378994010388851,Naby Keita,a,5247,OpenPlay,2021,RightFoot,16552,Tottenham,Liverpool,2,2,2021-12-19 16:30:00,Mohamed Salah,Pass
449827,58,BlockedShot,0.815,0.4929999923706055,0.0576931983232498,Mohamed Salah,a,1250,OpenPlay,2021,LeftFoot,16552,Tottenham,Liverpool,2,2,2021-12-19 16:30:00,,BallTouch
449828,60,MissedShots,0.7580000305175781,0.6229999923706054,0.0175078008323907,James Milner,a,489,SetPiece,2021,RightFoot,16552,Tottenham,Liverpool,2,2,2021-12-19 16:30:00,Mohamed Salah,Pass
449829,60,BlockedShot,0.7980000305175782,0.6840000152587891,0.0182089004665613,Naby Keita,a,5247,FromCorner,2021,RightFoot,16552,Tottenham,Liverpool,2,2,2021-12-19 16:30:00,,
449830,68,Goal,0.978000030517578,0.5159999847412109,0.8842189908027649,Andrew Robertson,a,1688,OpenPlay,2021,Head,16552,Tottenham,Liverpool,2,2,2021-12-19 16:30:00,Trent Alexander-Arnold,Pass
450551,0,MissedShots,0.8490000152587891,0.519000015258789,0.0781811028718948,Jordan Ayew,a,672,OpenPlay,2021,LeftFoot,16563,Tottenham,Crystal Palace,3,0,2021-12-26 15:00:00,Odsonne Edouard,Pass
450553,5,BlockedShot,0.794000015258789,0.3420000076293945,0.0283730998635292,Jordan Ayew,a,672,OpenPlay,2021,RightFoot,16563,Tottenham,Crystal Palace,3,0,2021-12-26 15:00:00,Will Hughes,BallRecovery
450554,8,MissedShots,0.8830000305175781,0.5420000076293945,0.0189577993005514,James Tomkins,a,530,SetPiece,2021,Head,16563,Tottenham,Crystal Palace,3,0,2021-12-26 15:00:00,Conor Gallagher,Aerial
450563,59,BlockedShot,0.835999984741211,0.3979999923706054,0.0528123006224632,Jordan Ayew,a,672,OpenPlay,2021,LeftFoot,16563,Tottenham,Crystal Palace,3,0,2021-12-26 15:00:00,Conor Gallagher,BallTouch
450721,7,MissedShots,0.936999969482422,0.5540000152587891,0.1301040053367614,Adam Armstrong,h,4419,OpenPlay,2021,Head,16575,Southampton,Tottenham,1,1,2021-12-28 15:00:00,Kyle Walker-Peters,Cross
450722,9,MissedShots,0.7759999847412109,0.3279999923706054,0.0135952997952699,Yan Valery,h,7280,OpenPlay,2021,RightFoot,16575,Southampton,Tottenham,1,1,2021-12-28 15:00:00,Ibrahima Diallo,Chipped
450723,24,Goal,0.8569999694824219,0.6459999847412109,0.0537745989859104,James Ward-Prowse,h,843,OpenPlay,2021,RightFoot,16575,Southampton,Tottenham,1,1,2021-12-28 15:00:00,,
450725,31,MissedShots,0.9080000305175782,0.6509999847412109,0.0281607992947101,Adam Armstrong,h,4419,OpenPlay,2021,Head,16575,Southampton,Tottenham,1,1,2021-12-28 15:00:00,,
450730,53,SavedShot,0.7980000305175782,0.285,0.0168081000447273,James Ward-Prowse,h,843,OpenPlay,2021,LeftFoot,16575,Southampton,Tottenham,1,1,2021-12-28 15:00:00,Stuart Armstrong,Pass
450733,59,BlockedShot,0.8130000305175781,0.4670000076293945,0.0623022988438606,Stuart Armstrong,h,6893,OpenPlay,2021,LeftFoot,16575,Southampton,Tottenham,1,1,2021-12-28 15:00:00,Ibrahima Diallo,Pass
450734,63,BlockedShot,0.7090000152587891,0.3920000076293945,0.0154951997101306,Stuart Armstrong,h,6893,OpenPlay,2021,RightFoot,16575,Southampton,Tottenham,1,1,2021-12-28 15:00:00,Ibrahima Diallo,Pass
450735,68,BlockedShot,0.664000015258789,0.76,0.0090730898082256,Romain Perraud,h,6500,OpenPlay,2021,RightFoot,16575,Southampton,Tottenham,1,1,2021-12-28 15:00:00,,BallRecovery
450746,91,BlockedShot,0.9340000152587892,0.3209999847412109,0.0237291995435953,Armando Broja,h,8384,OpenPlay,2021,RightFoot,16575,Southampton,Tottenham,1,1,2021-12-28 15:00:00,,Aerial
450962,1,SavedShot,0.9080000305175782,0.3220000076293945,0.0630844980478286,Emmanuel Dennis,h,9301,OpenPlay,2021,LeftFoot,16585,Watford,Tottenham,0,1,2022-01-01 15:00:00,Joshua King,TakeOn
450966,24,SavedShot,0.799000015258789,0.6419999694824219,0.0321536995470523,Ken Sema,h,6841,OpenPlay,2021,RightFoot,16585,Watford,Tottenham,0,1,2022-01-01 15:00:00,Joshua King,Pass
450976,53,SavedShot,0.74,0.7119999694824218,0.0166624002158641,Joshua King,h,465,OpenPlay,2021,RightFoot,16585,Watford,Tottenham,0,1,2022-01-01 15:00:00,Ken Sema,Pass
450977,54,SavedShot,0.8680000305175781,0.5109999847412109,0.0752959996461868,João Pedro,h,8272,FromCorner,2021,LeftFoot,16585,Watford,Tottenham,0,1,2022-01-01 15:00:00,,
450978,57,MissedShots,0.9209999847412108,0.514000015258789,0.0472266003489494,Joshua King,h,465,FromCorner,2021,Head,16585,Watford,Tottenham,0,1,2022-01-01 15:00:00,Imran Louza,Aerial
450979,62,MissedShots,0.7830000305175782,0.6569999694824219,0.0690905004739761,João Pedro,h,8272,DirectFreekick,2021,RightFoot,16585,Watford,Tottenham,0,1,2022-01-01 15:00:00,,Standard
454163,4,MissedShots,0.9569999694824218,0.55,0.5152680277824402,Patson Daka,h,9738,OpenPlay,2021,RightFoot,16540,Leicester,Tottenham,2,3,2022-01-19 19:30:00,Kiernan Dewsbury-Hall,Cross
454174,23,Goal,0.9690000152587892,0.5670000076293945,0.5744400024414062,Patson Daka,h,9738,OpenPlay,2021,LeftFoot,16540,Leicester,Tottenham,2,3,2022-01-19 19:30:00,,
454175,24,BlockedShot,0.759000015258789,0.649000015258789,0.0258076004683971,Kiernan Dewsbury-Hall,h,9739,OpenPlay,2021,LeftFoot,16540,Leicester,Tottenham,2,3,2022-01-19 19:30:00,,BallRecovery
454176,33,SavedShot,0.730999984741211,0.5220000076293946,0.0245843008160591,James Maddison,h,6818,OpenPlay,2021,RightFoot,16540,Leicester,Tottenham,2,3,2022-01-19 19:30:00,Kiernan Dewsbury-Hall,Pass
454177,34,MissedShots,0.9209999847412108,0.5670000076293945,0.0243433006107807,Caglar Söyüncü,h,5264,FromCorner,2021,Head,16540,Leicester,Tottenham,2,3,2022-01-19 19:30:00,James Maddison,Aerial
454187,57,SavedShot,0.8530000305175781,0.4209999847412109,0.1157540008425712,James Maddison,h,6818,OpenPlay,2021,RightFoot,16540,Leicester,Tottenham,2,3,2022-01-19 19:30:00,Kiernan Dewsbury-Hall,Pass
454188,59,MissedShots,0.7709999847412109,0.555,0.0196853000670671,Youri Tielemans,h,5956,SetPiece,2021,LeftFoot,16540,Leicester,Tottenham,2,3,2022-01-19 19:30:00,,
454191,68,BlockedShot,0.8480000305175781,0.629000015258789,0.0628793016076088,Ademola Lookman,h,5556,OpenPlay,2021,RightFoot,16540,Leicester,Tottenham,2,3,2022-01-19 19:30:00,Kiernan Dewsbury-Hall,BallRecovery
454192,69,MissedShots,0.9030000305175782,0.3110000038146973,0.0202268008142709,Hamza Choudhury,h,6418,FromCorner,2021,LeftFoot,16540,Leicester,Tottenham,2,3,2022-01-19 19:30:00,,Aerial
454193,69,MissedShots,0.7380000305175781,0.6,0.0148058999329805,Youri Tielemans,h,5956,FromCorner,2021,RightFoot,16540,Leicester,Tottenham,2,3,2022-01-19 19:30:00,,
454195,75,Goal,0.9309999847412108,0.3929999923706054,0.3843559920787811,James Maddison,h,6818,OpenPlay,2021,RightFoot,16540,Leicester,Tottenham,2,3,2022-01-19 19:30:00,Harvey Barnes,Pass
454198,82,BlockedShot,0.784000015258789,0.6040000152587891,0.0429446995258331,Youri Tielemans,h,5956,OpenPlay,2021,LeftFoot,16540,Leicester,Tottenham,2,3,2022-01-19 19:30:00,,BallRecovery
454199,89,BlockedShot,0.8669999694824219,0.6029999923706054,0.1252149939537048,Harvey Barnes,h,6681,OpenPlay,2021,RightFoot,16540,Leicester,Tottenham,2,3,2022-01-19 19:30:00,James Justin,TakeOn
455292,0,MissedShots,0.9059999847412108,0.444000015258789,0.1028499975800514,Romelu Lukaku,h,594,OpenPlay,2021,RightFoot,16598,Chelsea,Tottenham,2,0,2022-01-23 16:30:00,Mason Mount,Cross
455293,3,MissedShots,0.980999984741211,0.5770000076293945,0.2891390025615692,Callum Hudson-Odoi,h,6456,OpenPlay,2021,Head,16598,Chelsea,Tottenham,2,0,2022-01-23 16:30:00,Hakim Ziyech,Chipped
455294,5,BlockedShot,0.78,0.405,0.0286081992089748,Hakim Ziyech,h,8992,OpenPlay,2021,LeftFoot,16598,Chelsea,Tottenham,2,0,2022-01-23 16:30:00,Jorginho,Pass
455295,8,MissedShots,0.91,0.5020000076293946,0.0326098017394542,Thiago Silva,h,3288,FromCorner,2021,Head,16598,Chelsea,Tottenham,2,0,2022-01-23 16:30:00,Mason Mount,Aerial
455296,11,SavedShot,0.8069999694824219,0.2920000076293945,0.0255760997533798,Hakim Ziyech,h,8992,OpenPlay,2021,LeftFoot,16598,Chelsea,Tottenham,2,0,2022-01-23 16:30:00,César Azpilicueta,Pass
455299,43,BlockedShot,0.8830000305175781,0.6630000305175782,0.0902765989303588,Romelu Lukaku,h,594,OpenPlay,2021,LeftFoot,16598,Chelsea,Tottenham,2,0,2022-01-23 16:30:00,Mateo Kovacic,Pass
455300,44,MissedShots,0.92,0.545,0.0353513993322849,Thiago Silva,h,3288,FromCorner,2021,Head,16598,Chelsea,Tottenham,2,0,2022-01-23 16:30:00,Mason Mount,Aerial
455301,46,Goal,0.7859999847412109,0.3129999923706055,0.0227768998593091,Hakim Ziyech,h,8992,OpenPlay,2021,LeftFoot,16598,Chelsea,Tottenham,2,0,2022-01-23 16:30:00,Callum Hudson-Odoi,Pass
455302,48,BlockedShot,0.8780000305175781,0.3779999923706054,0.1003879979252815,Mason Mount,h,7768,OpenPlay,2021,RightFoot,16598,Chelsea,Tottenham,2,0,2022-01-23 16:30:00,César Azpilicueta,Pass
455303,48,SavedShot,0.825999984741211,0.3370000076293945,0.0376498997211456,Hakim Ziyech,h,8992,OpenPlay,2021,LeftFoot,16598,Chelsea,Tottenham,2,0,2022-01-23 16:30:00,,Rebound
455304,52,MissedShots,0.8090000152587891,0.5209999847412109,0.0684430003166198,Mason Mount,h,7768,OpenPlay,2021,LeftFoot,16598,Chelsea,Tottenham,2,0,2022-01-23 16:30:00,Callum Hudson-Odoi,Pass
455305,54,Goal,0.9030000305175782,0.5409999847412109,0.0358018018305301,Thiago Silva,h,3288,SetPiece,2021,Head,16598,Chelsea,Tottenham,2,0,2022-01-23 16:30:00,Mason Mount,Aerial
455307,64,SavedShot,0.7769999694824219,0.68,0.0193207003176212,Hakim Ziyech,h,8992,OpenPlay,2021,RightFoot,16598,Chelsea,Tottenham,2,0,2022-01-23 16:30:00,,
455308,68,SavedShot,0.875999984741211,0.6609999847412109,0.0835113003849983,Romelu Lukaku,h,594,OpenPlay,2021,LeftFoot,16598,Chelsea,Tottenham,2,0,2022-01-23 16:30:00,Mateo Kovacic,Pass
455310,76,SavedShot,0.953000030517578,0.2979999923706055,0.0736017972230911,Mason Mount,h,7768,OpenPlay,2021,RightFoot,16598,Chelsea,Tottenham,2,0,2022-01-23 16:30:00,Hakim Ziyech,Pass
456606,3,SavedShot,0.9569999694824218,0.4520000076293945,0.523531973361969,Che Adams,a,7700,OpenPlay,2021,RightFoot,16613,Tottenham,Southampton,2,3,2022-02-09 19:45:00,Mohamed Elyounoussi,Chipped
456609,17,OwnGoal,0.0490000009536743,0.549000015258789,0.0,Jan Bednarek,a,6042,OpenPlay,2021,RightFoot,16613,Tottenham,Southampton,2,3,2022-02-09 19:45:00,,Clearance
456610,18,SavedShot,0.980999984741211,0.6090000152587891,0.0696161016821861,Armando Broja,a,8384,OpenPlay,2021,RightFoot,16613,Tottenham,Southampton,2,3,2022-02-09 19:45:00,,BallRecovery
456611,20,SavedShot,0.7440000152587891,0.6309999847412109,0.0166708994656801,James Ward-Prowse,a,843,OpenPlay,2021,RightFoot,16613,Tottenham,Southampton,2,3,2022-02-09 19:45:00,Mohamed Elyounoussi,Pass
456612,21,MissedShots,0.7680000305175781,0.610999984741211,0.0142016997560858,Stuart Armstrong,a,6893,FromCorner,2021,RightFoot,16613,Tottenham,Southampton,2,3,2022-02-09 19:45:00,,Aerial
456613,22,Goal,0.9109999847412108,0.5470000076293945,0.1206440031528472,Armando Broja,a,8384,OpenPlay,2021,RightFoot,16613,Tottenham,Southampton,2,3,2022-02-09 19:45:00,Romain Perraud,Pass
456614,29,SavedShot,0.9030000305175782,0.47,0.0443414002656936,Stuart Armstrong,a,6893,OpenPlay,2021,Head,16613,Tottenham,Southampton,2,3,2022-02-09 19:45:00,Mohamed Elyounoussi,Chipped
456615,35,MissedShots,0.906999969482422,0.3820000076293945,0.2937290072441101,Armando Broja,a,8384,OpenPlay,2021,RightFoot,16613,Tottenham,Southampton,2,3,2022-02-09 19:45:00,Kyle Walker-Peters,Chipped
456616,39,MissedShots,0.779000015258789,0.6459999847412109,0.023658700287342,Stuart Armstrong,a,6893,OpenPlay,2021,LeftFoot,16613,Tottenham,Southampton,2,3,2022-02-09 19:45:00,,
456617,41,MissedShots,0.916999969482422,0.53,0.0790416970849037,Mohammed Salisu,a,6923,SetPiece,2021,Head,16613,Tottenham,Southampton,2,3,2022-02-09 19:45:00,James Ward-Prowse,Chipped
456618,41,SavedShot,0.9180000305175782,0.515,0.0429365001618862,Mohamed Elyounoussi,a,6894,FromCorner,2021,Head,16613,Tottenham,Southampton,2,3,2022-02-09 19:45:00,James Ward-Prowse,Aerial
456619,41,MissedShots,0.9159999847412108,0.354000015258789,0.0178328994661569,Che Adams,a,7700,FromCorner,2021,Head,16613,Tottenham,Southampton,2,3,2022-02-09 19:45:00,,CornerAwarded
456620,41,BlockedShot,0.926999969482422,0.4659999847412109,0.0465173982083797,Mohammed Salisu,a,6923,FromCorner,2021,Head,16613,Tottenham,Southampton,2,3,2022-02-09 19:45:00,Che Adams,Rebound
456621,42,MissedShots,0.9159999847412108,0.3659999847412109,0.0162802003324031,Jan Bednarek,a,6042,FromCorner,2021,Head,16613,Tottenham,Southampton,2,3,2022-02-09 19:45:00,James Ward-Prowse,Cross
456622,42,ShotOnPost,0.7669999694824219,0.7659999847412109,0.0143077997490763,Romain Perraud,a,6500,FromCorner,2021,LeftFoot,16613,Tottenham,Southampton,2,3,2022-02-09 19:45:00,Che Adams,Pass
456623,43,BlockedShot,0.8419999694824218,0.6140000152587891,0.0726509019732475,Oriol Romeu,a,842,OpenPlay,2021,RightFoot,16613,Tottenham,Southampton,2,3,2022-02-09 19:45:00,Stuart Armstrong,Pass
456624,45,MissedShots,0.6909999847412109,0.4709999847412109,0.0105098001658916,Oriol Romeu,a,842,OpenPlay,2021,RightFoot,16613,Tottenham,Southampton,2,3,2022-02-09 19:45:00,,
456625,49,BlockedShot,0.7369999694824219,0.3659999847412109,0.0181702002882957,Stuart Armstrong,a,6893,OpenPlay,2021,RightFoot,16613,Tottenham,Southampton,2,3,2022-02-09 19:45:00,Armando Broja,Pass
456626,49,MissedShots,0.8109999847412109,0.5259999847412109,0.0192575994879007,Oriol Romeu,a,842,FromCorner,2021,RightFoot,16613,Tottenham,Southampton,2,3,2022-02-09 19:45:00,,Aerial
456630,67,BlockedShot,0.7340000152587891,0.5179999923706055,0.0151990996673703,James Ward-Prowse,a,843,OpenPlay,2021,RightFoot,16613,Tottenham,Southampton,2,3,2022-02-09 19:45:00,,
456632,77,MissedShots,0.850999984741211,0.3579999923706055,0.0471088998019695,Armando Broja,a,8384,OpenPlay,2021,RightFoot,16613,Tottenham,Southampton,2,3,2022-02-09 19:45:00,,BallRecovery
456633,79,Goal,0.9,0.5,0.0707615986466407,Mohamed Elyounoussi,a,6894,OpenPlay,2021,Head,16613,Tottenham,Southampton,2,3,2022-02-09 19:45:00,James Ward-Prowse,Cross
456634,81,Goal,0.9159999847412108,0.5570000076293945,0.1031199991703033,Che Adams,a,7700,OpenPlay,2021,Head,16613,Tottenham,Southampton,2,3,2022-02-09 19:45:00,James Ward-Prowse,Cross
456637,94,SavedShot,0.911999969482422,0.27,0.0536689981818199,Oriol Romeu,a,842,OpenPlay,2021,RightFoot,16613,Tottenham,Southampton,2,3,2022-02-09 19:45:00,Stuart Armstrong,Pass
457506,5,SavedShot,0.7319999694824219,0.305,0.0130844004452228,Rúben Neves,a,6853,SetPiece,2021,RightFoot,16624,Tottenham,Wolverhampton Wanderers,0,2,2022-02-13 14:00:00,Conor Coady,Pass
457507,5,SavedShot,0.905,0.4279999923706055,0.1103219985961914,Leander Dendoncker,a,7236,SetPiece,2021,RightFoot,16624,Tottenham,Wolverhampton Wanderers,0,2,2022-02-13 14:00:00,,Rebound
457508,5,Goal,0.874000015258789,0.5459999847412109,0.0898822993040084,Raúl Jiménez,a,4105,SetPiece,2021,RightFoot,16624,Tottenham,Wolverhampton Wanderers,0,2,2022-02-13 14:00:00,,Rebound
457510,17,BlockedShot,0.9109999847412108,0.359000015258789,0.1047300025820732,Daniel Podence,a,8291,OpenPlay,2021,RightFoot,16624,Tottenham,Wolverhampton Wanderers,0,2,2022-02-13 14:00:00,Nélson Semedo,Pass
457511,17,Goal,0.973000030517578,0.47,0.8252580165863037,Leander Dendoncker,a,7236,OpenPlay,2021,LeftFoot,16624,Tottenham,Wolverhampton Wanderers,0,2,2022-02-13 14:00:00,,Rebound
457513,21,SavedShot,0.8130000305175781,0.4929999923706055,0.0375085994601249,Raúl Jiménez,a,4105,FromCorner,2021,RightFoot,16624,Tottenham,Wolverhampton Wanderers,0,2,2022-02-13 14:00:00,,
457515,35,SavedShot,0.855,0.4909999847412109,0.1225000023841857,Daniel Podence,a,8291,OpenPlay,2021,RightFoot,16624,Tottenham,Wolverhampton Wanderers,0,2,2022-02-13 14:00:00,Nélson Semedo,Pass
457520,47,BlockedShot,0.8209999847412109,0.4809999847412109,0.0592936985194683,Rúben Neves,a,6853,OpenPlay,2021,RightFoot,16624,Tottenham,Wolverhampton Wanderers,0,2,2022-02-13 14:00:00,,
457522,52,SavedShot,0.965,0.4120000076293945,0.4780510067939758,Raúl Jiménez,a,4105,OpenPlay,2021,RightFoot,16624,Tottenham,Wolverhampton Wanderers,0,2,2022-02-13 14:00:00,Luke Cundle,Pass
457527,69,MissedShots,0.855999984741211,0.659000015258789,0.0781804993748664,Rayan Ait Nouri,a,6674,OpenPlay,2021,LeftFoot,16624,Tottenham,Wolverhampton Wanderers,0,2,2022-02-13 14:00:00,Raúl Jiménez,Pass
457528,72,BlockedShot,0.7869999694824219,0.6,0.0502840988337993,Daniel Podence,a,8291,OpenPlay,2021,RightFoot,16624,Tottenham,Wolverhampton Wanderers,0,2,2022-02-13 14:00:00,Rayan Ait Nouri,Pass
458461,7,MissedShots,0.906999969482422,0.4120000076293945,0.0295113995671272,Phil Foden,h,6055,OpenPlay,2021,Head,16632,Manchester City,Tottenham,2,3,2022-02-19 17:30:00,,Aerial
458462,14,BlockedShot,0.76,0.63,0.0161924995481967,João Cancelo,h,2379,FromCorner,2021,RightFoot,16632,Manchester City,Tottenham,2,3,2022-02-19 17:30:00,,
458463,14,MissedShots,0.8590000152587891,0.4459999847412109,0.0637470036745071,Bernardo Silva,h,3635,FromCorner,2021,LeftFoot,16632,Manchester City,Tottenham,2,3,2022-02-19 17:30:00,,
458464,16,MissedShots,0.9030000305175782,0.700999984741211,0.0372298993170261,João Cancelo,h,2379,OpenPlay,2021,RightFoot,16632,Manchester City,Tottenham,2,3,2022-02-19 17:30:00,Aymeric Laporte,TakeOn
458465,20,ShotOnPost,0.879000015258789,0.6179999923706054,0.0605921000242233,Ilkay Gündogan,h,314,OpenPlay,2021,RightFoot,16632,Manchester City,Tottenham,2,3,2022-02-19 17:30:00,,Dispossessed
458466,21,MissedShots,0.784000015258789,0.5070000076293946,0.0335223004221916,João Cancelo,h,2379,FromCorner,2021,RightFoot,16632,Manchester City,Tottenham,2,3,2022-02-19 17:30:00,Ilkay Gündogan,Pass
458467,23,BlockedShot,0.865999984741211,0.5309999847412109,0.0958030968904495,Phil Foden,h,6055,OpenPlay,2021,LeftFoot,16632,Manchester City,Tottenham,2,3,2022-02-19 17:30:00,Raheem Sterling,Pass
458469,30,MissedShots,0.905,0.5,0.1010510027408599,Ilkay Gündogan,h,314,OpenPlay,2021,RightFoot,16632,Manchester City,Tottenham,2,3,2022-02-19 17:30:00,Rodri,Cross
458470,32,Goal,0.9059999847412108,0.5429999923706055,0.452125996351242,Ilkay Gündogan,h,314,OpenPlay,2021,LeftFoot,16632,Manchester City,Tottenham,2,3,2022-02-19 17:30:00,,
458471,36,MissedShots,0.795,0.585,0.0369739010930061,João Cancelo,h,2379,OpenPlay,2021,RightFoot,16632,Manchester City,Tottenham,2,3,2022-02-19 17:30:00,,
458472,41,BlockedShot,0.8680000305175781,0.5870000076293945,0.0722374990582466,Raheem Sterling,h,618,OpenPlay,2021,RightFoot,16632,Manchester City,Tottenham,2,3,2022-02-19 17:30:00,,
458473,48,MissedShots,0.9719999694824218,0.5779999923706055,0.0524942018091678,Rúben Dias,h,8961,FromCorner,2021,Head,16632,Manchester City,Tottenham,2,3,2022-02-19 17:30:00,Phil Foden,Aerial
458476,62,MissedShots,0.9569999694824218,0.6709999847412109,0.0671935975551605,Bernardo Silva,h,3635,OpenPlay,2021,LeftFoot,16632,Manchester City,Tottenham,2,3,2022-02-19 17:30:00,João Cancelo,Pass
458478,65,SavedShot,0.789000015258789,0.645,0.0222529992461204,Ilkay Gündogan,h,314,OpenPlay,2021,RightFoot,16632,Manchester City,Tottenham,2,3,2022-02-19 17:30:00,Bernardo Silva,Pass
458479,70,MissedShots,0.986999969482422,0.6830000305175781,0.0464668981730937,Bernardo Silva,h,3635,OpenPlay,2021,LeftFoot,16632,Manchester City,Tottenham,2,3,2022-02-19 17:30:00,,
458480,75,SavedShot,0.789000015258789,0.6959999847412109,0.0193608999252319,João Cancelo,h,2379,FromCorner,2021,RightFoot,16632,Manchester City,Tottenham,2,3,2022-02-19 17:30:00,Bernardo Silva,Pass
458481,75,BlockedShot,0.901999969482422,0.3340000152587891,0.0737378001213073,Riyad Mahrez,h,750,OpenPlay,2021,LeftFoot,16632,Manchester City,Tottenham,2,3,2022-02-19 17:30:00,,TakeOn
458482,80,BlockedShot,0.8769999694824219,0.6270000076293946,0.0766614004969596,Ilkay Gündogan,h,314,OpenPlay,2021,RightFoot,16632,Manchester City,Tottenham,2,3,2022-02-19 17:30:00,Rodri,Pass
458483,84,MissedShots,0.909000015258789,0.415,0.0860754027962684,Phil Foden,h,6055,OpenPlay,2021,RightFoot,16632,Manchester City,Tottenham,2,3,2022-02-19 17:30:00,Kyle Walker,Cross
458484,91,Goal,0.885,0.5,0.7611690163612366,Riyad Mahrez,h,750,Penalty,2021,LeftFoot,16632,Manchester City,Tottenham,2,3,2022-02-19 17:30:00,,Standard
458486,99,BlockedShot,0.86,0.585,0.1133309975266456,Bernardo Silva,h,3635,OpenPlay,2021,RightFoot,16632,Manchester City,Tottenham,2,3,2022-02-19 17:30:00,Aymeric Laporte,TakeOn
459168,3,BlockedShot,0.7859999847412109,0.2910000038146972,0.0300236009061336,Dwight McNeil,h,6756,FromCorner,2021,LeftFoot,16499,Burnley,Tottenham,1,0,2022-02-23 19:30:00,Josh Brownhill,Pass
459169,5,BlockedShot,0.7040000152587891,0.5840000152587891,0.0204201005399227,Josh Brownhill,h,8323,OpenPlay,2021,RightFoot,16499,Burnley,Tottenham,1,0,2022-02-23 19:30:00,Erik Pieters,TakeOn
459170,13,SavedShot,0.8090000152587891,0.4929999923706055,0.018996400758624,Josh Brownhill,h,8323,OpenPlay,2021,RightFoot,16499,Burnley,Tottenham,1,0,2022-02-23 19:30:00,,Aerial
459172,24,BlockedShot,0.799000015258789,0.7609999847412109,0.0169322993606328,Jay Rodriguez,h,844,OpenPlay,2021,RightFoot,16499,Burnley,Tottenham,1,0,2022-02-23 19:30:00,Dwight McNeil,Pass
459175,42,BlockedShot,0.7440000152587891,0.45,0.0204546004533767,Josh Brownhill,h,8323,OpenPlay,2021,RightFoot,16499,Burnley,Tottenham,1,0,2022-02-23 19:30:00,Connor Roberts,Pass
459177,53,MissedShots,0.8069999694824219,0.68,0.0233635008335113,Wout Weghorst,h,7052,SetPiece,2021,RightFoot,16499,Burnley,Tottenham,1,0,2022-02-23 19:30:00,Josh Brownhill,Chipped
459178,56,SavedShot,0.89,0.409000015258789,0.0127491001039743,Ben Mee,h,1654,SetPiece,2021,Head,16499,Burnley,Tottenham,1,0,2022-02-23 19:30:00,Dwight McNeil,Aerial
459180,61,BlockedShot,0.9359999847412108,0.7130000305175781,0.0288079995661973,Dwight McNeil,h,6756,OpenPlay,2021,LeftFoot,16499,Burnley,Tottenham,1,0,2022-02-23 19:30:00,Josh Brownhill,TakeOn
459185,68,SavedShot,0.904000015258789,0.4640000152587891,0.3659130036830902,Jay Rodriguez,h,844,OpenPlay,2021,Head,16499,Burnley,Tottenham,1,0,2022-02-23 19:30:00,Dwight McNeil,Aerial
459187,70,Goal,0.9540000152587892,0.5379999923706055,0.0854106023907661,Ben Mee,h,1654,SetPiece,2021,Head,16499,Burnley,Tottenham,1,0,2022-02-23 19:30:00,Josh Brownhill,Aerial
459188,82,MissedShots,0.958000030517578,0.575,0.1140220016241073,Ben Mee,h,1654,FromCorner,2021,RightFoot,16499,Burnley,Tottenham,1,0,2022-02-23 19:30:00,,
459189,82,MissedShots,0.9540000152587892,0.5790000152587891,0.0970038995146751,Ben Mee,h,1654,FromCorner,2021,LeftFoot,16499,Burnley,Tottenham,1,0,2022-02-23 19:30:00,Jack Cork,BallTouch
459190,82,MissedShots,0.965999984741211,0.474000015258789,0.6964399814605713,Jay Rodriguez,h,844,FromCorner,2021,RightFoot,16499,Burnley,Tottenham,1,0,2022-02-23 19:30:00,Ben Mee,Rebound
459192,85,MissedShots,0.7340000152587891,0.4459999847412109,0.0225237999111413,Josh Brownhill,h,8323,OpenPlay,2021,RightFoot,16499,Burnley,Tottenham,1,0,2022-02-23 19:30:00,Connor Roberts,Pass
459194,89,MissedShots,0.8930000305175781,0.4559999847412109,0.0702589005231857,James Tarkowski,h,1665,SetPiece,2021,Head,16499,Burnley,Tottenham,1,0,2022-02-23 19:30:00,Josh Brownhill,Cross
459527,2,MissedShots,0.9359999847412108,0.544000015258789,0.4430130124092102,Pascal Struijk,h,8717,SetPiece,2021,Head,16642,Leeds,Tottenham,0,4,2022-02-26 12:30:00,Stuart Dallas,Cross
459533,16,ShotOnPost,0.860999984741211,0.4609999847412109,0.0998342037200927,Robin Koch,h,6273,OpenPlay,2021,LeftFoot,16642,Leeds,Tottenham,0,4,2022-02-26 12:30:00,Raphinha,Pass
459534,24,BlockedShot,0.705,0.4409999847412109,0.0087996097281575,Stuart Dallas,h,8718,OpenPlay,2021,RightFoot,16642,Leeds,Tottenham,0,4,2022-02-26 12:30:00,,
459537,32,BlockedShot,0.879000015258789,0.4209999847412109,0.0287974998354911,Robin Koch,h,6273,SetPiece,2021,Head,16642,Leeds,Tottenham,0,4,2022-02-26 12:30:00,Raphinha,Cross
459538,32,BlockedShot,0.9130000305175782,0.3,0.0404244996607303,Jack Harrison,h,8720,SetPiece,2021,LeftFoot,16642,Leeds,Tottenham,0,4,2022-02-26 12:30:00,Pascal Struijk,Pass
459539,37,BlockedShot,0.8130000305175781,0.3709999847412109,0.0284329000860452,Raphinha,h,8026,OpenPlay,2021,LeftFoot,16642,Leeds,Tottenham,0,4,2022-02-26 12:30:00,,
459540,43,MissedShots,0.9130000305175782,0.4,0.0221564006060361,Luke Ayling,h,8716,OpenPlay,2021,Head,16642,Leeds,Tottenham,0,4,2022-02-26 12:30:00,Raphinha,Chipped
459541,45,BlockedShot,0.7319999694824219,0.5179999923706055,0.0117412004619836,Pascal Struijk,h,8717,OpenPlay,2021,RightFoot,16642,Leeds,Tottenham,0,4,2022-02-26 12:30:00,,
459542,49,MissedShots,0.8269999694824218,0.2789999961853027,0.0262986999005079,Stuart Dallas,h,8718,OpenPlay,2021,LeftFoot,16642,Leeds,Tottenham,0,4,2022-02-26 12:30:00,Raphinha,Pass
459544,56,MissedShots,0.8530000305175781,0.499000015258789,0.01961600035429,Rodrigo,h,2381,OpenPlay,2021,Head,16642,Leeds,Tottenham,0,4,2022-02-26 12:30:00,Júnior Firpo,Cross
459548,65,SavedShot,0.8430000305175781,0.4909999847412109,0.083006203174591,Mateusz Klich,h,4381,OpenPlay,2021,RightFoot,16642,Leeds,Tottenham,0,4,2022-02-26 12:30:00,Rodrigo,Pass
459551,68,BlockedShot,0.765,0.4029999923706054,0.0217434000223875,Adam Forshaw,h,1711,SetPiece,2021,RightFoot,16642,Leeds,Tottenham,0,4,2022-02-26 12:30:00,Raphinha,Pass
459552,68,MissedShots,0.7909999847412109,0.3759999847412109,0.0195305999368429,Adam Forshaw,h,1711,SetPiece,2021,RightFoot,16642,Leeds,Tottenham,0,4,2022-02-26 12:30:00,,Rebound
459554,75,BlockedShot,0.933000030517578,0.5870000076293945,0.6048949956893921,Stuart Dallas,h,8718,OpenPlay,2021,RightFoot,16642,Leeds,Tottenham,0,4,2022-02-26 12:30:00,,TakeOn
459555,81,MissedShots,0.8619999694824219,0.4879999923706055,0.0966646969318389,Daniel James,h,5595,OpenPlay,2021,RightFoot,16642,Leeds,Tottenham,0,4,2022-02-26 12:30:00,Raphinha,Pass
459557,87,MissedShots,0.8730000305175781,0.5279999923706055,0.1101870015263557,Raphinha,h,8026,OpenPlay,2021,LeftFoot,16642,Leeds,Tottenham,0,4,2022-02-26 12:30:00,Rodrigo,Pass
459558,90,ShotOnPost,0.7680000305175781,0.519000015258789,0.0810388997197151,Raphinha,h,8026,DirectFreekick,2021,LeftFoot,16642,Leeds,Tottenham,0,4,2022-02-26 12:30:00,,Standard
459559,91,SavedShot,0.9,0.534000015258789,0.0940850973129272,Rodrigo,h,2381,OpenPlay,2021,LeftFoot,16642,Leeds,Tottenham,0,4,2022-02-26 12:30:00,,Dispossessed
459560,93,MissedShots,0.8680000305175781,0.31,0.0558453984558582,Jamie Shackleton,h,8721,OpenPlay,2021,RightFoot,16642,Leeds,Tottenham,0,4,2022-02-26 12:30:00,Daniel James,Pass
462032,13,OwnGoal,0.0279999995231628,0.479000015258789,0.0,Michael Keane,a,1653,OpenPlay,2021,RightFoot,16653,Tottenham,Everton,5,0,2022-03-07 20:00:00,,Challenge
462039,42,BlockedShot,0.9290000152587892,0.29,0.0630754977464675,Dominic Calvert-Lewin,a,5555,OpenPlay,2021,RightFoot,16653,Tottenham,Everton,5,0,2022-03-07 20:00:00,Abdoulaye Doucouré,Pass
462041,49,BlockedShot,0.81,0.7069999694824218,0.0247655995190143,Richarlison,a,6026,OpenPlay,2021,RightFoot,16653,Tottenham,Everton,5,0,2022-03-07 20:00:00,Donny van de Beek,Pass
462042,50,BlockedShot,0.735999984741211,0.6480000305175782,0.0446797013282775,Anthony Gordon,a,8150,DirectFreekick,2021,RightFoot,16653,Tottenham,Everton,5,0,2022-03-07 20:00:00,,Standard
462043,51,BlockedShot,0.7709999847412109,0.3829999923706054,0.0160866994410753,Dominic Calvert-Lewin,a,5555,OpenPlay,2021,RightFoot,16653,Tottenham,Everton,5,0,2022-03-07 20:00:00,Anthony Gordon,Pass
462044,52,MissedShots,0.8690000152587891,0.3010000038146972,0.0487214997410774,Dominic Calvert-Lewin,a,5555,OpenPlay,2021,RightFoot,16653,Tottenham,Everton,5,0,2022-03-07 20:00:00,Anthony Gordon,Pass
462052,92,MissedShots,0.720999984741211,0.6229999923706054,0.010933700017631,Allan,a,1379,OpenPlay,2021,RightFoot,16653,Tottenham,Everton,5,0,2022-03-07 20:00:00,Abdoulaye Doucouré,Pass
462651,8,BlockedShot,0.875999984741211,0.635,0.0674574002623558,Cristiano Ronaldo,h,2371,OpenPlay,2021,LeftFoot,16663,Manchester United,Tottenham,3,2,2022-03-12 17:30:00,Jadon Sancho,Pass
462652,11,Goal,0.7269999694824218,0.4429999923706054,0.0173374004662036,Cristiano Ronaldo,h,2371,OpenPlay,2021,RightFoot,16663,Manchester United,Tottenham,3,2,2022-03-12 17:30:00,Fred,Pass
462654,15,MissedShots,0.7830000305175782,0.5790000152587891,0.0408394001424312,Paul Pogba,h,1740,OpenPlay,2021,RightFoot,16663,Manchester United,Tottenham,3,2,2022-03-12 17:30:00,Fred,Pass
462656,22,MissedShots,0.9059999847412108,0.5170000076293946,0.0635685995221138,Cristiano Ronaldo,h,2371,OpenPlay,2021,Head,16663,Manchester United,Tottenham,3,2,2022-03-12 17:30:00,Alex Telles,Aerial
462663,37,Goal,0.935,0.4490000152587891,0.5309659838676453,Cristiano Ronaldo,h,2371,OpenPlay,2021,RightFoot,16663,Manchester United,Tottenham,3,2,2022-03-12 17:30:00,Jadon Sancho,Pass
462665,45,SavedShot,0.8730000305175781,0.6819999694824219,0.0691336989402771,Jadon Sancho,h,6345,OpenPlay,2021,RightFoot,16663,Manchester United,Tottenham,3,2,2022-03-12 17:30:00,Fred,Pass
462667,62,MissedShots,0.911999969482422,0.4270000076293945,0.0365373007953166,Cristiano Ronaldo,h,2371,SetPiece,2021,Head,16663,Manchester United,Tottenham,3,2,2022-03-12 17:30:00,,Aerial
462668,65,SavedShot,0.8680000305175781,0.2920000076293945,0.0741852968931198,Cristiano Ronaldo,h,2371,OpenPlay,2021,RightFoot,16663,Manchester United,Tottenham,3,2,2022-03-12 17:30:00,Jadon Sancho,Pass
462669,71,OwnGoal,0.045,0.4659999847412109,0.0,Harry Maguire,h,1687,OpenPlay,2021,RightFoot,16663,Manchester United,Tottenham,3,2,2022-03-12 17:30:00,,
462670,76,SavedShot,0.86,0.4270000076293945,0.0944461971521377,Cristiano Ronaldo,h,2371,OpenPlay,2021,RightFoot,16663,Manchester United,Tottenham,3,2,2022-03-12 17:30:00,Jadon Sancho,Pass
462671,80,Goal,0.901999969482422,0.5,0.0236316006630659,Cristiano Ronaldo,h,2371,FromCorner,2021,Head,16663,Manchester United,Tottenham,3,2,2022-03-12 17:30:00,Alex Telles,Aerial
463570,22,BlockedShot,0.7959999847412109,0.634000015258789,0.0295627992600202,Leandro Trossard,h,7698,OpenPlay,2021,RightFoot,16528,Brighton,Tottenham,0,2,2022-03-16 19:30:00,,
463571,23,MissedShots,0.919000015258789,0.5459999847412109,0.0336360000073909,Alexis Mac Allister,h,8379,FromCorner,2021,Head,16528,Brighton,Tottenham,0,2,2022-03-16 19:30:00,Solly March,Aerial
463572,26,BlockedShot,0.91,0.3010000038146972,0.0584299005568027,Alexis Mac Allister,h,8379,OpenPlay,2021,RightFoot,16528,Brighton,Tottenham,0,2,2022-03-16 19:30:00,Solly March,Pass
463573,29,MissedShots,0.76,0.3129999923706055,0.0210516992956399,Yves Bissouma,h,5609,OpenPlay,2021,RightFoot,16528,Brighton,Tottenham,0,2,2022-03-16 19:30:00,Shane Duffy,Pass
463578,39,BlockedShot,0.8180000305175781,0.4570000076293945,0.1319759935140609,Neal Maupay,h,3621,OpenPlay,2021,RightFoot,16528,Brighton,Tottenham,0,2,2022-03-16 19:30:00,Leandro Trossard,TakeOn
463579,39,BlockedShot,0.7719999694824219,0.4870000076293945,0.0390098989009857,Alexis Mac Allister,h,8379,OpenPlay,2021,RightFoot,16528,Brighton,Tottenham,0,2,2022-03-16 19:30:00,,Rebound
463580,41,MissedShots,0.860999984741211,0.5209999847412109,0.0351135991513729,Neal Maupay,h,3621,OpenPlay,2021,LeftFoot,16528,Brighton,Tottenham,0,2,2022-03-16 19:30:00,,Aerial
463584,46,MissedShots,0.92,0.515,0.4265750050544739,Alexis Mac Allister,h,8379,OpenPlay,2021,RightFoot,16528,Brighton,Tottenham,0,2,2022-03-16 19:30:00,Marc Cucurella,Cross
463585,47,BlockedShot,0.7819999694824219,0.5609999847412109,0.0317681990563869,Leandro Trossard,h,7698,OpenPlay,2021,RightFoot,16528,Brighton,Tottenham,0,2,2022-03-16 19:30:00,,
463589,52,MissedShots,0.8680000305175781,0.4720000076293945,0.0322715006768703,Neal Maupay,h,3621,OpenPlay,2021,Head,16528,Brighton,Tottenham,0,2,2022-03-16 19:30:00,Joël Veltman,Cross
463590,52,MissedShots,0.895,0.54,0.0486732982099056,Shane Duffy,h,6047,FromCorner,2021,Head,16528,Brighton,Tottenham,0,2,2022-03-16 19:30:00,Pascal Groß,Cross
463591,55,BlockedShot,0.879000015258789,0.479000015258789,0.0311358999460935,Shane Duffy,h,6047,FromCorner,2021,Head,16528,Brighton,Tottenham,0,2,2022-03-16 19:30:00,Pascal Groß,Cross
463594,73,BlockedShot,0.7119999694824218,0.519000015258789,0.0111483000218868,Alexis Mac Allister,h,8379,OpenPlay,2021,RightFoot,16528,Brighton,Tottenham,0,2,2022-03-16 19:30:00,Marc Cucurella,Pass
463595,77,BlockedShot,0.8480000305175781,0.5459999847412109,0.0966332033276557,Neal Maupay,h,3621,OpenPlay,2021,LeftFoot,16528,Brighton,Tottenham,0,2,2022-03-16 19:30:00,Danny Welbeck,Pass
463596,77,MissedShots,0.909000015258789,0.7230000305175781,0.0219953991472721,Marc Cucurella,h,7134,OpenPlay,2021,LeftFoot,16528,Brighton,Tottenham,0,2,2022-03-16 19:30:00,,Rebound
464654,8,OwnGoal,0.0709999990463256,0.5109999847412109,0.0,Kurt Zouma,a,935,OpenPlay,2021,LeftFoot,16673,Tottenham,West Ham,3,1,2022-03-20 16:30:00,,
464655,9,MissedShots,0.926999969482422,0.2960000038146972,0.0451766997575759,Michail Antonio,a,531,OpenPlay,2021,RightFoot,16673,Tottenham,West Ham,3,1,2022-03-20 16:30:00,,BallRecovery
464657,15,MissedShots,0.945,0.5829999923706055,0.0366532988846302,Michail Antonio,a,531,OpenPlay,2021,Head,16673,Tottenham,West Ham,3,1,2022-03-20 16:30:00,Said Benrahma,Aerial
464661,34,MissedShots,0.9,0.489000015258789,0.0271582007408142,Craig Dawson,a,804,FromCorner,2021,Head,16673,Tottenham,West Ham,3,1,2022-03-20 16:30:00,,Aerial
464662,34,Goal,0.92,0.3940000152587891,0.3472630083560943,Said Benrahma,a,3585,FromCorner,2021,RightFoot,16673,Tottenham,West Ham,3,1,2022-03-20 16:30:00,Craig Dawson,Rebound
464665,55,MissedShots,0.914000015258789,0.3920000076293945,0.1001489982008934,Michail Antonio,a,531,OpenPlay,2021,RightFoot,16673,Tottenham,West Ham,3,1,2022-03-20 16:30:00,Aaron Cresswell,Pass
464666,60,MissedShots,0.975,0.6709999847412109,0.0979937985539436,Andriy Yarmolenko,a,6274,OpenPlay,2021,LeftFoot,16673,Tottenham,West Ham,3,1,2022-03-20 16:30:00,Pablo Fornals,Throughball
465988,0,BlockedShot,0.7290000152587891,0.675,0.0112712997943162,Jonjo Shelvey,a,769,OpenPlay,2021,RightFoot,16678,Tottenham,Newcastle United,5,1,2022-04-03 15:30:00,,
465994,21,MissedShots,0.7219999694824218,0.4409999847412109,0.0129083003848791,Jonjo Shelvey,a,769,OpenPlay,2021,RightFoot,16678,Tottenham,Newcastle United,5,1,2022-04-03 15:30:00,,
465995,21,BlockedShot,0.9030000305175782,0.4370000076293945,0.1805479973554611,Joe Willock,a,6630,OpenPlay,2021,LeftFoot,16678,Tottenham,Newcastle United,5,1,2022-04-03 15:30:00,,TakeOn
465998,38,Goal,0.8,0.649000015258789,0.0856418013572692,Fabian Schär,a,76,DirectFreekick,2021,RightFoot,16678,Tottenham,Newcastle United,5,1,2022-04-03 15:30:00,,Standard
466001,48,MissedShots,0.8640000152587891,0.4759999847412109,0.0747883021831512,Chris Wood,a,4456,OpenPlay,2021,RightFoot,16678,Tottenham,Newcastle United,5,1,2022-04-03 15:30:00,Jonjo Shelvey,Chipped
466004,59,BlockedShot,0.953000030517578,0.44,0.0608655996620655,Dan Burn,a,7382,FromCorner,2021,Head,16678,Tottenham,Newcastle United,5,1,2022-04-03 15:30:00,Ryan Fraser,Aerial
466007,68,MissedShots,0.9209999847412108,0.4729999923706054,0.0694940015673637,Joe Willock,a,6630,OpenPlay,2021,Head,16678,Tottenham,Newcastle United,5,1,2022-04-03 15:30:00,Bruno Guimarães,Aerial
466009,72,BlockedShot,0.7969999694824219,0.5070000076293946,0.0426343008875846,Allan Saint-Maximin,a,101,OpenPlay,2021,RightFoot,16678,Tottenham,Newcastle United,5,1,2022-04-03 15:30:00,Jacob Murphy,BallRecovery
466862,13,SavedShot,0.740999984741211,0.349000015258789,0.016270799562335,Matthew Cash,h,8864,OpenPlay,2021,RightFoot,16694,Aston Villa,Tottenham,0,4,2022-04-09 16:30:00,Philippe Coutinho,Pass
466865,16,SavedShot,0.9209999847412108,0.6830000305175781,0.3083719909191131,Jacob Ramsey,h,8941,OpenPlay,2021,LeftFoot,16694,Aston Villa,Tottenham,0,4,2022-04-09 16:30:00,Douglas Luiz,TakeOn
466866,18,SavedShot,0.764000015258789,0.3160000038146973,0.0172722991555929,John McGinn,h,7723,FromCorner,2021,LeftFoot,16694,Aston Villa,Tottenham,0,4,2022-04-09 16:30:00,Lucas Digne,Pass
466867,27,SavedShot,0.926999969482422,0.4209999847412109,0.3395220041275024,Danny Ings,h,986,SetPiece,2021,RightFoot,16694,Aston Villa,Tottenham,0,4,2022-04-09 16:30:00,Philippe Coutinho,Chipped
466868,31,MissedShots,0.94,0.4670000076293945,0.1228049993515014,Ollie Watkins,h,8865,OpenPlay,2021,Head,16694,Aston Villa,Tottenham,0,4,2022-04-09 16:30:00,Philippe Coutinho,Cross
466869,34,BlockedShot,0.855,0.4079999923706054,0.0533748008310794,Danny Ings,h,986,FromCorner,2021,RightFoot,16694,Aston Villa,Tottenham,0,4,2022-04-09 16:30:00,,
466870,35,SavedShot,0.909000015258789,0.68,0.0598528012633323,Ollie Watkins,h,8865,OpenPlay,2021,LeftFoot,16694,Aston Villa,Tottenham,0,4,2022-04-09 16:30:00,Danny Ings,Pass
466871,36,MissedShots,0.955999984741211,0.605999984741211,0.0900418013334274,Danny Ings,h,986,FromCorner,2021,RightFoot,16694,Aston Villa,Tottenham,0,4,2022-04-09 16:30:00,Ollie Watkins,HeadPass
466872,39,BlockedShot,0.8419999694824218,0.615,0.0547544993460178,Danny Ings,h,986,OpenPlay,2021,RightFoot,16694,Aston Villa,Tottenham,0,4,2022-04-09 16:30:00,Douglas Luiz,Pass
466873,40,MissedShots,0.6980000305175781,0.4170000076293945,0.0137016996741294,Philippe Coutinho,h,488,OpenPlay,2021,RightFoot,16694,Aston Villa,Tottenham,0,4,2022-04-09 16:30:00,John McGinn,Pass
466876,47,SavedShot,0.905,0.2929999923706055,0.0425871014595031,Matthew Cash,h,8864,OpenPlay,2021,RightFoot,16694,Aston Villa,Tottenham,0,4,2022-04-09 16:30:00,,
466877,48,BlockedShot,0.7959999847412109,0.575,0.0259028002619743,Philippe Coutinho,h,488,OpenPlay,2021,RightFoot,16694,Aston Villa,Tottenham,0,4,2022-04-09 16:30:00,Danny Ings,HeadPass
466878,49,SavedShot,0.931999969482422,0.884000015258789,0.0440982989966869,Philippe Coutinho,h,488,DirectFreekick,2021,RightFoot,16694,Aston Villa,Tottenham,0,4,2022-04-09 16:30:00,,Standard
466879,49,BlockedShot,0.9690000152587892,0.555,0.1229050010442733,Danny Ings,h,986,SetPiece,2021,Head,16694,Aston Villa,Tottenham,0,4,2022-04-09 16:30:00,,Aerial
466882,57,BlockedShot,0.914000015258789,0.4329999923706055,0.0419411994516849,Ezri Konsa Ngoyo,h,7726,FromCorner,2021,OtherBodyPart,16694,Aston Villa,Tottenham,0,4,2022-04-09 16:30:00,Lucas Digne,Cross
466883,58,BlockedShot,0.884000015258789,0.38,0.0133194997906684,Ezri Konsa Ngoyo,h,7726,FromCorner,2021,Head,16694,Aston Villa,Tottenham,0,4,2022-04-09 16:30:00,Lucas Digne,Cross
466884,58,MissedShots,0.78,0.6559999847412109,0.0288113001734018,Danny Ings,h,986,FromCorner,2021,RightFoot,16694,Aston Villa,Tottenham,0,4,2022-04-09 16:30:00,Lucas Digne,Pass
466888,88,MissedShots,0.855,0.549000015258789,0.0551198981702327,Leon Bailey,h,5221,OpenPlay,2021,LeftFoot,16694,Aston Villa,Tottenham,0,4,2022-04-09 16:30:00,,
466889,91,SavedShot,0.955,0.32,0.0364710986614227,Emiliano Buendía,h,2203,FromCorner,2021,LeftFoot,16694,Aston Villa,Tottenham,0,4,2022-04-09 16:30:00,Douglas Luiz,Cross
467922,21,BlockedShot,0.860999984741211,0.4570000076293945,0.0354477986693382,Enock Mwepu,a,9734,SetPiece,2021,RightFoot,16699,Tottenham,Brighton,0,1,2022-04-16 11:30:00,,Aerial
467923,22,MissedShots,0.845,0.6229999923706054,0.035487700253725,Marc Cucurella,a,7134,FromCorner,2021,LeftFoot,16699,Tottenham,Brighton,0,1,2022-04-16 11:30:00,Pascal Groß,Cross
467924,22,BlockedShot,0.8959999847412109,0.385,0.058840699493885,Joël Veltman,a,8780,FromCorner,2021,RightFoot,16699,Tottenham,Brighton,0,1,2022-04-16 11:30:00,Pascal Groß,Pass
467925,28,BlockedShot,0.9309999847412108,0.585999984741211,0.0212730001658201,Joël Veltman,a,8780,FromCorner,2021,Head,16699,Tottenham,Brighton,0,1,2022-04-16 11:30:00,Pascal Groß,Aerial
467926,47,SavedShot,0.7240000152587891,0.515,0.0174714997410774,Enock Mwepu,a,9734,OpenPlay,2021,RightFoot,16699,Tottenham,Brighton,0,1,2022-04-16 11:30:00,Leandro Trossard,Pass
467930,58,MissedShots,0.904000015258789,0.675,0.0564240999519825,Danny Welbeck,a,501,OpenPlay,2021,RightFoot,16699,Tottenham,Brighton,0,1,2022-04-16 11:30:00,,
467931,63,MissedShots,0.7909999847412109,0.624000015258789,0.0307075008749961,Alexis Mac Allister,a,8379,OpenPlay,2021,LeftFoot,16699,Tottenham,Brighton,0,1,2022-04-16 11:30:00,Leandro Trossard,Pass
467932,73,SavedShot,0.8169999694824219,0.2560000038146973,0.0232928991317749,Tariq Lamptey,a,8226,OpenPlay,2021,RightFoot,16699,Tottenham,Brighton,0,1,2022-04-16 11:30:00,Pascal Groß,Pass
467933,78,MissedShots,0.9209999847412108,0.46,0.0576388984918594,Danny Welbeck,a,501,OpenPlay,2021,Head,16699,Tottenham,Brighton,0,1,2022-04-16 11:30:00,Tariq Lamptey,Aerial
467934,82,SavedShot,0.875999984741211,0.5159999847412109,0.0138026997447013,Lewis Dunk,a,6048,FromCorner,2021,Head,16699,Tottenham,Brighton,0,1,2022-04-16 11:30:00,Pascal Groß,Aerial
467935,86,MissedShots,0.7930000305175782,0.6940000152587891,0.0249393992125988,Leandro Trossard,a,7698,OpenPlay,2021,RightFoot,16699,Tottenham,Brighton,0,1,2022-04-16 11:30:00,Danny Welbeck,Pass
467936,89,Goal,0.9359999847412108,0.6419999694824219,0.3358289897441864,Leandro Trossard,a,7698,OpenPlay,2021,RightFoot,16699,Tottenham,Brighton,0,1,2022-04-16 11:30:00,,BallTouch
470166,3,BlockedShot,0.8130000305175781,0.4709999847412109,0.0579493008553981,Bryan Mbeumo,h,6552,OpenPlay,2021,LeftFoot,16714,Brentford,Tottenham,0,0,2022-04-23 16:30:00,Mathias Jensen,CornerAwarded
470167,5,BlockedShot,0.965999984741211,0.605999984741211,0.0261589996516704,Bryan Mbeumo,h,6552,FromCorner,2021,Head,16714,Brentford,Tottenham,0,0,2022-04-23 16:30:00,Ivan Toney,CornerAwarded
470168,5,BlockedShot,0.895,0.3079999923706055,0.0336937010288238,Ivan Toney,h,998,FromCorner,2021,RightFoot,16714,Brentford,Tottenham,0,0,2022-04-23 16:30:00,Christian Eriksen,Cross
470169,5,MissedShots,0.8090000152587891,0.379000015258789,0.0376451984047889,Ivan Toney,h,998,FromCorner,2021,LeftFoot,16714,Brentford,Tottenham,0,0,2022-04-23 16:30:00,,Rebound
470170,16,ShotOnPost,0.9280000305175782,0.500999984741211,0.1153659969568252,Ivan Toney,h,998,FromCorner,2021,Head,16714,Brentford,Tottenham,0,0,2022-04-23 16:30:00,Christian Eriksen,Cross
470171,21,BlockedShot,0.906999969482422,0.3010000038146972,0.0333622992038726,Ivan Toney,h,998,FromCorner,2021,RightFoot,16714,Brentford,Tottenham,0,0,2022-04-23 16:30:00,Christian Eriksen,Cross
470174,45,BlockedShot,0.7919999694824219,0.6759999847412109,0.0198435001075267,Saman Ghoddos,h,7069,OpenPlay,2021,RightFoot,16714,Brentford,Tottenham,0,0,2022-04-23 16:30:00,Vitaly Janelt,Pass
470175,50,MissedShots,0.8769999694824219,0.4459999847412109,0.0779829025268554,Bryan Mbeumo,h,6552,OpenPlay,2021,LeftFoot,16714,Brentford,Tottenham,0,0,2022-04-23 16:30:00,Rico Henry,Cross
470180,62,BlockedShot,0.740999984741211,0.3420000076293945,0.0455701015889644,Christian Eriksen,h,646,DirectFreekick,2021,RightFoot,16714,Brentford,Tottenham,0,0,2022-04-23 16:30:00,,Standard
470181,64,BlockedShot,0.749000015258789,0.5170000076293946,0.0224006008356809,Christian Eriksen,h,646,OpenPlay,2021,LeftFoot,16714,Brentford,Tottenham,0,0,2022-04-23 16:30:00,Mathias Jensen,Pass
470182,65,BlockedShot,0.921999969482422,0.4820000076293945,0.3008739948272705,Pontus Jansson,h,1801,FromCorner,2021,Head,16714,Brentford,Tottenham,0,0,2022-04-23 16:30:00,Mads Roerslev,Chipped
470183,65,SavedShot,0.916999969482422,0.69,0.0458079986274242,Christian Eriksen,h,646,OpenPlay,2021,RightFoot,16714,Brentford,Tottenham,0,0,2022-04-23 16:30:00,,Rebound
470186,87,MissedShots,0.931999969482422,0.4070000076293945,0.0824747011065483,Bryan Mbeumo,h,6552,OpenPlay,2021,Head,16714,Brentford,Tottenham,0,0,2022-04-23 16:30:00,Rico Henry,Cross
470187,90,ShotOnPost,0.895,0.5220000076293946,0.0836571007966995,Ivan Toney,h,998,SetPiece,2021,Head,16714,Brentford,Tottenham,0,0,2022-04-23 16:30:00,Christian Eriksen,Cross
470188,90,MissedShots,0.968000030517578,0.395,0.3792990148067474,Bryan Mbeumo,h,6552,SetPiece,2021,RightFoot,16714,Brentford,Tottenham,0,0,2022-04-23 16:30:00,,Rebound
472040,7,MissedShots,0.8630000305175781,0.7280000305175781,0.0322563014924526,Ayoze Pérez,a,770,OpenPlay,2021,RightFoot,16719,Tottenham,Leicester,3,1,2022-05-01 13:00:00,Luke Thomas,TakeOn
472041,13,SavedShot,0.86,0.49,0.0708525031805038,Patson Daka,a,9738,OpenPlay,2021,RightFoot,16719,Tottenham,Leicester,3,1,2022-05-01 13:00:00,Boubakary Soumare,Cross
472046,35,MissedShots,0.78,0.439000015258789,0.0346245989203453,Kelechi Iheanacho,a,620,OpenPlay,2021,LeftFoot,16719,Tottenham,Leicester,3,1,2022-05-01 13:00:00,Patson Daka,Pass
472047,38,BlockedShot,0.7819999694824219,0.4220000076293945,0.038085501641035,Ayoze Pérez,a,770,OpenPlay,2021,RightFoot,16719,Tottenham,Leicester,3,1,2022-05-01 13:00:00,,TakeOn
472055,88,MissedShots,0.8969999694824219,0.4520000076293945,0.0810723975300788,Jamie Vardy,a,755,OpenPlay,2021,Head,16719,Tottenham,Leicester,3,1,2022-05-01 13:00:00,Timothy Castagne,Cross
472056,90,Goal,0.7369999694824219,0.3890000152587891,0.0172419995069503,Kelechi Iheanacho,a,620,OpenPlay,2021,LeftFoot,16719,Tottenham,Leicester,3,1,2022-05-01 13:00:00,Youri Tielemans,Pass
473760,2,SavedShot,0.7030000305175781,0.41,0.0099502801895141,Sadio Mané,h,838,OpenPlay,2021,RightFoot,16728,Liverpool,Tottenham,1,1,2022-05-07 18:45:00,Mohamed Salah,LayOff
473762,10,BlockedShot,0.845999984741211,0.349000015258789,0.0738541036844253,Mohamed Salah,h,1250,OpenPlay,2021,LeftFoot,16728,Liverpool,Tottenham,1,1,2022-05-07 18:45:00,Sadio Mané,Pass
473764,21,MissedShots,0.915,0.4329999923706055,0.0615422986447811,Virgil van Dijk,h,833,FromCorner,2021,Head,16728,Liverpool,Tottenham,1,1,2022-05-07 18:45:00,Andrew Robertson,Cross
473765,23,MissedShots,0.7830000305175782,0.2489999961853027,0.0177705995738506,Trent Alexander-Arnold,h,1791,OpenPlay,2021,RightFoot,16728,Liverpool,Tottenham,1,1,2022-05-07 18:45:00,Thiago Alcántara,Pass
473766,26,BlockedShot,0.8159999847412109,0.544000015258789,0.0491130016744136,Luis Díaz,h,10408,OpenPlay,2021,RightFoot,16728,Liverpool,Tottenham,1,1,2022-05-07 18:45:00,Andrew Robertson,TakeOn
473767,38,ShotOnPost,0.95,0.5029999923706054,0.0809777975082397,Virgil van Dijk,h,833,FromCorner,2021,Head,16728,Liverpool,Tottenham,1,1,2022-05-07 18:45:00,Trent Alexander-Arnold,Aerial
473768,40,BlockedShot,0.7809999847412109,0.3259999847412109,0.0632712990045547,Trent Alexander-Arnold,h,1791,DirectFreekick,2021,RightFoot,16728,Liverpool,Tottenham,1,1,2022-05-07 18:45:00,,Standard
473769,40,BlockedShot,0.7719999694824219,0.5879999923706055,0.0219404995441436,Thiago Alcántara,h,229,SetPiece,2021,RightFoot,16728,Liverpool,Tottenham,1,1,2022-05-07 18:45:00,,TakeOn
473770,40,BlockedShot,0.955,0.7230000305175781,0.0431368015706539,Virgil van Dijk,h,833,SetPiece,2021,LeftFoot,16728,Liverpool,Tottenham,1,1,2022-05-07 18:45:00,Sadio Mané,BallTouch
473771,41,BlockedShot,0.7880000305175782,0.4620000076293945,0.0251688007265329,Jordan Henderson,h,605,FromCorner,2021,RightFoot,16728,Liverpool,Tottenham,1,1,2022-05-07 18:45:00,,
473772,41,SavedShot,0.7519999694824219,0.59,0.0174384992569684,Luis Díaz,h,10408,OpenPlay,2021,RightFoot,16728,Liverpool,Tottenham,1,1,2022-05-07 18:45:00,Sadio Mané,Pass
473774,48,BlockedShot,0.894000015258789,0.265,0.0383348017930984,Trent Alexander-Arnold,h,1791,OpenPlay,2021,RightFoot,16728,Liverpool,Tottenham,1,1,2022-05-07 18:45:00,,
473775,49,BlockedShot,0.785,0.385,0.030664499849081,Thiago Alcántara,h,229,OpenPlay,2021,RightFoot,16728,Liverpool,Tottenham,1,1,2022-05-07 18:45:00,,
473779,58,MissedShots,0.9030000305175782,0.5370000076293945,0.0942466035485267,Ibrahima Konaté,h,6326,SetPiece,2021,Head,16728,Liverpool,Tottenham,1,1,2022-05-07 18:45:00,Andrew Robertson,Cross
473781,60,BlockedShot,0.799000015258789,0.35,0.020797399803996,Jordan Henderson,h,605,FromCorner,2021,RightFoot,16728,Liverpool,Tottenham,1,1,2022-05-07 18:45:00,,
473782,63,BlockedShot,0.9130000305175782,0.5159999847412109,0.1178420037031173,Luis Díaz,h,10408,FromCorner,2021,RightFoot,16728,Liverpool,Tottenham,1,1,2022-05-07 18:45:00,Virgil van Dijk,HeadPass
473783,66,MissedShots,0.933000030517578,0.415,0.0315707996487617,Luis Díaz,h,10408,OpenPlay,2021,Head,16728,Liverpool,Tottenham,1,1,2022-05-07 18:45:00,Konstantinos Tsimikas,Aerial
473784,72,BlockedShot,0.8490000152587891,0.455,0.1196009963750839,Mohamed Salah,h,1250,OpenPlay,2021,LeftFoot,16728,Liverpool,Tottenham,1,1,2022-05-07 18:45:00,Thiago Alcántara,Pass
473785,72,BlockedShot,0.7909999847412109,0.3139999961853027,0.023497199639678,Trent Alexander-Arnold,h,1791,OpenPlay,2021,RightFoot,16728,Liverpool,Tottenham,1,1,2022-05-07 18:45:00,Fabinho,Pass
473786,73,Goal,0.769000015258789,0.539000015258789,0.0293061006814241,Luis Díaz,h,10408,OpenPlay,2021,RightFoot,16728,Liverpool,Tottenham,1,1,2022-05-07 18:45:00,Thiago Alcántara,Pass
473787,78,MissedShots,0.76,0.580999984741211,0.0175749007612466,Thiago Alcántara,h,229,FromCorner,2021,RightFoot,16728,Liverpool,Tottenham,1,1,2022-05-07 18:45:00,,
473789,89,BlockedShot,0.8140000152587891,0.479000015258789,0.0605003014206886,Mohamed Salah,h,1250,OpenPlay,2021,LeftFoot,16728,Liverpool,Tottenham,1,1,2022-05-07 18:45:00,Luis Díaz,Pass
475371,3,SavedShot,0.7319999694824219,0.29,0.0125363999977707,Martin Odegaard,a,2517,OpenPlay,2021,LeftFoot,16593,Tottenham,Arsenal,3,0,2022-05-12 18:45:00,Cédric Soares,Pass
475372,8,BlockedShot,0.72,0.325,0.0136572998017072,Bukayo Saka,a,7322,OpenPlay,2021,LeftFoot,16593,Tottenham,Arsenal,3,0,2022-05-12 18:45:00,Cédric Soares,Pass
475376,28,MissedShots,0.7880000305175782,0.6719999694824219,0.0266602002084255,Granit Xhaka,a,204,OpenPlay,2021,LeftFoot,16593,Tottenham,Arsenal,3,0,2022-05-12 18:45:00,Martin Odegaard,Pass
475382,42,SavedShot,0.8540000152587891,0.6809999847412109,0.0533901005983352,Eddie Nketiah,a,6482,OpenPlay,2021,RightFoot,16593,Tottenham,Arsenal,3,0,2022-05-12 18:45:00,Bukayo Saka,Pass
475383,44,SavedShot,0.8080000305175781,0.515,0.0660862028598785,Martin Odegaard,a,2517,OpenPlay,2021,LeftFoot,16593,Tottenham,Arsenal,3,0,2022-05-12 18:45:00,Gabriel Martinelli,Pass
475385,50,BlockedShot,0.8869999694824219,0.59,0.1057659983634948,Bukayo Saka,a,7322,OpenPlay,2021,RightFoot,16593,Tottenham,Arsenal,3,0,2022-05-12 18:45:00,Gabriel Martinelli,Pass
475390,70,MissedShots,0.7040000152587891,0.489000015258789,0.0157546997070312,Martin Odegaard,a,2517,SetPiece,2021,LeftFoot,16593,Tottenham,Arsenal,3,0,2022-05-12 18:45:00,Emile Smith-Rowe,Pass
475392,79,SavedShot,0.8590000152587891,0.4870000076293945,0.0935951992869377,Martin Odegaard,a,2517,OpenPlay,2021,LeftFoot,16593,Tottenham,Arsenal,3,0,2022-05-12 18:45:00,Nuno Tavares,Pass
476253,27,SavedShot,0.8959999847412109,0.6819999694824219,0.3110289871692657,Maxwel Cornet,a,3278,OpenPlay,2021,LeftFoot,16739,Tottenham,Burnley,1,0,2022-05-15 11:00:00,Nathan Collins,Throughball
476259,47,MissedShots,0.8980000305175782,0.5459999847412109,0.0283991992473602,Kevin Long,a,1747,SetPiece,2021,Head,16739,Tottenham,Burnley,1,0,2022-05-15 11:00:00,Josh Brownhill,Aerial
476260,49,MissedShots,0.963000030517578,0.4570000076293945,0.0914466977119445,Nathan Collins,a,9733,SetPiece,2021,Head,16739,Tottenham,Burnley,1,0,2022-05-15 11:00:00,Dwight McNeil,Aerial
476264,59,MissedShots,0.8669999694824219,0.4670000076293945,0.0103871999308466,Ashley Barnes,a,4422,SetPiece,2021,Head,16739,Tottenham,Burnley,1,0,2022-05-15 11:00:00,Dwight McNeil,Aerial
476265,61,ShotOnPost,0.750999984741211,0.4970000076293945,0.0215061008930206,Ashley Barnes,a,4422,OpenPlay,2021,RightFoot,16739,Tottenham,Burnley,1,0,2022-05-15 11:00:00,Dwight McNeil,Pass
476269,74,MissedShots,0.8519999694824218,0.355,0.0458179004490375,Maxwel Cornet,a,3278,OpenPlay,2021,LeftFoot,16739,Tottenham,Burnley,1,0,2022-05-15 11:00:00,,Dispossessed
476272,84,MissedShots,0.875999984741211,0.5220000076293946,0.0796967968344688,Kevin Long,a,1747,SetPiece,2021,RightFoot,16739,Tottenham,Burnley,1,0,2022-05-15 11:00:00,Wout Weghorst,HeadPass
476273,87,BlockedShot,0.909000015258789,0.705,0.0416053012013435,Dwight McNeil,a,6756,SetPiece,2021,LeftFoot,16739,Tottenham,Burnley,1,0,2022-05-15 11:00:00,,
477967,22,MissedShots,0.8,0.5629999923706055,0.0372563004493713,Milot Rashica,h,6523,OpenPlay,2021,RightFoot,16755,Norwich,Tottenham,0,5,2022-05-22 15:00:00,,BallRecovery
477970,39,BlockedShot,0.8490000152587891,0.539000015258789,0.0835454985499382,Milot Rashica,h,6523,OpenPlay,2021,LeftFoot,16755,Norwich,Tottenham,0,5,2022-05-22 15:00:00,Teemu Pukki,Pass
477971,40,BlockedShot,0.785,0.62,0.0316844992339611,Teemu Pukki,h,7696,OpenPlay,2021,RightFoot,16755,Norwich,Tottenham,0,5,2022-05-22 15:00:00,Pierre Lees-Melou,Pass
477972,42,MissedShots,0.8859999847412109,0.565,0.0133651997894048,Grant Hanley,h,7690,FromCorner,2021,Head,16755,Norwich,Tottenham,0,5,2022-05-22 15:00:00,Milot Rashica,Aerial
477975,45,BlockedShot,0.8530000305175781,0.2979999923706055,0.0345043018460273,Teemu Pukki,h,7696,OpenPlay,2021,RightFoot,16755,Norwich,Tottenham,0,5,2022-05-22 15:00:00,,Dispossessed
477977,54,MissedShots,0.9159999847412108,0.4609999847412109,0.0545864999294281,Teemu Pukki,h,7696,OpenPlay,2021,Head,16755,Norwich,Tottenham,0,5,2022-05-22 15:00:00,Milot Rashica,Chipped
477978,56,BlockedShot,0.8569999694824219,0.315,0.0311727002263069,Max Aarons,h,7688,OpenPlay,2021,LeftFoot,16755,Norwich,Tottenham,0,5,2022-05-22 15:00:00,,
477979,56,MissedShots,0.7680000305175781,0.5579999923706055,0.0149109996855258,Mathias Normann,h,7470,OpenPlay,2021,RightFoot,16755,Norwich,Tottenham,0,5,2022-05-22 15:00:00,,Rebound
477988,88,MissedShots,0.8590000152587891,0.544000015258789,0.0102282995358109,Christoph Zimmermann,h,7990,SetPiece,2021,Head,16755,Norwich,Tottenham,0,5,2022-05-22 15:00:00,Milot Rashica,Aerial
479321,2,MissedShots,0.904000015258789,0.5159999847412109,0.0442898012697696,Mohammed Salisu,a,6923,SetPiece,2022,Head,18207,Tottenham,Southampton,4,1,2022-08-06 14:00:00,James Ward-Prowse,Aerial
479322,11,Goal,0.8469999694824218,0.4529999923706054,0.0449635982513427,James Ward-Prowse,a,843,OpenPlay,2022,RightFoot,18207,Tottenham,Southampton,4,1,2022-08-06 14:00:00,Moussa Djenepo,Chipped
479323,17,MissedShots,0.7880000305175782,0.4570000076293945,0.0515742003917694,Adam Armstrong,a,4419,OpenPlay,2022,RightFoot,18207,Tottenham,Southampton,4,1,2022-08-06 14:00:00,,Interception
479335,58,MissedShots,0.795,0.3859999847412109,0.0128990998491644,James Ward-Prowse,a,843,OpenPlay,2022,RightFoot,18207,Tottenham,Southampton,4,1,2022-08-06 14:00:00,Jan Bednarek,Aerial
479336,60,OwnGoal,0.0179999995231628,0.52,0.0,Mohammed Salisu,a,6923,OpenPlay,2022,LeftFoot,18207,Tottenham,Southampton,4,1,2022-08-06 14:00:00,,Tackle
479338,66,BlockedShot,0.805,0.32,0.0186764001846313,Romeo Lavia,a,10004,SetPiece,2022,RightFoot,18207,Tottenham,Southampton,4,1,2022-08-06 14:00:00,,
479339,66,MissedShots,0.8969999694824219,0.624000015258789,0.08541289716959,Moussa Djenepo,a,7701,SetPiece,2022,RightFoot,18207,Tottenham,Southampton,4,1,2022-08-06 14:00:00,Jan Bednarek,Pass
479343,73,SavedShot,0.924000015258789,0.6719999694824219,0.0452122017741203,Joe Ayodele-Aribo,a,10766,OpenPlay,2022,LeftFoot,18207,Tottenham,Southampton,4,1,2022-08-06 14:00:00,Mohammed Salisu,Chipped
479345,84,MissedShots,0.93,0.6480000305175782,0.0342945009469985,Romain Perraud,a,6500,OpenPlay,2022,LeftFoot,18207,Tottenham,Southampton,4,1,2022-08-06 14:00:00,James Ward-Prowse,Cross
479346,89,BlockedShot,0.8090000152587891,0.489000015258789,0.0492230989038944,Ibrahima Diallo,a,6736,OpenPlay,2022,RightFoot,18207,Tottenham,Southampton,4,1,2022-08-06 14:00:00,James Ward-Prowse,BallTouch
481001,7,BlockedShot,0.805,0.4929999923706055,0.0468080006539821,Marc Cucurella,h,7134,OpenPlay,2022,LeftFoot,18220,Chelsea,Tottenham,2,2,2022-08-14 15:30:00,,
481002,15,BlockedShot,0.805,0.3160000038146973,0.0252419002354145,N&#039;Golo Kanté,h,751,OpenPlay,2022,RightFoot,18220,Chelsea,Tottenham,2,2,2022-08-14 15:30:00,,
481003,17,MissedShots,0.7469999694824219,0.5220000076293946,0.0193141996860504,Kalidou Koulibaly,h,1376,OpenPlay,2022,LeftFoot,18220,Chelsea,Tottenham,2,2,2022-08-14 15:30:00,,
481004,18,SavedShot,0.8809999847412109,0.3770000076293945,0.0782843977212905,Kai Havertz,h,5220,OpenPlay,2022,RightFoot,18220,Chelsea,Tottenham,2,2,2022-08-14 15:30:00,Raheem Sterling,Pass
481005,18,Goal,0.8809999847412109,0.4129999923706055,0.0454284995794296,Kalidou Koulibaly,h,1376,FromCorner,2022,RightFoot,18220,Chelsea,Tottenham,2,2,2022-08-14 15:30:00,Marc Cucurella,Cross
481007,26,MissedShots,0.8809999847412109,0.5629999923706055,0.0773603022098541,Kalidou Koulibaly,h,1376,FromCorner,2022,RightFoot,18220,Chelsea,Tottenham,2,2,2022-08-14 15:30:00,Thiago Silva,
481008,29,BlockedShot,0.845,0.6530000305175782,0.0600599981844425,Raheem Sterling,h,618,OpenPlay,2022,RightFoot,18220,Chelsea,Tottenham,2,2,2022-08-14 15:30:00,Ruben Loftus-Cheek,Pass
481009,36,MissedShots,0.8330000305175781,0.6329999923706054,0.0670896992087364,Mason Mount,h,7768,OpenPlay,2022,RightFoot,18220,Chelsea,Tottenham,2,2,2022-08-14 15:30:00,Jorginho,Pass
481011,48,BlockedShot,0.8030000305175782,0.4429999923706054,0.0635322034358978,Reece James,h,8067,OpenPlay,2022,RightFoot,18220,Chelsea,Tottenham,2,2,2022-08-14 15:30:00,Jorginho,Pass
481012,54,BlockedShot,0.8730000305175781,0.495,0.0663255974650383,Marc Cucurella,h,7134,FromCorner,2022,RightFoot,18220,Chelsea,Tottenham,2,2,2022-08-14 15:30:00,Kai Havertz,BallTouch
481013,59,BlockedShot,0.8730000305175781,0.3829999923706054,0.1017469987273216,Ruben Loftus-Cheek,h,688,OpenPlay,2022,LeftFoot,18220,Chelsea,Tottenham,2,2,2022-08-14 15:30:00,Mason Mount,Pass
481014,60,MissedShots,0.895,0.4809999847412109,0.1420439928770065,Raheem Sterling,h,618,OpenPlay,2022,RightFoot,18220,Chelsea,Tottenham,2,2,2022-08-14 15:30:00,Ruben Loftus-Cheek,Pass
481016,62,BlockedShot,0.7980000305175782,0.479000015258789,0.0480824001133441,Jorginho,h,1389,OpenPlay,2022,RightFoot,18220,Chelsea,Tottenham,2,2,2022-08-14 15:30:00,N&#039;Golo Kanté,Pass
481019,74,MissedShots,0.9359999847412108,0.485,0.4862920045852661,Kai Havertz,h,5220,OpenPlay,2022,LeftFoot,18220,Chelsea,Tottenham,2,2,2022-08-14 15:30:00,Reece James,Cross
481020,76,Goal,0.9,0.4270000076293945,0.4040229916572571,Reece James,h,8067,OpenPlay,2022,RightFoot,18220,Chelsea,Tottenham,2,2,2022-08-14 15:30:00,Raheem Sterling,Pass
481021,84,MissedShots,0.8630000305175781,0.5870000076293945,0.1078199967741966,Mason Mount,h,7768,OpenPlay,2022,RightFoot,18220,Chelsea,Tottenham,2,2,2022-08-14 15:30:00,Conor Gallagher,Pass
481618,5,BlockedShot,0.92,0.3570000076293945,0.0866928026080131,Gonçalo Guedes,a,5682,OpenPlay,2022,RightFoot,18222,Tottenham,Wolverhampton Wanderers,1,0,2022-08-20 11:30:00,João Moutinho,Pass
481619,6,SavedShot,0.745,0.6990000152587891,0.0175138991326093,Rúben Neves,a,6853,FromCorner,2022,RightFoot,18222,Tottenham,Wolverhampton Wanderers,1,0,2022-08-20 11:30:00,Gonçalo Guedes,Cross
481620,10,MissedShots,0.755,0.6029999923706054,0.0181514993309974,Gonçalo Guedes,a,5682,OpenPlay,2022,RightFoot,18222,Tottenham,Wolverhampton Wanderers,1,0,2022-08-20 11:30:00,João Moutinho,
481621,19,MissedShots,0.759000015258789,0.409000015258789,0.0209199003875255,Rúben Neves,a,6853,OpenPlay,2022,RightFoot,18222,Tottenham,Wolverhampton Wanderers,1,0,2022-08-20 11:30:00,Pedro Neto,Pass
481622,31,MissedShots,0.865,0.4279999923706055,0.0277663990855216,Matheus Nunes,a,11000,SetPiece,2022,Head,18222,Tottenham,Wolverhampton Wanderers,1,0,2022-08-20 11:30:00,João Moutinho,Cross
481623,33,BlockedShot,0.7130000305175781,0.3120000076293945,0.0155798001214861,Pedro Neto,a,6382,OpenPlay,2022,LeftFoot,18222,Tottenham,Wolverhampton Wanderers,1,0,2022-08-20 11:30:00,Matheus Nunes,Pass
481624,33,MissedShots,0.8719999694824219,0.524000015258789,0.0887728035449981,Daniel Podence,a,8291,OpenPlay,2022,RightFoot,18222,Tottenham,Wolverhampton Wanderers,1,0,2022-08-20 11:30:00,,Rebound
481625,38,SavedShot,0.7769999694824219,0.49,0.0326070003211498,Gonçalo Guedes,a,5682,OpenPlay,2022,RightFoot,18222,Tottenham,Wolverhampton Wanderers,1,0,2022-08-20 11:30:00,Daniel Podence,Pass
481626,41,MissedShots,0.8930000305175781,0.4459999847412109,0.0288724992424249,Matheus Nunes,a,11000,OpenPlay,2022,Head,18222,Tottenham,Wolverhampton Wanderers,1,0,2022-08-20 11:30:00,Rúben Neves,Aerial
481628,45,MissedShots,0.805,0.4059999847412109,0.0368189997971057,Gonçalo Guedes,a,5682,OpenPlay,2022,RightFoot,18222,Tottenham,Wolverhampton Wanderers,1,0,2022-08-20 11:30:00,Pedro Neto,Pass
481629,47,BlockedShot,0.8819999694824219,0.34,0.0537316985428333,Matheus Nunes,a,11000,OpenPlay,2022,RightFoot,18222,Tottenham,Wolverhampton Wanderers,1,0,2022-08-20 11:30:00,Gonçalo Guedes,Pass
481630,47,MissedShots,0.8669999694824219,0.5159999847412109,0.0130449002608656,Max Kilman,a,7332,FromCorner,2022,Head,18222,Tottenham,Wolverhampton Wanderers,1,0,2022-08-20 11:30:00,João Moutinho,Aerial
481635,52,BlockedShot,0.7809999847412109,0.2939999961853027,0.0171208996325731,Jonny,a,2280,OpenPlay,2022,LeftFoot,18222,Tottenham,Wolverhampton Wanderers,1,0,2022-08-20 11:30:00,Pedro Neto,Pass
481636,53,SavedShot,0.963000030517578,0.649000015258789,0.0823924019932746,Rayan Ait Nouri,a,6674,OpenPlay,2022,LeftFoot,18222,Tottenham,Wolverhampton Wanderers,1,0,2022-08-20 11:30:00,Daniel Podence,Pass
481637,61,BlockedShot,0.7719999694824219,0.6170000076293946,0.025815999135375,Gonçalo Guedes,a,5682,OpenPlay,2022,RightFoot,18222,Tottenham,Wolverhampton Wanderers,1,0,2022-08-20 11:30:00,Rúben Neves,Pass
481641,65,BlockedShot,0.71,0.5640000152587891,0.0151763996109366,Matheus Nunes,a,11000,OpenPlay,2022,LeftFoot,18222,Tottenham,Wolverhampton Wanderers,1,0,2022-08-20 11:30:00,Leander Dendoncker,Pass
481643,71,BlockedShot,0.7909999847412109,0.67,0.0213190000504255,Nélson Semedo,a,6163,OpenPlay,2022,RightFoot,18222,Tottenham,Wolverhampton Wanderers,1,0,2022-08-20 11:30:00,Gonçalo Guedes,Pass
481644,72,MissedShots,0.735,0.404000015258789,0.0497871004045009,Rúben Neves,a,6853,DirectFreekick,2022,RightFoot,18222,Tottenham,Wolverhampton Wanderers,1,0,2022-08-20 11:30:00,,Standard
481645,81,BlockedShot,0.735,0.4,0.0181424003094434,Jonny,a,2280,OpenPlay,2022,RightFoot,18222,Tottenham,Wolverhampton Wanderers,1,0,2022-08-20 11:30:00,Rúben Neves,Pass
481646,91,BlockedShot,0.7709999847412109,0.7480000305175781,0.0172799993306398,Hee-Chan Hwang,a,8845,OpenPlay,2022,RightFoot,18222,Tottenham,Wolverhampton Wanderers,1,0,2022-08-20 11:30:00,Nélson Semedo,Pass
484467,2,MissedShots,0.7380000305175781,0.585,0.0151922004297375,Morgan Gibbs-White,h,6857,OpenPlay,2022,RightFoot,18241,Nottingham Forest,Tottenham,0,2,2022-08-28 15:30:00,,
484469,10,BlockedShot,0.789000015258789,0.3570000076293945,0.0274030994623899,Brennan Johnson,h,10760,OpenPlay,2022,RightFoot,18241,Nottingham Forest,Tottenham,0,2,2022-08-28 15:30:00,Jesse Lingard,Pass
484470,14,BlockedShot,0.7819999694824219,0.3259999847412109,0.0193064995110034,Ryan Yates,h,11003,OpenPlay,2022,LeftFoot,18241,Nottingham Forest,Tottenham,0,2,2022-08-28 15:30:00,Neco Williams,Pass
484473,17,BlockedShot,0.7380000305175781,0.615,0.0179025009274482,Jesse Lingard,h,558,OpenPlay,2022,RightFoot,18241,Nottingham Forest,Tottenham,0,2,2022-08-28 15:30:00,Lewis O&#039;Brien,Pass
484474,17,BlockedShot,0.7719999694824219,0.429000015258789,0.0265411995351314,Ryan Yates,h,11003,OpenPlay,2022,RightFoot,18241,Nottingham Forest,Tottenham,0,2,2022-08-28 15:30:00,,
484476,20,SavedShot,0.7180000305175781,0.565,0.0156054999679327,Lewis O&#039;Brien,h,10759,FromCorner,2022,LeftFoot,18241,Nottingham Forest,Tottenham,0,2,2022-08-28 15:30:00,,BallTouch
484478,33,MissedShots,0.9030000305175782,0.524000015258789,0.0813902020454406,Brennan Johnson,h,10760,OpenPlay,2022,Head,18241,Nottingham Forest,Tottenham,0,2,2022-08-28 15:30:00,Scott McKenna,Cross
484479,34,MissedShots,0.875999984741211,0.2770000076293945,0.0383878014981746,Neco Williams,h,8204,OpenPlay,2022,RightFoot,18241,Nottingham Forest,Tottenham,0,2,2022-08-28 15:30:00,Jesse Lingard,Pass
484480,41,MissedShots,0.85,0.62,0.0615831986069679,Morgan Gibbs-White,h,6857,OpenPlay,2022,RightFoot,18241,Nottingham Forest,Tottenham,0,2,2022-08-28 15:30:00,Jesse Lingard,LayOff
484482,50,MissedShots,0.86,0.4540000152587891,0.0305266994982957,Ryan Yates,h,11003,OpenPlay,2022,Head,18241,Nottingham Forest,Tottenham,0,2,2022-08-28 15:30:00,Morgan Gibbs-White,Chipped
484485,56,MissedShots,0.8919999694824219,0.4,0.0913152024149894,Neco Williams,h,8204,OpenPlay,2022,RightFoot,18241,Nottingham Forest,Tottenham,0,2,2022-08-28 15:30:00,Ryan Yates,Pass
484487,62,BlockedShot,0.9469999694824218,0.47,0.0808497965335846,Ryan Yates,h,11003,FromCorner,2022,Head,18241,Nottingham Forest,Tottenham,0,2,2022-08-28 15:30:00,Steve Cook,Aerial
484494,79,MissedShots,0.8690000152587891,0.615,0.0739360973238945,Emmanuel Dennis,h,9301,OpenPlay,2022,RightFoot,18241,Nottingham Forest,Tottenham,0,2,2022-08-28 15:30:00,Morgan Gibbs-White,Pass
484498,94,BlockedShot,0.8059999847412109,0.725999984741211,0.0621550008654594,Emmanuel Dennis,h,9301,DirectFreekick,2022,RightFoot,18241,Nottingham Forest,Tottenham,0,2,2022-08-28 15:30:00,,Standard
484499,96,MissedShots,0.8480000305175781,0.5479999923706055,0.0477172993123531,Remo Freuler,h,1488,FromCorner,2022,LeftFoot,18241,Nottingham Forest,Tottenham,0,2,2022-08-28 15:30:00,Scott McKenna,BallTouch
484500,96,MissedShots,0.906999969482422,0.3979999923706054,0.0854300037026405,Joe Worrall,h,10756,FromCorner,2022,RightFoot,18241,Nottingham Forest,Tottenham,0,2,2022-08-28 15:30:00,Cheikhou Kouyaté,Rebound
484501,97,BlockedShot,0.8159999847412109,0.3129999923706055,0.0302028004080057,Neco Williams,h,8204,OpenPlay,2022,LeftFoot,18241,Nottingham Forest,Tottenham,0,2,2022-08-28 15:30:00,Taiwo Awoniyi,Pass
485271,5,MissedShots,0.874000015258789,0.3629999923706055,0.0769383981823921,Jarrod Bowen,h,1776,OpenPlay,2022,RightFoot,18249,West Ham,Tottenham,1,1,2022-08-31 18:45:00,Said Benrahma,Pass
485272,6,SavedShot,0.805,0.6680000305175782,0.0290788002312183,Pablo Fornals,h,2335,OpenPlay,2022,RightFoot,18249,West Ham,Tottenham,1,1,2022-08-31 18:45:00,Said Benrahma,Pass
485275,17,SavedShot,0.7880000305175782,0.3979999923706054,0.0337208993732929,Declan Rice,h,5553,OpenPlay,2022,LeftFoot,18249,West Ham,Tottenham,1,1,2022-08-31 18:45:00,Jarrod Bowen,BallTouch
485276,21,ShotOnPost,0.830999984741211,0.649000015258789,0.0490127988159656,Michail Antonio,h,531,OpenPlay,2022,RightFoot,18249,West Ham,Tottenham,1,1,2022-08-31 18:45:00,Said Benrahma,Pass
485279,33,OwnGoal,0.0170000004768371,0.4979999923706055,0.0,Thilo Kehrer,h,2674,OpenPlay,2022,LeftFoot,18249,West Ham,Tottenham,1,1,2022-08-31 18:45:00,,BallTouch
485280,35,SavedShot,0.7980000305175782,0.6630000305175782,0.038443699479103,Said Benrahma,h,3585,OpenPlay,2022,RightFoot,18249,West Ham,Tottenham,1,1,2022-08-31 18:45:00,,TakeOn
485281,39,MissedShots,0.9159999847412108,0.4959999847412109,0.1057879999279975,Tomas Soucek,h,8288,OpenPlay,2022,Head,18249,West Ham,Tottenham,1,1,2022-08-31 18:45:00,Vladimir Coufal,Cross
485282,48,BlockedShot,0.779000015258789,0.6730000305175782,0.0224534999579191,Said Benrahma,h,3585,OpenPlay,2022,RightFoot,18249,West Ham,Tottenham,1,1,2022-08-31 18:45:00,Pablo Fornals,Pass
485285,54,Goal,0.9490000152587892,0.4029999923706054,0.4329499900341034,Tomas Soucek,h,8288,OpenPlay,2022,RightFoot,18249,West Ham,Tottenham,1,1,2022-08-31 18:45:00,Michail Antonio,Pass
485286,56,BlockedShot,0.74,0.524000015258789,0.01881879940629,Declan Rice,h,5553,OpenPlay,2022,RightFoot,18249,West Ham,Tottenham,1,1,2022-08-31 18:45:00,Jarrod Bowen,Pass
485287,56,MissedShots,0.8930000305175781,0.4609999847412109,0.1124489977955818,Tomas Soucek,h,8288,OpenPlay,2022,RightFoot,18249,West Ham,Tottenham,1,1,2022-08-31 18:45:00,Declan Rice,Rebound
485289,66,MissedShots,0.9519999694824218,0.4,0.0918676033616066,Jarrod Bowen,h,1776,OpenPlay,2022,RightFoot,18249,West Ham,Tottenham,1,1,2022-08-31 18:45:00,,
485292,75,MissedShots,0.88,0.5629999923706055,0.0828201025724411,Pablo Fornals,h,2335,OpenPlay,2022,RightFoot,18249,West Ham,Tottenham,1,1,2022-08-31 18:45:00,,
485296,87,MissedShots,0.91,0.5129999923706055,0.0509319007396698,Kurt Zouma,h,935,SetPiece,2022,Head,18249,West Ham,Tottenham,1,1,2022-08-31 18:45:00,Vladimir Coufal,Aerial
485297,93,MissedShots,0.97,0.6020000076293945,0.3795099854469299,Jarrod Bowen,h,1776,OpenPlay,2022,LeftFoot,18249,West Ham,Tottenham,1,1,2022-08-31 18:45:00,Angelo Ogbonna,BallTouch
485884,11,MissedShots,0.6940000152587891,0.68,0.011230600066483,Andreas Pereira,a,922,OpenPlay,2022,RightFoot,18255,Tottenham,Fulham,2,1,2022-09-03 14:00:00,Neeskens Kebano,Pass
485885,13,MissedShots,0.9,0.5729999923706055,0.0326282009482383,Aleksandar Mitrovic,a,773,OpenPlay,2022,Head,18255,Tottenham,Fulham,2,1,2022-09-03 14:00:00,Kenny Tete,Aerial
485889,23,MissedShots,0.911999969482422,0.654000015258789,0.0636657997965812,Neeskens Kebano,a,6840,OpenPlay,2022,RightFoot,18255,Tottenham,Fulham,2,1,2022-09-03 14:00:00,,
485897,53,SavedShot,0.784000015258789,0.385,0.0336778983473777,Aleksandar Mitrovic,a,773,OpenPlay,2022,RightFoot,18255,Tottenham,Fulham,2,1,2022-09-03 14:00:00,Harrison Reed,TakeOn
485903,64,MissedShots,0.9280000305175782,0.485,0.0598319992423057,Aleksandar Mitrovic,a,773,OpenPlay,2022,Head,18255,Tottenham,Fulham,2,1,2022-09-03 14:00:00,,
485908,80,MissedShots,0.9769999694824218,0.3029999923706055,0.0542928986251354,Kenny Tete,a,5973,OpenPlay,2022,RightFoot,18255,Tottenham,Fulham,2,1,2022-09-03 14:00:00,Daniel James,Pass
485910,82,Goal,0.8690000152587891,0.6990000152587891,0.0458217002451419,Aleksandar Mitrovic,a,773,OpenPlay,2022,RightFoot,18255,Tottenham,Fulham,2,1,2022-09-03 14:00:00,Kenny Tete,TakeOn
485911,83,BlockedShot,0.8490000152587891,0.4329999923706055,0.0602556988596916,Tom Cairney,a,6835,OpenPlay,2022,LeftFoot,18255,Tottenham,Fulham,2,1,2022-09-03 14:00:00,Aleksandar Mitrovic,BallTouch
485912,87,SavedShot,0.7709999847412109,0.6709999847412109,0.0201507005840539,Aleksandar Mitrovic,a,773,OpenPlay,2022,RightFoot,18255,Tottenham,Fulham,2,1,2022-09-03 14:00:00,Tom Cairney,Pass
488925,5,Goal,0.885,0.5,0.7611690163612366,Youri Tielemans,a,5956,Penalty,2022,RightFoot,18278,Tottenham,Leicester,6,2,2022-09-17 16:30:00,,Standard
488928,13,BlockedShot,0.745999984741211,0.6329999923706054,0.0168009009212255,Patson Daka,a,9738,OpenPlay,2022,RightFoot,18278,Tottenham,Leicester,6,2,2022-09-17 16:30:00,,BallRecovery
488930,17,BlockedShot,0.735,0.5690000152587891,0.0150544000789523,James Maddison,a,6818,OpenPlay,2022,RightFoot,18278,Tottenham,Leicester,6,2,2022-09-17 16:30:00,Patson Daka,Pass
488931,18,BlockedShot,0.7369999694824219,0.4490000152587891,0.0193725004792213,James Maddison,a,6818,OpenPlay,2022,RightFoot,18278,Tottenham,Leicester,6,2,2022-09-17 16:30:00,Kiernan Dewsbury-Hall,Pass
488933,28,SavedShot,0.754000015258789,0.435,0.0209366008639335,Patson Daka,a,9738,OpenPlay,2022,RightFoot,18278,Tottenham,Leicester,6,2,2022-09-17 16:30:00,Wout Faes,Pass
488935,33,MissedShots,0.8069999694824219,0.61,0.0365388989448547,Kiernan Dewsbury-Hall,a,9739,OpenPlay,2022,LeftFoot,18278,Tottenham,Leicester,6,2,2022-09-17 16:30:00,,
488936,35,MissedShots,0.899000015258789,0.585999984741211,0.0819272026419639,Harvey Barnes,a,6681,OpenPlay,2022,RightFoot,18278,Tottenham,Leicester,6,2,2022-09-17 16:30:00,James Justin,Cross
488937,36,MissedShots,0.9130000305175782,0.6990000152587891,0.0448975004255771,Harvey Barnes,a,6681,OpenPlay,2022,RightFoot,18278,Tottenham,Leicester,6,2,2022-09-17 16:30:00,Kiernan Dewsbury-Hall,BallTouch
488938,37,MissedShots,0.715999984741211,0.63,0.0120134996250271,Wilfred Ndidi,a,5545,OpenPlay,2022,RightFoot,18278,Tottenham,Leicester,6,2,2022-09-17 16:30:00,,BallTouch
488939,40,Goal,0.875,0.425,0.062474001199007,James Maddison,a,6818,OpenPlay,2022,RightFoot,18278,Tottenham,Leicester,6,2,2022-09-17 16:30:00,Timothy Castagne,Cross
488941,44,MissedShots,0.855,0.6079999923706054,0.0846432968974113,James Maddison,a,6818,OpenPlay,2022,RightFoot,18278,Tottenham,Leicester,6,2,2022-09-17 16:30:00,Kiernan Dewsbury-Hall,Pass
488942,44,BlockedShot,0.7090000152587891,0.47,0.015744399279356,Youri Tielemans,a,5956,OpenPlay,2022,RightFoot,18278,Tottenham,Leicester,6,2,2022-09-17 16:30:00,Kiernan Dewsbury-Hall,Pass
488943,46,SavedShot,0.933000030517578,0.3220000076293945,0.2464489936828613,James Maddison,a,6818,OpenPlay,2022,RightFoot,18278,Tottenham,Leicester,6,2,2022-09-17 16:30:00,Patson Daka,Pass
488948,57,SavedShot,0.91,0.475,0.0449201017618179,Patson Daka,a,9738,OpenPlay,2022,Head,18278,Tottenham,Leicester,6,2,2022-09-17 16:30:00,James Maddison,Aerial
488949,68,MissedShots,0.8830000305175781,0.4370000076293945,0.0375415012240409,Harvey Barnes,a,6681,OpenPlay,2022,OtherBodyPart,18278,Tottenham,Leicester,6,2,2022-09-17 16:30:00,James Maddison,Cross
488951,77,MissedShots,0.78,0.404000015258789,0.03059639967978,Wilfred Ndidi,a,5545,OpenPlay,2022,RightFoot,18278,Tottenham,Leicester,6,2,2022-09-17 16:30:00,James Maddison,Pass
488957,88,BlockedShot,0.750999984741211,0.4229999923706055,0.0188622009009122,James Maddison,a,6818,OpenPlay,2022,RightFoot,18278,Tottenham,Leicester,6,2,2022-09-17 16:30:00,Kelechi Iheanacho,Pass
488958,91,SavedShot,0.745,0.3509999847412109,0.0142820999026298,Youri Tielemans,a,5956,OpenPlay,2022,RightFoot,18278,Tottenham,Leicester,6,2,2022-09-17 16:30:00,James Maddison,Pass
488959,93,SavedShot,0.7719999694824219,0.4870000076293945,0.0302709992974996,James Maddison,a,6818,OpenPlay,2022,LeftFoot,18278,Tottenham,Leicester,6,2,2022-09-17 16:30:00,Kelechi Iheanacho,Pass
489829,2,SavedShot,0.9290000152587892,0.695,0.0296943001449108,Gabriel Martinelli,h,7752,OpenPlay,2022,RightFoot,18282,Arsenal,Tottenham,3,1,2022-10-01 11:30:00,Bukayo Saka,Cross
489830,3,MissedShots,0.9569999694824218,0.6630000305175782,0.0329868011176586,Granit Xhaka,h,204,OpenPlay,2022,LeftFoot,18282,Arsenal,Tottenham,3,1,2022-10-01 11:30:00,Bukayo Saka,Cross
489832,13,SavedShot,0.7769999694824219,0.3429999923706054,0.0196708999574184,Martin Odegaard,h,2517,OpenPlay,2022,LeftFoot,18282,Arsenal,Tottenham,3,1,2022-10-01 11:30:00,Bukayo Saka,Pass
489833,15,MissedShots,0.7669999694824219,0.2729999923706054,0.016584500670433,Ben White,h,7298,OpenPlay,2022,RightFoot,18282,Arsenal,Tottenham,3,1,2022-10-01 11:30:00,Thomas Partey,Pass
489834,16,MissedShots,0.7290000152587891,0.6719999694824219,0.0163097009062767,Granit Xhaka,h,204,OpenPlay,2022,LeftFoot,18282,Arsenal,Tottenham,3,1,2022-10-01 11:30:00,Thomas Partey,Pass
489835,19,Goal,0.7669999694824219,0.404000015258789,0.0238052997738122,Thomas Partey,h,2328,OpenPlay,2022,RightFoot,18282,Arsenal,Tottenham,3,1,2022-10-01 11:30:00,Ben White,Pass
489839,38,BlockedShot,0.865999984741211,0.7169999694824218,0.0285743996500968,Gabriel Martinelli,h,7752,OpenPlay,2022,RightFoot,18282,Arsenal,Tottenham,3,1,2022-10-01 11:30:00,Bukayo Saka,Pass
489840,42,SavedShot,0.9469999694824218,0.5609999847412109,0.2509669959545135,Gabriel Jesus,h,5543,OpenPlay,2022,RightFoot,18282,Arsenal,Tottenham,3,1,2022-10-01 11:30:00,Martin Odegaard,TakeOn
489841,44,MissedShots,0.875999984741211,0.44,0.0919592976570129,Bukayo Saka,h,7322,OpenPlay,2022,LeftFoot,18282,Arsenal,Tottenham,3,1,2022-10-01 11:30:00,Gabriel Jesus,BallTouch
489842,46,BlockedShot,0.8090000152587891,0.6079999923706054,0.0391959995031356,Martin Odegaard,h,2517,OpenPlay,2022,LeftFoot,18282,Arsenal,Tottenham,3,1,2022-10-01 11:30:00,Gabriel Martinelli,Pass
489843,47,BlockedShot,0.775,0.345,0.0203492008149623,Thomas Partey,h,2328,OpenPlay,2022,RightFoot,18282,Arsenal,Tottenham,3,1,2022-10-01 11:30:00,Bukayo Saka,Pass
489844,48,SavedShot,0.8590000152587891,0.3070000076293945,0.043069701641798,Bukayo Saka,h,7322,OpenPlay,2022,LeftFoot,18282,Arsenal,Tottenham,3,1,2022-10-01 11:30:00,Thomas Partey,Pass
489845,48,Goal,0.98,0.500999984741211,0.8506600260734558,Gabriel Jesus,h,5543,OpenPlay,2022,LeftFoot,18282,Arsenal,Tottenham,3,1,2022-10-01 11:30:00,,
489847,52,MissedShots,0.919000015258789,0.5379999923706055,0.3217779994010925,Gabriel Jesus,h,5543,OpenPlay,2022,Head,18282,Arsenal,Tottenham,3,1,2022-10-01 11:30:00,Ben White,Chipped
489849,59,SavedShot,0.8959999847412109,0.4309999847412109,0.0474510006606578,Gabriel Jesus,h,5543,OpenPlay,2022,Head,18282,Arsenal,Tottenham,3,1,2022-10-01 11:30:00,Granit Xhaka,Chipped
489850,64,MissedShots,0.7680000305175781,0.685,0.0140920002013444,Oleksandr Zinchenko,h,2958,OpenPlay,2022,LeftFoot,18282,Arsenal,Tottenham,3,1,2022-10-01 11:30:00,,Aerial
489851,65,MissedShots,0.8169999694824219,0.4579999923706054,0.0758000984787941,Bukayo Saka,h,7322,OpenPlay,2022,LeftFoot,18282,Arsenal,Tottenham,3,1,2022-10-01 11:30:00,Martin Odegaard,Pass
489852,66,Goal,0.875,0.580999984741211,0.3700900077819824,Granit Xhaka,h,204,OpenPlay,2022,LeftFoot,18282,Arsenal,Tottenham,3,1,2022-10-01 11:30:00,Gabriel Martinelli,BallTouch
489853,71,MissedShots,0.7909999847412109,0.5690000152587891,0.0493106991052627,Martin Odegaard,h,2517,OpenPlay,2022,LeftFoot,18282,Arsenal,Tottenham,3,1,2022-10-01 11:30:00,Thomas Partey,Pass
489855,89,SavedShot,0.7090000152587891,0.6840000152587891,0.0173505004495382,Kieran Tierney,h,8089,OpenPlay,2022,LeftFoot,18282,Arsenal,Tottenham,3,1,2022-10-01 11:30:00,Fábio Vieira,Pass
489856,91,BlockedShot,0.84,0.4120000076293945,0.0795013010501861,Fábio Vieira,h,11007,OpenPlay,2022,LeftFoot,18282,Arsenal,Tottenham,3,1,2022-10-01 11:30:00,,BallRecovery
489857,93,MissedShots,0.8690000152587891,0.850999984741211,0.0448331981897354,Gabriel Martinelli,h,7752,DirectFreekick,2022,RightFoot,18282,Arsenal,Tottenham,3,1,2022-10-01 11:30:00,,Standard
491798,10,SavedShot,0.799000015258789,0.354000015258789,0.0292313005775213,Alexis Mac Allister,h,8379,OpenPlay,2022,RightFoot,18294,Brighton,Tottenham,0,1,2022-10-08 16:30:00,Solly March,Pass
491801,16,MissedShots,0.8590000152587891,0.28,0.0306007005274295,Danny Welbeck,h,501,OpenPlay,2022,RightFoot,18294,Brighton,Tottenham,0,1,2022-10-08 16:30:00,Pascal Groß,Pass
491804,27,SavedShot,0.7430000305175781,0.414000015258789,0.0207334998995065,Moisés Caicedo,h,9453,OpenPlay,2022,RightFoot,18294,Brighton,Tottenham,0,1,2022-10-08 16:30:00,Alexis Mac Allister,Pass
491805,31,BlockedShot,0.865999984741211,0.605999984741211,0.0522129014134407,Leandro Trossard,h,7698,SetPiece,2022,RightFoot,18294,Brighton,Tottenham,0,1,2022-10-08 16:30:00,Danny Welbeck,HeadPass
491806,35,MissedShots,0.935,0.5120000076293946,0.0644629001617431,Lewis Dunk,h,6048,FromCorner,2022,Head,18294,Brighton,Tottenham,0,1,2022-10-08 16:30:00,Pascal Groß,Aerial
491807,38,MissedShots,0.7859999847412109,0.409000015258789,0.029696699231863,Solly March,h,6049,OpenPlay,2022,LeftFoot,18294,Brighton,Tottenham,0,1,2022-10-08 16:30:00,Leandro Trossard,Pass
491808,41,BlockedShot,0.7859999847412109,0.4059999847412109,0.0325492992997169,Pascal Groß,h,239,OpenPlay,2022,RightFoot,18294,Brighton,Tottenham,0,1,2022-10-08 16:30:00,Moisés Caicedo,Pass
491809,43,SavedShot,0.8630000305175781,0.665,0.0579239018261432,Danny Welbeck,h,501,OpenPlay,2022,LeftFoot,18294,Brighton,Tottenham,0,1,2022-10-08 16:30:00,Moisés Caicedo,Pass
491810,48,MissedShots,0.8090000152587891,0.4920000076293945,0.0544118992984294,Alexis Mac Allister,h,8379,OpenPlay,2022,RightFoot,18294,Brighton,Tottenham,0,1,2022-10-08 16:30:00,Moisés Caicedo,Pass
491811,54,BlockedShot,0.8040000152587891,0.6719999694824219,0.0312894992530345,Adam Webster,h,7699,OpenPlay,2022,LeftFoot,18294,Brighton,Tottenham,0,1,2022-10-08 16:30:00,Moisés Caicedo,Pass
491813,67,BlockedShot,0.84,0.6580000305175782,0.0492129996418952,Kaoru Mitoma,h,10806,OpenPlay,2022,RightFoot,18294,Brighton,Tottenham,0,1,2022-10-08 16:30:00,Alexis Mac Allister,Pass
491814,68,SavedShot,0.980999984741211,0.629000015258789,0.3262839913368225,Kaoru Mitoma,h,10806,OpenPlay,2022,LeftFoot,18294,Brighton,Tottenham,0,1,2022-10-08 16:30:00,Adam Webster,TakeOn
491816,75,BlockedShot,0.8669999694824219,0.6419999694824219,0.0663297027349472,Leandro Trossard,h,7698,OpenPlay,2022,LeftFoot,18294,Brighton,Tottenham,0,1,2022-10-08 16:30:00,Kaoru Mitoma,Pass
491817,77,MissedShots,0.8540000152587891,0.595999984741211,0.0547950007021427,Danny Welbeck,h,501,OpenPlay,2022,LeftFoot,18294,Brighton,Tottenham,0,1,2022-10-08 16:30:00,Pascal Groß,BallRecovery
493266,22,MissedShots,0.92,0.3290000152587891,0.11302500218153,Demarai Gray,a,762,OpenPlay,2022,RightFoot,18310,Tottenham,Everton,2,0,2022-10-15 16:30:00,Conor Coady,Chipped
493268,29,BlockedShot,0.7759999847412109,0.34,0.017977399751544,Seamus Coleman,a,585,SetPiece,2022,RightFoot,18310,Tottenham,Everton,2,0,2022-10-15 16:30:00,Amadou Onana,CornerAwarded
493269,29,MissedShots,0.9490000152587892,0.585,0.0771847963333129,James Tarkowski,a,1665,FromCorner,2022,Head,18310,Tottenham,Everton,2,0,2022-10-15 16:30:00,Dwight McNeil,Cross
493273,42,MissedShots,0.8730000305175781,0.5979999923706054,0.3518519997596741,Amadou Onana,a,9667,OpenPlay,2022,LeftFoot,18310,Tottenham,Everton,2,0,2022-10-15 16:30:00,,
494498,3,BlockedShot,0.8040000152587891,0.3379999923706054,0.0301060006022453,Antony,h,11094,OpenPlay,2022,LeftFoot,18321,Manchester United,Tottenham,2,0,2022-10-19 19:15:00,Fred,Pass
494499,3,MissedShots,0.7869999694824219,0.4120000076293945,0.0334137007594108,Diogo Dalot,h,7281,OpenPlay,2022,LeftFoot,18321,Manchester United,Tottenham,2,0,2022-10-19 19:15:00,Casemiro,Pass
494501,6,SavedShot,0.7019999694824218,0.525,0.0113096004351973,Antony,h,11094,OpenPlay,2022,LeftFoot,18321,Manchester United,Tottenham,2,0,2022-10-19 19:15:00,,
494502,6,SavedShot,0.7280000305175781,0.429000015258789,0.0217688996344804,Fred,h,6817,FromCorner,2022,LeftFoot,18321,Manchester United,Tottenham,2,0,2022-10-19 19:15:00,Bruno Fernandes,Pass
494503,7,MissedShots,0.894000015258789,0.524000015258789,0.0513353012502193,Casemiro,h,2248,FromCorner,2022,Head,18321,Manchester United,Tottenham,2,0,2022-10-19 19:15:00,Bruno Fernandes,Cross
494504,9,ShotOnPost,0.79,0.2870000076293945,0.0231963992118835,Antony,h,11094,OpenPlay,2022,LeftFoot,18321,Manchester United,Tottenham,2,0,2022-10-19 19:15:00,Diogo Dalot,Pass
494507,19,BlockedShot,0.7330000305175781,0.6370000076293946,0.0137866996228694,Bruno Fernandes,h,1228,OpenPlay,2022,RightFoot,18321,Manchester United,Tottenham,2,0,2022-10-19 19:15:00,Luke Shaw,Pass
494508,20,SavedShot,0.885,0.3809999847412109,0.3287299871444702,Marcus Rashford,h,556,OpenPlay,2022,RightFoot,18321,Manchester United,Tottenham,2,0,2022-10-19 19:15:00,Fred,Throughball
494509,22,SavedShot,0.7380000305175781,0.499000015258789,0.0565835982561111,Bruno Fernandes,h,1228,DirectFreekick,2022,RightFoot,18321,Manchester United,Tottenham,2,0,2022-10-19 19:15:00,,Standard
494510,22,BlockedShot,0.759000015258789,0.5559999847412109,0.022487299516797,Marcus Rashford,h,556,FromCorner,2022,RightFoot,18321,Manchester United,Tottenham,2,0,2022-10-19 19:15:00,Bruno Fernandes,Pass
494511,23,SavedShot,0.9,0.7130000305175781,0.028957899659872,Luke Shaw,h,1006,OpenPlay,2022,LeftFoot,18321,Manchester United,Tottenham,2,0,2022-10-19 19:15:00,Diogo Dalot,Cross
494512,24,BlockedShot,0.8159999847412109,0.47,0.0168473999947309,Fred,h,6817,FromCorner,2022,LeftFoot,18321,Manchester United,Tottenham,2,0,2022-10-19 19:15:00,Bruno Fernandes,Chipped
494513,25,MissedShots,0.7580000305175781,0.4209999847412109,0.0235262997448444,Bruno Fernandes,h,1228,OpenPlay,2022,RightFoot,18321,Manchester United,Tottenham,2,0,2022-10-19 19:15:00,Jadon Sancho,Pass
494514,28,MissedShots,0.7419999694824219,0.5209999847412109,0.0183112006634473,Casemiro,h,2248,OpenPlay,2022,LeftFoot,18321,Manchester United,Tottenham,2,0,2022-10-19 19:15:00,Bruno Fernandes,Pass
494516,33,MissedShots,0.7530000305175781,0.425,0.0252657998353242,Bruno Fernandes,h,1228,OpenPlay,2022,RightFoot,18321,Manchester United,Tottenham,2,0,2022-10-19 19:15:00,Raphael Varane,HeadPass
494517,36,BlockedShot,0.909000015258789,0.5279999923706055,0.1382050067186355,Fred,h,6817,OpenPlay,2022,LeftFoot,18321,Manchester United,Tottenham,2,0,2022-10-19 19:15:00,Bruno Fernandes,Pass
494518,36,BlockedShot,0.8930000305175781,0.66,0.0785538032650947,Fred,h,6817,OpenPlay,2022,LeftFoot,18321,Manchester United,Tottenham,2,0,2022-10-19 19:15:00,Jadon Sancho,Pass
494519,37,MissedShots,0.7380000305175781,0.4559999847412109,0.01898879930377,Fred,h,6817,OpenPlay,2022,RightFoot,18321,Manchester United,Tottenham,2,0,2022-10-19 19:15:00,Casemiro,Pass
494520,37,BlockedShot,0.759000015258789,0.3879999923706054,0.0207761004567146,Diogo Dalot,h,7281,OpenPlay,2022,RightFoot,18321,Manchester United,Tottenham,2,0,2022-10-19 19:15:00,Jadon Sancho,Pass
494522,46,Goal,0.799000015258789,0.4870000076293945,0.0447467006742954,Fred,h,6817,OpenPlay,2022,LeftFoot,18321,Manchester United,Tottenham,2,0,2022-10-19 19:15:00,Jadon Sancho,Pass
494523,48,SavedShot,0.895,0.385,0.0840573981404304,Marcus Rashford,h,556,OpenPlay,2022,LeftFoot,18321,Manchester United,Tottenham,2,0,2022-10-19 19:15:00,Luke Shaw,Chipped
494526,54,MissedShots,0.86,0.3129999923706055,0.0523969009518623,Antony,h,11094,OpenPlay,2022,LeftFoot,18321,Manchester United,Tottenham,2,0,2022-10-19 19:15:00,Bruno Fernandes,Pass
494527,54,BlockedShot,0.8809999847412109,0.674000015258789,0.0768127962946891,Jadon Sancho,h,6345,OpenPlay,2022,RightFoot,18321,Manchester United,Tottenham,2,0,2022-10-19 19:15:00,Fred,Pass
494528,63,BlockedShot,0.8859999847412109,0.28,0.0539595000445842,Diogo Dalot,h,7281,OpenPlay,2022,LeftFoot,18321,Manchester United,Tottenham,2,0,2022-10-19 19:15:00,Raphael Varane,Pass
494530,68,Goal,0.845,0.5429999923706055,0.10971599817276,Bruno Fernandes,h,1228,OpenPlay,2022,RightFoot,18321,Manchester United,Tottenham,2,0,2022-10-19 19:15:00,,TakeOn
494531,72,SavedShot,0.755,0.2889999961853027,0.016041699796915,Bruno Fernandes,h,1228,OpenPlay,2022,RightFoot,18321,Manchester United,Tottenham,2,0,2022-10-19 19:15:00,Jadon Sancho,Pass
494532,73,SavedShot,0.8909999847412109,0.644000015258789,0.2726869881153106,Marcus Rashford,h,556,OpenPlay,2022,RightFoot,18321,Manchester United,Tottenham,2,0,2022-10-19 19:15:00,Bruno Fernandes,Pass
494533,73,MissedShots,0.9340000152587892,0.4329999923706055,0.0371624007821083,Diogo Dalot,h,7281,FromCorner,2022,Head,18321,Manchester United,Tottenham,2,0,2022-10-19 19:15:00,Bruno Fernandes,Aerial
495766,3,BlockedShot,0.835,0.359000015258789,0.0506438016891479,Miguel Almirón,a,7420,OpenPlay,2022,LeftFoot,18329,Tottenham,Newcastle United,1,2,2022-10-23 15:30:00,,BallTouch
495771,19,MissedShots,0.7430000305175781,0.4109999847412109,0.0154315000399947,Miguel Almirón,a,7420,FromCorner,2022,LeftFoot,18329,Tottenham,Newcastle United,1,2,2022-10-23 15:30:00,,
495775,24,SavedShot,0.8690000152587891,0.495,0.0771180987358093,Callum Wilson,a,468,SetPiece,2022,LeftFoot,18329,Tottenham,Newcastle United,1,2,2022-10-23 15:30:00,Sven Botman,HeadPass
495779,30,Goal,0.7330000305175781,0.3659999847412109,0.0124802999198436,Callum Wilson,a,468,OpenPlay,2022,LeftFoot,18329,Tottenham,Newcastle United,1,2,2022-10-23 15:30:00,,
495780,39,Goal,0.975,0.3579999923706055,0.1404269933700561,Miguel Almirón,a,7420,OpenPlay,2022,LeftFoot,18329,Tottenham,Newcastle United,1,2,2022-10-23 15:30:00,Sean Longstaff,TakeOn
495782,47,BlockedShot,0.855,0.295,0.0382421016693115,Miguel Almirón,a,7420,OpenPlay,2022,LeftFoot,18329,Tottenham,Newcastle United,1,2,2022-10-23 15:30:00,,
495783,47,BlockedShot,0.8780000305175781,0.3160000038146973,0.0324120000004768,Miguel Almirón,a,7420,OpenPlay,2022,LeftFoot,18329,Tottenham,Newcastle United,1,2,2022-10-23 15:30:00,,Rebound
495784,47,MissedShots,0.8690000152587891,0.3870000076293945,0.0287858992815017,Miguel Almirón,a,7420,FromCorner,2022,LeftFoot,18329,Tottenham,Newcastle United,1,2,2022-10-23 15:30:00,Dan Burn,HeadPass
495785,52,SavedShot,0.8969999694824219,0.315,0.034265499562025,Fabian Schär,a,76,FromCorner,2022,RightFoot,18329,Tottenham,Newcastle United,1,2,2022-10-23 15:30:00,Kieran Trippier,Cross
495786,52,BlockedShot,0.906999969482422,0.3520000076293945,0.1254449933767318,Callum Wilson,a,468,OpenPlay,2022,RightFoot,18329,Tottenham,Newcastle United,1,2,2022-10-23 15:30:00,Sean Longstaff,TakeOn
495788,56,BlockedShot,0.7919999694824219,0.6930000305175781,0.0195796992629766,Joe Willock,a,6630,OpenPlay,2022,RightFoot,18329,Tottenham,Newcastle United,1,2,2022-10-23 15:30:00,Callum Wilson,HeadPass
495789,56,MissedShots,0.91,0.51,0.4835599958896637,Callum Wilson,a,468,OpenPlay,2022,LeftFoot,18329,Tottenham,Newcastle United,1,2,2022-10-23 15:30:00,Joe Willock,
495790,66,SavedShot,0.7859999847412109,0.499000015258789,0.0722462013363838,Fabian Schär,a,76,OpenPlay,2022,RightFoot,18329,Tottenham,Newcastle United,1,2,2022-10-23 15:30:00,,TakeOn
496590,2,MissedShots,0.933000030517578,0.38,0.0125329997390508,Kieffer Moore,h,10743,FromCorner,2022,Head,18333,Bournemouth,Tottenham,2,3,2022-10-29 14:00:00,Lewis Cook,Aerial
496591,3,SavedShot,0.8540000152587891,0.345,0.0538153015077114,Marcus Tavernier,h,10741,OpenPlay,2022,LeftFoot,18333,Bournemouth,Tottenham,2,3,2022-10-29 14:00:00,Lewis Cook,Chipped
496593,13,MissedShots,0.769000015258789,0.705999984741211,0.0146764004603028,Jefferson Lerma,h,2182,OpenPlay,2022,RightFoot,18333,Bournemouth,Tottenham,2,3,2022-10-29 14:00:00,Jordan Zemura,Pass
496595,21,Goal,0.8719999694824219,0.5429999923706055,0.3472360074520111,Kieffer Moore,h,10743,OpenPlay,2022,RightFoot,18333,Bournemouth,Tottenham,2,3,2022-10-29 14:00:00,Marcus Tavernier,Pass
496600,49,Goal,0.9359999847412108,0.524000015258789,0.4404869973659515,Kieffer Moore,h,10743,OpenPlay,2022,Head,18333,Bournemouth,Tottenham,2,3,2022-10-29 14:00:00,Adam Smith,Cross
496618,93,SavedShot,0.926999969482422,0.3759999847412109,0.0187857002019882,Chris Mepham,h,7384,OpenPlay,2022,Head,18333,Bournemouth,Tottenham,2,3,2022-10-29 14:00:00,Jefferson Lerma,Aerial
498834,2,SavedShot,0.899000015258789,0.6959999847412109,0.0503524988889694,Darwin Núñez,a,10720,OpenPlay,2022,RightFoot,18349,Tottenham,Liverpool,1,2,2022-11-06 16:30:00,Andrew Robertson,Chipped
498835,6,MissedShots,0.84,0.6990000152587891,0.029908200725913,Darwin Núñez,a,10720,OpenPlay,2022,RightFoot,18349,Tottenham,Liverpool,1,2,2022-11-06 16:30:00,Trent Alexander-Arnold,Chipped
498836,10,Goal,0.874000015258789,0.46,0.1148020029067993,Mohamed Salah,a,1250,OpenPlay,2022,LeftFoot,18349,Tottenham,Liverpool,1,2,2022-11-06 16:30:00,Darwin Núñez,Pass
498839,31,BlockedShot,0.7480000305175781,0.595999984741211,0.0252420995384454,Thiago Alcántara,a,229,OpenPlay,2022,RightFoot,18349,Tottenham,Liverpool,1,2,2022-11-06 16:30:00,,
498841,35,BlockedShot,0.8419999694824218,0.7519999694824219,0.0328334011137485,Roberto Firmino,a,482,OpenPlay,2022,RightFoot,18349,Tottenham,Liverpool,1,2,2022-11-06 16:30:00,Andrew Robertson,Pass
498842,39,Goal,0.899000015258789,0.5529999923706055,0.4605410099029541,Mohamed Salah,a,1250,OpenPlay,2022,LeftFoot,18349,Tottenham,Liverpool,1,2,2022-11-06 16:30:00,,
498843,43,BlockedShot,0.7619999694824219,0.55,0.0138132004067301,Thiago Alcántara,a,229,OpenPlay,2022,RightFoot,18349,Tottenham,Liverpool,1,2,2022-11-06 16:30:00,,Aerial
498844,43,SavedShot,0.7440000152587891,0.615999984741211,0.0220231991261243,Harvey Elliott,a,7546,OpenPlay,2022,LeftFoot,18349,Tottenham,Liverpool,1,2,2022-11-06 16:30:00,Thiago Alcántara,Pass
498845,44,BlockedShot,0.74,0.3970000076293945,0.0149226002395153,Harvey Elliott,a,7546,FromCorner,2022,LeftFoot,18349,Tottenham,Liverpool,1,2,2022-11-06 16:30:00,,
498850,53,SavedShot,0.8680000305175781,0.4620000076293945,0.4239279925823211,Mohamed Salah,a,1250,OpenPlay,2022,LeftFoot,18349,Tottenham,Liverpool,1,2,2022-11-06 16:30:00,Darwin Núñez,Pass
498851,56,SavedShot,0.8180000305175781,0.5259999847412109,0.1132839992642402,Darwin Núñez,a,10720,OpenPlay,2022,RightFoot,18349,Tottenham,Liverpool,1,2,2022-11-06 16:30:00,Fabinho,Pass
498852,62,MissedShots,0.735999984741211,0.5320000076293945,0.0253662001341581,Thiago Alcántara,a,229,OpenPlay,2022,RightFoot,18349,Tottenham,Liverpool,1,2,2022-11-06 16:30:00,Fabinho,Pass
498857,81,ShotOnPost,0.8590000152587891,0.5209999847412109,0.1384669989347458,Darwin Núñez,a,10720,OpenPlay,2022,LeftFoot,18349,Tottenham,Liverpool,1,2,2022-11-06 16:30:00,Thiago Alcántara,Throughball
500121,9,Goal,0.9059999847412108,0.585,0.3740760087966919,Crysencio Summerville,a,9492,OpenPlay,2022,LeftFoot,18359,Tottenham,Leeds,4,3,2022-11-12 15:00:00,Brenden Aaronson,Pass
500125,19,SavedShot,0.8819999694824219,0.645,0.3705010116100311,Crysencio Summerville,a,9492,OpenPlay,2022,RightFoot,18359,Tottenham,Leeds,4,3,2022-11-12 15:00:00,Brenden Aaronson,Pass
500129,39,BlockedShot,0.8019999694824219,0.4309999847412109,0.1204070001840591,Rodrigo,a,2381,DirectFreekick,2022,LeftFoot,18359,Tottenham,Leeds,4,3,2022-11-12 15:00:00,,Standard
500130,39,SavedShot,0.7559999847412109,0.5770000076293945,0.0183733999729156,Marc Roca,a,5086,SetPiece,2022,RightFoot,18359,Tottenham,Leeds,4,3,2022-11-12 15:00:00,Rasmus Kristensen,BallTouch
500131,42,Goal,0.855999984741211,0.4870000076293945,0.3016290068626404,Rodrigo,a,2381,FromCorner,2022,LeftFoot,18359,Tottenham,Leeds,4,3,2022-11-12 15:00:00,Rasmus Kristensen,HeadPass
500135,53,BlockedShot,0.943000030517578,0.3139999961853027,0.011341200210154,Rasmus Kristensen,a,10750,SetPiece,2022,Head,18359,Tottenham,Leeds,4,3,2022-11-12 15:00:00,Sam Greenwood,Cross
500136,53,MissedShots,0.9,0.4470000076293945,0.0195007007569074,Brenden Aaronson,a,10751,SetPiece,2022,Head,18359,Tottenham,Leeds,4,3,2022-11-12 15:00:00,,Rebound
500137,59,MissedShots,0.8109999847412109,0.5870000076293945,0.129048004746437,Sam Greenwood,a,9493,DirectFreekick,2022,RightFoot,18359,Tottenham,Leeds,4,3,2022-11-12 15:00:00,,Standard
500138,60,BlockedShot,0.8880000305175781,0.705999984741211,0.0519669987261295,Brenden Aaronson,a,10751,OpenPlay,2022,RightFoot,18359,Tottenham,Leeds,4,3,2022-11-12 15:00:00,Pascal Struijk,Pass
500139,61,BlockedShot,0.875,0.590999984741211,0.0159997008740901,Pascal Struijk,a,8717,FromCorner,2022,Head,18359,Tottenham,Leeds,4,3,2022-11-12 15:00:00,Sam Greenwood,Cross
500141,73,BlockedShot,0.8690000152587891,0.725999984741211,0.0339456014335155,Crysencio Summerville,a,9492,OpenPlay,2022,RightFoot,18359,Tottenham,Leeds,4,3,2022-11-12 15:00:00,Pascal Struijk,Pass
500142,75,Goal,0.885,0.68,0.2707470059394836,Rodrigo,a,2381,OpenPlay,2022,LeftFoot,18359,Tottenham,Leeds,4,3,2022-11-12 15:00:00,Marc Roca,Pass
500911,14,MissedShots,0.8640000152587891,0.3920000076293945,0.118427999317646,Mathias Jensen,h,7166,OpenPlay,2022,RightFoot,18364,Brentford,Tottenham,2,2,2022-12-26 12:30:00,Bryan Mbeumo,Chipped
500912,14,Goal,0.960999984741211,0.5359999847412109,0.7576850056648254,Vitaly Janelt,h,9680,OpenPlay,2022,LeftFoot,18364,Brentford,Tottenham,2,2,2022-12-26 12:30:00,,Rebound
500913,17,SavedShot,0.9,0.55,0.0400520004332065,Ethan Pinnock,h,9678,FromCorner,2022,Head,18364,Brentford,Tottenham,2,2,2022-12-26 12:30:00,Ben Mee,
500917,33,SavedShot,0.9619999694824218,0.3420000076293945,0.037159901112318,Zanka,h,6030,OpenPlay,2022,RightFoot,18364,Brentford,Tottenham,2,2,2022-12-26 12:30:00,,Aerial
500920,53,BlockedShot,0.93,0.39,0.0326449014246463,Christian Nørgaard,h,7083,FromCorner,2022,Head,18364,Brentford,Tottenham,2,2,2022-12-26 12:30:00,Bryan Mbeumo,Cross
500921,53,Goal,0.975999984741211,0.5470000076293945,0.6827830076217651,Ivan Toney,h,998,FromCorner,2022,LeftFoot,18364,Brentford,Tottenham,2,2,2022-12-26 12:30:00,Christian Nørgaard,Rebound
500923,65,BlockedShot,0.7930000305175782,0.5420000076293945,0.0516165010631084,Ivan Toney,h,998,OpenPlay,2022,RightFoot,18364,Brentford,Tottenham,2,2,2022-12-26 12:30:00,Vitaly Janelt,Pass
500924,66,MissedShots,0.875999984741211,0.4159999847412109,0.0793711990118026,Bryan Mbeumo,h,6552,OpenPlay,2022,LeftFoot,18364,Brentford,Tottenham,2,2,2022-12-26 12:30:00,Rico Henry,Cross
500931,84,MissedShots,0.9490000152587892,0.545,0.5649129748344421,Ivan Toney,h,998,OpenPlay,2022,RightFoot,18364,Brentford,Tottenham,2,2,2022-12-26 12:30:00,Mads Roerslev,HeadPass
501922,2,BlockedShot,0.725,0.3770000076293945,0.0175091996788978,Ashley Young,a,631,SetPiece,2022,RightFoot,18379,Tottenham,Aston Villa,0,2,2023-01-01 14:00:00,Douglas Luiz,Pass
501923,8,MissedShots,0.8469999694824218,0.5720000076293945,0.0621057003736496,Ollie Watkins,a,8865,OpenPlay,2022,RightFoot,18379,Tottenham,Aston Villa,0,2,2023-01-01 14:00:00,Lucas Digne,Chipped
501927,45,MissedShots,0.755,0.7140000152587891,0.0169540997594594,Emiliano Buendía,a,2203,OpenPlay,2022,RightFoot,18379,Tottenham,Aston Villa,0,2,2023-01-01 14:00:00,Ollie Watkins,Pass
501928,49,SavedShot,0.710999984741211,0.524000015258789,0.0152698000892996,Douglas Luiz,a,6122,OpenPlay,2022,RightFoot,18379,Tottenham,Aston Villa,0,2,2023-01-01 14:00:00,Boubacar Kamara,Pass
501929,49,Goal,0.8930000305175781,0.5970000076293945,0.1007139980792999,Emiliano Buendía,a,2203,OpenPlay,2022,RightFoot,18379,Tottenham,Aston Villa,0,2,2023-01-01 14:00:00,Ollie Watkins,Pass
501931,59,BlockedShot,0.6969999694824218,0.4779999923706055,0.0368610993027687,Douglas Luiz,a,6122,DirectFreekick,2022,RightFoot,18379,Tottenham,Aston Villa,0,2,2023-01-01 14:00:00,,Standard
501932,63,BlockedShot,0.88,0.590999984741211,0.1183639988303184,Ollie Watkins,a,8865,OpenPlay,2022,LeftFoot,18379,Tottenham,Aston Villa,0,2,2023-01-01 14:00:00,Emiliano Buendía,Pass
501933,63,BlockedShot,0.9540000152587892,0.6780000305175782,0.0492059998214244,Ollie Watkins,a,8865,OpenPlay,2022,LeftFoot,18379,Tottenham,Aston Villa,0,2,2023-01-01 14:00:00,Lucas Digne,Cross
501935,67,BlockedShot,0.76,0.479000015258789,0.0297717992216348,Douglas Luiz,a,6122,OpenPlay,2022,RightFoot,18379,Tottenham,Aston Villa,0,2,2023-01-01 14:00:00,John McGinn,Pass
501936,72,Goal,0.926999969482422,0.504000015258789,0.5804169774055481,Douglas Luiz,a,6122,OpenPlay,2022,RightFoot,18379,Tottenham,Aston Villa,0,2,2023-01-01 14:00:00,John McGinn,Throughball
501937,78,SavedShot,0.8059999847412109,0.4870000076293945,0.0706308037042617,Douglas Luiz,a,6122,OpenPlay,2022,LeftFoot,18379,Tottenham,Aston Villa,0,2,2023-01-01 14:00:00,Emiliano Buendía,Pass
501939,87,MissedShots,0.7630000305175781,0.499000015258789,0.0292451996356248,Calum Chambers,a,508,OpenPlay,2022,RightFoot,18379,Tottenham,Aston Villa,0,2,2023-01-01 14:00:00,Ollie Watkins,Pass
501940,95,MissedShots,0.95,0.4970000076293945,0.0902765020728111,Ollie Watkins,a,8865,FromCorner,2022,Head,18379,Tottenham,Aston Villa,0,2,2023-01-01 14:00:00,,
502542,22,BlockedShot,0.735,0.6270000076293946,0.0153623996302485,Cheick Oumar Doucoure,h,8666,OpenPlay,2022,RightFoot,18386,Crystal Palace,Tottenham,0,4,2023-01-04 20:00:00,Eberechi Eze,Pass
502543,22,MissedShots,0.7219999694824218,0.4429999923706054,0.0159169007092714,Michael Olise,h,9948,OpenPlay,2022,LeftFoot,18386,Crystal Palace,Tottenham,0,4,2023-01-04 20:00:00,Cheick Oumar Doucoure,Pass
502545,26,SavedShot,0.85,0.5579999923706055,0.0934292003512382,Jordan Ayew,h,672,OpenPlay,2022,RightFoot,18386,Crystal Palace,Tottenham,0,4,2023-01-04 20:00:00,Wilfried Zaha,Pass
502546,28,MissedShots,0.805,0.4020000076293945,0.0271731000393629,Cheick Oumar Doucoure,h,8666,FromCorner,2022,RightFoot,18386,Crystal Palace,Tottenham,0,4,2023-01-04 20:00:00,,
502547,30,MissedShots,0.715,0.46,0.0140073001384735,Joachim Andersen,h,6314,OpenPlay,2022,LeftFoot,18386,Crystal Palace,Tottenham,0,4,2023-01-04 20:00:00,,
502548,32,BlockedShot,0.8959999847412109,0.3979999923706054,0.0772645026445388,Eberechi Eze,h,8706,SetPiece,2022,LeftFoot,18386,Crystal Palace,Tottenham,0,4,2023-01-04 20:00:00,Michael Olise,Chipped
502549,32,BlockedShot,0.875999984741211,0.3420000076293945,0.0573460012674331,Michael Olise,h,9948,OpenPlay,2022,LeftFoot,18386,Crystal Palace,Tottenham,0,4,2023-01-04 20:00:00,,
502550,33,BlockedShot,0.7240000152587891,0.67,0.0153126996010541,Eberechi Eze,h,8706,FromCorner,2022,RightFoot,18386,Crystal Palace,Tottenham,0,4,2023-01-04 20:00:00,Wilfried Zaha,Pass
502551,36,SavedShot,0.911999969482422,0.515,0.0430685989558696,Joachim Andersen,h,6314,FromCorner,2022,OtherBodyPart,18386,Crystal Palace,Tottenham,0,4,2023-01-04 20:00:00,Michael Olise,Aerial
502553,45,BlockedShot,0.9569999694824218,0.6659999847412109,0.0850759968161583,Jordan Ayew,h,672,OpenPlay,2022,LeftFoot,18386,Crystal Palace,Tottenham,0,4,2023-01-04 20:00:00,,TakeOn
502554,45,BlockedShot,0.8680000305175781,0.32,0.0461095012724399,Joel Ward,h,510,FromCorner,2022,RightFoot,18386,Crystal Palace,Tottenham,0,4,2023-01-04 20:00:00,Cheick Oumar Doucoure,Pass
502557,51,MissedShots,0.749000015258789,0.33,0.0158964991569519,Cheick Oumar Doucoure,h,8666,OpenPlay,2022,RightFoot,18386,Crystal Palace,Tottenham,0,4,2023-01-04 20:00:00,Jordan Ayew,Pass
502559,62,MissedShots,0.8280000305175781,0.2660000038146972,0.0251922998577356,Michael Olise,h,9948,OpenPlay,2022,LeftFoot,18386,Crystal Palace,Tottenham,0,4,2023-01-04 20:00:00,Cheick Oumar Doucoure,Pass
502560,65,MissedShots,0.916999969482422,0.534000015258789,0.0516439005732536,Jean-Philippe Mateta,h,5735,FromCorner,2022,Head,18386,Crystal Palace,Tottenham,0,4,2023-01-04 20:00:00,Eberechi Eze,HeadPass
502565,71,MissedShots,0.8209999847412109,0.6170000076293946,0.0564384013414382,Wilfried Zaha,h,522,OpenPlay,2022,RightFoot,18386,Crystal Palace,Tottenham,0,4,2023-01-04 20:00:00,Eberechi Eze,Pass
502567,79,SavedShot,0.8080000305175781,0.3220000076293945,0.0255849994719028,Jordan Ayew,h,672,OpenPlay,2022,RightFoot,18386,Crystal Palace,Tottenham,0,4,2023-01-04 20:00:00,Odsonne Edouard,Pass
502568,79,MissedShots,0.895,0.524000015258789,0.018156399950385,Odsonne Edouard,h,3697,FromCorner,2022,Head,18386,Crystal Palace,Tottenham,0,4,2023-01-04 20:00:00,Will Hughes,Aerial
502569,80,SavedShot,0.926999969482422,0.6409999847412109,0.0958070009946823,Wilfried Zaha,h,522,OpenPlay,2022,RightFoot,18386,Crystal Palace,Tottenham,0,4,2023-01-04 20:00:00,Odsonne Edouard,Pass
502570,85,MissedShots,0.6819999694824219,0.6040000152587891,0.0087389098480343,Cheick Oumar Doucoure,h,8666,OpenPlay,2022,RightFoot,18386,Crystal Palace,Tottenham,0,4,2023-01-04 20:00:00,,TakeOn
504155,3,BlockedShot,0.9,0.6220000076293946,0.1107100024819374,Gabriel Martinelli,a,7752,OpenPlay,2022,RightFoot,18400,Tottenham,Arsenal,0,2,2023-01-15 16:30:00,,TakeOn
504156,6,SavedShot,0.9309999847412108,0.545,0.3831709921360016,Eddie Nketiah,a,6482,OpenPlay,2022,LeftFoot,18400,Tottenham,Arsenal,0,2,2023-01-15 16:30:00,Gabriel Martinelli,Chipped
504157,10,MissedShots,0.899000015258789,0.49,0.0369611009955406,Thomas Partey,a,2328,SetPiece,2022,Head,18400,Tottenham,Arsenal,0,2,2023-01-15 16:30:00,Martin Odegaard,Aerial
504161,21,SavedShot,0.7559999847412109,0.3820000076293945,0.0237019006162881,Martin Odegaard,a,2517,OpenPlay,2022,LeftFoot,18400,Tottenham,Arsenal,0,2,2023-01-15 16:30:00,Bukayo Saka,Pass
504162,24,BlockedShot,0.95,0.4979999923706055,0.6351450085639954,Eddie Nketiah,a,6482,OpenPlay,2022,Head,18400,Tottenham,Arsenal,0,2,2023-01-15 16:30:00,Gabriel Martinelli,Aerial
504163,24,ShotOnPost,0.7709999847412109,0.4659999847412109,0.0335202999413013,Thomas Partey,a,2328,OpenPlay,2022,RightFoot,18400,Tottenham,Arsenal,0,2,2023-01-15 16:30:00,,Rebound
504164,28,MissedShots,0.8640000152587891,0.3340000152587891,0.0700808018445968,Bukayo Saka,a,7322,OpenPlay,2022,LeftFoot,18400,Tottenham,Arsenal,0,2,2023-01-15 16:30:00,Thomas Partey,Pass
504165,35,Goal,0.7469999694824219,0.4920000076293945,0.0455437004566192,Martin Odegaard,a,2517,OpenPlay,2022,LeftFoot,18400,Tottenham,Arsenal,0,2,2023-01-15 16:30:00,Bukayo Saka,Pass
504166,41,BlockedShot,0.7930000305175782,0.27,0.0549613013863563,Martin Odegaard,a,2517,DirectFreekick,2022,LeftFoot,18400,Tottenham,Arsenal,0,2,2023-01-15 16:30:00,,Standard
504174,57,SavedShot,0.8669999694824219,0.6509999847412109,0.085553303360939,Eddie Nketiah,a,6482,OpenPlay,2022,RightFoot,18400,Tottenham,Arsenal,0,2,2023-01-15 16:30:00,Gabriel Martinelli,TakeOn
504177,67,MissedShots,0.7119999694824218,0.649000015258789,0.0160828996449708,Thomas Partey,a,2328,OpenPlay,2022,RightFoot,18400,Tottenham,Arsenal,0,2,2023-01-15 16:30:00,Gabriel Martinelli,Pass
504178,68,SavedShot,0.894000015258789,0.44,0.3817949891090393,Eddie Nketiah,a,6482,OpenPlay,2022,RightFoot,18400,Tottenham,Arsenal,0,2,2023-01-15 16:30:00,Granit Xhaka,Pass
504179,72,BlockedShot,0.9159999847412108,0.3840000152587891,0.0808470025658607,Eddie Nketiah,a,6482,SetPiece,2022,RightFoot,18400,Tottenham,Arsenal,0,2,2023-01-15 16:30:00,Martin Odegaard,Pass
504180,78,MissedShots,0.7930000305175782,0.43,0.1055359989404678,Granit Xhaka,a,204,DirectFreekick,2022,LeftFoot,18400,Tottenham,Arsenal,0,2,2023-01-15 16:30:00,,Standard
504347,11,BlockedShot,0.750999984741211,0.3940000152587891,0.0577651001513004,Riyad Mahrez,h,750,DirectFreekick,2022,LeftFoot,18267,Manchester City,Tottenham,4,2,2023-01-19 19:00:00,,Standard
504348,18,MissedShots,0.77,0.6840000152587891,0.0159598998725414,Ilkay Gündogan,h,314,OpenPlay,2022,RightFoot,18267,Manchester City,Tottenham,4,2,2023-01-19 19:00:00,Jack Grealish,Pass
504349,20,BlockedShot,0.875999984741211,0.539000015258789,0.0659923031926155,Julián Álvarez,h,10846,FromCorner,2022,LeftFoot,18267,Manchester City,Tottenham,4,2,2023-01-19 19:00:00,Jack Grealish,Pass
504351,27,BlockedShot,0.7469999694824219,0.4540000152587891,0.0179529003798961,Rodri,h,2496,OpenPlay,2022,RightFoot,18267,Manchester City,Tottenham,4,2,2023-01-19 19:00:00,,
504354,38,SavedShot,0.755,0.4,0.0212783999741077,Rico Lewis,h,10847,OpenPlay,2022,RightFoot,18267,Manchester City,Tottenham,4,2,2023-01-19 19:00:00,Jack Grealish,Pass
504355,41,SavedShot,0.9,0.6509999847412109,0.1202609986066818,Erling Haaland,h,8260,OpenPlay,2022,LeftFoot,18267,Manchester City,Tottenham,4,2,2023-01-19 19:00:00,Nathan Aké,Throughball
504356,42,MissedShots,0.916999969482422,0.5279999923706055,0.43265300989151,Erling Haaland,h,8260,OpenPlay,2022,Head,18267,Manchester City,Tottenham,4,2,2023-01-19 19:00:00,Rodri,Aerial
504360,47,MissedShots,0.7730000305175782,0.295,0.0110767995938658,Julián Álvarez,h,10846,OpenPlay,2022,RightFoot,18267,Manchester City,Tottenham,4,2,2023-01-19 19:00:00,,
504361,50,BlockedShot,0.9519999694824218,0.4620000076293945,0.1262820065021515,Ilkay Gündogan,h,314,OpenPlay,2022,Head,18267,Manchester City,Tottenham,4,2,2023-01-19 19:00:00,Riyad Mahrez,Aerial
504362,50,Goal,0.916999969482422,0.49,0.3992289900779724,Julián Álvarez,h,10846,OpenPlay,2022,RightFoot,18267,Manchester City,Tottenham,4,2,2023-01-19 19:00:00,,Rebound
504363,52,Goal,0.968000030517578,0.5159999847412109,0.5429559946060181,Erling Haaland,h,8260,OpenPlay,2022,Head,18267,Manchester City,Tottenham,4,2,2023-01-19 19:00:00,Riyad Mahrez,HeadPass
504364,55,MissedShots,0.815,0.4070000076293945,0.0496958009898662,Riyad Mahrez,h,750,OpenPlay,2022,RightFoot,18267,Manchester City,Tottenham,4,2,2023-01-19 19:00:00,,BallRecovery
504367,62,Goal,0.943000030517578,0.2920000076293945,0.0351912006735801,Riyad Mahrez,h,750,OpenPlay,2022,RightFoot,18267,Manchester City,Tottenham,4,2,2023-01-19 19:00:00,Rodri,Chipped
504369,81,BlockedShot,0.9669999694824218,0.6090000152587891,0.0343213006854057,Rodri,h,2496,FromCorner,2022,Head,18267,Manchester City,Tottenham,4,2,2023-01-19 19:00:00,Riyad Mahrez,Cross
504370,89,Goal,0.8569999694824219,0.549000015258789,0.3520329892635345,Riyad Mahrez,h,750,OpenPlay,2022,LeftFoot,18267,Manchester City,Tottenham,4,2,2023-01-19 19:00:00,,
504371,91,MissedShots,0.870999984741211,0.6179999923706054,0.1094280034303665,Julián Álvarez,h,10846,OpenPlay,2022,LeftFoot,18267,Manchester City,Tottenham,4,2,2023-01-19 19:00:00,Jack Grealish,Pass
505284,9,SavedShot,0.7280000305175781,0.4120000076293945,0.017620900645852,Bobby Reid,h,6827,OpenPlay,2022,RightFoot,18405,Fulham,Tottenham,0,1,2023-01-23 20:00:00,Kenny Tete,Pass
505285,11,SavedShot,0.705,0.5109999847412109,0.0398351997137069,Andreas Pereira,h,922,DirectFreekick,2022,RightFoot,18405,Fulham,Tottenham,0,1,2023-01-23 20:00:00,,Standard
505288,18,SavedShot,0.915,0.4679999923706054,0.1054560020565986,Harrison Reed,h,910,OpenPlay,2022,RightFoot,18405,Fulham,Tottenham,0,1,2023-01-23 20:00:00,Andreas Pereira,Cross
505289,21,BlockedShot,0.8019999694824219,0.4209999847412109,0.0403236001729965,Harrison Reed,h,910,OpenPlay,2022,LeftFoot,18405,Fulham,Tottenham,0,1,2023-01-23 20:00:00,,
505290,24,MissedShots,0.8680000305175781,0.4579999923706054,0.0299206003546714,Aleksandar Mitrovic,h,773,OpenPlay,2022,Head,18405,Fulham,Tottenham,0,1,2023-01-23 20:00:00,Kenny Tete,Cross
505293,40,SavedShot,0.874000015258789,0.7169999694824218,0.064673401415348,Willian,h,700,OpenPlay,2022,LeftFoot,18405,Fulham,Tottenham,0,1,2023-01-23 20:00:00,Andreas Pereira,Pass
505294,41,MissedShots,0.955999984741211,0.514000015258789,0.5426409840583801,João Palhinha,h,10715,SetPiece,2022,Head,18405,Fulham,Tottenham,0,1,2023-01-23 20:00:00,Andreas Pereira,Cross
505298,49,MissedShots,0.950999984741211,0.4909999847412109,0.1301209926605224,João Palhinha,h,10715,SetPiece,2022,Head,18405,Fulham,Tottenham,0,1,2023-01-23 20:00:00,,Aerial
505301,74,MissedShots,0.94,0.4329999923706055,0.0853848978877067,Aleksandar Mitrovic,h,773,OpenPlay,2022,Head,18405,Fulham,Tottenham,0,1,2023-01-23 20:00:00,Tom Cairney,Cross
505303,88,SavedShot,0.825,0.6840000152587891,0.0374167002737522,Manor Solomon,h,10716,OpenPlay,2022,RightFoot,18405,Fulham,Tottenham,0,1,2023-01-23 20:00:00,Tom Cairney,Pass
507744,4,BlockedShot,0.85,0.3029999923706055,0.0376259982585907,Riyad Mahrez,a,750,OpenPlay,2022,LeftFoot,18420,Tottenham,Manchester City,1,0,2023-02-05 16:30:00,,
507745,4,SavedShot,0.943000030517578,0.509000015258789,0.0875985026359558,Manuel Akanji,a,6490,FromCorner,2022,Head,18420,Tottenham,Manchester City,1,0,2023-02-05 16:30:00,,Aerial
507746,5,BlockedShot,0.8530000305175781,0.4270000076293945,0.0250946003943681,Julián Álvarez,a,10846,FromCorner,2022,RightFoot,18420,Tottenham,Manchester City,1,0,2023-02-05 16:30:00,,Aerial
507748,18,SavedShot,0.7709999847412109,0.59,0.0253388993442058,Bernardo Silva,a,3635,OpenPlay,2022,LeftFoot,18420,Tottenham,Manchester City,1,0,2023-02-05 16:30:00,Rodri,Pass
507750,40,SavedShot,0.8119999694824219,0.4429999923706054,0.0493813008069992,Rodri,a,2496,OpenPlay,2022,RightFoot,18420,Tottenham,Manchester City,1,0,2023-02-05 16:30:00,Julián Álvarez,Pass
507751,41,MissedShots,0.8690000152587891,0.649000015258789,0.0640937983989715,Jack Grealish,a,675,OpenPlay,2022,RightFoot,18420,Tottenham,Manchester City,1,0,2023-02-05 16:30:00,Erling Haaland,Pass
507756,45,ShotOnPost,0.91,0.3579999923706055,0.0601276010274887,Riyad Mahrez,a,750,OpenPlay,2022,LeftFoot,18420,Tottenham,Manchester City,1,0,2023-02-05 16:30:00,,
507759,63,BlockedShot,0.8669999694824219,0.4490000152587891,0.0950672030448913,Julián Álvarez,a,10846,SetPiece,2022,RightFoot,18420,Tottenham,Manchester City,1,0,2023-02-05 16:30:00,Kevin De Bruyne,Pass
507760,64,BlockedShot,0.865999984741211,0.385,0.0530802011489868,Manuel Akanji,a,6490,FromCorner,2022,RightFoot,18420,Tottenham,Manchester City,1,0,2023-02-05 16:30:00,,
507761,64,MissedShots,0.8209999847412109,0.575999984741211,0.0407739989459514,Kevin De Bruyne,a,447,FromCorner,2022,RightFoot,18420,Tottenham,Manchester City,1,0,2023-02-05 16:30:00,Manuel Akanji,Pass
507762,67,MissedShots,0.8319999694824218,0.3320000076293945,0.0411810986697673,Julián Álvarez,a,10846,OpenPlay,2022,RightFoot,18420,Tottenham,Manchester City,1,0,2023-02-05 16:30:00,Kevin De Bruyne,Pass
507765,72,MissedShots,0.9130000305175782,0.524000015258789,0.0340939983725547,Rodri,a,2496,FromCorner,2022,Head,18420,Tottenham,Manchester City,1,0,2023-02-05 16:30:00,Kevin De Bruyne,Aerial
507766,75,SavedShot,0.73,0.43,0.0239332001656293,Kyle Walker,a,638,FromCorner,2022,RightFoot,18420,Tottenham,Manchester City,1,0,2023-02-05 16:30:00,Rico Lewis,Pass
507769,88,BlockedShot,0.7169999694824218,0.6020000076293945,0.0411451011896133,Kevin De Bruyne,a,447,DirectFreekick,2022,RightFoot,18420,Tottenham,Manchester City,1,0,2023-02-05 16:30:00,,Standard
507770,92,SavedShot,0.97,0.4609999847412109,0.0952119976282119,Rodri,a,2496,OpenPlay,2022,Head,18420,Tottenham,Manchester City,1,0,2023-02-05 16:30:00,Jack Grealish,Aerial
508500,2,BlockedShot,0.87,0.6170000076293946,0.0894149988889694,Kelechi Iheanacho,h,620,OpenPlay,2022,LeftFoot,18427,Leicester,Tottenham,4,1,2023-02-11 15:00:00,Kiernan Dewsbury-Hall,TakeOn
508501,4,MissedShots,0.825,0.5870000076293945,0.0512103997170925,James Maddison,h,6818,SetPiece,2022,RightFoot,18427,Leicester,Tottenham,4,1,2023-02-11 15:00:00,Kiernan Dewsbury-Hall,Pass
508506,20,MissedShots,0.664000015258789,0.5209999847412109,0.0067840199917554,Tetê,h,10536,OpenPlay,2022,LeftFoot,18427,Leicester,Tottenham,4,1,2023-02-11 15:00:00,Nampalys Mendy,TakeOn
508507,22,BlockedShot,0.906999969482422,0.6419999694824219,0.0127450004220008,Timothy Castagne,h,6157,FromCorner,2022,Head,18427,Leicester,Tottenham,4,1,2023-02-11 15:00:00,James Maddison,Aerial
508508,22,Goal,0.845999984741211,0.285,0.0321316011250019,Nampalys Mendy,h,1785,FromCorner,2022,RightFoot,18427,Leicester,Tottenham,4,1,2023-02-11 15:00:00,,Rebound
508509,24,Goal,0.8880000305175781,0.5690000152587891,0.3790250122547149,James Maddison,h,6818,OpenPlay,2022,RightFoot,18427,Leicester,Tottenham,4,1,2023-02-11 15:00:00,Kelechi Iheanacho,Pass
508510,25,SavedShot,0.8969999694824219,0.285,0.0535609014332294,Kelechi Iheanacho,h,620,OpenPlay,2022,LeftFoot,18427,Leicester,Tottenham,4,1,2023-02-11 15:00:00,Kiernan Dewsbury-Hall,Chipped
508513,48,Goal,0.84,0.4640000152587891,0.0785145983099937,Kelechi Iheanacho,h,620,OpenPlay,2022,LeftFoot,18427,Leicester,Tottenham,4,1,2023-02-11 15:00:00,Harry Souttar,Chipped
508514,48,BlockedShot,0.933000030517578,0.664000015258789,0.0854467004537582,Victor Kristiansen,h,11367,OpenPlay,2022,LeftFoot,18427,Leicester,Tottenham,4,1,2023-02-11 15:00:00,,BlockedPass
508515,48,MissedShots,0.8830000305175781,0.424000015258789,0.0905648022890091,Tetê,h,10536,OpenPlay,2022,LeftFoot,18427,Leicester,Tottenham,4,1,2023-02-11 15:00:00,,Rebound
508516,49,MissedShots,0.9230000305175782,0.5629999923706055,0.0645658001303672,Harvey Barnes,h,6681,OpenPlay,2022,Head,18427,Leicester,Tottenham,4,1,2023-02-11 15:00:00,Victor Kristiansen,Chipped
508518,57,SavedShot,0.905,0.6840000152587891,0.091748297214508,Harvey Barnes,h,6681,OpenPlay,2022,RightFoot,18427,Leicester,Tottenham,4,1,2023-02-11 15:00:00,Victor Kristiansen,Pass
508519,68,MissedShots,0.925,0.5670000076293945,0.234166994690895,Kelechi Iheanacho,h,620,OpenPlay,2022,Head,18427,Leicester,Tottenham,4,1,2023-02-11 15:00:00,Harvey Barnes,Cross
508521,80,Goal,0.8169999694824219,0.5270000076293946,0.0839399024844169,Harvey Barnes,h,6681,OpenPlay,2022,RightFoot,18427,Leicester,Tottenham,4,1,2023-02-11 15:00:00,James Maddison,Pass
508522,82,MissedShots,0.875999984741211,0.685,0.0664127022027969,James Maddison,h,6818,OpenPlay,2022,RightFoot,18427,Leicester,Tottenham,4,1,2023-02-11 15:00:00,Kiernan Dewsbury-Hall,Pass
510353,0,MissedShots,0.8019999694824219,0.5120000076293946,0.0460501015186309,Jarrod Bowen,a,1776,OpenPlay,2022,LeftFoot,18440,Tottenham,West Ham,2,0,2023-02-19 16:30:00,Tomas Soucek,Pass
510358,42,MissedShots,0.9030000305175782,0.5109999847412109,0.0464901998639106,Tomas Soucek,a,8288,SetPiece,2022,Head,18440,Tottenham,West Ham,2,0,2023-02-19 16:30:00,Jarrod Bowen,Aerial
510365,57,SavedShot,0.8730000305175781,0.5940000152587891,0.0634412989020347,Jarrod Bowen,a,1776,OpenPlay,2022,LeftFoot,18440,Tottenham,West Ham,2,0,2023-02-19 16:30:00,Michail Antonio,BallTouch
510371,74,MissedShots,0.79,0.3529999923706055,0.077438898384571,Said Benrahma,a,3585,DirectFreekick,2022,RightFoot,18440,Tottenham,West Ham,2,0,2023-02-19 16:30:00,,Standard
510373,78,MissedShots,0.906999969482422,0.3659999847412109,0.0836348980665206,Said Benrahma,a,3585,OpenPlay,2022,RightFoot,18440,Tottenham,West Ham,2,0,2023-02-19 16:30:00,Jarrod Bowen,Pass
510374,86,BlockedShot,0.87,0.63,0.0481178984045982,Danny Ings,a,986,OpenPlay,2022,RightFoot,18440,Tottenham,West Ham,2,0,2023-02-19 16:30:00,,
511215,1,MissedShots,0.759000015258789,0.639000015258789,0.0196736007928848,João Félix,a,7892,OpenPlay,2022,RightFoot,18450,Tottenham,Chelsea,2,0,2023-02-26 13:30:00,,BallRecovery
511216,11,BlockedShot,0.8180000305175781,0.2389999961853027,0.0157181993126869,Hakim Ziyech,a,8992,OpenPlay,2022,LeftFoot,18450,Tottenham,Chelsea,2,0,2023-02-26 13:30:00,Kai Havertz,Pass
511217,17,SavedShot,0.7930000305175782,0.479000015258789,0.0443852990865707,João Félix,a,7892,OpenPlay,2022,LeftFoot,18450,Tottenham,Chelsea,2,0,2023-02-26 13:30:00,Kai Havertz,Pass
511219,24,BlockedShot,0.81,0.47,0.0559468008577823,Enzo Fernández,a,11356,OpenPlay,2022,RightFoot,18450,Tottenham,Chelsea,2,0,2023-02-26 13:30:00,Ruben Loftus-Cheek,Pass
511224,51,MissedShots,0.799000015258789,0.2479999923706054,0.0098235299810767,Hakim Ziyech,a,8992,OpenPlay,2022,LeftFoot,18450,Tottenham,Chelsea,2,0,2023-02-26 13:30:00,Ben Chilwell,Chipped
511225,59,BlockedShot,0.755,0.38,0.0237525999546051,João Félix,a,7892,OpenPlay,2022,RightFoot,18450,Tottenham,Chelsea,2,0,2023-02-26 13:30:00,Kai Havertz,LayOff
511226,69,SavedShot,0.9159999847412108,0.3940000152587891,0.0379632003605365,Raheem Sterling,a,618,OpenPlay,2022,Head,18450,Tottenham,Chelsea,2,0,2023-02-26 13:30:00,Enzo Fernández,Chipped
511228,77,MissedShots,0.7230000305175781,0.419000015258789,0.0139282001182436,Reece James,a,8067,FromCorner,2022,RightFoot,18450,Tottenham,Chelsea,2,0,2023-02-26 13:30:00,,
511231,85,MissedShots,0.755,0.535,0.0211979001760482,Mykhailo Mudryk,a,11305,OpenPlay,2022,RightFoot,18450,Tottenham,Chelsea,2,0,2023-02-26 13:30:00,Denis Zakaria,BallRecovery
511232,91,MissedShots,0.8180000305175781,0.4570000076293945,0.0198915004730224,Ben Chilwell,a,782,OpenPlay,2022,RightFoot,18450,Tottenham,Chelsea,2,0,2023-02-26 13:30:00,,Aerial
512137,54,SavedShot,0.919000015258789,0.485,0.1244139969348907,Raúl Jiménez,h,4105,OpenPlay,2022,Head,18461,Wolverhampton Wanderers,Tottenham,1,0,2023-03-04 15:00:00,Adama Traoré,Cross
512141,68,SavedShot,0.68,0.2889999961853027,0.0100769996643066,Rúben Neves,h,6853,OpenPlay,2022,RightFoot,18461,Wolverhampton Wanderers,Tottenham,1,0,2023-03-04 15:00:00,,BallRecovery
512142,68,SavedShot,0.7130000305175781,0.4729999923706054,0.0146096004173159,Rúben Neves,h,6853,OpenPlay,2022,RightFoot,18461,Wolverhampton Wanderers,Tottenham,1,0,2023-03-04 15:00:00,João Moutinho,Pass
512143,69,MissedShots,0.7780000305175782,0.6029999923706054,0.0148705001920461,Rúben Neves,h,6853,FromCorner,2022,RightFoot,18461,Wolverhampton Wanderers,Tottenham,1,0,2023-03-04 15:00:00,,Aerial
512144,72,MissedShots,0.925,0.3390000152587891,0.2293429970741272,Matheus Cunha,h,7080,OpenPlay,2022,RightFoot,18461,Wolverhampton Wanderers,Tottenham,1,0,2023-03-04 15:00:00,Raúl Jiménez,Pass
512148,81,SavedShot,0.805,0.354000015258789,0.029713500291109,Raúl Jiménez,h,4105,OpenPlay,2022,RightFoot,18461,Wolverhampton Wanderers,Tottenham,1,0,2023-03-04 15:00:00,João Moutinho,TakeOn
512149,81,Goal,0.855,0.4779999923706055,0.0716018974781036,Adama Traoré,h,900,OpenPlay,2022,RightFoot,18461,Wolverhampton Wanderers,Tottenham,1,0,2023-03-04 15:00:00,,Rebound
512152,88,MissedShots,0.8619999694824219,0.35,0.069975197315216,Nélson Semedo,h,6163,OpenPlay,2022,RightFoot,18461,Wolverhampton Wanderers,Tottenham,1,0,2023-03-04 15:00:00,,
513499,46,BlockedShot,0.78,0.37,0.0267079006880521,Jonjo Shelvey,a,769,OpenPlay,2022,LeftFoot,18470,Tottenham,Nottingham Forest,3,1,2023-03-11 15:00:00,Brennan Johnson,Pass
513501,55,MissedShots,0.7609999847412109,0.5029999923706054,0.0188791006803512,Jonjo Shelvey,a,769,FromCorner,2022,LeftFoot,18470,Tottenham,Nottingham Forest,3,1,2023-03-11 15:00:00,,
513503,58,MissedShots,0.9130000305175782,0.3940000152587891,0.0828808024525642,Felipe,a,7921,SetPiece,2022,RightFoot,18470,Tottenham,Nottingham Forest,3,1,2023-03-11 15:00:00,Joe Worrall,BallTouch
513504,60,SavedShot,0.86,0.3320000076293945,0.054831501096487,Brennan Johnson,a,10760,OpenPlay,2022,RightFoot,18470,Tottenham,Nottingham Forest,3,1,2023-03-11 15:00:00,Morgan Gibbs-White,Pass
513507,75,SavedShot,0.9390000152587892,0.5690000152587891,0.0936383977532386,Serge Aurier,a,3600,FromCorner,2022,Head,18470,Tottenham,Nottingham Forest,3,1,2023-03-11 15:00:00,Morgan Gibbs-White,Cross
513508,76,SavedShot,0.9740000152587892,0.625,0.0480183996260166,Emmanuel Dennis,a,9301,FromCorner,2022,RightFoot,18470,Tottenham,Nottingham Forest,3,1,2023-03-11 15:00:00,Serge Aurier,Chipped
513511,80,Goal,0.973000030517578,0.4520000076293945,0.5187739729881287,Joe Worrall,a,10756,FromCorner,2022,Head,18470,Tottenham,Nottingham Forest,3,1,2023-03-11 15:00:00,Felipe,Pass
513513,91,BlockedShot,0.895,0.6559999847412109,0.0231542997062206,Felipe,a,7921,SetPiece,2022,Head,18470,Tottenham,Nottingham Forest,3,1,2023-03-11 15:00:00,Jonjo Shelvey,Chipped
513514,95,SavedShot,0.885,0.5,0.7611690163612366,André Ayew,a,713,Penalty,2022,RightFoot,18470,Tottenham,Nottingham Forest,3,1,2023-03-11 15:00:00,,Standard
514994,2,BlockedShot,0.885,0.4020000076293945,0.1029699966311454,Stuart Armstrong,h,6893,OpenPlay,2022,RightFoot,18480,Southampton,Tottenham,3,3,2023-03-18 15:00:00,Romain Perraud,Pass
514995,2,MissedShots,0.8130000305175781,0.455,0.0393953993916511,James Ward-Prowse,h,843,OpenPlay,2022,RightFoot,18480,Southampton,Tottenham,3,3,2023-03-18 15:00:00,,Rebound
514996,2,MissedShots,0.9459999847412108,0.5670000076293945,0.1479160040616989,Che Adams,h,7700,OpenPlay,2022,LeftFoot,18480,Southampton,Tottenham,3,3,2023-03-18 15:00:00,James Ward-Prowse,Rebound
514997,9,MissedShots,0.8040000152587891,0.365,0.0311430003494024,James Ward-Prowse,h,843,OpenPlay,2022,LeftFoot,18480,Southampton,Tottenham,3,3,2023-03-18 15:00:00,Che Adams,Pass
515004,39,MissedShots,0.8580000305175781,0.56,0.0179357007145881,Mohammed Salisu,h,6923,FromCorner,2022,Head,18480,Southampton,Tottenham,3,3,2023-03-18 15:00:00,James Ward-Prowse,Cross
515005,40,MissedShots,0.9009999847412108,0.5879999923706055,0.0309123992919921,Mohammed Salisu,h,6923,FromCorner,2022,Head,18480,Southampton,Tottenham,3,3,2023-03-18 15:00:00,James Ward-Prowse,Cross
515010,45,Goal,0.9540000152587892,0.484000015258789,0.619858980178833,Che Adams,h,7700,OpenPlay,2022,RightFoot,18480,Southampton,Tottenham,3,3,2023-03-18 15:00:00,Theo Walcott,Pass
515008,48,MissedShots,0.7880000305175782,0.7169999694824218,0.0190178006887435,Kyle Walker-Peters,h,885,FromCorner,2022,RightFoot,18480,Southampton,Tottenham,3,3,2023-03-18 15:00:00,Stuart Armstrong,Pass
515009,49,BlockedShot,0.779000015258789,0.6359999847412109,0.0267593991011381,Mohamed Elyounoussi,h,6894,OpenPlay,2022,RightFoot,18480,Southampton,Tottenham,3,3,2023-03-18 15:00:00,Romeo Lavia,Pass
515011,50,MissedShots,0.710999984741211,0.5570000076293945,0.041177000850439,James Ward-Prowse,h,843,DirectFreekick,2022,RightFoot,18480,Southampton,Tottenham,3,3,2023-03-18 15:00:00,,Standard
515016,62,BlockedShot,0.8569999694824219,0.5870000076293945,0.0884054005146026,Che Adams,h,7700,OpenPlay,2022,RightFoot,18480,Southampton,Tottenham,3,3,2023-03-18 15:00:00,Mohamed Elyounoussi,Pass
515018,68,SavedShot,0.6980000305175781,0.6619999694824219,0.0127680003643035,James Ward-Prowse,h,843,OpenPlay,2022,RightFoot,18480,Southampton,Tottenham,3,3,2023-03-18 15:00:00,Romeo Lavia,Pass
515019,71,SavedShot,0.7680000305175781,0.7380000305175781,0.0150124998763203,Romain Perraud,h,6500,OpenPlay,2022,LeftFoot,18480,Southampton,Tottenham,3,3,2023-03-18 15:00:00,Kamaldeen Sulemana,Pass
515021,76,SavedShot,0.7280000305175781,0.47,0.0137403002008795,Ainsley Maitland-Niles,h,1750,OpenPlay,2022,RightFoot,18480,Southampton,Tottenham,3,3,2023-03-18 15:00:00,James Ward-Prowse,Pass
515022,76,Goal,0.9230000305175782,0.4879999923706055,0.4590030014514923,Theo Walcott,h,503,FromCorner,2022,LeftFoot,18480,Southampton,Tottenham,3,3,2023-03-18 15:00:00,Sékou Mara,HeadPass
515023,78,SavedShot,0.8680000305175781,0.5979999923706054,0.0772565975785255,Sékou Mara,h,8970,OpenPlay,2022,LeftFoot,18480,Southampton,Tottenham,3,3,2023-03-18 15:00:00,Kamaldeen Sulemana,Pass
515024,89,BlockedShot,0.845,0.4220000076293945,0.0215502008795738,Carlos Alcaraz,h,11297,OpenPlay,2022,RightFoot,18480,Southampton,Tottenham,3,3,2023-03-18 15:00:00,,Aerial
515025,89,BlockedShot,0.9059999847412108,0.615999984741211,0.0192952994257211,Mohammed Salisu,h,6923,FromCorner,2022,Head,18480,Southampton,Tottenham,3,3,2023-03-18 15:00:00,James Ward-Prowse,Cross
515026,92,Goal,0.885,0.5,0.7611690163612366,James Ward-Prowse,h,843,Penalty,2022,RightFoot,18480,Southampton,Tottenham,3,3,2023-03-18 15:00:00,,Standard
517361,1,MissedShots,0.8519999694824218,0.6759999847412109,0.0464502982795238,Demarai Gray,h,762,OpenPlay,2022,RightFoot,18487,Everton,Tottenham,1,1,2023-04-03 19:00:00,Alex Iwobi,Pass
517364,9,MissedShots,0.8530000305175781,0.555,0.0676861032843589,Michael Keane,h,1653,SetPiece,2022,RightFoot,18487,Everton,Tottenham,1,1,2023-04-03 19:00:00,Abdoulaye Doucouré,Pass
517366,16,BlockedShot,0.754000015258789,0.4759999847412109,0.0211724005639553,Amadou Onana,h,9667,OpenPlay,2022,RightFoot,18487,Everton,Tottenham,1,1,2023-04-03 19:00:00,,
517367,23,BlockedShot,0.8580000305175781,0.62,0.0626851990818977,Ben Godfrey,h,7689,OpenPlay,2022,RightFoot,18487,Everton,Tottenham,1,1,2023-04-03 19:00:00,Amadou Onana,Pass
517368,30,MissedShots,0.906999969482422,0.5379999923706055,0.2302570044994354,Abdoulaye Doucouré,h,1726,SetPiece,2022,Head,18487,Everton,Tottenham,1,1,2023-04-03 19:00:00,Alex Iwobi,Cross
517369,37,SavedShot,0.7119999694824218,0.4329999923706055,0.0146308997645974,Amadou Onana,h,9667,OpenPlay,2022,LeftFoot,18487,Everton,Tottenham,1,1,2023-04-03 19:00:00,Idrissa Gueye,Pass
517370,46,MissedShots,0.835999984741211,0.429000015258789,0.0644280984997749,Idrissa Gueye,h,668,OpenPlay,2022,RightFoot,18487,Everton,Tottenham,1,1,2023-04-03 19:00:00,Amadou Onana,BallRecovery
517372,51,SavedShot,0.774000015258789,0.345,0.0175378005951643,Amadou Onana,h,9667,OpenPlay,2022,RightFoot,18487,Everton,Tottenham,1,1,2023-04-03 19:00:00,Demarai Gray,Pass
517373,63,MissedShots,0.8769999694824219,0.2920000076293945,0.0403668992221355,Alex Iwobi,h,500,OpenPlay,2022,RightFoot,18487,Everton,Tottenham,1,1,2023-04-03 19:00:00,,TakeOn
517375,72,SavedShot,0.8590000152587891,0.6880000305175781,0.0420510992407798,Demarai Gray,h,762,OpenPlay,2022,LeftFoot,18487,Everton,Tottenham,1,1,2023-04-03 19:00:00,James Tarkowski,Pass
517377,74,SavedShot,0.8090000152587891,0.4729999923706054,0.0481209009885787,Idrissa Gueye,h,668,OpenPlay,2022,RightFoot,18487,Everton,Tottenham,1,1,2023-04-03 19:00:00,Demarai Gray,Pass
517378,75,SavedShot,0.921999969482422,0.5640000152587891,0.0268009006977081,Michael Keane,h,1653,FromCorner,2022,Head,18487,Everton,Tottenham,1,1,2023-04-03 19:00:00,Dwight McNeil,Aerial
517379,79,BlockedShot,0.865999984741211,0.675,0.0510301999747753,Vitalii Mykolenko,h,10291,OpenPlay,2022,LeftFoot,18487,Everton,Tottenham,1,1,2023-04-03 19:00:00,Dwight McNeil,Pass
517380,89,Goal,0.7219999694824218,0.4779999923706055,0.0171346999704837,Michael Keane,h,1653,OpenPlay,2022,RightFoot,18487,Everton,Tottenham,1,1,2023-04-03 19:00:00,Ben Godfrey,Pass
517382,93,BlockedShot,0.9130000305175782,0.3629999923706055,0.0730122998356819,James Tarkowski,h,1665,SetPiece,2022,LeftFoot,18487,Everton,Tottenham,1,1,2023-04-03 19:00:00,,BallTouch
518020,4,MissedShots,0.9740000152587892,0.5420000076293945,0.5323200225830078,Kaoru Mitoma,a,10806,FromCorner,2022,RightFoot,18500,Tottenham,Brighton,2,1,2023-04-08 14:00:00,Solly March,Cross
518022,14,BlockedShot,0.9159999847412108,0.4570000076293945,0.0431962981820106,Danny Welbeck,a,501,OpenPlay,2022,Head,18500,Tottenham,Brighton,2,1,2023-04-08 14:00:00,Estupiñán,Aerial
518023,15,BlockedShot,0.8019999694824219,0.2570000076293945,0.021399600431323,Pascal Groß,a,239,OpenPlay,2022,RightFoot,18500,Tottenham,Brighton,2,1,2023-04-08 14:00:00,Moisés Caicedo,Pass
518025,22,SavedShot,0.740999984741211,0.41,0.0195403005927801,Alexis Mac Allister,a,8379,OpenPlay,2022,RightFoot,18500,Tottenham,Brighton,2,1,2023-04-08 14:00:00,Joël Veltman,Pass
518026,25,SavedShot,0.789000015258789,0.3609999847412109,0.0427782014012336,Alexis Mac Allister,a,8379,OpenPlay,2022,RightFoot,18500,Tottenham,Brighton,2,1,2023-04-08 14:00:00,Danny Welbeck,LayOff
518027,25,SavedShot,0.74,0.4859999847412109,0.0174899995326995,Moisés Caicedo,a,9453,OpenPlay,2022,RightFoot,18500,Tottenham,Brighton,2,1,2023-04-08 14:00:00,Alexis Mac Allister,BallRecovery
518028,25,BlockedShot,0.7280000305175781,0.4829999923706055,0.0193805992603302,Alexis Mac Allister,a,8379,OpenPlay,2022,RightFoot,18500,Tottenham,Brighton,2,1,2023-04-08 14:00:00,Moisés Caicedo,Pass
518030,33,Goal,0.968000030517578,0.5770000076293945,0.2847779989242553,Lewis Dunk,a,6048,FromCorner,2022,Head,18500,Tottenham,Brighton,2,1,2023-04-08 14:00:00,Solly March,Cross
518031,35,BlockedShot,0.8919999694824219,0.4020000076293945,0.1074090003967285,Kaoru Mitoma,a,10806,OpenPlay,2022,RightFoot,18500,Tottenham,Brighton,2,1,2023-04-08 14:00:00,Alexis Mac Allister,Pass
518032,37,MissedShots,0.8440000152587891,0.35,0.0559691004455089,Solly March,a,6049,OpenPlay,2022,LeftFoot,18500,Tottenham,Brighton,2,1,2023-04-08 14:00:00,Pascal Groß,Pass
518035,54,BlockedShot,0.8440000152587891,0.4529999923706054,0.0916261002421379,Danny Welbeck,a,501,OpenPlay,2022,LeftFoot,18500,Tottenham,Brighton,2,1,2023-04-08 14:00:00,Solly March,Pass
518038,68,MissedShots,0.8669999694824219,0.5559999847412109,0.0272448994219303,Joël Veltman,a,8780,SetPiece,2022,Head,18500,Tottenham,Brighton,2,1,2023-04-08 14:00:00,Pascal Groß,Cross
518041,80,BlockedShot,0.860999984741211,0.6320000076293946,0.0473975017666816,Evan Ferguson,a,10177,OpenPlay,2022,LeftFoot,18500,Tottenham,Brighton,2,1,2023-04-08 14:00:00,Kaoru Mitoma,HeadPass
518042,81,MissedShots,0.9230000305175782,0.6129999923706054,0.0286125000566244,Lewis Dunk,a,6048,FromCorner,2022,Head,18500,Tottenham,Brighton,2,1,2023-04-08 14:00:00,Solly March,Cross
518043,90,BlockedShot,0.895,0.479000015258789,0.0692925974726677,Julio Enciso,a,11058,OpenPlay,2022,Head,18500,Tottenham,Brighton,2,1,2023-04-08 14:00:00,Solly March,Cross
518044,95,BlockedShot,0.8590000152587891,0.4620000076293945,0.0139034995809197,Alexis Mac Allister,a,8379,OpenPlay,2022,Head,18500,Tottenham,Brighton,2,1,2023-04-08 14:00:00,Lewis Dunk,Aerial
518045,96,MissedShots,0.933000030517578,0.5429999923706055,0.0531486012041568,Kaoru Mitoma,a,10806,OpenPlay,2022,Head,18500,Tottenham,Brighton,2,1,2023-04-08 14:00:00,Solly March,Aerial
519515,1,BlockedShot,0.845999984741211,0.3290000152587891,0.0767709016799926,Marcus Tavernier,a,10741,OpenPlay,2022,LeftFoot,18509,Tottenham,Bournemouth,2,3,2023-04-15 14:00:00,Ryan Christie,Pass
519521,15,MissedShots,0.8430000305175781,0.5370000076293945,0.0683896020054817,Ryan Christie,a,10744,OpenPlay,2022,LeftFoot,18509,Tottenham,Bournemouth,2,3,2023-04-15 14:00:00,Matias Viña,Pass
519524,25,MissedShots,0.6519999694824219,0.5259999847412109,0.0109281996265053,Jefferson Lerma,a,2182,OpenPlay,2022,RightFoot,18509,Tottenham,Bournemouth,2,3,2023-04-15 14:00:00,Lloyd Kelly,Pass
519525,28,SavedShot,0.8,0.3520000076293945,0.0305160991847515,Marcus Tavernier,a,10741,OpenPlay,2022,LeftFoot,18509,Tottenham,Bournemouth,2,3,2023-04-15 14:00:00,Ryan Christie,Pass
519527,37,Goal,0.8919999694824219,0.61,0.3548679947853088,Matias Viña,a,9892,OpenPlay,2022,LeftFoot,18509,Tottenham,Bournemouth,2,3,2023-04-15 14:00:00,Dominic Solanke,Throughball
519530,50,Goal,0.911999969482422,0.5770000076293945,0.3787600100040436,Dominic Solanke,a,1679,OpenPlay,2022,LeftFoot,18509,Tottenham,Bournemouth,2,3,2023-04-15 14:00:00,,TakeOn
519538,73,SavedShot,0.933000030517578,0.7069999694824218,0.0677743032574653,Jaidon Anthony,a,10746,OpenPlay,2022,RightFoot,18509,Tottenham,Bournemouth,2,3,2023-04-15 14:00:00,,TakeOn
519544,86,SavedShot,0.7959999847412109,0.3659999847412109,0.0336868017911911,Jefferson Lerma,a,2182,OpenPlay,2022,RightFoot,18509,Tottenham,Bournemouth,2,3,2023-04-15 14:00:00,Dango Ouattara,Pass
519547,94,Goal,0.8880000305175781,0.6079999923706054,0.1842820048332214,Dango Ouattara,a,9662,OpenPlay,2022,RightFoot,18509,Tottenham,Bournemouth,2,3,2023-04-15 14:00:00,Dominic Solanke,TakeOn
521477,1,SavedShot,0.8580000305175781,0.54,0.1701515167951584,Joelinton,h,87,OpenPlay,2022,RightFoot,18521,Newcastle United,Tottenham,6,1,2023-04-23 13:00:00,Bruno Guimarães,TakeOn
521478,1,Goal,0.988000030517578,0.4209999847412109,0.3728915750980377,Jacob Murphy,h,6063,OpenPlay,2022,RightFoot,18521,Newcastle United,Tottenham,6,1,2023-04-23 13:00:00,,Rebound
521479,3,BlockedShot,0.9230000305175782,0.3259999847412109,0.092633381485939,Alexander Isak,h,5232,OpenPlay,2022,RightFoot,18521,Newcastle United,Tottenham,6,1,2023-04-23 13:00:00,Jacob Murphy,TakeOn
521480,4,MissedShots,0.8969999694824219,0.4570000076293945,0.0175137016922235,Fabian Schär,h,76,FromCorner,2022,Head,18521,Newcastle United,Tottenham,6,1,2023-04-23 13:00:00,Kieran Trippier,Aerial
521481,5,Goal,0.93,0.4079999923706054,0.6054639220237732,Joelinton,h,87,OpenPlay,2022,RightFoot,18521,Newcastle United,Tottenham,6,1,2023-04-23 13:00:00,Fabian Schär,TakeOn
521482,8,Goal,0.73,0.3990000152587891,0.0170963667333126,Jacob Murphy,h,6063,OpenPlay,2022,RightFoot,18521,Newcastle United,Tottenham,6,1,2023-04-23 13:00:00,Fabian Schär,BallRecovery
521484,16,BlockedShot,0.9030000305175782,0.5840000152587891,0.0142855606973171,Sven Botman,h,8635,FromCorner,2022,Head,18521,Newcastle United,Tottenham,6,1,2023-04-23 13:00:00,Kieran Trippier,Aerial
521485,18,Goal,0.8680000305175781,0.419000015258789,0.4505097568035126,Alexander Isak,h,5232,OpenPlay,2022,RightFoot,18521,Newcastle United,Tottenham,6,1,2023-04-23 13:00:00,Joe Willock,Chipped
521486,20,Goal,0.933000030517578,0.3060000038146973,0.0805738344788551,Alexander Isak,h,5232,OpenPlay,2022,RightFoot,18521,Newcastle United,Tottenham,6,1,2023-04-23 13:00:00,Sean Longstaff,Pass
521490,38,MissedShots,0.855999984741211,0.46,0.4064729809761047,Joe Willock,h,6630,OpenPlay,2022,RightFoot,18521,Newcastle United,Tottenham,6,1,2023-04-23 13:00:00,Sean Longstaff,BallTouch
521491,40,BlockedShot,0.7669999694824219,0.629000015258789,0.0334047004580497,Joe Willock,h,6630,OpenPlay,2022,RightFoot,18521,Newcastle United,Tottenham,6,1,2023-04-23 13:00:00,Joelinton,TakeOn
521492,42,MissedShots,0.904000015258789,0.49,0.1058769524097442,Dan Burn,h,7382,OpenPlay,2022,Head,18521,Newcastle United,Tottenham,6,1,2023-04-23 13:00:00,Kieran Trippier,Cross
521493,42,BlockedShot,0.8159999847412109,0.51,0.0727980509400367,Sean Longstaff,h,7078,OpenPlay,2022,RightFoot,18521,Newcastle United,Tottenham,6,1,2023-04-23 13:00:00,Joe Willock,Pass
521494,46,MissedShots,0.7980000305175782,0.3920000076293945,0.0510936789214611,Jacob Murphy,h,6063,OpenPlay,2022,LeftFoot,18521,Newcastle United,Tottenham,6,1,2023-04-23 13:00:00,Bruno Guimarães,TakeOn
521495,46,BlockedShot,0.8919999694824219,0.455,0.087116464972496,Sean Longstaff,h,7078,OpenPlay,2022,LeftFoot,18521,Newcastle United,Tottenham,6,1,2023-04-23 13:00:00,,Aerial
521496,46,MissedShots,0.955999984741211,0.5729999923706055,0.1155765131115913,Alexander Isak,h,5232,OpenPlay,2022,Head,18521,Newcastle United,Tottenham,6,1,2023-04-23 13:00:00,Bruno Guimarães,Cross
521499,51,BlockedShot,0.9159999847412108,0.3579999923706055,0.0990156382322311,Sean Longstaff,h,7078,OpenPlay,2022,RightFoot,18521,Newcastle United,Tottenham,6,1,2023-04-23 13:00:00,Bruno Guimarães,Pass
521500,52,BlockedShot,0.916999969482422,0.4859999847412109,0.0945875868201255,Dan Burn,h,7382,FromCorner,2022,Head,18521,Newcastle United,Tottenham,6,1,2023-04-23 13:00:00,Kieran Trippier,Cross
521505,66,BlockedShot,0.8590000152587891,0.3359999847412109,0.0796388164162635,Miguel Almirón,h,7420,OpenPlay,2022,LeftFoot,18521,Newcastle United,Tottenham,6,1,2023-04-23 13:00:00,Kieran Trippier,Pass
521506,66,Goal,0.916999969482422,0.5379999923706055,0.5383685231208801,Callum Wilson,h,468,OpenPlay,2022,RightFoot,18521,Newcastle United,Tottenham,6,1,2023-04-23 13:00:00,,Rebound
521507,69,BlockedShot,0.8240000152587891,0.5790000152587891,0.0756245702505111,Joelinton,h,87,OpenPlay,2022,LeftFoot,18521,Newcastle United,Tottenham,6,1,2023-04-23 13:00:00,Callum Wilson,Pass
521508,78,SavedShot,0.915,0.629000015258789,0.3179857432842254,Anthony Gordon,h,8150,OpenPlay,2022,RightFoot,18521,Newcastle United,Tottenham,6,1,2023-04-23 13:00:00,Joe Willock,Pass
521509,79,BlockedShot,0.905,0.44,0.0540120936930179,Jamaal Lascelles,h,766,FromCorner,2022,Head,18521,Newcastle United,Tottenham,6,1,2023-04-23 13:00:00,Anthony Gordon,Cross
521510,79,BlockedShot,0.865,0.4820000076293945,0.0604194439947605,Joelinton,h,87,FromCorner,2022,RightFoot,18521,Newcastle United,Tottenham,6,1,2023-04-23 13:00:00,,BallTouch
521512,90,BlockedShot,0.8130000305175781,0.5279999923706055,0.0785289853811264,Joe Willock,h,6630,OpenPlay,2022,RightFoot,18521,Newcastle United,Tottenham,6,1,2023-04-23 13:00:00,Miguel Almirón,Pass
522361,6,Goal,0.8619999694824219,0.6659999847412109,0.059679377824068,Jadon Sancho,a,6345,OpenPlay,2022,RightFoot,18525,Tottenham,Manchester United,2,2,2023-04-27 19:15:00,Marcus Rashford,Pass
522362,12,MissedShots,0.7040000152587891,0.4459999847412109,0.0386119857430458,Marcus Rashford,a,556,DirectFreekick,2022,RightFoot,18525,Tottenham,Manchester United,2,2,2023-04-27 19:15:00,,Standard
522364,18,BlockedShot,0.8969999694824219,0.6469999694824219,0.1005151569843292,Jadon Sancho,a,6345,OpenPlay,2022,RightFoot,18525,Tottenham,Manchester United,2,2,2023-04-27 19:15:00,Bruno Fernandes,Pass
522365,18,BlockedShot,0.8959999847412109,0.6170000076293946,0.0908691585063934,Jadon Sancho,a,6345,OpenPlay,2022,RightFoot,18525,Tottenham,Manchester United,2,2,2023-04-27 19:15:00,,Rebound
522367,23,BlockedShot,0.919000015258789,0.3279999923706054,0.091290459036827,Bruno Fernandes,a,1228,OpenPlay,2022,RightFoot,18525,Tottenham,Manchester United,2,2,2023-04-27 19:15:00,Antony,Pass
522368,24,SavedShot,0.7130000305175781,0.6869999694824219,0.0146366842091083,Bruno Fernandes,a,1228,OpenPlay,2022,LeftFoot,18525,Tottenham,Manchester United,2,2,2023-04-27 19:15:00,Casemiro,TakeOn
522371,32,BlockedShot,0.8680000305175781,0.575,0.117135189473629,Bruno Fernandes,a,1228,OpenPlay,2022,RightFoot,18525,Tottenham,Manchester United,2,2,2023-04-27 19:15:00,Antony,Pass
522372,38,SavedShot,0.9569999694824218,0.4209999847412109,0.3461697697639465,Marcus Rashford,a,556,OpenPlay,2022,RightFoot,18525,Tottenham,Manchester United,2,2,2023-04-27 19:15:00,Bruno Fernandes,Chipped
522374,40,SavedShot,0.8490000152587891,0.705999984741211,0.0469141080975532,Marcus Rashford,a,556,OpenPlay,2022,LeftFoot,18525,Tottenham,Manchester United,2,2,2023-04-27 19:15:00,Christian Eriksen,Chipped
522375,41,MissedShots,0.710999984741211,0.500999984741211,0.0423082299530506,Christian Eriksen,a,646,DirectFreekick,2022,RightFoot,18525,Tottenham,Manchester United,2,2,2023-04-27 19:15:00,,Standard
522377,43,Goal,0.905,0.624000015258789,0.3512506783008575,Marcus Rashford,a,556,OpenPlay,2022,LeftFoot,18525,Tottenham,Manchester United,2,2,2023-04-27 19:15:00,Bruno Fernandes,Chipped
522382,56,ShotOnPost,0.9230000305175782,0.5070000076293946,0.5273982882499695,Bruno Fernandes,a,1228,OpenPlay,2022,RightFoot,18525,Tottenham,Manchester United,2,2,2023-04-27 19:15:00,Christian Eriksen,TakeOn
522383,56,SavedShot,0.9,0.5609999847412109,0.0294000431895256,Aaron Wan-Bissaka,a,5584,OpenPlay,2022,Head,18525,Tottenham,Manchester United,2,2,2023-04-27 19:15:00,,Rebound
522384,57,SavedShot,0.7619999694824219,0.4059999847412109,0.0175040885806083,Antony,a,11094,FromCorner,2022,LeftFoot,18525,Tottenham,Manchester United,2,2,2023-04-27 19:15:00,,
522393,83,MissedShots,0.7480000305175781,0.6090000152587891,0.016246773302555,Marcus Rashford,a,556,OpenPlay,2022,RightFoot,18525,Tottenham,Manchester United,2,2,2023-04-27 19:15:00,,
522394,92,MissedShots,0.9259999847412108,0.4459999847412109,0.0551678501069545,Casemiro,a,2248,OpenPlay,2022,Head,18525,Tottenham,Manchester United,2,2,2023-04-27 19:15:00,Luke Shaw,Aerial
522395,93,BlockedShot,0.8109999847412109,0.495,0.0446164049208164,Fred,a,6817,OpenPlay,2022,RightFoot,18525,Tottenham,Manchester United,2,2,2023-04-27 19:15:00,Wout Weghorst,Pass
523432,2,Goal,0.95,0.5990000152587891,0.3017379641532898,Curtis Jones,h,6665,OpenPlay,2022,LeftFoot,18539,Liverpool,Tottenham,4,3,2023-04-30 15:30:00,Trent Alexander-Arnold,Cross
523433,4,Goal,0.9519999694824218,0.4570000076293945,0.621370255947113,Luis Díaz,h,10408,OpenPlay,2022,RightFoot,18539,Liverpool,Tottenham,4,3,2023-04-30 15:30:00,Cody Gakpo,Pass
523434,14,Goal,0.885,0.5,0.7611688375473022,Mohamed Salah,h,1250,Penalty,2022,LeftFoot,18539,Liverpool,Tottenham,4,3,2023-04-30 15:30:00,,Standard
523435,17,BlockedShot,0.835,0.595999984741211,0.0840525701642036,Cody Gakpo,h,11296,OpenPlay,2022,RightFoot,18539,Liverpool,Tottenham,4,3,2023-04-30 15:30:00,Trent Alexander-Arnold,Pass
523436,21,MissedShots,0.84,0.4640000152587891,0.090576097369194,Mohamed Salah,h,1250,OpenPlay,2022,LeftFoot,18539,Liverpool,Tottenham,4,3,2023-04-30 15:30:00,Luis Díaz,Pass
523438,31,MissedShots,0.921999969482422,0.47,0.0550862178206443,Harvey Elliott,h,7546,OpenPlay,2022,Head,18539,Liverpool,Tottenham,4,3,2023-04-30 15:30:00,Andrew Robertson,Aerial
523442,47,BlockedShot,0.955999984741211,0.5540000152587891,0.0679685994982719,Virgil van Dijk,h,833,FromCorner,2022,Head,18539,Liverpool,Tottenham,4,3,2023-04-30 15:30:00,Andrew Robertson,Aerial
523445,54,BlockedShot,0.8830000305175781,0.28,0.0645500123500824,Mohamed Salah,h,1250,OpenPlay,2022,LeftFoot,18539,Liverpool,Tottenham,4,3,2023-04-30 15:30:00,Harvey Elliott,Pass
523447,64,MissedShots,0.9540000152587892,0.6170000076293946,0.0185061078518629,Diogo Jota,h,6854,OpenPlay,2022,Head,18539,Liverpool,Tottenham,4,3,2023-04-30 15:30:00,Jordan Henderson,Aerial
523448,69,BlockedShot,0.740999984741211,0.519000015258789,0.021701630204916,Trent Alexander-Arnold,h,1791,OpenPlay,2022,RightFoot,18539,Liverpool,Tottenham,4,3,2023-04-30 15:30:00,Curtis Jones,Pass
523449,72,MissedShots,0.6890000152587891,0.6309999847412109,0.0137368729338049,Virgil van Dijk,h,833,OpenPlay,2022,RightFoot,18539,Liverpool,Tottenham,4,3,2023-04-30 15:30:00,Fabinho,Pass
523453,93,Goal,0.9030000305175782,0.65,0.3286519944667816,Diogo Jota,h,6854,OpenPlay,2022,LeftFoot,18539,Liverpool,Tottenham,4,3,2023-04-30 15:30:00,,
524667,26,BlockedShot,0.7519999694824219,0.720999984741211,0.0409519784152507,Eberechi Eze,a,8706,DirectFreekick,2022,RightFoot,18549,Tottenham,Crystal Palace,1,0,2023-05-06 14:00:00,,Standard
524668,27,SavedShot,0.8630000305175781,0.2829999923706054,0.0391436666250228,Michael Olise,a,9948,OpenPlay,2022,LeftFoot,18549,Tottenham,Crystal Palace,1,0,2023-05-06 14:00:00,Jordan Ayew,Pass
524670,36,MissedShots,0.963000030517578,0.4020000076293945,0.0656389519572258,Joachim Andersen,a,6314,OpenPlay,2022,RightFoot,18549,Tottenham,Crystal Palace,1,0,2023-05-06 14:00:00,Michael Olise,Aerial
524672,49,MissedShots,0.889000015258789,0.705,0.0291293580085039,Wilfried Zaha,a,522,OpenPlay,2022,RightFoot,18549,Tottenham,Crystal Palace,1,0,2023-05-06 14:00:00,Michael Olise,Chipped
524673,52,MissedShots,0.8590000152587891,0.3970000076293945,0.0746295526623725,Eberechi Eze,a,8706,OpenPlay,2022,RightFoot,18549,Tottenham,Crystal Palace,1,0,2023-05-06 14:00:00,Wilfried Zaha,Pass
524676,58,SavedShot,0.8730000305175781,0.25,0.020765047520399,Cheick Oumar Doucoure,a,8666,FromCorner,2022,RightFoot,18549,Tottenham,Crystal Palace,1,0,2023-05-06 14:00:00,,
524678,73,BlockedShot,0.8590000152587891,0.715,0.0364100597798824,Wilfried Zaha,a,522,OpenPlay,2022,RightFoot,18549,Tottenham,Crystal Palace,1,0,2023-05-06 14:00:00,Cheick Oumar Doucoure,Pass
525957,7,Goal,0.916999969482422,0.4509999847412109,0.4638712108135223,Jacob Ramsey,h,8941,OpenPlay,2022,RightFoot,18553,Aston Villa,Tottenham,2,1,2023-05-13 14:00:00,Leon Bailey,Pass
525958,31,SavedShot,0.9059999847412108,0.525,0.4873084723949432,Leon Bailey,h,5221,OpenPlay,2022,LeftFoot,18553,Aston Villa,Tottenham,2,1,2023-05-13 14:00:00,Ollie Watkins,Pass
525959,40,MissedShots,0.9490000152587892,0.5320000076293945,0.5407993197441101,Ollie Watkins,h,8865,OpenPlay,2022,Head,18553,Aston Villa,Tottenham,2,1,2023-05-13 14:00:00,Álex Moreno,Cross
525960,42,ShotOnPost,0.8490000152587891,0.5920000076293945,0.0942533388733863,Emiliano Buendía,h,2203,OpenPlay,2022,LeftFoot,18553,Aston Villa,Tottenham,2,1,2023-05-13 14:00:00,Jacob Ramsey,Pass
525961,46,MissedShots,0.899000015258789,0.3840000152587891,0.0445478186011314,Ashley Young,h,631,FromCorner,2022,RightFoot,18553,Aston Villa,Tottenham,2,1,2023-05-13 14:00:00,Douglas Luiz,Cross
525962,48,MissedShots,0.7780000305175782,0.365,0.0273663196712732,John McGinn,h,7723,OpenPlay,2022,LeftFoot,18553,Aston Villa,Tottenham,2,1,2023-05-13 14:00:00,Leon Bailey,Pass
525963,50,SavedShot,0.8540000152587891,0.349000015258789,0.0668274462223053,Emiliano Buendía,h,2203,OpenPlay,2022,LeftFoot,18553,Aston Villa,Tottenham,2,1,2023-05-13 14:00:00,Leon Bailey,Pass
525966,71,Goal,0.7619999694824219,0.4779999923706055,0.0748935714364051,Douglas Luiz,h,6122,DirectFreekick,2022,RightFoot,18553,Aston Villa,Tottenham,2,1,2023-05-13 14:00:00,,Standard
527172,3,MissedShots,0.8530000305175781,0.3670000076293945,0.0543791577219963,Bryan Mbeumo,a,6552,OpenPlay,2022,LeftFoot,18569,Tottenham,Brentford,1,3,2023-05-20 11:30:00,Yoane Wissa,
527178,28,MissedShots,0.8880000305175781,0.4620000076293945,0.0363668501377105,Bryan Mbeumo,a,6552,OpenPlay,2022,Head,18569,Tottenham,Brentford,1,3,2023-05-20 11:30:00,,
527179,31,BlockedShot,0.855,0.515,0.0621141828596591,Yoane Wissa,a,5786,OpenPlay,2022,RightFoot,18569,Tottenham,Brentford,1,3,2023-05-20 11:30:00,Rico Henry,Cross
527180,34,MissedShots,0.784000015258789,0.62,0.0231944881379604,Mathias Jensen,a,7166,OpenPlay,2022,RightFoot,18569,Tottenham,Brentford,1,3,2023-05-20 11:30:00,Frank Onyeka,Pass
527185,49,Goal,0.8530000305175781,0.3659999847412109,0.059893611818552,Bryan Mbeumo,a,6552,OpenPlay,2022,LeftFoot,18569,Tottenham,Brentford,1,3,2023-05-20 11:30:00,Yoane Wissa,Pass
527187,55,SavedShot,0.835,0.3509999847412109,0.017256086692214,Bryan Mbeumo,a,6552,OpenPlay,2022,LeftFoot,18569,Tottenham,Brentford,1,3,2023-05-20 11:30:00,,Aerial
527189,58,MissedShots,0.931999969482422,0.455,0.0707317516207695,Bryan Mbeumo,a,6552,OpenPlay,2022,Head,18569,Tottenham,Brentford,1,3,2023-05-20 11:30:00,,
527190,60,MissedShots,0.715,0.5129999923706055,0.0124996844679117,Mathias Jensen,a,7166,OpenPlay,2022,RightFoot,18569,Tottenham,Brentford,1,3,2023-05-20 11:30:00,,
527191,61,Goal,0.9309999847412108,0.3259999847412109,0.3043600916862488,Bryan Mbeumo,a,6552,OpenPlay,2022,LeftFoot,18569,Tottenham,Brentford,1,3,2023-05-20 11:30:00,Aaron Hickey,Throughball
527192,75,MissedShots,0.7480000305175781,0.5670000076293945,0.0163215678185224,Rico Henry,a,9679,FromCorner,2022,LeftFoot,18569,Tottenham,Brentford,1,3,2023-05-20 11:30:00,,
527196,87,Goal,0.914000015258789,0.4959999847412109,0.4963269233703613,Yoane Wissa,a,5786,OpenPlay,2022,LeftFoot,18569,Tottenham,Brentford,1,3,2023-05-20 11:30:00,Bryan Mbeumo,Throughball
529809,6,MissedShots,0.919000015258789,0.4959999847412109,0.258273720741272,Robin Koch,h,6273,OpenPlay,2022,Head,18578,Leeds,Tottenham,1,4,2023-05-28 15:30:00,Rodrigo,Cross
529810,8,BlockedShot,0.8690000152587891,0.4909999847412109,0.0702376440167427,Pascal Struijk,h,8717,OpenPlay,2022,LeftFoot,18578,Leeds,Tottenham,1,4,2023-05-28 15:30:00,,
529811,8,BlockedShot,0.93,0.5529999923706055,0.0431981533765792,Weston McKennie,h,5360,FromCorner,2022,Head,18578,Leeds,Tottenham,1,4,2023-05-28 15:30:00,Adam Forshaw,Aerial
529812,20,BlockedShot,0.7680000305175781,0.325,0.0106636295095086,Adam Forshaw,h,1711,OpenPlay,2022,RightFoot,18578,Leeds,Tottenham,1,4,2023-05-28 15:30:00,,Aerial
529815,34,MissedShots,0.730999984741211,0.4759999847412109,0.0158857870846986,Weston McKennie,h,5360,OpenPlay,2022,RightFoot,18578,Leeds,Tottenham,1,4,2023-05-28 15:30:00,Robin Koch,BallRecovery
529816,36,SavedShot,0.9309999847412108,0.5409999847412109,0.0508755333721637,Maximilian Wöber,h,7366,FromCorner,2022,Head,18578,Leeds,Tottenham,1,4,2023-05-28 15:30:00,Adam Forshaw,Aerial
529818,38,MissedShots,0.8690000152587891,0.539000015258789,0.0363838896155357,Robin Koch,h,6273,OpenPlay,2022,Head,18578,Leeds,Tottenham,1,4,2023-05-28 15:30:00,Adam Forshaw,Cross
529819,45,MissedShots,0.899000015258789,0.485,0.0348360538482666,Rodrigo,h,2381,OpenPlay,2022,Head,18578,Leeds,Tottenham,1,4,2023-05-28 15:30:00,,
529820,46,MissedShots,0.906999969482422,0.5590000152587891,0.0979072675108909,Rasmus Kristensen,h,10750,FromCorner,2022,RightFoot,18578,Leeds,Tottenham,1,4,2023-05-28 15:30:00,,
529823,53,BlockedShot,0.7969999694824219,0.7169999694824218,0.0133579801768064,Pascal Struijk,h,8717,OpenPlay,2022,LeftFoot,18578,Leeds,Tottenham,1,4,2023-05-28 15:30:00,,
529824,53,BlockedShot,0.91,0.3820000076293945,0.0541735738515853,Luke Ayling,h,8716,OpenPlay,2022,RightFoot,18578,Leeds,Tottenham,1,4,2023-05-28 15:30:00,Maximilian Wöber,Cross
529825,53,BlockedShot,0.95,0.415,0.1320619285106659,Luke Ayling,h,8716,OpenPlay,2022,RightFoot,18578,Leeds,Tottenham,1,4,2023-05-28 15:30:00,,Rebound
529826,54,BlockedShot,0.764000015258789,0.4159999847412109,0.0174393374472856,Luke Ayling,h,8716,OpenPlay,2022,RightFoot,18578,Leeds,Tottenham,1,4,2023-05-28 15:30:00,,
529827,58,BlockedShot,0.9030000305175782,0.6790000152587891,0.0541017204523086,Maximilian Wöber,h,7366,OpenPlay,2022,RightFoot,18578,Leeds,Tottenham,1,4,2023-05-28 15:30:00,Jack Harrison,BallTouch
529828,61,MissedShots,0.914000015258789,0.4659999847412109,0.1192414462566375,Rodrigo,h,2381,OpenPlay,2022,Head,18578,Leeds,Tottenham,1,4,2023-05-28 15:30:00,Adam Forshaw,Cross
529829,66,Goal,0.8640000152587891,0.3479999923706054,0.0694752112030983,Jack Harrison,h,8720,OpenPlay,2022,RightFoot,18578,Leeds,Tottenham,1,4,2023-05-28 15:30:00,Georginio Rutter,Pass
529831,71,BlockedShot,0.735,0.3279999923706054,0.0098857274278998,Jack Harrison,h,8720,OpenPlay,2022,LeftFoot,18578,Leeds,Tottenham,1,4,2023-05-28 15:30:00,Rasmus Kristensen,Pass
529832,72,BlockedShot,0.8919999694824219,0.5270000076293946,0.063707910478115,Júnior Firpo,h,6485,OpenPlay,2022,Head,18578,Leeds,Tottenham,1,4,2023-05-28 15:30:00,Jack Harrison,Cross
529834,79,MissedShots,0.87,0.445,0.0469540767371654,Georginio Rutter,h,6937,OpenPlay,2022,LeftFoot,18578,Leeds,Tottenham,1,4,2023-05-28 15:30:00,Robin Koch,Aerial
532410,15,SavedShot,0.938000030517578,0.715999984741211,0.0479272194206714,Bryan Mbeumo,h,6552,OpenPlay,2023,LeftFoot,22282,Brentford,Tottenham,2,2,2023-08-13 13:00:00,Yoane Wissa,Pass
532411,16,BlockedShot,0.764000015258789,0.534000015258789,0.011782357469201,Aaron Hickey,h,8942,OpenPlay,2023,LeftFoot,22282,Brentford,Tottenham,2,2,2023-08-13 13:00:00,,Aerial
532412,17,SavedShot,0.8580000305175781,0.4870000076293945,0.0474643521010875,Yoane Wissa,h,5786,FromCorner,2023,RightFoot,22282,Brentford,Tottenham,2,2,2023-08-13 13:00:00,Aaron Hickey,Chipped
532413,26,Goal,0.885,0.5,0.7611688375473022,Bryan Mbeumo,h,6552,Penalty,2023,LeftFoot,22282,Brentford,Tottenham,2,2,2023-08-13 13:00:00,,Standard
532415,30,BlockedShot,0.9230000305175782,0.6719999694824219,0.0626327320933342,Yoane Wissa,h,5786,OpenPlay,2023,RightFoot,22282,Brentford,Tottenham,2,2,2023-08-13 13:00:00,Vitaly Janelt,Pass
532416,35,Goal,0.874000015258789,0.590999984741211,0.090410366654396,Yoane Wissa,h,5786,OpenPlay,2023,LeftFoot,22282,Brentford,Tottenham,2,2,2023-08-13 13:00:00,Rico Henry,Pass
532421,54,MissedShots,0.9259999847412108,0.4520000076293945,0.4895833432674408,Bryan Mbeumo,h,6552,OpenPlay,2023,RightFoot,22282,Brentford,Tottenham,2,2,2023-08-13 13:00:00,Rico Henry,Pass
532425,57,SavedShot,0.87,0.7680000305175781,0.0268438290804624,Vitaly Janelt,h,9680,OpenPlay,2023,LeftFoot,22282,Brentford,Tottenham,2,2,2023-08-13 13:00:00,Yoane Wissa,Pass
532426,57,SavedShot,0.855,0.49,0.0718506500124931,Mikkel Damsgaard,h,8859,OpenPlay,2023,RightFoot,22282,Brentford,Tottenham,2,2,2023-08-13 13:00:00,,Rebound
532433,85,BlockedShot,0.805,0.5479999923706055,0.0175010617822408,Mads Roerslev,h,9685,OpenPlay,2023,RightFoot,22282,Brentford,Tottenham,2,2,2023-08-13 13:00:00,,Aerial
532434,86,MissedShots,0.8680000305175781,0.2889999961853027,0.2823283076286316,Kevin Schade,h,9156,OpenPlay,2023,RightFoot,22282,Brentford,Tottenham,2,2,2023-08-13 13:00:00,Zanka,Chipped
533318,2,MissedShots,0.8569999694824219,0.629000015258789,0.0666698887944221,Antony,a,11094,OpenPlay,2023,LeftFoot,22290,Tottenham,Manchester United,2,0,2023-08-19 16:30:00,Alejandro Garnacho,Pass
533319,4,SavedShot,0.865,0.69,0.0505105592310428,Alejandro Garnacho,a,10552,OpenPlay,2023,RightFoot,22290,Tottenham,Manchester United,2,0,2023-08-19 16:30:00,Mason Mount,TakeOn
533320,8,SavedShot,0.88,0.4059999847412109,0.0120652206242084,Raphael Varane,a,2245,FromCorner,2023,Head,22290,Tottenham,Manchester United,2,0,2023-08-19 16:30:00,Luke Shaw,Aerial
533321,9,MissedShots,0.9109999847412108,0.59,0.0143606876954436,Raphael Varane,a,2245,FromCorner,2023,Head,22290,Tottenham,Manchester United,2,0,2023-08-19 16:30:00,Mason Mount,Aerial
533322,12,SavedShot,0.933000030517578,0.4020000076293945,0.4013241529464721,Marcus Rashford,a,556,OpenPlay,2023,RightFoot,22290,Tottenham,Manchester United,2,0,2023-08-19 16:30:00,Antony,BallTouch
533323,13,BlockedShot,0.915,0.415,0.1263141483068466,Alejandro Garnacho,a,10552,OpenPlay,2023,RightFoot,22290,Tottenham,Manchester United,2,0,2023-08-19 16:30:00,Aaron Wan-Bissaka,Pass
533325,20,BlockedShot,0.865999984741211,0.31,0.10044976323843,Marcus Rashford,a,556,SetPiece,2023,RightFoot,22290,Tottenham,Manchester United,2,0,2023-08-19 16:30:00,Bruno Fernandes,Throughball
533326,22,MissedShots,0.925,0.4170000076293945,0.245133951306343,Marcus Rashford,a,556,OpenPlay,2023,Head,22290,Tottenham,Manchester United,2,0,2023-08-19 16:30:00,Bruno Fernandes,Chipped
533327,23,BlockedShot,0.85,0.5459999847412109,0.0852356106042862,Bruno Fernandes,a,1228,OpenPlay,2023,RightFoot,22290,Tottenham,Manchester United,2,0,2023-08-19 16:30:00,Luke Shaw,Pass
533329,25,BlockedShot,0.85,0.6079999923706054,0.074973315000534,Alejandro Garnacho,a,10552,OpenPlay,2023,RightFoot,22290,Tottenham,Manchester United,2,0,2023-08-19 16:30:00,Marcus Rashford,Pass
533330,27,BlockedShot,0.911999969482422,0.47,0.030823091045022,Casemiro,a,2248,FromCorner,2023,Head,22290,Tottenham,Manchester United,2,0,2023-08-19 16:30:00,Luke Shaw,Aerial
533333,31,BlockedShot,0.8430000305175781,0.4429999923706054,0.0816091895103454,Bruno Fernandes,a,1228,OpenPlay,2023,RightFoot,22290,Tottenham,Manchester United,2,0,2023-08-19 16:30:00,Marcus Rashford,Pass
533334,31,MissedShots,0.8080000305175781,0.26,0.0146573120728135,Antony,a,11094,OpenPlay,2023,LeftFoot,22290,Tottenham,Manchester United,2,0,2023-08-19 16:30:00,,Rebound
533335,35,MissedShots,0.94,0.4779999923706055,0.4336704313755035,Bruno Fernandes,a,1228,OpenPlay,2023,Head,22290,Tottenham,Manchester United,2,0,2023-08-19 16:30:00,Luke Shaw,Chipped
533340,50,ShotOnPost,0.865,0.439000015258789,0.0751875340938568,Antony,a,11094,OpenPlay,2023,LeftFoot,22290,Tottenham,Manchester United,2,0,2023-08-19 16:30:00,Bruno Fernandes,Pass
533343,55,SavedShot,0.916999969482422,0.5179999923706055,0.3236479163169861,Casemiro,a,2248,SetPiece,2023,Head,22290,Tottenham,Manchester United,2,0,2023-08-19 16:30:00,Bruno Fernandes,Cross
533348,79,SavedShot,0.8119999694824219,0.515,0.0448224246501922,Casemiro,a,2248,OpenPlay,2023,RightFoot,22290,Tottenham,Manchester United,2,0,2023-08-19 16:30:00,,
533350,82,OwnGoal,0.0469999980926513,0.4870000076293945,0.0,Lisandro Martínez,a,10802,OpenPlay,2023,RightFoot,22290,Tottenham,Manchester United,2,0,2023-08-19 16:30:00,,Challenge
533351,85,BlockedShot,0.8090000152587891,0.5690000152587891,0.0540432631969451,Bruno Fernandes,a,1228,OpenPlay,2023,RightFoot,22290,Tottenham,Manchester United,2,0,2023-08-19 16:30:00,Anthony Martial,Pass
533352,91,SavedShot,0.7669999694824219,0.68,0.0200999286025762,Bruno Fernandes,a,1228,OpenPlay,2023,RightFoot,22290,Tottenham,Manchester United,2,0,2023-08-19 16:30:00,Lisandro Martínez,Pass
533355,95,BlockedShot,0.8280000305175781,0.44,0.076424092054367,Casemiro,a,2248,OpenPlay,2023,LeftFoot,22290,Tottenham,Manchester United,2,0,2023-08-19 16:30:00,Luke Shaw,Pass
533356,96,BlockedShot,0.899000015258789,0.435,0.0151888327673077,Casemiro,a,2248,FromCorner,2023,Head,22290,Tottenham,Manchester United,2,0,2023-08-19 16:30:00,Luke Shaw,Aerial
533357,98,MissedShots,0.784000015258789,0.53,0.1000246331095695,Bruno Fernandes,a,1228,DirectFreekick,2023,RightFoot,22290,Tottenham,Manchester United,2,0,2023-08-19 16:30:00,,Standard
534439,18,BlockedShot,0.8909999847412109,0.600999984741211,0.0221301224082708,Philip Billing,h,6034,OpenPlay,2023,Head,22296,Bournemouth,Tottenham,0,2,2023-08-26 11:30:00,,Aerial
534443,28,BlockedShot,0.9180000305175782,0.3509999847412109,0.0735486224293708,Antoine Semenyo,h,11363,OpenPlay,2023,LeftFoot,22296,Bournemouth,Tottenham,0,2,2023-08-26 11:30:00,Philip Billing,Pass
534444,34,SavedShot,0.936999969482422,0.5570000076293945,0.0628430023789405,Philip Billing,h,6034,SetPiece,2023,Head,22296,Bournemouth,Tottenham,0,2,2023-08-26 11:30:00,Ryan Christie,Aerial
534446,40,SavedShot,0.8030000305175782,0.6580000305175782,0.0314783081412315,Ryan Christie,h,10744,OpenPlay,2023,LeftFoot,22296,Bournemouth,Tottenham,0,2,2023-08-26 11:30:00,Philip Billing,BallRecovery
534448,49,BlockedShot,0.8540000152587891,0.6990000152587891,0.034033577889204,Justin Kluivert,h,6963,OpenPlay,2023,RightFoot,22296,Bournemouth,Tottenham,0,2,2023-08-26 11:30:00,Philip Billing,Chipped
534449,50,MissedShots,0.865999984741211,0.4109999847412109,0.0602787397801876,Philip Billing,h,6034,OpenPlay,2023,LeftFoot,22296,Bournemouth,Tottenham,0,2,2023-08-26 11:30:00,,Rebound
534450,56,MissedShots,0.7819999694824219,0.6179999923706054,0.0239357687532901,Antoine Semenyo,h,11363,OpenPlay,2023,LeftFoot,22296,Bournemouth,Tottenham,0,2,2023-08-26 11:30:00,Justin Kluivert,BallTouch
534452,66,SavedShot,0.8280000305175781,0.64,0.0598211325705051,Jaidon Anthony,h,10746,OpenPlay,2023,RightFoot,22296,Bournemouth,Tottenham,0,2,2023-08-26 11:30:00,Hamed Junior Traore,TakeOn
534455,84,MissedShots,0.7980000305175782,0.6079999923706054,0.0240414217114448,Lewis Cook,h,1789,FromCorner,2023,RightFoot,22296,Bournemouth,Tottenham,0,2,2023-08-26 11:30:00,,
534457,86,MissedShots,0.894000015258789,0.479000015258789,0.0764728710055351,Dominic Solanke,h,1679,OpenPlay,2023,Head,22296,Bournemouth,Tottenham,0,2,2023-08-26 11:30:00,Max Aarons,Cross
534462,96,MissedShots,0.7559999847412109,0.4470000076293945,0.0170503482222557,Jaidon Anthony,h,10746,OpenPlay,2023,RightFoot,22296,Bournemouth,Tottenham,0,2,2023-08-26 11:30:00,Dominic Solanke,Pass
536252,3,Goal,0.92,0.5320000076293945,0.4949325919151306,Lyle Foster,h,7498,OpenPlay,2023,LeftFoot,21929,Burnley,Tottenham,2,5,2023-09-02 14:00:00,Luca Koleosho,Pass
536256,18,MissedShots,0.895,0.5609999847412109,0.0569112747907638,Luca Koleosho,h,10620,OpenPlay,2023,Head,21929,Burnley,Tottenham,2,5,2023-09-02 14:00:00,Johann Berg Gudmundsson,Cross
536257,20,MissedShots,0.750999984741211,0.51,0.0226836558431386,Zeki Amdouni,h,11701,OpenPlay,2023,RightFoot,21929,Burnley,Tottenham,2,5,2023-09-02 14:00:00,Sander Berge,Pass
536258,23,BlockedShot,0.8130000305175781,0.5029999923706054,0.0779223069548606,Luca Koleosho,h,10620,OpenPlay,2023,RightFoot,21929,Burnley,Tottenham,2,5,2023-09-02 14:00:00,,TakeOn
536270,50,MissedShots,0.730999984741211,0.5259999847412109,0.0164881683886051,Josh Brownhill,h,8323,OpenPlay,2023,RightFoot,21929,Burnley,Tottenham,2,5,2023-09-02 14:00:00,,
536272,55,SavedShot,0.8680000305175781,0.4270000076293945,0.4399324953556061,Lyle Foster,h,7498,OpenPlay,2023,RightFoot,21929,Burnley,Tottenham,2,5,2023-09-02 14:00:00,Zeki Amdouni,Throughball
536273,56,MissedShots,0.931999969482422,0.5720000076293945,0.0314095132052898,Hannes Delcroix,h,11998,FromCorner,2023,Head,21929,Burnley,Tottenham,2,5,2023-09-02 14:00:00,Josh Brownhill,Aerial
536279,76,BlockedShot,0.764000015258789,0.4070000076293945,0.020989840850234,Josh Cullen,h,1018,OpenPlay,2023,RightFoot,21929,Burnley,Tottenham,2,5,2023-09-02 14:00:00,Lyle Foster,Pass
536280,77,BlockedShot,0.8130000305175781,0.4970000076293945,0.037544347345829,Ameen Al Dakhil,h,11699,FromCorner,2023,RightFoot,21929,Burnley,Tottenham,2,5,2023-09-02 14:00:00,,
536281,77,BlockedShot,0.8540000152587891,0.4759999847412109,0.0531790889799594,Ameen Al Dakhil,h,11699,FromCorner,2023,RightFoot,21929,Burnley,Tottenham,2,5,2023-09-02 14:00:00,Jacob Bruun Larsen,BallTouch
536282,78,MissedShots,0.7819999694824219,0.6329999923706054,0.0189360044896602,Ameen Al Dakhil,h,11699,FromCorner,2023,LeftFoot,21929,Burnley,Tottenham,2,5,2023-09-02 14:00:00,,
536283,79,BlockedShot,0.8040000152587891,0.4759999847412109,0.04945645108819,Josh Brownhill,h,8323,OpenPlay,2023,LeftFoot,21929,Burnley,Tottenham,2,5,2023-09-02 14:00:00,Jacob Bruun Larsen,Pass
536284,79,MissedShots,0.955999984741211,0.3920000076293945,0.052018154412508,Dara O&#039;Shea,h,8756,FromCorner,2023,Head,21929,Burnley,Tottenham,2,5,2023-09-02 14:00:00,Connor Roberts,Cross
536285,81,BlockedShot,0.789000015258789,0.675,0.0680738314986229,Jacob Bruun Larsen,h,5355,DirectFreekick,2023,RightFoot,21929,Burnley,Tottenham,2,5,2023-09-02 14:00:00,,Standard
536286,81,SavedShot,0.919000015258789,0.4909999847412109,0.1267808675765991,Hannes Delcroix,h,11998,SetPiece,2023,Head,21929,Burnley,Tottenham,2,5,2023-09-02 14:00:00,Nathan Redmond,Cross
536287,93,Goal,0.914000015258789,0.6320000076293946,0.0987790524959564,Josh Brownhill,h,8323,OpenPlay,2023,LeftFoot,21929,Burnley,Tottenham,2,5,2023-09-02 14:00:00,Josh Cullen,Throughball
538598,10,BlockedShot,0.8590000152587891,0.61,0.0817965194582939,Oliver McBurnie,a,1736,OpenPlay,2023,RightFoot,21936,Tottenham,Sheffield United,2,1,2023-09-16 14:00:00,Gustavo Hamer,Pass
538603,22,SavedShot,0.8630000305175781,0.485,0.0983529686927795,James McAtee,a,10126,OpenPlay,2023,RightFoot,21936,Tottenham,Sheffield United,2,1,2023-09-16 14:00:00,Jayden Bogle,Pass
538611,48,SavedShot,0.8959999847412109,0.505,0.0553479790687561,Oliver McBurnie,a,1736,FromCorner,2023,Head,21936,Tottenham,Sheffield United,2,1,2023-09-16 14:00:00,Gustavo Hamer,Cross
538618,66,SavedShot,0.8580000305175781,0.5690000152587891,0.0952815786004066,James McAtee,a,10126,OpenPlay,2023,LeftFoot,21936,Tottenham,Sheffield United,2,1,2023-09-16 14:00:00,Cameron Archer,Pass
538621,70,MissedShots,0.911999969482422,0.519000015258789,0.3671560287475586,Chris Basham,a,7704,SetPiece,2023,Head,21936,Tottenham,Sheffield United,2,1,2023-09-16 14:00:00,Gustavo Hamer,Aerial
538622,72,Goal,0.9,0.639000015258789,0.0831794068217277,Gustavo Hamer,a,11839,OpenPlay,2023,LeftFoot,21936,Tottenham,Sheffield United,2,1,2023-09-16 14:00:00,Jack Robinson,Pass
538629,94,SavedShot,0.644000015258789,0.5220000076293946,0.0095408633351325,Oliver Norwood,a,7710,OpenPlay,2023,RightFoot,21936,Tottenham,Sheffield United,2,1,2023-09-16 14:00:00,,
539635,13,SavedShot,0.97,0.6329999923706054,0.0523917116224765,Gabriel Jesus,h,5543,OpenPlay,2023,LeftFoot,21952,Arsenal,Tottenham,2,2,2023-09-24 13:00:00,Bukayo Saka,Cross
539636,15,SavedShot,0.955999984741211,0.3459999847412109,0.3132059574127197,Eddie Nketiah,h,6482,OpenPlay,2023,RightFoot,21952,Arsenal,Tottenham,2,2,2023-09-24 13:00:00,,BallRecovery
539637,16,BlockedShot,0.936999969482422,0.4209999847412109,0.0281810630112886,Declan Rice,h,5553,FromCorner,2023,Head,21952,Arsenal,Tottenham,2,2,2023-09-24 13:00:00,Martin Odegaard,Aerial
539640,25,MissedShots,0.8430000305175781,0.3039999961853027,0.0357341803610324,Bukayo Saka,h,7322,OpenPlay,2023,LeftFoot,21952,Arsenal,Tottenham,2,2,2023-09-24 13:00:00,Martin Odegaard,Pass
539642,31,MissedShots,0.8669999694824219,0.4859999847412109,0.3947832882404327,Gabriel Jesus,h,5543,OpenPlay,2023,RightFoot,21952,Arsenal,Tottenham,2,2,2023-09-24 13:00:00,,BallRecovery
539643,36,SavedShot,0.769000015258789,0.3909999847412109,0.0274420399218797,Martin Odegaard,h,2517,OpenPlay,2023,LeftFoot,21952,Arsenal,Tottenham,2,2,2023-09-24 13:00:00,Bukayo Saka,Pass
539647,48,MissedShots,0.76,0.705999984741211,0.0143339401111006,Declan Rice,h,5553,OpenPlay,2023,RightFoot,21952,Arsenal,Tottenham,2,2,2023-09-24 13:00:00,,
539648,49,BlockedShot,0.970999984741211,0.485,0.5631000995635986,Ben White,h,7298,FromCorner,2023,LeftFoot,21952,Arsenal,Tottenham,2,2,2023-09-24 13:00:00,Bukayo Saka,Cross
539649,53,Goal,0.885,0.5,0.7611688375473022,Bukayo Saka,h,7322,Penalty,2023,LeftFoot,21952,Arsenal,Tottenham,2,2,2023-09-24 13:00:00,,Standard
539653,84,BlockedShot,0.805,0.6270000076293946,0.0337860770523548,Reiss Nelson,h,6492,OpenPlay,2023,RightFoot,21952,Arsenal,Tottenham,2,2,2023-09-24 13:00:00,Martin Odegaard,Pass
539654,86,MissedShots,0.815,0.539000015258789,0.051043152809143,Kai Havertz,h,5220,OpenPlay,2023,LeftFoot,21952,Arsenal,Tottenham,2,2,2023-09-24 13:00:00,,
539655,91,SavedShot,0.7919999694824219,0.515,0.027186382561922,Bukayo Saka,h,7322,FromCorner,2023,LeftFoot,21952,Arsenal,Tottenham,2,2,2023-09-24 13:00:00,,
539656,91,BlockedShot,0.950999984741211,0.4220000076293945,0.0405459925532341,Gabriel,h,5613,FromCorner,2023,Head,21952,Arsenal,Tottenham,2,2,2023-09-24 13:00:00,Reiss Nelson,Aerial
541469,2,BlockedShot,0.845999984741211,0.4720000076293945,0.0926427841186523,Luis Díaz,a,10408,OpenPlay,2023,RightFoot,21962,Tottenham,Liverpool,2,1,2023-09-30 16:30:00,Mohamed Salah,Pass
541470,3,MissedShots,0.815,0.4,0.0308006182312965,Alexis Mac Allister,a,8379,FromCorner,2023,LeftFoot,21962,Tottenham,Liverpool,2,1,2023-09-30 16:30:00,,
541472,12,SavedShot,0.916999969482422,0.5670000076293945,0.1309203952550888,Cody Gakpo,a,11296,OpenPlay,2023,LeftFoot,21962,Tottenham,Liverpool,2,1,2023-09-30 16:30:00,Andrew Robertson,Pass
541473,12,SavedShot,0.9590000152587892,0.6580000305175782,0.0574551932513713,Andrew Robertson,a,1688,OpenPlay,2023,LeftFoot,21962,Tottenham,Liverpool,2,1,2023-09-30 16:30:00,,Rebound
541474,18,BlockedShot,0.8680000305175781,0.674000015258789,0.0277731381356716,Curtis Jones,a,6665,OpenPlay,2023,LeftFoot,21962,Tottenham,Liverpool,2,1,2023-09-30 16:30:00,Dominik Szoboszlai,Cross
541475,19,MissedShots,0.91,0.5359999847412109,0.0416138581931591,Joel Matip,a,332,FromCorner,2023,OtherBodyPart,21962,Tottenham,Liverpool,2,1,2023-09-30 16:30:00,Andrew Robertson,Aerial
541476,21,MissedShots,0.7719999694824219,0.5670000076293945,0.0226030200719833,Mohamed Salah,a,1250,OpenPlay,2023,LeftFoot,21962,Tottenham,Liverpool,2,1,2023-09-30 16:30:00,Cody Gakpo,Pass
541481,38,BlockedShot,0.9180000305175782,0.3940000152587891,0.0222086049616336,Cody Gakpo,a,11296,FromCorner,2023,Head,21962,Tottenham,Liverpool,2,1,2023-09-30 16:30:00,Andrew Robertson,Tackle
541485,48,Goal,0.9180000305175782,0.4640000152587891,0.0991349071264267,Cody Gakpo,a,11296,OpenPlay,2023,RightFoot,21962,Tottenham,Liverpool,2,1,2023-09-30 16:30:00,Virgil van Dijk,HeadPass
541487,52,MissedShots,0.9259999847412108,0.474000015258789,0.5343154668807983,Luis Díaz,a,10408,OpenPlay,2023,RightFoot,21962,Tottenham,Liverpool,2,1,2023-09-30 16:30:00,Mohamed Salah,Throughball
541496,74,MissedShots,0.904000015258789,0.4609999847412109,0.0619585737586021,Virgil van Dijk,a,833,FromCorner,2023,Head,21962,Tottenham,Liverpool,2,1,2023-09-30 16:30:00,Trent Alexander-Arnold,Cross
541497,77,SavedShot,0.75,0.835999984741211,0.0090897120535373,Dominik Szoboszlai,a,9788,OpenPlay,2023,RightFoot,21962,Tottenham,Liverpool,2,1,2023-09-30 16:30:00,Andrew Robertson,Pass
541505,95,OwnGoal,0.0370000004768371,0.534000015258789,0.0,Joel Matip,a,332,OpenPlay,2023,LeftFoot,21962,Tottenham,Liverpool,2,1,2023-09-30 16:30:00,,Dispossessed
542410,20,MissedShots,0.7430000305175781,0.4479999923706054,0.016988655552268,Marvelous Nakamba,h,8040,OpenPlay,2023,LeftFoot,21971,Luton,Tottenham,0,1,2023-10-07 11:30:00,,
542411,24,MissedShots,0.911999969482422,0.5329999923706055,0.0418454706668853,Carlton Morris,h,11717,FromCorner,2023,OtherBodyPart,21971,Luton,Tottenham,0,1,2023-10-07 11:30:00,Alfie Doughty,Aerial
542412,25,BlockedShot,0.870999984741211,0.2689999961853027,0.0304318461567163,Jacob Brown,h,11720,OpenPlay,2023,RightFoot,21971,Luton,Tottenham,0,1,2023-10-07 11:30:00,Pelly Ruddock Mpanzu,Chipped
542419,55,MissedShots,0.9230000305175782,0.629000015258789,0.2740204930305481,Alfie Doughty,h,11723,OpenPlay,2023,LeftFoot,21971,Luton,Tottenham,0,1,2023-10-07 11:30:00,Pelly Ruddock Mpanzu,Chipped
542420,59,SavedShot,0.950999984741211,0.665,0.0834985673427581,Carlton Morris,h,11717,OpenPlay,2023,LeftFoot,21971,Luton,Tottenham,0,1,2023-10-07 11:30:00,Elijah Adebayo,TakeOn
542422,63,MissedShots,0.9109999847412108,0.4620000076293945,0.0772972926497459,Jacob Brown,h,11720,OpenPlay,2023,Head,21971,Luton,Tottenham,0,1,2023-10-07 11:30:00,Alfie Doughty,Cross
542423,64,BlockedShot,0.8819999694824219,0.4109999847412109,0.0908853188157081,Chiedozie Ogbene,h,11719,OpenPlay,2023,LeftFoot,21971,Luton,Tottenham,0,1,2023-10-07 11:30:00,Marvelous Nakamba,Pass
542424,66,SavedShot,0.805,0.580999984741211,0.0849416330456733,Cauley Woodrow,h,11721,OpenPlay,2023,RightFoot,21971,Luton,Tottenham,0,1,2023-10-07 11:30:00,Carlton Morris,BallRecovery
542425,72,BlockedShot,0.8009999847412109,0.45,0.0280625782907009,Chiedozie Ogbene,h,11719,FromCorner,2023,RightFoot,21971,Luton,Tottenham,0,1,2023-10-07 11:30:00,Reece Burke,Pass
542426,72,BlockedShot,0.91,0.2889999961853027,0.0448226258158683,Alfie Doughty,h,11723,FromCorner,2023,LeftFoot,21971,Luton,Tottenham,0,1,2023-10-07 11:30:00,Reece Burke,Pass
542427,80,MissedShots,0.924000015258789,0.499000015258789,0.0553258433938026,Carlton Morris,h,11717,FromCorner,2023,Head,21971,Luton,Tottenham,0,1,2023-10-07 11:30:00,,Aerial
542428,96,MissedShots,0.7780000305175782,0.6480000305175782,0.0199975911527872,Teden Mengi,h,12073,OpenPlay,2023,LeftFoot,21971,Luton,Tottenham,0,1,2023-10-07 11:30:00,,BallTouch
545031,0,MissedShots,0.7019999694824218,0.6409999847412109,0.0090285940095782,Bobby Reid,a,6827,OpenPlay,2023,RightFoot,21984,Tottenham,Fulham,2,0,2023-10-23 19:00:00,,
545034,11,SavedShot,0.879000015258789,0.495,0.0310474578291177,João Palhinha,a,10715,FromCorner,2023,Head,21984,Tottenham,Fulham,2,0,2023-10-23 19:00:00,Andreas Pereira,Cross
545035,17,MissedShots,0.9290000152587892,0.419000015258789,0.0889220535755157,Carlos Vinicius,a,7395,OpenPlay,2023,Head,21984,Tottenham,Fulham,2,0,2023-10-23 19:00:00,Timothy Castagne,Cross
545036,24,MissedShots,0.6730000305175782,0.4590000152587891,0.0112180924043059,Sasa Lukic,a,1537,OpenPlay,2023,RightFoot,21984,Tottenham,Fulham,2,0,2023-10-23 19:00:00,Willian,Pass
545045,41,MissedShots,0.9030000305175782,0.4720000076293945,0.0310866478830575,João Palhinha,a,10715,FromCorner,2023,Head,21984,Tottenham,Fulham,2,0,2023-10-23 19:00:00,Andreas Pereira,OffsidePass
545051,83,SavedShot,0.895,0.414000015258789,0.3125161528587341,Raúl Jiménez,a,4105,OpenPlay,2023,RightFoot,21984,Tottenham,Fulham,2,0,2023-10-23 19:00:00,Harry Wilson,Throughball
545052,84,BlockedShot,0.7980000305175782,0.4809999847412109,0.0534923076629638,Alex Iwobi,a,500,OpenPlay,2023,RightFoot,21984,Tottenham,Fulham,2,0,2023-10-23 19:00:00,Willian,Pass
545053,86,SavedShot,0.924000015258789,0.6659999847412109,0.0648794695734977,Tom Cairney,a,6835,OpenPlay,2023,LeftFoot,21984,Tottenham,Fulham,2,0,2023-10-23 19:00:00,Raúl Jiménez,Pass
545054,91,BlockedShot,0.91,0.3620000076293945,0.0506658218801021,Harry Wilson,a,5596,OpenPlay,2023,LeftFoot,21984,Tottenham,Fulham,2,0,2023-10-23 19:00:00,Willian,Chipped
545055,94,BlockedShot,0.845,0.485,0.0929815918207168,Harry Wilson,a,5596,OpenPlay,2023,LeftFoot,21984,Tottenham,Fulham,2,0,2023-10-23 19:00:00,Alex Iwobi,Throughball
545151,5,SavedShot,0.8530000305175781,0.3070000076293945,0.040501020848751,Jordan Ayew,h,672,OpenPlay,2023,RightFoot,21990,Crystal Palace,Tottenham,1,2,2023-10-27 19:00:00,Will Hughes,Pass
545152,6,SavedShot,0.8490000152587891,0.484000015258789,0.0719396620988845,Odsonne Edouard,h,3697,SetPiece,2023,RightFoot,21990,Crystal Palace,Tottenham,1,2,2023-10-27 19:00:00,Jeffrey Schlupp,BallTouch
545156,38,BlockedShot,0.899000015258789,0.5479999923706055,0.0177007894963026,Joachim Andersen,h,6314,FromCorner,2023,Head,21990,Crystal Palace,Tottenham,1,2,2023-10-27 19:00:00,Will Hughes,Aerial
545157,38,BlockedShot,0.8119999694824219,0.4870000076293945,0.0481268055737018,Cheick Oumar Doucoure,h,8666,FromCorner,2023,RightFoot,21990,Crystal Palace,Tottenham,1,2,2023-10-27 19:00:00,,Rebound
545158,39,MissedShots,0.789000015258789,0.4779999923706055,0.0259451363235712,Joel Ward,h,510,FromCorner,2023,RightFoot,21990,Crystal Palace,Tottenham,1,2,2023-10-27 19:00:00,,
545159,40,BlockedShot,0.8919999694824219,0.3890000152587891,0.0118415923789143,Will Hughes,h,6104,FromCorner,2023,Head,21990,Crystal Palace,Tottenham,1,2,2023-10-27 19:00:00,Odsonne Edouard,Aerial
545160,40,BlockedShot,0.7659999847412109,0.4679999923706054,0.0120316995307803,Joel Ward,h,510,FromCorner,2023,LeftFoot,21990,Crystal Palace,Tottenham,1,2,2023-10-27 19:00:00,Cheick Oumar Doucoure,HeadPass
545161,41,MissedShots,0.8919999694824219,0.5479999923706055,0.0405302383005619,Joachim Andersen,h,6314,FromCorner,2023,Head,21990,Crystal Palace,Tottenham,1,2,2023-10-27 19:00:00,Will Hughes,Cross
545163,52,OwnGoal,0.0359999990463256,0.479000015258789,0.0,Joel Ward,h,510,OpenPlay,2023,LeftFoot,21990,Crystal Palace,Tottenham,1,2,2023-10-27 19:00:00,,
545164,54,BlockedShot,0.77,0.585,0.0364694148302078,Odsonne Edouard,h,3697,OpenPlay,2023,RightFoot,21990,Crystal Palace,Tottenham,1,2,2023-10-27 19:00:00,,TakeOn
545165,54,MissedShots,0.933000030517578,0.504000015258789,0.1209515780210495,Marc Guehi,h,7603,FromCorner,2023,Head,21990,Crystal Palace,Tottenham,1,2,2023-10-27 19:00:00,Will Hughes,Cross
545170,86,BlockedShot,0.8109999847412109,0.2439999961853027,0.0186062771826982,Jesurun Rak-Sakyi,h,9461,FromCorner,2023,LeftFoot,21990,Crystal Palace,Tottenham,1,2,2023-10-27 19:00:00,Matheus França,Pass
545173,93,Goal,0.8959999847412109,0.6419999694824219,0.0473973117768764,Jordan Ayew,h,672,OpenPlay,2023,RightFoot,21990,Crystal Palace,Tottenham,1,2,2023-10-27 19:00:00,Joachim Andersen,Chipped
545174,101,MissedShots,0.933000030517578,0.6270000076293946,0.0706448033452034,Matheus França,h,12152,OpenPlay,2023,LeftFoot,21990,Crystal Palace,Tottenham,1,2,2023-10-27 19:00:00,Jean-Philippe Mateta,HeadPass
547904,10,SavedShot,0.91,0.56,0.1608726233243942,Nicolas Jackson,a,10048,OpenPlay,2023,RightFoot,22004,Tottenham,Chelsea,1,4,2023-11-06 20:00:00,Raheem Sterling,TakeOn
547905,11,MissedShots,0.8690000152587891,0.5279999923706055,0.0218452326953411,Axel Disasi,a,6885,FromCorner,2023,Head,22004,Tottenham,Chelsea,1,4,2023-11-06 20:00:00,Conor Gallagher,Cross
547906,20,BlockedShot,0.8859999847412109,0.725999984741211,0.0331032685935497,Raheem Sterling,a,618,OpenPlay,2023,RightFoot,22004,Tottenham,Chelsea,1,4,2023-11-06 20:00:00,Reece James,Chipped
547907,24,MissedShots,0.730999984741211,0.3959999847412109,0.016745077446103,Enzo Fernández,a,11356,OpenPlay,2023,RightFoot,22004,Tottenham,Chelsea,1,4,2023-11-06 20:00:00,Moisés Caicedo,Pass
547908,26,MissedShots,0.845,0.6859999847412109,0.0303498618304729,Thiago Silva,a,3288,SetPiece,2023,RightFoot,22004,Tottenham,Chelsea,1,4,2023-11-06 20:00:00,,
547909,26,MissedShots,0.7390000152587891,0.7380000305175781,0.0139849912375211,Enzo Fernández,a,11356,OpenPlay,2023,RightFoot,22004,Tottenham,Chelsea,1,4,2023-11-06 20:00:00,Conor Gallagher,Pass
547910,34,Goal,0.885,0.5,0.7611688375473022,Cole Palmer,a,8497,Penalty,2023,LeftFoot,22004,Tottenham,Chelsea,1,4,2023-11-06 20:00:00,,Standard
547912,46,MissedShots,0.8159999847412109,0.4779999923706055,0.0655735805630683,Cole Palmer,a,8497,OpenPlay,2023,LeftFoot,22004,Tottenham,Chelsea,1,4,2023-11-06 20:00:00,Conor Gallagher,Pass
547913,50,SavedShot,0.8159999847412109,0.665,0.034571498632431,Raheem Sterling,a,618,OpenPlay,2023,RightFoot,22004,Tottenham,Chelsea,1,4,2023-11-06 20:00:00,Marc Cucurella,Pass
547914,53,BlockedShot,0.875,0.695,0.0367485918104648,Raheem Sterling,a,618,OpenPlay,2023,RightFoot,22004,Tottenham,Chelsea,1,4,2023-11-06 20:00:00,Enzo Fernández,TakeOn
547916,55,BlockedShot,0.9690000152587892,0.47,0.5977450609207153,Nicolas Jackson,a,10048,SetPiece,2023,Head,22004,Tottenham,Chelsea,1,4,2023-11-06 20:00:00,,
547917,59,MissedShots,0.9030000305175782,0.2679999923706054,0.03583425283432,Reece James,a,8067,OpenPlay,2023,RightFoot,22004,Tottenham,Chelsea,1,4,2023-11-06 20:00:00,Conor Gallagher,Chipped
547918,67,SavedShot,0.8959999847412109,0.5509999847412109,0.3683071136474609,Marc Cucurella,a,7134,OpenPlay,2023,RightFoot,22004,Tottenham,Chelsea,1,4,2023-11-06 20:00:00,Reece James,TakeOn
547919,74,Goal,0.901999969482422,0.5359999847412109,0.4333488941192627,Nicolas Jackson,a,10048,OpenPlay,2023,LeftFoot,22004,Tottenham,Chelsea,1,4,2023-11-06 20:00:00,Raheem Sterling,Pass
547923,93,Goal,0.8980000305175782,0.46,0.4120307862758636,Nicolas Jackson,a,10048,OpenPlay,2023,RightFoot,22004,Tottenham,Chelsea,1,4,2023-11-06 20:00:00,Conor Gallagher,Pass
547924,96,Goal,0.958000030517578,0.484000015258789,0.9109541177749634,Nicolas Jackson,a,10048,OpenPlay,2023,RightFoot,22004,Tottenham,Chelsea,1,4,2023-11-06 20:00:00,Cole Palmer,TakeOn
547925,98,MissedShots,0.8780000305175781,0.5640000152587891,0.1254707723855972,Nicolas Jackson,a,10048,OpenPlay,2023,LeftFoot,22004,Tottenham,Chelsea,1,4,2023-11-06 20:00:00,Mykhailo Mudryk,Pass
548125,8,BlockedShot,0.749000015258789,0.4179999923706055,0.0197701603174209,João Gomes,h,11384,OpenPlay,2023,RightFoot,22014,Wolverhampton Wanderers,Tottenham,2,1,2023-11-11 12:30:00,Nélson Semedo,Pass
548126,9,BlockedShot,0.8919999694824219,0.6719999694824219,0.0531310103833675,Rayan Ait Nouri,h,6674,OpenPlay,2023,LeftFoot,22014,Wolverhampton Wanderers,Tottenham,2,1,2023-11-11 12:30:00,Matheus Cunha,Pass
548127,11,BlockedShot,0.8180000305175781,0.2839999961853027,0.0298356991261243,Nélson Semedo,h,6163,OpenPlay,2023,LeftFoot,22014,Wolverhampton Wanderers,Tottenham,2,1,2023-11-11 12:30:00,,TakeOn
548128,18,BlockedShot,0.8019999694824219,0.4520000076293945,0.0436389558017253,Matheus Cunha,h,7080,OpenPlay,2023,RightFoot,22014,Wolverhampton Wanderers,Tottenham,2,1,2023-11-11 12:30:00,Rayan Ait Nouri,Pass
548129,32,SavedShot,0.936999969482422,0.2870000076293945,0.0441252924501895,Mario Lemina,h,1299,OpenPlay,2023,RightFoot,22014,Wolverhampton Wanderers,Tottenham,2,1,2023-11-11 12:30:00,Matheus Cunha,Pass
548130,33,MissedShots,0.909000015258789,0.5070000076293946,0.0312359146773815,Toti,h,10293,FromCorner,2023,Head,22014,Wolverhampton Wanderers,Tottenham,2,1,2023-11-11 12:30:00,Rayan Ait Nouri,Aerial
548131,45,BlockedShot,0.7859999847412109,0.53,0.0304826237261295,Rayan Ait Nouri,h,6674,SetPiece,2023,RightFoot,22014,Wolverhampton Wanderers,Tottenham,2,1,2023-11-11 12:30:00,Jean-Ricner Bellegarde,Pass
548135,45,MissedShots,0.7519999694824219,0.39,0.0378991551697254,Jean-Ricner Bellegarde,h,7762,OpenPlay,2023,RightFoot,22014,Wolverhampton Wanderers,Tottenham,2,1,2023-11-11 12:30:00,,TakeOn
548132,46,BlockedShot,0.9209999847412108,0.5620000076293945,0.0326594449579715,Mario Lemina,h,1299,FromCorner,2023,Head,22014,Wolverhampton Wanderers,Tottenham,2,1,2023-11-11 12:30:00,,Aerial
548133,47,SavedShot,0.9230000305175782,0.4829999923706055,0.0633478909730911,Toti,h,10293,SetPiece,2023,Head,22014,Wolverhampton Wanderers,Tottenham,2,1,2023-11-11 12:30:00,Rayan Ait Nouri,Aerial
548136,52,MissedShots,0.8590000152587891,0.565,0.0828103423118591,Matheus Cunha,h,7080,OpenPlay,2023,RightFoot,22014,Wolverhampton Wanderers,Tottenham,2,1,2023-11-11 12:30:00,Rayan Ait Nouri,Pass
548137,54,BlockedShot,0.8090000152587891,0.505,0.0352743528783321,João Gomes,h,11384,FromCorner,2023,RightFoot,22014,Wolverhampton Wanderers,Tottenham,2,1,2023-11-11 12:30:00,,
548138,54,MissedShots,0.93,0.4209999847412109,0.4088945388793945,Hee-Chan Hwang,h,8845,FromCorner,2023,RightFoot,22014,Wolverhampton Wanderers,Tottenham,2,1,2023-11-11 12:30:00,,Rebound
548140,67,MissedShots,0.4529999923706054,0.67,0.006934221368283,Matheus Cunha,h,7080,OpenPlay,2023,RightFoot,22014,Wolverhampton Wanderers,Tottenham,2,1,2023-11-11 12:30:00,,BallRecovery
548142,84,MissedShots,0.9159999847412108,0.55,0.2170687764883041,Sasa Kalajdzic,h,8812,OpenPlay,2023,Head,22014,Wolverhampton Wanderers,Tottenham,2,1,2023-11-11 12:30:00,João Gomes,Cross
548145,90,Goal,0.9230000305175782,0.595,0.3041949272155761,Pablo Sarabia,h,2199,OpenPlay,2023,LeftFoot,22014,Wolverhampton Wanderers,Tottenham,2,1,2023-11-11 12:30:00,Matheus Cunha,Chipped
548146,96,Goal,0.919000015258789,0.4679999923706054,0.4819648265838623,Mario Lemina,h,1299,OpenPlay,2023,RightFoot,22014,Wolverhampton Wanderers,Tottenham,2,1,2023-11-11 12:30:00,Pablo Sarabia,Throughball
550285,0,MissedShots,0.915,0.485,0.1974870860576629,Matthew Cash,a,8864,OpenPlay,2023,OtherBodyPart,22024,Tottenham,Aston Villa,1,2,2023-11-26 14:00:00,John McGinn,Cross
550289,4,MissedShots,0.925,0.4559999847412109,0.3184200823307037,Pau Torres,a,6221,SetPiece,2023,Head,22024,Tottenham,Aston Villa,1,2,2023-11-26 14:00:00,Lucas Digne,Cross
550294,45,MissedShots,0.901999969482422,0.5320000076293945,0.0999225601553917,Diego Carlos,a,5712,OpenPlay,2023,LeftFoot,22024,Tottenham,Aston Villa,1,2,2023-11-26 14:00:00,Moussa Diaby,Cross
550295,49,MissedShots,0.9009999847412108,0.4540000152587891,0.0608608536422252,Moussa Diaby,a,6556,OpenPlay,2023,LeftFoot,22024,Tottenham,Aston Villa,1,2,2023-11-26 14:00:00,,Aerial
550296,51,Goal,0.9080000305175782,0.48,0.2321329861879348,Pau Torres,a,6221,SetPiece,2023,Head,22024,Tottenham,Aston Villa,1,2,2023-11-26 14:00:00,Douglas Luiz,Cross
550299,51,SavedShot,0.8109999847412109,0.4079999923706054,0.0409510098397731,Leon Bailey,a,5221,OpenPlay,2023,LeftFoot,22024,Tottenham,Aston Villa,1,2,2023-11-26 14:00:00,John McGinn,TakeOn
550301,59,MissedShots,0.6880000305175781,0.6359999847412109,0.0089304614812135,John McGinn,a,7723,OpenPlay,2023,LeftFoot,22024,Tottenham,Aston Villa,1,2,2023-11-26 14:00:00,,
550302,60,Goal,0.855999984741211,0.445,0.0978188514709472,Ollie Watkins,a,8865,OpenPlay,2023,RightFoot,22024,Tottenham,Aston Villa,1,2,2023-11-26 14:00:00,Youri Tielemans,Pass
550305,69,SavedShot,0.7669999694824219,0.3770000076293945,0.0656539872288703,Lucas Digne,a,1823,DirectFreekick,2023,LeftFoot,22024,Tottenham,Aston Villa,1,2,2023-11-26 14:00:00,,Standard
550306,70,MissedShots,0.963000030517578,0.4520000076293945,0.1315227001905441,Ollie Watkins,a,8865,FromCorner,2023,Head,22024,Tottenham,Aston Villa,1,2,2023-11-26 14:00:00,Lucas Digne,Cross
550307,71,BlockedShot,0.8919999694824219,0.4059999847412109,0.1212913691997528,Leon Bailey,a,5221,OpenPlay,2023,LeftFoot,22024,Tottenham,Aston Villa,1,2,2023-11-26 14:00:00,Youri Tielemans,Pass
550311,79,BlockedShot,0.785,0.3529999923706055,0.0270979572087526,Leon Bailey,a,5221,OpenPlay,2023,LeftFoot,22024,Tottenham,Aston Villa,1,2,2023-11-26 14:00:00,Ollie Watkins,Pass
550313,80,SavedShot,0.7819999694824219,0.4079999923706054,0.0397575162351131,Boubacar Kamara,a,5789,OpenPlay,2023,RightFoot,22024,Tottenham,Aston Villa,1,2,2023-11-26 14:00:00,Douglas Luiz,Pass
550314,81,MissedShots,0.981999969482422,0.47,0.944506585597992,Ollie Watkins,a,8865,OpenPlay,2023,Head,22024,Tottenham,Aston Villa,1,2,2023-11-26 14:00:00,John McGinn,Aerial
550317,96,MissedShots,0.7780000305175782,0.1860000038146972,0.0111970901489257,Jhon Durán,a,11366,OpenPlay,2023,LeftFoot,22024,Tottenham,Aston Villa,1,2,2023-11-26 14:00:00,Leon Bailey,HeadPass
551905,2,MissedShots,0.9619999694824218,0.5329999923706055,0.1348864436149597,Manuel Akanji,h,6490,FromCorner,2023,Head,22031,Manchester City,Tottenham,3,3,2023-12-03 16:30:00,Julián Álvarez,Cross
551906,5,SavedShot,0.8730000305175781,0.65,0.0745271816849708,Jéremy Doku,h,8981,OpenPlay,2023,LeftFoot,22031,Manchester City,Tottenham,3,3,2023-12-03 16:30:00,Phil Foden,Pass
551908,8,MissedShots,0.8919999694824219,0.4229999923706055,0.0467582792043685,Erling Haaland,h,8260,SetPiece,2023,Head,22031,Manchester City,Tottenham,3,3,2023-12-03 16:30:00,Julián Álvarez,Cross
551910,11,BlockedShot,0.8330000305175781,0.3279999923706054,0.0391088500618934,Phil Foden,h,6055,OpenPlay,2023,LeftFoot,22031,Manchester City,Tottenham,3,3,2023-12-03 16:30:00,Julián Álvarez,Pass
551911,12,MissedShots,0.92,0.499000015258789,0.486733078956604,Erling Haaland,h,8260,OpenPlay,2023,LeftFoot,22031,Manchester City,Tottenham,3,3,2023-12-03 16:30:00,Bernardo Silva,BallRecovery
551912,15,BlockedShot,0.8580000305175781,0.605999984741211,0.037390049546957,Erling Haaland,h,8260,FromCorner,2023,LeftFoot,22031,Manchester City,Tottenham,3,3,2023-12-03 16:30:00,Bernardo Silva,Chipped
551913,28,ShotOnPost,0.875999984741211,0.6509999847412109,0.091919295489788,Jéremy Doku,h,8981,OpenPlay,2023,RightFoot,22031,Manchester City,Tottenham,3,3,2023-12-03 16:30:00,Julián Álvarez,Pass
551914,30,Goal,0.931999969482422,0.5279999923706055,0.5932251214981079,Phil Foden,h,6055,OpenPlay,2023,LeftFoot,22031,Manchester City,Tottenham,3,3,2023-12-03 16:30:00,Julián Álvarez,Pass
551915,34,ShotOnPost,0.855,0.3010000038146972,0.0751005634665489,Julián Álvarez,h,10846,OpenPlay,2023,RightFoot,22031,Manchester City,Tottenham,3,3,2023-12-03 16:30:00,Bernardo Silva,Pass
551916,35,MissedShots,0.8690000152587891,0.4779999923706055,0.1250195503234863,Erling Haaland,h,8260,OpenPlay,2023,LeftFoot,22031,Manchester City,Tottenham,3,3,2023-12-03 16:30:00,Julián Álvarez,Pass
551918,39,BlockedShot,0.8569999694824219,0.715999984741211,0.0414885990321636,Jéremy Doku,h,8981,OpenPlay,2023,RightFoot,22031,Manchester City,Tottenham,3,3,2023-12-03 16:30:00,Rúben Dias,Pass
551919,43,BlockedShot,0.855999984741211,0.6379999923706055,0.0766656920313835,Jéremy Doku,h,8981,OpenPlay,2023,RightFoot,22031,Manchester City,Tottenham,3,3,2023-12-03 16:30:00,Rodri,Dispossessed
551920,45,SavedShot,0.7969999694824219,0.54,0.0493386685848236,Bernardo Silva,h,3635,OpenPlay,2023,LeftFoot,22031,Manchester City,Tottenham,3,3,2023-12-03 16:30:00,Erling Haaland,Pass
551921,46,BlockedShot,0.904000015258789,0.5309999847412109,0.0224840529263019,Rodri,h,2496,FromCorner,2023,Head,22031,Manchester City,Tottenham,3,3,2023-12-03 16:30:00,Julián Álvarez,Aerial
551923,53,MissedShots,0.935,0.49,0.1488239914178848,Erling Haaland,h,8260,OpenPlay,2023,Head,22031,Manchester City,Tottenham,3,3,2023-12-03 16:30:00,Jack Grealish,Cross
551928,74,MissedShots,0.9109999847412108,0.4159999847412109,0.4087209105491638,Rodri,h,2496,OpenPlay,2023,RightFoot,22031,Manchester City,Tottenham,3,3,2023-12-03 16:30:00,Rico Lewis,Pass
551929,77,MissedShots,0.8169999694824219,0.674000015258789,0.0220401082187891,Josko Gvardiol,h,9790,FromCorner,2023,RightFoot,22031,Manchester City,Tottenham,3,3,2023-12-03 16:30:00,,
551930,80,Goal,0.899000015258789,0.4729999923706054,0.4330612421035766,Jack Grealish,h,675,OpenPlay,2023,RightFoot,22031,Manchester City,Tottenham,3,3,2023-12-03 16:30:00,Erling Haaland,Pass
552450,17,BlockedShot,0.769000015258789,0.7319999694824219,0.0170904267579317,Emerson,a,1245,OpenPlay,2023,LeftFoot,22041,Tottenham,West Ham,1,2,2023-12-07 20:15:00,Lucas Paquetá,Pass
552451,19,MissedShots,0.975999984741211,0.5540000152587891,0.1100941970944404,Kurt Zouma,a,935,FromCorner,2023,Head,22041,Tottenham,West Ham,1,2,2023-12-07 20:15:00,,Aerial
552454,24,SavedShot,0.74,0.4109999847412109,0.0156125081703066,Mohammed Kudus,a,12027,OpenPlay,2023,RightFoot,22041,Tottenham,West Ham,1,2,2023-12-07 20:15:00,,BallRecovery
552460,43,MissedShots,0.9290000152587892,0.5890000152587891,0.2729105055332184,Lucas Paquetá,a,7365,OpenPlay,2023,Head,22041,Tottenham,West Ham,1,2,2023-12-07 20:15:00,Mohammed Kudus,Cross
552464,51,BlockedShot,0.7340000152587891,0.4779999923706055,0.0200654286891222,Mohammed Kudus,a,12027,OpenPlay,2023,LeftFoot,22041,Tottenham,West Ham,1,2,2023-12-07 20:15:00,Jarrod Bowen,Pass
552465,51,Goal,0.9280000305175782,0.4459999847412109,0.4791664481163025,Jarrod Bowen,a,1776,OpenPlay,2023,RightFoot,22041,Tottenham,West Ham,1,2,2023-12-07 20:15:00,,Rebound
552466,55,SavedShot,0.8680000305175781,0.6419999694824219,0.0722288489341735,Lucas Paquetá,a,7365,OpenPlay,2023,LeftFoot,22041,Tottenham,West Ham,1,2,2023-12-07 20:15:00,James Ward-Prowse,Pass
552468,60,MissedShots,0.911999969482422,0.4320000076293945,0.0663410425186157,Naif Aguerd,a,6935,FromCorner,2023,Head,22041,Tottenham,West Ham,1,2,2023-12-07 20:15:00,Emerson,Cross
552472,73,ShotOnPost,0.8190000152587891,0.544000015258789,0.0581281892955303,James Ward-Prowse,a,843,OpenPlay,2023,LeftFoot,22041,Tottenham,West Ham,1,2,2023-12-07 20:15:00,,Goal
552473,73,Goal,0.926999969482422,0.5259999847412109,0.5380217432975769,James Ward-Prowse,a,843,OpenPlay,2023,LeftFoot,22041,Tottenham,West Ham,1,2,2023-12-07 20:15:00,,
552475,86,SavedShot,0.950999984741211,0.5179999923706055,0.1008546650409698,Naif Aguerd,a,6935,FromCorner,2023,Head,22041,Tottenham,West Ham,1,2,2023-12-07 20:15:00,,Aerial
553621,6,MissedShots,0.769000015258789,0.55,0.0235211197286844,Bruno Guimarães,a,8327,OpenPlay,2023,RightFoot,22053,Tottenham,Newcastle United,4,1,2023-12-10 16:30:00,Joelinton,Pass
553622,8,MissedShots,0.9619999694824218,0.455,0.6196804046630859,Alexander Isak,a,5232,OpenPlay,2023,RightFoot,22053,Tottenham,Newcastle United,4,1,2023-12-10 16:30:00,,
553625,27,BlockedShot,0.794000015258789,0.5029999923706054,0.0423326678574085,Joelinton,a,87,OpenPlay,2023,RightFoot,22053,Tottenham,Newcastle United,4,1,2023-12-10 16:30:00,Anthony Gordon,Pass
553627,32,SavedShot,0.870999984741211,0.3929999923706054,0.3073084652423858,Miguel Almirón,a,7420,OpenPlay,2023,LeftFoot,22053,Tottenham,Newcastle United,4,1,2023-12-10 16:30:00,Anthony Gordon,Pass
553634,51,MissedShots,0.975999984741211,0.610999984741211,0.0455011315643787,Anthony Gordon,a,8150,OpenPlay,2023,LeftFoot,22053,Tottenham,Newcastle United,4,1,2023-12-10 16:30:00,Kieran Trippier,Cross
553643,75,BlockedShot,0.799000015258789,0.7040000152587891,0.0193448644131422,Joelinton,a,87,OpenPlay,2023,RightFoot,22053,Tottenham,Newcastle United,4,1,2023-12-10 16:30:00,Callum Wilson,Pass
553644,76,MissedShots,0.9619999694824218,0.5359999847412109,0.1338331550359726,Joelinton,a,87,FromCorner,2023,Head,22053,Tottenham,Newcastle United,4,1,2023-12-10 16:30:00,Kieran Trippier,Cross
553648,90,Goal,0.8469999694824218,0.5509999847412109,0.2939061522483825,Joelinton,a,87,OpenPlay,2023,RightFoot,22053,Tottenham,Newcastle United,4,1,2023-12-10 16:30:00,Callum Wilson,Pass
553649,94,SavedShot,0.9180000305175782,0.499000015258789,0.1282568275928497,Callum Wilson,a,468,OpenPlay,2023,Head,22053,Tottenham,Newcastle United,4,1,2023-12-10 16:30:00,Emil Krafth,Cross
554061,27,BlockedShot,0.8730000305175781,0.4520000076293945,0.0773437097668647,Anthony Elanga,h,9524,OpenPlay,2023,LeftFoot,22063,Nottingham Forest,Tottenham,0,2,2023-12-15 20:00:00,Willy Boly,HeadPass
554062,27,MissedShots,0.7780000305175782,0.655,0.0211154613643884,Harry Toffolo,h,10758,OpenPlay,2023,LeftFoot,22063,Nottingham Forest,Tottenham,0,2,2023-12-15 20:00:00,,
554063,33,MissedShots,0.8619999694824219,0.3,0.0401427038013935,Murillo,h,12123,OpenPlay,2023,LeftFoot,22063,Nottingham Forest,Tottenham,0,2,2023-12-15 20:00:00,,
554065,36,MissedShots,0.8230000305175781,0.3729999923706055,0.0489267893135547,Morgan Gibbs-White,h,6857,OpenPlay,2023,LeftFoot,22063,Nottingham Forest,Tottenham,0,2,2023-12-15 20:00:00,Willy Boly,BallRecovery
554068,48,MissedShots,0.8730000305175781,0.3759999847412109,0.2858395278453827,Willy Boly,h,6850,OpenPlay,2023,RightFoot,22063,Nottingham Forest,Tottenham,0,2,2023-12-15 20:00:00,Anthony Elanga,Chipped
554073,68,MissedShots,0.835999984741211,0.5929999923706055,0.0594428703188896,Danilo,h,11317,OpenPlay,2023,LeftFoot,22063,Nottingham Forest,Tottenham,0,2,2023-12-15 20:00:00,Anthony Elanga,Pass
554074,74,BlockedShot,0.78,0.504000015258789,0.0133223570883274,Morgan Gibbs-White,h,6857,SetPiece,2023,RightFoot,22063,Nottingham Forest,Tottenham,0,2,2023-12-15 20:00:00,,Aerial
554076,83,BlockedShot,0.805,0.3390000152587891,0.0195925049483776,Neco Williams,h,8204,OpenPlay,2023,RightFoot,22063,Nottingham Forest,Tottenham,0,2,2023-12-15 20:00:00,,
554077,83,SavedShot,0.9669999694824218,0.4629999923706054,0.4577198326587677,Harry Toffolo,h,10758,FromCorner,2023,Head,22063,Nottingham Forest,Tottenham,0,2,2023-12-15 20:00:00,Morgan Gibbs-White,Aerial
554078,83,BlockedShot,0.909000015258789,0.4120000076293945,0.0789153575897216,Harry Toffolo,h,10758,FromCorner,2023,LeftFoot,22063,Nottingham Forest,Tottenham,0,2,2023-12-15 20:00:00,Anthony Elanga,Pass
554079,84,MissedShots,0.9490000152587892,0.525,0.1289506703615188,Morgan Gibbs-White,h,6857,FromCorner,2023,Head,22063,Nottingham Forest,Tottenham,0,2,2023-12-15 20:00:00,Harry Toffolo,Cross
554080,88,MissedShots,0.9459999847412108,0.624000015258789,0.049554593861103,Anthony Elanga,h,9524,OpenPlay,2023,RightFoot,22063,Nottingham Forest,Tottenham,0,2,2023-12-15 20:00:00,Callum Hudson-Odoi,Cross
554082,94,BlockedShot,0.914000015258789,0.4720000076293945,0.1095518693327903,Moussa Niakhate,h,5989,FromCorner,2023,LeftFoot,22063,Nottingham Forest,Tottenham,0,2,2023-12-15 20:00:00,,
554083,95,BlockedShot,0.7190000152587891,0.374000015258789,0.0151062067598104,Morgan Gibbs-White,h,6857,OpenPlay,2023,RightFoot,22063,Nottingham Forest,Tottenham,0,2,2023-12-15 20:00:00,Moussa Niakhate,Pass
554084,96,ShotOnPost,0.8859999847412109,0.3979999923706054,0.3001607954502105,Neco Williams,h,8204,OpenPlay,2023,LeftFoot,22063,Nottingham Forest,Tottenham,0,2,2023-12-15 20:00:00,Chris Wood,BallTouch
556184,3,SavedShot,0.8809999847412109,0.5279999923706055,0.0845986902713775,Vitalii Mykolenko,a,10291,FromCorner,2023,RightFoot,22071,Tottenham,Everton,2,1,2023-12-23 15:00:00,,
556185,6,BlockedShot,0.945,0.6430000305175781,0.1247486695647239,Dominic Calvert-Lewin,a,5555,OpenPlay,2023,LeftFoot,22071,Tottenham,Everton,2,1,2023-12-23 15:00:00,Dwight McNeil,Pass
556188,14,MissedShots,0.8919999694824219,0.6580000305175782,0.0666313543915748,Dwight McNeil,a,6756,OpenPlay,2023,LeftFoot,22071,Tottenham,Everton,2,1,2023-12-23 15:00:00,Amadou Onana,Pass
556189,15,SavedShot,0.91,0.575999984741211,0.3696351945400238,Dominic Calvert-Lewin,a,5555,OpenPlay,2023,RightFoot,22071,Tottenham,Everton,2,1,2023-12-23 15:00:00,Vitalii Mykolenko,Aerial
556192,34,SavedShot,0.75,0.5220000076293946,0.0141404913738369,James Garner,a,7438,OpenPlay,2023,RightFoot,22071,Tottenham,Everton,2,1,2023-12-23 15:00:00,,
556193,38,MissedShots,0.8690000152587891,0.5370000076293945,0.2770721614360809,Dominic Calvert-Lewin,a,5555,OpenPlay,2023,RightFoot,22071,Tottenham,Everton,2,1,2023-12-23 15:00:00,,
556194,39,MissedShots,0.855999984741211,0.4179999923706055,0.0780687779188156,Amadou Onana,a,9667,OpenPlay,2023,RightFoot,22071,Tottenham,Everton,2,1,2023-12-23 15:00:00,Dominic Calvert-Lewin,Pass
556195,41,SavedShot,0.845999984741211,0.4459999847412109,0.0669023841619491,James Garner,a,7438,OpenPlay,2023,LeftFoot,22071,Tottenham,Everton,2,1,2023-12-23 15:00:00,,CornerAwarded
556196,46,SavedShot,0.9059999847412108,0.615,0.0545718483626842,Jack Harrison,a,8720,OpenPlay,2023,LeftFoot,22071,Tottenham,Everton,2,1,2023-12-23 15:00:00,André Gomes,Chipped
556201,61,ShotOnPost,0.919000015258789,0.344000015258789,0.0927727669477462,James Garner,a,7438,OpenPlay,2023,RightFoot,22071,Tottenham,Everton,2,1,2023-12-23 15:00:00,Jack Harrison,Throughball
556204,66,BlockedShot,0.8540000152587891,0.62,0.0455880314111709,Vitalii Mykolenko,a,10291,FromCorner,2023,LeftFoot,22071,Tottenham,Everton,2,1,2023-12-23 15:00:00,,
556206,76,MissedShots,0.919000015258789,0.6580000305175782,0.0772615373134613,André Gomes,a,2383,OpenPlay,2023,LeftFoot,22071,Tottenham,Everton,2,1,2023-12-23 15:00:00,James Garner,Pass
556207,80,BlockedShot,0.885,0.6780000305175782,0.0972639545798301,Arnaut Danjuma Groeneveld,a,8066,OpenPlay,2023,LeftFoot,22071,Tottenham,Everton,2,1,2023-12-23 15:00:00,James Garner,Pass
556208,81,Goal,0.86,0.32,0.0315075926482677,André Gomes,a,2383,FromCorner,2023,RightFoot,22071,Tottenham,Everton,2,1,2023-12-23 15:00:00,,
556209,83,SavedShot,0.8490000152587891,0.6659999847412109,0.0646698176860809,Arnaut Danjuma Groeneveld,a,8066,OpenPlay,2023,LeftFoot,22071,Tottenham,Everton,2,1,2023-12-23 15:00:00,Dwight McNeil,Pass
556210,85,BlockedShot,0.7809999847412109,0.4229999923706055,0.0260043200105428,Jarrad Branthwaite,a,8476,SetPiece,2023,LeftFoot,22071,Tottenham,Everton,2,1,2023-12-23 15:00:00,James Garner,Pass
556212,93,MissedShots,0.9209999847412108,0.6179999923706054,0.1278861910104751,Arnaut Danjuma Groeneveld,a,8066,OpenPlay,2023,LeftFoot,22071,Tottenham,Everton,2,1,2023-12-23 15:00:00,André Gomes,Pass
556213,95,SavedShot,0.950999984741211,0.6179999923706054,0.2845252454280853,Arnaut Danjuma Groeneveld,a,8066,OpenPlay,2023,LeftFoot,22071,Tottenham,Everton,2,1,2023-12-23 15:00:00,Dwight McNeil,Chipped
556678,4,SavedShot,0.9280000305175782,0.67,0.2519705295562744,Danny Welbeck,h,501,OpenPlay,2023,RightFoot,22078,Brighton,Tottenham,4,2,2023-12-28 19:30:00,Billy Gilmour,Pass
556679,5,BlockedShot,0.8690000152587891,0.4709999847412109,0.1123590990900993,Facundo Buonanotte,h,11362,OpenPlay,2023,LeftFoot,22078,Brighton,Tottenham,4,2,2023-12-28 19:30:00,João Pedro,Pass
556680,5,SavedShot,0.906999969482422,0.5409999847412109,0.4079937636852264,Danny Welbeck,h,501,OpenPlay,2023,RightFoot,22078,Brighton,Tottenham,4,2,2023-12-28 19:30:00,Facundo Buonanotte,Rebound
556681,10,Goal,0.88,0.4109999847412109,0.3345769047737121,Jack Hinshelwood,h,11269,OpenPlay,2023,RightFoot,22078,Brighton,Tottenham,4,2,2023-12-28 19:30:00,João Pedro,Pass
556682,16,SavedShot,0.8569999694824219,0.69,0.0460954681038856,João Pedro,h,8272,OpenPlay,2023,RightFoot,22078,Brighton,Tottenham,4,2,2023-12-28 19:30:00,Pascal Groß,Chipped
556683,19,ShotOnPost,0.963000030517578,0.4640000152587891,0.4196526408195495,Jan Paul van Hecke,h,10807,FromCorner,2023,Head,22078,Brighton,Tottenham,4,2,2023-12-28 19:30:00,Pascal Groß,Aerial
556684,19,BlockedShot,0.9669999694824218,0.4420000076293945,0.1447730064392089,Lewis Dunk,h,6048,FromCorner,2023,RightFoot,22078,Brighton,Tottenham,4,2,2023-12-28 19:30:00,,Rebound
556685,23,Goal,0.885,0.5,0.7611688375473022,João Pedro,h,8272,Penalty,2023,RightFoot,22078,Brighton,Tottenham,4,2,2023-12-28 19:30:00,,Standard
556687,31,ShotOnPost,0.8190000152587891,0.56,0.0978086590766906,James Milner,h,489,OpenPlay,2023,RightFoot,22078,Brighton,Tottenham,4,2,2023-12-28 19:30:00,,TakeOn
556690,44,SavedShot,0.9009999847412108,0.575,0.4238142073154449,João Pedro,h,8272,OpenPlay,2023,LeftFoot,22078,Brighton,Tottenham,4,2,2023-12-28 19:30:00,,BallRecovery
556691,45,BlockedShot,0.860999984741211,0.5770000076293945,0.0133908353745937,Facundo Buonanotte,h,11362,FromCorner,2023,Head,22078,Brighton,Tottenham,4,2,2023-12-28 19:30:00,Pascal Groß,Cross
556695,48,SavedShot,0.958000030517578,0.4859999847412109,0.085335686802864,Lewis Dunk,h,6048,FromCorner,2023,Head,22078,Brighton,Tottenham,4,2,2023-12-28 19:30:00,James Milner,Aerial
556698,57,MissedShots,0.87,0.5209999847412109,0.0744046568870544,Lewis Dunk,h,6048,SetPiece,2023,RightFoot,22078,Brighton,Tottenham,4,2,2023-12-28 19:30:00,,
556699,62,Goal,0.7830000305175782,0.7030000305175781,0.0190984066575765,Estupiñán,h,5136,FromCorner,2023,LeftFoot,22078,Brighton,Tottenham,4,2,2023-12-28 19:30:00,James Milner,Pass
556701,74,Goal,0.885,0.5,0.7611688375473022,João Pedro,h,8272,Penalty,2023,RightFoot,22078,Brighton,Tottenham,4,2,2023-12-28 19:30:00,,Standard
557175,0,BlockedShot,0.7669999694824219,0.469000015258789,0.0261018928140401,Dominic Solanke,a,1679,OpenPlay,2023,RightFoot,22092,Tottenham,Bournemouth,3,1,2023-12-31 14:00:00,,
557177,6,SavedShot,0.914000015258789,0.4629999923706054,0.1066578850150108,Dominic Solanke,a,1679,OpenPlay,2023,Head,22092,Tottenham,Bournemouth,3,1,2023-12-31 14:00:00,Dango Ouattara,Cross
557179,13,MissedShots,0.7469999694824219,0.4509999847412109,0.0218050200492143,Marcus Tavernier,a,10741,OpenPlay,2023,LeftFoot,22092,Tottenham,Bournemouth,3,1,2023-12-31 14:00:00,Luis Sinisterra,Pass
557182,20,BlockedShot,0.7719999694824219,0.3479999923706054,0.0190257541835308,Dominic Solanke,a,1679,OpenPlay,2023,RightFoot,22092,Tottenham,Bournemouth,3,1,2023-12-31 14:00:00,,BallRecovery
557183,23,MissedShots,0.8469999694824218,0.4540000152587891,0.0202584322541952,Marcos Senesi,a,10864,SetPiece,2023,Head,22092,Tottenham,Bournemouth,3,1,2023-12-31 14:00:00,Marcus Tavernier,Cross
557185,29,MissedShots,0.8569999694824219,0.4579999923706054,0.0139553137123584,Dominic Solanke,a,1679,OpenPlay,2023,Head,22092,Tottenham,Bournemouth,3,1,2023-12-31 14:00:00,Adam Smith,Aerial
557186,33,MissedShots,0.945,0.57,0.0448470376431942,Luis Sinisterra,a,10866,FromCorner,2023,Head,22092,Tottenham,Bournemouth,3,1,2023-12-31 14:00:00,Lewis Cook,Aerial
557187,40,BlockedShot,0.75,0.4009999847412109,0.0580560155212879,Marcus Tavernier,a,10741,DirectFreekick,2023,LeftFoot,22092,Tottenham,Bournemouth,3,1,2023-12-31 14:00:00,,Standard
557188,40,MissedShots,0.9259999847412108,0.4759999847412109,0.051699049770832,Dango Ouattara,a,9662,FromCorner,2023,Head,22092,Tottenham,Bournemouth,3,1,2023-12-31 14:00:00,Lewis Cook,Aerial
557189,44,MissedShots,0.8680000305175781,0.5990000152587891,0.0811911076307296,Justin Kluivert,a,6963,OpenPlay,2023,LeftFoot,22092,Tottenham,Bournemouth,3,1,2023-12-31 14:00:00,,TakeOn
557190,48,BlockedShot,0.8830000305175781,0.5579999923706055,0.0727948248386383,Dominic Solanke,a,1679,OpenPlay,2023,LeftFoot,22092,Tottenham,Bournemouth,3,1,2023-12-31 14:00:00,,
557192,49,SavedShot,0.963000030517578,0.404000015258789,0.0192869380116462,Dominic Solanke,a,1679,FromCorner,2023,Head,22092,Tottenham,Bournemouth,3,1,2023-12-31 14:00:00,Lewis Cook,Aerial
557191,50,BlockedShot,0.8580000305175781,0.66,0.0985346063971519,Justin Kluivert,a,6963,OpenPlay,2023,RightFoot,22092,Tottenham,Bournemouth,3,1,2023-12-31 14:00:00,Marcus Tavernier,Chipped
557193,50,BlockedShot,0.950999984741211,0.5379999923706055,0.1251917332410812,Dominic Solanke,a,1679,OpenPlay,2023,RightFoot,22092,Tottenham,Bournemouth,3,1,2023-12-31 14:00:00,Justin Kluivert,Cross
557194,50,BlockedShot,0.8480000305175781,0.4129999923706055,0.0504361316561698,Marcus Tavernier,a,10741,FromCorner,2023,RightFoot,22092,Tottenham,Bournemouth,3,1,2023-12-31 14:00:00,,
557196,52,BlockedShot,0.759000015258789,0.7040000152587891,0.0199118107557296,Justin Kluivert,a,6963,OpenPlay,2023,RightFoot,22092,Tottenham,Bournemouth,3,1,2023-12-31 14:00:00,,TakeOn
557197,55,BlockedShot,0.7340000152587891,0.4179999923706055,0.0178796239197254,Marcus Tavernier,a,10741,OpenPlay,2023,LeftFoot,22092,Tottenham,Bournemouth,3,1,2023-12-31 14:00:00,Luis Sinisterra,Pass
557198,59,MissedShots,0.9230000305175782,0.444000015258789,0.4733558893203735,Dominic Solanke,a,1679,OpenPlay,2023,LeftFoot,22092,Tottenham,Bournemouth,3,1,2023-12-31 14:00:00,Marcus Tavernier,Pass
557204,82,BlockedShot,0.8490000152587891,0.674000015258789,0.0528136193752288,Antoine Semenyo,a,11363,OpenPlay,2023,LeftFoot,22092,Tottenham,Bournemouth,3,1,2023-12-31 14:00:00,Alex Scott,Pass
557205,83,Goal,0.865999984741211,0.5790000152587891,0.0956472679972648,Alex Scott,a,12149,OpenPlay,2023,LeftFoot,22092,Tottenham,Bournemouth,3,1,2023-12-31 14:00:00,Marcus Tavernier,Pass
557207,89,SavedShot,0.6669999694824219,0.7219999694824218,0.0066875838674604,Antoine Semenyo,a,11363,OpenPlay,2023,RightFoot,22092,Tottenham,Bournemouth,3,1,2023-12-31 14:00:00,Marcus Tavernier,Pass
557208,96,MissedShots,0.911999969482422,0.4270000076293945,0.04799335449934,Dominic Solanke,a,1679,OpenPlay,2023,Head,22092,Tottenham,Bournemouth,3,1,2023-12-31 14:00:00,Marcos Senesi,Aerial
557209,97,BlockedShot,0.904000015258789,0.62,0.0461497046053409,Antoine Semenyo,a,11363,FromCorner,2023,RightFoot,22092,Tottenham,Bournemouth,3,1,2023-12-31 14:00:00,Lewis Cook,Cross
557210,98,MissedShots,0.740999984741211,0.3759999847412109,0.012008462101221,David Brooks,a,6820,OpenPlay,2023,LeftFoot,22092,Tottenham,Bournemouth,3,1,2023-12-31 14:00:00,Alex Scott,Pass
558647,2,Goal,0.8919999694824219,0.5970000076293945,0.090524636209011,Rasmus Højlund,h,11055,OpenPlay,2023,LeftFoot,22099,Manchester United,Tottenham,2,2,2024-01-14 16:30:00,,Dispossessed
558648,7,MissedShots,0.870999984741211,0.6480000305175782,0.0364554226398468,Marcus Rashford,h,556,FromCorner,2023,RightFoot,22099,Manchester United,Tottenham,2,2,2024-01-14 16:30:00,Christian Eriksen,Cross
558656,30,BlockedShot,0.9490000152587892,0.624000015258789,0.0230920258909463,Diogo Dalot,h,7281,FromCorner,2023,Head,22099,Manchester United,Tottenham,2,2,2024-01-14 16:30:00,Bruno Fernandes,Cross
558657,39,Goal,0.875999984741211,0.610999984741211,0.0972868725657463,Marcus Rashford,h,556,OpenPlay,2023,RightFoot,22099,Manchester United,Tottenham,2,2,2024-01-14 16:30:00,Rasmus Højlund,Pass
558659,45,BlockedShot,0.965,0.585,0.083298921585083,Raphael Varane,h,2245,FromCorner,2023,Head,22099,Manchester United,Tottenham,2,2,2024-01-14 16:30:00,Christian Eriksen,Cross
558660,45,MissedShots,0.7959999847412109,0.3459999847412109,0.0220786705613136,Bruno Fernandes,h,1228,FromCorner,2023,RightFoot,22099,Manchester United,Tottenham,2,2,2024-01-14 16:30:00,Alejandro Garnacho,Pass
558666,61,MissedShots,0.8,0.385,0.0528805442154407,Scott McTominay,h,5560,OpenPlay,2023,RightFoot,22099,Manchester United,Tottenham,2,2,2024-01-14 16:30:00,,TakeOn
558670,85,BlockedShot,0.8859999847412109,0.799000015258789,0.0647716745734214,Bruno Fernandes,h,1228,DirectFreekick,2023,RightFoot,22099,Manchester United,Tottenham,2,2,2024-01-14 16:30:00,,Standard
558671,94,MissedShots,0.935,0.484000015258789,0.4528437852859497,Scott McTominay,h,5560,OpenPlay,2023,Head,22099,Manchester United,Tottenham,2,2,2024-01-14 16:30:00,Alejandro Garnacho,Cross
560713,14,SavedShot,0.924000015258789,0.349000015258789,0.3130996227264404,Ivan Toney,a,998,OpenPlay,2023,RightFoot,22109,Tottenham,Brentford,3,2,2024-01-31 19:30:00,Christian Nørgaard,Pass
560714,14,Goal,0.915,0.4379999923706055,0.160621702671051,Neal Maupay,a,3621,OpenPlay,2023,LeftFoot,22109,Tottenham,Brentford,3,2,2024-01-31 19:30:00,,Rebound
560719,36,MissedShots,0.91,0.47,0.0834836736321449,Ethan Pinnock,a,9678,FromCorner,2023,LeftFoot,22109,Tottenham,Brentford,3,2,2024-01-31 19:30:00,Mathias Jensen,Cross
560720,44,SavedShot,0.8730000305175781,0.489000015258789,0.1311346441507339,Ivan Toney,a,998,SetPiece,2023,Head,22109,Tottenham,Brentford,3,2,2024-01-31 19:30:00,Mathias Jensen,Cross
560729,62,MissedShots,0.8080000305175781,0.6580000305175782,0.0280695836991071,Ivan Toney,a,998,OpenPlay,2023,RightFoot,22109,Tottenham,Brentford,3,2,2024-01-31 19:30:00,Keane Lewis-Potter,Pass
560730,63,MissedShots,0.906999969482422,0.4220000076293945,0.4242051243782043,Ivan Toney,a,998,OpenPlay,2023,RightFoot,22109,Tottenham,Brentford,3,2,2024-01-31 19:30:00,Neal Maupay,TakeOn
560731,66,Goal,0.8769999694824219,0.4059999847412109,0.3017723262310028,Ivan Toney,a,998,OpenPlay,2023,RightFoot,22109,Tottenham,Brentford,3,2,2024-01-31 19:30:00,,BallRecovery
560734,70,BlockedShot,0.874000015258789,0.5129999923706055,0.0773572474718093,Ben Mee,a,1654,OpenPlay,2023,RightFoot,22109,Tottenham,Brentford,3,2,2024-01-31 19:30:00,,Dispossessed
560738,92,SavedShot,0.916999969482422,0.5570000076293945,0.1093902215361595,Shandon Baptiste,a,9914,OpenPlay,2023,RightFoot,22109,Tottenham,Brentford,3,2,2024-01-31 19:30:00,Josh Dasilva,Chipped
560739,93,MissedShots,0.938000030517578,0.4009999847412109,0.0175282191485166,Christian Nørgaard,a,7083,FromCorner,2023,Head,22109,Tottenham,Brentford,3,2,2024-01-31 19:30:00,Josh Dasilva,Aerial
560972,4,MissedShots,0.91,0.51,0.0827508270740509,Dominic Calvert-Lewin,h,5555,OpenPlay,2023,Head,22121,Everton,Tottenham,2,2,2024-02-03 12:30:00,Ashley Young,Cross
560975,14,BlockedShot,0.7869999694824219,0.4229999923706055,0.0283611267805099,Idrissa Gueye,h,668,SetPiece,2023,LeftFoot,22121,Everton,Tottenham,2,2,2024-02-03 12:30:00,Ashley Young,Pass
560976,24,MissedShots,0.988000030517578,0.595999984741211,0.0115845398977398,Dominic Calvert-Lewin,h,5555,FromCorner,2023,Head,22121,Everton,Tottenham,2,2,2024-02-03 12:30:00,Dwight McNeil,Aerial
560977,29,BlockedShot,0.978000030517578,0.4959999847412109,0.6824019551277161,Dominic Calvert-Lewin,h,5555,FromCorner,2023,Head,22121,Everton,Tottenham,2,2,2024-02-03 12:30:00,James Tarkowski,HeadPass
560978,29,Goal,0.991999969482422,0.495,0.9601159691810608,Jack Harrison,h,8720,FromCorner,2023,RightFoot,22121,Everton,Tottenham,2,2,2024-02-03 12:30:00,Dominic Calvert-Lewin,
560980,42,MissedShots,0.7480000305175781,0.514000015258789,0.0108582191169261,Dwight McNeil,h,6756,OpenPlay,2023,LeftFoot,22121,Everton,Tottenham,2,2,2024-02-03 12:30:00,,Aerial
560981,44,BlockedShot,0.8069999694824219,0.499000015258789,0.0436329059302806,Idrissa Gueye,h,668,OpenPlay,2023,RightFoot,22121,Everton,Tottenham,2,2,2024-02-03 12:30:00,,BallRecovery
560982,45,SavedShot,0.9519999694824218,0.455,0.0703925937414169,Ben Godfrey,h,7689,FromCorner,2023,Head,22121,Everton,Tottenham,2,2,2024-02-03 12:30:00,James Garner,Aerial
560983,46,BlockedShot,0.870999984741211,0.5109999847412109,0.0760094076395034,Dominic Calvert-Lewin,h,5555,OpenPlay,2023,RightFoot,22121,Everton,Tottenham,2,2,2024-02-03 12:30:00,Dwight McNeil,Cross
560984,49,MissedShots,0.785,0.6969999694824218,0.0189468916505575,Jack Harrison,h,8720,OpenPlay,2023,LeftFoot,22121,Everton,Tottenham,2,2,2024-02-03 12:30:00,James Tarkowski,Chipped
560989,64,MissedShots,0.8180000305175781,0.5070000076293946,0.0226627010852098,Dominic Calvert-Lewin,h,5555,SetPiece,2023,Head,22121,Everton,Tottenham,2,2,2024-02-03 12:30:00,James Garner,Chipped
560990,67,MissedShots,0.7330000305175781,0.369000015258789,0.0105322496965527,Ben Godfrey,h,7689,SetPiece,2023,RightFoot,22121,Everton,Tottenham,2,2,2024-02-03 12:30:00,,
560992,87,SavedShot,0.9,0.484000015258789,0.3496048748493194,Youssef Chermiti,h,11984,OpenPlay,2023,RightFoot,22121,Everton,Tottenham,2,2,2024-02-03 12:30:00,Lewis Dobbin,Cross
560993,93,Goal,0.985999984741211,0.4720000076293945,0.8909584283828735,Jarrad Branthwaite,h,8476,SetPiece,2023,Head,22121,Everton,Tottenham,2,2,2024-02-03 12:30:00,,
562560,0,SavedShot,0.8669999694824219,0.3039999961853027,0.0599026978015899,Danny Welbeck,a,501,OpenPlay,2023,LeftFoot,22132,Tottenham,Brighton,2,1,2024-02-10 15:00:00,,TakeOn
562561,16,Goal,0.885,0.5,0.7611688375473022,Pascal Groß,a,239,Penalty,2023,RightFoot,22132,Tottenham,Brighton,2,1,2024-02-10 15:00:00,,Standard
562566,28,BlockedShot,0.774000015258789,0.590999984741211,0.0483681708574295,Danny Welbeck,a,501,OpenPlay,2023,RightFoot,22132,Tottenham,Brighton,2,1,2024-02-10 15:00:00,,TakeOn
562567,28,SavedShot,0.9340000152587892,0.649000015258789,0.1048779562115669,Kaoru Mitoma,a,10806,OpenPlay,2023,RightFoot,22132,Tottenham,Brighton,2,1,2024-02-10 15:00:00,Adam Lallana,Pass
562578,75,MissedShots,0.926999969482422,0.5929999923706055,0.4108159244060516,Anssumane Fati,a,7967,OpenPlay,2023,LeftFoot,22132,Tottenham,Brighton,2,1,2024-02-10 15:00:00,Kaoru Mitoma,Pass
562579,77,BlockedShot,0.87,0.5520000076293945,0.1077150329947471,Facundo Buonanotte,a,11362,OpenPlay,2023,LeftFoot,22132,Tottenham,Brighton,2,1,2024-02-10 15:00:00,Anssumane Fati,Pass
563938,4,SavedShot,0.7569999694824219,0.3329999923706054,0.0206196643412113,Pablo Sarabia,a,2199,OpenPlay,2023,LeftFoot,22144,Tottenham,Wolverhampton Wanderers,1,2,2024-02-17 15:00:00,Hee-Chan Hwang,Pass
563939,5,SavedShot,0.8930000305175781,0.2579999923706054,0.0351013615727424,Nélson Semedo,a,6163,OpenPlay,2023,RightFoot,22144,Tottenham,Wolverhampton Wanderers,1,2,2024-02-17 15:00:00,Pablo Sarabia,Pass
563940,5,MissedShots,0.9469999694824218,0.4129999923706055,0.4139343202114105,Hee-Chan Hwang,a,8845,OpenPlay,2023,RightFoot,22144,Tottenham,Wolverhampton Wanderers,1,2,2024-02-17 15:00:00,,Rebound
563943,14,SavedShot,0.825,0.595999984741211,0.0600266940891742,Rayan Ait Nouri,a,6674,OpenPlay,2023,RightFoot,22144,Tottenham,Wolverhampton Wanderers,1,2,2024-02-17 15:00:00,Pablo Sarabia,Pass
563947,41,Goal,0.926999969482422,0.4820000076293945,0.1124594956636428,João Gomes,a,11384,FromCorner,2023,Head,22144,Tottenham,Wolverhampton Wanderers,1,2,2024-02-17 15:00:00,Pablo Sarabia,Cross
563948,48,MissedShots,0.8819999694824219,0.2620000076293945,0.042798712849617,Pablo Sarabia,a,2199,OpenPlay,2023,LeftFoot,22144,Tottenham,Wolverhampton Wanderers,1,2,2024-02-17 15:00:00,Rayan Ait Nouri,Pass
563951,55,SavedShot,0.870999984741211,0.4909999847412109,0.2888599038124084,Pablo Sarabia,a,2199,OpenPlay,2023,LeftFoot,22144,Tottenham,Wolverhampton Wanderers,1,2,2024-02-17 15:00:00,Nélson Semedo,Cross
563954,62,Goal,0.8669999694824219,0.51,0.5096959471702576,João Gomes,a,11384,OpenPlay,2023,RightFoot,22144,Tottenham,Wolverhampton Wanderers,1,2,2024-02-17 15:00:00,Pedro Neto,Pass
563956,77,BlockedShot,0.9030000305175782,0.6020000076293945,0.1497369110584259,Jean-Ricner Bellegarde,a,7762,OpenPlay,2023,RightFoot,22144,Tottenham,Wolverhampton Wanderers,1,2,2024-02-17 15:00:00,,TakeOn
563957,80,SavedShot,0.89,0.7269999694824218,0.0400470681488513,Mario Lemina,a,1299,FromCorner,2023,RightFoot,22144,Tottenham,Wolverhampton Wanderers,1,2,2024-02-17 15:00:00,Craig Dawson,Pass
563959,88,MissedShots,0.7930000305175782,0.6940000152587891,0.0476724617183208,Pedro Neto,a,6382,OpenPlay,2023,LeftFoot,22144,Tottenham,Wolverhampton Wanderers,1,2,2024-02-17 15:00:00,Jean-Ricner Bellegarde,Pass
563961,90,MissedShots,0.8880000305175781,0.395,0.0694893077015876,Pedro Neto,a,6382,OpenPlay,2023,LeftFoot,22144,Tottenham,Wolverhampton Wanderers,1,2,2024-02-17 15:00:00,Jean-Ricner Bellegarde,Cross
566623,4,MissedShots,0.8180000305175781,0.4909999847412109,0.0685178712010383,Jordan Ayew,a,672,OpenPlay,2023,RightFoot,22164,Tottenham,Crystal Palace,3,1,2024-03-02 15:00:00,Jefferson Lerma,Pass
566624,12,BlockedShot,0.8909999847412109,0.4670000076293945,0.0798523426055908,Jean-Philippe Mateta,a,5735,SetPiece,2023,RightFoot,22164,Tottenham,Crystal Palace,3,1,2024-03-02 15:00:00,Jordan Ayew,Cross
566625,12,MissedShots,0.8569999694824219,0.3579999923706055,0.0417293049395084,Adam Wharton,a,12409,SetPiece,2023,LeftFoot,22164,Tottenham,Crystal Palace,3,1,2024-03-02 15:00:00,,Rebound
566632,58,Goal,0.785,0.5840000152587891,0.0911196693778038,Eberechi Eze,a,8706,DirectFreekick,2023,RightFoot,22164,Tottenham,Crystal Palace,3,1,2024-03-02 15:00:00,,Standard
568441,14,BlockedShot,0.870999984741211,0.6419999694824219,0.0789852291345596,Youri Tielemans,h,5956,OpenPlay,2023,LeftFoot,22167,Aston Villa,Tottenham,0,4,2024-03-10 13:00:00,Ollie Watkins,Pass
568442,21,BlockedShot,0.8219999694824218,0.45,0.0211900752037763,Leon Bailey,h,5221,OpenPlay,2023,LeftFoot,22167,Aston Villa,Tottenham,0,4,2024-03-10 13:00:00,,Aerial
568443,28,MissedShots,0.97,0.4070000076293945,0.4007386565208435,Matthew Cash,h,8864,OpenPlay,2023,RightFoot,22167,Aston Villa,Tottenham,0,4,2024-03-10 13:00:00,,
568445,44,BlockedShot,0.899000015258789,0.6029999923706054,0.139100044965744,Ollie Watkins,h,8865,OpenPlay,2023,RightFoot,22167,Aston Villa,Tottenham,0,4,2024-03-10 13:00:00,Leon Bailey,Pass
568446,44,MissedShots,0.8959999847412109,0.5620000076293945,0.0364754796028137,Lucas Digne,h,1823,FromCorner,2023,OtherBodyPart,22167,Aston Villa,Tottenham,0,4,2024-03-10 13:00:00,John McGinn,Cross
568447,45,BlockedShot,0.8690000152587891,0.38,0.0668122842907905,Matthew Cash,h,8864,OpenPlay,2023,LeftFoot,22167,Aston Villa,Tottenham,0,4,2024-03-10 13:00:00,John McGinn,Chipped
568449,51,BlockedShot,0.750999984741211,0.5309999847412109,0.022895511239767,Youri Tielemans,h,5956,OpenPlay,2023,RightFoot,22167,Aston Villa,Tottenham,0,4,2024-03-10 13:00:00,John McGinn,Pass
568451,73,BlockedShot,0.799000015258789,0.41,0.031228169798851,Moussa Diaby,h,6556,OpenPlay,2023,LeftFoot,22167,Aston Villa,Tottenham,0,4,2024-03-10 13:00:00,Douglas Luiz,Chipped
568454,83,BlockedShot,0.933000030517578,0.500999984741211,0.0630445703864097,Ezri Konsa Ngoyo,h,7726,FromCorner,2023,Head,22167,Aston Villa,Tottenham,0,4,2024-03-10 13:00:00,Douglas Luiz,Aerial
568455,83,SavedShot,0.970999984741211,0.5890000152587891,0.3972459733486175,Nicolo Zaniolo,h,6686,FromCorner,2023,LeftFoot,22167,Aston Villa,Tottenham,0,4,2024-03-10 13:00:00,,Rebound
569562,1,BlockedShot,0.8780000305175781,0.285,0.0696697756648063,Rodrigo Muniz,h,10717,OpenPlay,2023,RightFoot,22180,Fulham,Tottenham,3,0,2024-03-16 17:30:00,Andreas Pereira,Pass
569563,1,BlockedShot,0.8569999694824219,0.4490000152587891,0.1233922615647316,Andreas Pereira,h,922,OpenPlay,2023,RightFoot,22180,Fulham,Tottenham,3,0,2024-03-16 17:30:00,,Rebound
569564,10,BlockedShot,0.924000015258789,0.4879999923706055,0.1114879697561264,Andreas Pereira,h,922,OpenPlay,2023,LeftFoot,22180,Fulham,Tottenham,3,0,2024-03-16 17:30:00,,
569565,10,SavedShot,0.93,0.3390000152587891,0.0884207487106323,Sasa Lukic,h,1537,OpenPlay,2023,RightFoot,22180,Fulham,Tottenham,3,0,2024-03-16 17:30:00,Alex Iwobi,Pass
569567,24,SavedShot,0.855,0.38,0.1090587750077247,Willian,h,700,OpenPlay,2023,RightFoot,22180,Fulham,Tottenham,3,0,2024-03-16 17:30:00,Alex Iwobi,Pass
569568,25,MissedShots,0.72,0.5179999923706055,0.0170910898596048,Andreas Pereira,h,922,OpenPlay,2023,RightFoot,22180,Fulham,Tottenham,3,0,2024-03-16 17:30:00,Alex Iwobi,Pass
569573,41,Goal,0.911999969482422,0.3929999923706054,0.2809586524963379,Rodrigo Muniz,h,10717,OpenPlay,2023,RightFoot,22180,Fulham,Tottenham,3,0,2024-03-16 17:30:00,Antonee Robinson,Cross
569574,45,MissedShots,0.9109999847412108,0.44,0.0207765065133571,João Palhinha,h,10715,FromCorner,2023,Head,22180,Fulham,Tottenham,3,0,2024-03-16 17:30:00,Andreas Pereira,Aerial
569576,48,Goal,0.9309999847412108,0.405,0.1117168813943862,Sasa Lukic,h,1537,OpenPlay,2023,LeftFoot,22180,Fulham,Tottenham,3,0,2024-03-16 17:30:00,Timothy Castagne,Cross
569577,59,SavedShot,0.9619999694824218,0.3779999923706054,0.1176653653383255,Timothy Castagne,h,6157,OpenPlay,2023,RightFoot,22180,Fulham,Tottenham,3,0,2024-03-16 17:30:00,Alex Iwobi,Pass
569578,60,BlockedShot,0.8769999694824219,0.5540000152587891,0.013103237375617,João Palhinha,h,10715,FromCorner,2023,Head,22180,Fulham,Tottenham,3,0,2024-03-16 17:30:00,Andreas Pereira,Aerial
569579,60,ShotOnPost,0.965999984741211,0.585,0.1277900040149688,Calvin Bassey,h,11728,FromCorner,2023,LeftFoot,22180,Fulham,Tottenham,3,0,2024-03-16 17:30:00,,Rebound
569580,60,Goal,0.981999969482422,0.4920000076293945,0.949984610080719,Rodrigo Muniz,h,10717,FromCorner,2023,RightFoot,22180,Fulham,Tottenham,3,0,2024-03-16 17:30:00,,Rebound
569581,63,BlockedShot,0.87,0.5659999847412109,0.0702399164438247,João Palhinha,h,10715,SetPiece,2023,LeftFoot,22180,Fulham,Tottenham,3,0,2024-03-16 17:30:00,,
569587,89,SavedShot,0.8369999694824218,0.6780000305175782,0.1471025794744491,Harry Wilson,h,5596,OpenPlay,2023,LeftFoot,22180,Fulham,Tottenham,3,0,2024-03-16 17:30:00,Raúl Jiménez,Throughball
569589,91,BlockedShot,0.884000015258789,0.4320000076293945,0.2564078569412231,Bobby Reid,h,6827,OpenPlay,2023,RightFoot,22180,Fulham,Tottenham,3,0,2024-03-16 17:30:00,Harry Wilson,TakeOn
570803,2,Goal,0.8819999694824219,0.615,0.0945958867669105,Tahith Chong,a,7439,OpenPlay,2023,LeftFoot,22194,Tottenham,Luton,2,1,2024-03-30 15:00:00,Ross Barkley,Pass
570806,16,BlockedShot,0.9230000305175782,0.5720000076293945,0.1202625259757042,Carlton Morris,a,11717,OpenPlay,2023,RightFoot,22194,Tottenham,Luton,2,1,2024-03-30 15:00:00,Reece Burke,Clearance
570811,43,BlockedShot,0.8930000305175781,0.6359999847412109,0.0612710714340209,Alfie Doughty,a,11723,OpenPlay,2023,LeftFoot,22194,Tottenham,Luton,2,1,2024-03-30 15:00:00,Andros Townsend,Cross
570812,43,MissedShots,0.889000015258789,0.4779999923706055,0.0442606061697006,Luke Berry,a,11722,FromCorner,2023,Head,22194,Tottenham,Luton,2,1,2024-03-30 15:00:00,Alfie Doughty,Cross
570815,49,SavedShot,0.7580000305175781,0.6140000152587891,0.0235241781920194,Ross Barkley,a,592,OpenPlay,2023,LeftFoot,22194,Tottenham,Luton,2,1,2024-03-30 15:00:00,Alfie Doughty,Pass
570816,50,OwnGoal,0.0459999990463256,0.455,0.0,Issa Kabore,a,9619,OpenPlay,2023,LeftFoot,22194,Tottenham,Luton,2,1,2024-03-30 15:00:00,,
570820,64,SavedShot,0.7909999847412109,0.5879999923706055,0.0235645100474357,Jordan Clark,a,12187,FromCorner,2023,RightFoot,22194,Tottenham,Luton,2,1,2024-03-30 15:00:00,,
570826,88,BlockedShot,0.78,0.479000015258789,0.0349228493869304,Andros Townsend,a,775,OpenPlay,2023,LeftFoot,22194,Tottenham,Luton,2,1,2024-03-30 15:00:00,Ross Barkley,Pass
571841,3,MissedShots,0.8909999847412109,0.5459999847412109,0.0933641195297241,Jarrod Bowen,h,1776,OpenPlay,2023,LeftFoot,22199,West Ham,Tottenham,1,1,2024-04-02 19:15:00,,
571843,6,BlockedShot,0.905,0.4929999923706055,0.1056375801563263,Mohammed Kudus,h,12027,FromCorner,2023,LeftFoot,22199,West Ham,Tottenham,1,1,2024-04-02 19:15:00,Tomas Soucek,
571846,18,Goal,0.9590000152587892,0.51,0.5028918385505676,Kurt Zouma,h,935,FromCorner,2023,Head,22199,West Ham,Tottenham,1,1,2024-04-02 19:15:00,Jarrod Bowen,Cross
571847,25,BlockedShot,0.8330000305175781,0.519000015258789,0.0612149834632873,Jarrod Bowen,h,1776,OpenPlay,2023,RightFoot,22199,West Ham,Tottenham,1,1,2024-04-02 19:15:00,,
571848,36,SavedShot,0.7119999694824218,0.3520000076293945,0.0361051857471466,James Ward-Prowse,h,843,DirectFreekick,2023,RightFoot,22199,West Ham,Tottenham,1,1,2024-04-02 19:15:00,,Standard
571850,47,SavedShot,0.825999984741211,0.4829999923706055,0.0524333678185939,Michail Antonio,h,531,OpenPlay,2023,LeftFoot,22199,West Ham,Tottenham,1,1,2024-04-02 19:15:00,James Ward-Prowse,BallRecovery
571851,49,MissedShots,0.8140000152587891,0.4670000076293945,0.0600854158401489,Lucas Paquetá,h,7365,OpenPlay,2023,LeftFoot,22199,West Ham,Tottenham,1,1,2024-04-02 19:15:00,Jarrod Bowen,Pass
571855,56,MissedShots,0.7709999847412109,0.29,0.0144681017845869,Lucas Paquetá,h,7365,OpenPlay,2023,LeftFoot,22199,West Ham,Tottenham,1,1,2024-04-02 19:15:00,,
571856,59,SavedShot,0.901999969482422,0.425,0.4344601631164551,Michail Antonio,h,531,OpenPlay,2023,RightFoot,22199,West Ham,Tottenham,1,1,2024-04-02 19:15:00,James Ward-Prowse,TakeOn
571861,85,MissedShots,0.963000030517578,0.545,0.0779197886586189,Tomas Soucek,h,8288,FromCorner,2023,Head,22199,West Ham,Tottenham,1,1,2024-04-02 19:15:00,Jarrod Bowen,Aerial
571864,93,BlockedShot,0.840999984741211,0.3139999961853027,0.0315909013152122,Mohammed Kudus,h,12027,OpenPlay,2023,LeftFoot,22199,West Ham,Tottenham,1,1,2024-04-02 19:15:00,Konstantinos Mavropanos,TakeOn
573147,10,MissedShots,0.3309999847412109,0.84,0.0093283765017986,Murillo,a,12123,OpenPlay,2023,LeftFoot,22213,Tottenham,Nottingham Forest,3,1,2024-04-07 19:00:00,,BallRecovery
573149,14,OwnGoal,0.0440000009536743,0.4920000076293945,0.0,Murillo,a,12123,OpenPlay,2023,RightFoot,22213,Tottenham,Nottingham Forest,3,1,2024-04-07 19:00:00,,TakeOn
573151,18,SavedShot,0.855999984741211,0.6969999694824218,0.0355441272258758,Callum Hudson-Odoi,a,6456,OpenPlay,2023,RightFoot,22213,Tottenham,Nottingham Forest,3,1,2024-04-07 19:00:00,Morgan Gibbs-White,Pass
573155,26,Goal,0.8919999694824219,0.4170000076293945,0.3924174010753631,Chris Wood,a,4456,OpenPlay,2023,RightFoot,22213,Tottenham,Nottingham Forest,3,1,2024-04-07 19:00:00,Anthony Elanga,Pass
573156,33,SavedShot,0.8480000305175781,0.4820000076293945,0.092479757964611,Ryan Yates,a,11003,OpenPlay,2023,RightFoot,22213,Tottenham,Nottingham Forest,3,1,2024-04-07 19:00:00,Ola Aina,Pass
573157,33,ShotOnPost,0.975,0.445,0.6510992646217346,Chris Wood,a,4456,OpenPlay,2023,RightFoot,22213,Tottenham,Nottingham Forest,3,1,2024-04-07 19:00:00,,Rebound
573158,34,MissedShots,0.794000015258789,0.629000015258789,0.0283766463398933,Morgan Gibbs-White,a,6857,OpenPlay,2023,RightFoot,22213,Tottenham,Nottingham Forest,3,1,2024-04-07 19:00:00,Ola Aina,Pass
573159,37,SavedShot,0.815,0.5029999923706054,0.0567061491310596,Anthony Elanga,a,9524,OpenPlay,2023,LeftFoot,22213,Tottenham,Nottingham Forest,3,1,2024-04-07 19:00:00,Andrew Omobamidele,Pass
573162,50,SavedShot,0.9540000152587892,0.524000015258789,0.6363325119018555,Chris Wood,a,4456,OpenPlay,2023,Head,22213,Tottenham,Nottingham Forest,3,1,2024-04-07 19:00:00,,Aerial
573164,54,MissedShots,0.9740000152587892,0.6659999847412109,0.0351684167981147,Callum Hudson-Odoi,a,6456,OpenPlay,2023,LeftFoot,22213,Tottenham,Nottingham Forest,3,1,2024-04-07 19:00:00,Neco Williams,Cross
573168,66,MissedShots,0.6980000305175781,0.4159999847412109,0.0087158419191837,Neco Williams,a,8204,OpenPlay,2023,RightFoot,22213,Tottenham,Nottingham Forest,3,1,2024-04-07 19:00:00,Morgan Gibbs-White,Pass
573170,82,SavedShot,0.785,0.4309999847412109,0.0290907956659793,Nicolás Domínguez,a,8252,OpenPlay,2023,RightFoot,22213,Tottenham,Nottingham Forest,3,1,2024-04-07 19:00:00,Anthony Elanga,Pass
573172,88,MissedShots,0.7930000305175782,0.6790000152587891,0.0695150792598724,Callum Hudson-Odoi,a,6456,DirectFreekick,2023,RightFoot,22213,Tottenham,Nottingham Forest,3,1,2024-04-07 19:00:00,,Standard
573174,96,MissedShots,0.7390000152587891,0.385,0.0166544150561094,Divock Origi,a,484,OpenPlay,2023,LeftFoot,22213,Tottenham,Nottingham Forest,3,1,2024-04-07 19:00:00,Anthony Elanga,Pass
573405,2,BlockedShot,0.875999984741211,0.54,0.035770159214735,Elliot Anderson,h,9154,OpenPlay,2023,Head,22222,Newcastle United,Tottenham,4,0,2024-04-13 11:30:00,Jacob Murphy,Cross
573407,9,MissedShots,0.943000030517578,0.4809999847412109,0.1289391219615936,Elliot Anderson,h,9154,FromCorner,2023,Head,22222,Newcastle United,Tottenham,4,0,2024-04-13 11:30:00,Anthony Gordon,Cross
573408,9,MissedShots,0.933000030517578,0.4679999923706054,0.1144445836544036,Harvey Barnes,h,6681,FromCorner,2023,Head,22222,Newcastle United,Tottenham,4,0,2024-04-13 11:30:00,Anthony Gordon,Cross
573410,16,BlockedShot,0.87,0.6419999694824219,0.0733958110213279,Harvey Barnes,h,6681,OpenPlay,2023,RightFoot,22222,Newcastle United,Tottenham,4,0,2024-04-13 11:30:00,Alexander Isak,Pass
573412,29,Goal,0.8719999694824219,0.5279999923706055,0.4742846488952636,Alexander Isak,h,5232,OpenPlay,2023,RightFoot,22222,Newcastle United,Tottenham,4,0,2024-04-13 11:30:00,Anthony Gordon,TakeOn
573413,31,Goal,0.914000015258789,0.5790000152587891,0.4251106679439544,Anthony Gordon,h,8150,OpenPlay,2023,RightFoot,22222,Newcastle United,Tottenham,4,0,2024-04-13 11:30:00,,BallRecovery
573414,35,MissedShots,0.9569999694824218,0.44,0.0638761073350906,Dan Burn,h,7382,FromCorner,2023,Head,22222,Newcastle United,Tottenham,4,0,2024-04-13 11:30:00,Anthony Gordon,Aerial
573415,36,BlockedShot,0.8730000305175781,0.51,0.391651839017868,Alexander Isak,h,5232,OpenPlay,2023,RightFoot,22222,Newcastle United,Tottenham,4,0,2024-04-13 11:30:00,Harvey Barnes,Pass
573416,40,MissedShots,0.93,0.4809999847412109,0.0574635937809944,Alexander Isak,h,5232,FromCorner,2023,Head,22222,Newcastle United,Tottenham,4,0,2024-04-13 11:30:00,Anthony Gordon,Aerial
573418,43,MissedShots,0.9309999847412108,0.519000015258789,0.0587423145771026,Alexander Isak,h,5232,FromCorner,2023,Head,22222,Newcastle United,Tottenham,4,0,2024-04-13 11:30:00,Anthony Gordon,Aerial
573419,47,BlockedShot,0.9619999694824218,0.6029999923706054,0.0816971510648727,Alexander Isak,h,5232,SetPiece,2023,RightFoot,22222,Newcastle United,Tottenham,4,0,2024-04-13 11:30:00,Fabian Schär,HeadPass
573421,50,Goal,0.924000015258789,0.5790000152587891,0.5431457757949829,Alexander Isak,h,5232,OpenPlay,2023,RightFoot,22222,Newcastle United,Tottenham,4,0,2024-04-13 11:30:00,Bruno Guimarães,Chipped
573423,62,SavedShot,0.9490000152587892,0.6709999847412109,0.0649870112538337,Elliot Anderson,h,9154,OpenPlay,2023,RightFoot,22222,Newcastle United,Tottenham,4,0,2024-04-13 11:30:00,Harvey Barnes,TakeOn
573424,62,MissedShots,0.926999969482422,0.5209999847412109,0.0507847741246223,Elliot Anderson,h,9154,FromCorner,2023,Head,22222,Newcastle United,Tottenham,4,0,2024-04-13 11:30:00,Anthony Gordon,CornerAwarded
573428,72,MissedShots,0.7830000305175782,0.3679999923706055,0.0117095801979303,Elliot Anderson,h,9154,SetPiece,2023,RightFoot,22222,Newcastle United,Tottenham,4,0,2024-04-13 11:30:00,,Aerial
573430,80,ShotOnPost,0.8240000152587891,0.4229999923706055,0.0383662320673465,Emil Krafth,h,1545,FromCorner,2023,RightFoot,22222,Newcastle United,Tottenham,4,0,2024-04-13 11:30:00,,
573431,85,BlockedShot,0.905,0.4420000076293945,0.4511463344097137,Anthony Gordon,h,8150,OpenPlay,2023,RightFoot,22222,Newcastle United,Tottenham,4,0,2024-04-13 11:30:00,Harvey Barnes,Pass
573432,86,Goal,0.92,0.549000015258789,0.0827838853001594,Fabian Schär,h,76,FromCorner,2023,Head,22222,Newcastle United,Tottenham,4,0,2024-04-13 11:30:00,Anthony Gordon,Cross
577216,10,BlockedShot,0.750999984741211,0.605999984741211,0.0577650591731071,Martin Odegaard,a,2517,DirectFreekick,2023,LeftFoot,22241,Tottenham,Arsenal,2,3,2024-04-28 13:00:00,,Standard
577218,14,BlockedShot,0.914000015258789,0.3270000076293945,0.0796167179942131,Declan Rice,a,5553,OpenPlay,2023,RightFoot,22241,Tottenham,Arsenal,2,3,2024-04-28 13:00:00,Martin Odegaard,Pass
577223,26,Goal,0.8909999847412109,0.4229999923706055,0.1387204825878143,Bukayo Saka,a,7322,OpenPlay,2023,LeftFoot,22241,Tottenham,Arsenal,2,3,2024-04-28 13:00:00,Kai Havertz,Chipped
577224,37,Goal,0.9619999694824218,0.5309999847412109,0.5010649561882019,Kai Havertz,a,5220,FromCorner,2023,Head,22241,Tottenham,Arsenal,2,3,2024-04-28 13:00:00,Declan Rice,Cross
577229,47,MissedShots,0.8769999694824219,0.5659999847412109,0.1063071712851524,Takehiro Tomiyasu,a,7931,SetPiece,2023,Head,22241,Tottenham,Arsenal,2,3,2024-04-28 13:00:00,Declan Rice,Cross
577231,52,SavedShot,0.9309999847412108,0.4320000076293945,0.4008489549160003,Bukayo Saka,a,7322,OpenPlay,2023,LeftFoot,22241,Tottenham,Arsenal,2,3,2024-04-28 13:00:00,Kai Havertz,Chipped
577233,57,BlockedShot,0.8780000305175781,0.6480000305175782,0.0990845710039138,Leandro Trossard,a,7698,OpenPlay,2023,RightFoot,22241,Tottenham,Arsenal,2,3,2024-04-28 13:00:00,Bukayo Saka,Pass
577235,67,BlockedShot,0.9,0.33,0.087581492960453,Bukayo Saka,a,7322,OpenPlay,2023,LeftFoot,22241,Tottenham,Arsenal,2,3,2024-04-28 13:00:00,Martin Odegaard,Pass
577236,82,BlockedShot,0.8340000152587891,0.6170000076293946,0.0437017008662223,Gabriel Martinelli,a,7752,SetPiece,2023,RightFoot,22241,Tottenham,Arsenal,2,3,2024-04-28 13:00:00,,
577969,4,BlockedShot,0.8719999694824219,0.644000015258789,0.2884739637374878,Nicolas Jackson,h,10048,OpenPlay,2023,RightFoot,22149,Chelsea,Tottenham,2,0,2024-05-02 18:30:00,Mykhailo Mudryk,Pass
577970,4,MissedShots,0.960999984741211,0.4559999847412109,0.7339301705360413,Cole Palmer,h,8497,OpenPlay,2023,RightFoot,22149,Chelsea,Tottenham,2,0,2024-05-02 18:30:00,,Rebound
577971,4,MissedShots,0.916999969482422,0.6419999694824219,0.0795281529426574,Mykhailo Mudryk,h,11305,OpenPlay,2023,LeftFoot,22149,Chelsea,Tottenham,2,0,2024-05-02 18:30:00,,BallRecovery
577973,16,MissedShots,0.8059999847412109,0.3089999961853027,0.024227175861597,Alfie Gilchrist,h,11595,OpenPlay,2023,RightFoot,22149,Chelsea,Tottenham,2,0,2024-05-02 18:30:00,,
577974,19,BlockedShot,0.8469999694824218,0.6959999847412109,0.0283211171627044,Benoit Badiashile Mukinayi,h,7240,SetPiece,2023,LeftFoot,22149,Chelsea,Tottenham,2,0,2024-05-02 18:30:00,,
577975,20,SavedShot,0.975999984741211,0.615,0.0763665065169334,Mykhailo Mudryk,h,11305,OpenPlay,2023,LeftFoot,22149,Chelsea,Tottenham,2,0,2024-05-02 18:30:00,,
577976,22,MissedShots,0.815,0.4559999847412109,0.0455064624547958,Noni Madueke,h,11357,OpenPlay,2023,LeftFoot,22149,Chelsea,Tottenham,2,0,2024-05-02 18:30:00,Mykhailo Mudryk,Chipped
577977,23,Goal,0.901999969482422,0.5670000076293945,0.2420245707035064,Trevoh Chalobah,h,6615,SetPiece,2023,Head,22149,Chelsea,Tottenham,2,0,2024-05-02 18:30:00,Conor Gallagher,Chipped
577978,31,MissedShots,0.8490000152587891,0.6459999847412109,0.0689050927758216,Mykhailo Mudryk,h,11305,OpenPlay,2023,RightFoot,22149,Chelsea,Tottenham,2,0,2024-05-02 18:30:00,Cole Palmer,Pass
577980,40,MissedShots,0.74,0.5940000152587891,0.0210743211209774,Mykhailo Mudryk,h,11305,SetPiece,2023,RightFoot,22149,Chelsea,Tottenham,2,0,2024-05-02 18:30:00,Cole Palmer,Pass
577982,49,MissedShots,0.94,0.575,0.0860799998044967,Alfie Gilchrist,h,11595,FromCorner,2023,Head,22149,Chelsea,Tottenham,2,0,2024-05-02 18:30:00,Mykhailo Mudryk,Cross
577984,51,MissedShots,0.87,0.3720000076293945,0.0954189300537109,Cole Palmer,h,8497,OpenPlay,2023,LeftFoot,22149,Chelsea,Tottenham,2,0,2024-05-02 18:30:00,Noni Madueke,Pass
577986,59,BlockedShot,0.9230000305175782,0.3509999847412109,0.2528471946716308,Cole Palmer,h,8497,OpenPlay,2023,RightFoot,22149,Chelsea,Tottenham,2,0,2024-05-02 18:30:00,Noni Madueke,TakeOn
577991,71,ShotOnPost,0.7340000152587891,0.4759999847412109,0.0537610240280628,Cole Palmer,h,8497,DirectFreekick,2023,LeftFoot,22149,Chelsea,Tottenham,2,0,2024-05-02 18:30:00,,Standard
577992,71,Goal,0.911999969482422,0.4659999847412109,0.3207683563232422,Nicolas Jackson,h,10048,SetPiece,2023,Head,22149,Chelsea,Tottenham,2,0,2024-05-02 18:30:00,,Rebound
577994,86,SavedShot,0.7909999847412109,0.18,0.0360478721559047,Cole Palmer,h,8497,DirectFreekick,2023,LeftFoot,22149,Chelsea,Tottenham,2,0,2024-05-02 18:30:00,,Standard
579002,7,MissedShots,0.8690000152587891,0.3270000076293945,0.0494299605488777,Trent Alexander-Arnold,h,1791,OpenPlay,2023,RightFoot,22251,Liverpool,Tottenham,4,2,2024-05-05 15:30:00,,
579003,8,SavedShot,0.925,0.3390000152587891,0.0835485458374023,Mohamed Salah,h,1250,OpenPlay,2023,RightFoot,22251,Liverpool,Tottenham,4,2,2024-05-05 15:30:00,Harvey Elliott,Pass
579004,8,BlockedShot,0.9130000305175782,0.395,0.0929560735821724,Harvey Elliott,h,7546,OpenPlay,2023,RightFoot,22251,Liverpool,Tottenham,4,2,2024-05-05 15:30:00,,Rebound
579005,15,Goal,0.9740000152587892,0.445,0.5794141292572021,Mohamed Salah,h,1250,OpenPlay,2023,Head,22251,Liverpool,Tottenham,4,2,2024-05-05 15:30:00,Cody Gakpo,Cross
579006,21,SavedShot,0.983000030517578,0.5770000076293945,0.1297371387481689,Luis Díaz,h,10408,OpenPlay,2023,LeftFoot,22251,Liverpool,Tottenham,4,2,2024-05-05 15:30:00,,
579007,33,MissedShots,0.8569999694824219,0.434000015258789,0.1351286917924881,Mohamed Salah,h,1250,OpenPlay,2023,LeftFoot,22251,Liverpool,Tottenham,4,2,2024-05-05 15:30:00,,Dispossessed
579008,35,BlockedShot,0.8819999694824219,0.6730000305175782,0.0687046274542808,Andrew Robertson,h,1688,OpenPlay,2023,LeftFoot,22251,Liverpool,Tottenham,4,2,2024-05-05 15:30:00,,
579009,36,SavedShot,0.7669999694824219,0.644000015258789,0.0278366450220346,Cody Gakpo,h,11296,OpenPlay,2023,RightFoot,22251,Liverpool,Tottenham,4,2,2024-05-05 15:30:00,Wataru Endo,Pass
579010,40,BlockedShot,0.785,0.3240000152587891,0.0313982218503952,Trent Alexander-Arnold,h,1791,OpenPlay,2023,RightFoot,22251,Liverpool,Tottenham,4,2,2024-05-05 15:30:00,,BallRecovery
579011,40,MissedShots,0.9080000305175782,0.585,0.1159348934888839,Luis Díaz,h,10408,OpenPlay,2023,RightFoot,22251,Liverpool,Tottenham,4,2,2024-05-05 15:30:00,Trent Alexander-Arnold,Chipped
579012,41,MissedShots,0.8630000305175781,0.4259999847412109,0.1059089079499244,Trent Alexander-Arnold,h,1791,OpenPlay,2023,LeftFoot,22251,Liverpool,Tottenham,4,2,2024-05-05 15:30:00,Alexis Mac Allister,Pass
579013,43,SavedShot,0.904000015258789,0.3429999923706054,0.0976590737700462,Harvey Elliott,h,7546,OpenPlay,2023,RightFoot,22251,Liverpool,Tottenham,4,2,2024-05-05 15:30:00,Cody Gakpo,Pass
579014,44,SavedShot,0.9159999847412108,0.4759999847412109,0.5161395072937012,Mohamed Salah,h,1250,OpenPlay,2023,LeftFoot,22251,Liverpool,Tottenham,4,2,2024-05-05 15:30:00,Andrew Robertson,Pass
579015,44,Goal,0.978000030517578,0.53,0.8801809549331665,Andrew Robertson,h,1688,OpenPlay,2023,RightFoot,22251,Liverpool,Tottenham,4,2,2024-05-05 15:30:00,,Rebound
579016,46,SavedShot,0.909000015258789,0.395,0.1334962397813797,Mohamed Salah,h,1250,OpenPlay,2023,RightFoot,22251,Liverpool,Tottenham,4,2,2024-05-05 15:30:00,Harvey Elliott,Pass
579017,49,Goal,0.909000015258789,0.5359999847412109,0.0461385585367679,Cody Gakpo,h,11296,OpenPlay,2023,Head,22251,Liverpool,Tottenham,4,2,2024-05-05 15:30:00,Harvey Elliott,Aerial
579018,51,BlockedShot,0.8730000305175781,0.3209999847412109,0.0723537653684616,Mohamed Salah,h,1250,OpenPlay,2023,LeftFoot,22251,Liverpool,Tottenham,4,2,2024-05-05 15:30:00,Harvey Elliott,Pass
579021,58,Goal,0.7669999694824219,0.4420000076293945,0.0339879095554351,Harvey Elliott,h,7546,OpenPlay,2023,LeftFoot,22251,Liverpool,Tottenham,4,2,2024-05-05 15:30:00,Mohamed Salah,TakeOn
579025,71,SavedShot,0.799000015258789,0.4129999923706055,0.0450230874121189,Harvey Elliott,h,7546,OpenPlay,2023,LeftFoot,22251,Liverpool,Tottenham,4,2,2024-05-05 15:30:00,Luis Díaz,Pass
579028,79,MissedShots,0.9209999847412108,0.6509999847412109,0.0837847366929054,Ryan Gravenberch,h,10697,OpenPlay,2023,RightFoot,22251,Liverpool,Tottenham,4,2,2024-05-05 15:30:00,Harvey Elliott,Chipped
579029,81,MissedShots,0.5520000076293945,0.1169999980926513,0.0088033331558108,Trent Alexander-Arnold,h,1791,OpenPlay,2023,RightFoot,22251,Liverpool,Tottenham,4,2,2024-05-05 15:30:00,,BallRecovery
579031,85,MissedShots,0.9180000305175782,0.3390000152587891,0.0937635079026222,Dominik Szoboszlai,h,9788,OpenPlay,2023,RightFoot,22251,Liverpool,Tottenham,4,2,2024-05-05 15:30:00,Mohamed Salah,Pass
579033,89,MissedShots,0.914000015258789,0.544000015258789,0.0283776521682739,Virgil van Dijk,h,833,FromCorner,2023,Head,22251,Liverpool,Tottenham,4,2,2024-05-05 15:30:00,Trent Alexander-Arnold,Aerial
579035,92,BlockedShot,0.899000015258789,0.5379999923706055,0.0185509622097015,Virgil van Dijk,h,833,FromCorner,2023,Head,22251,Liverpool,Tottenham,4,2,2024-05-05 15:30:00,Dominik Szoboszlai,Aerial
579036,96,SavedShot,0.7930000305175782,0.615,0.2460297793149948,Darwin Núñez,h,10720,OpenPlay,2023,RightFoot,22251,Liverpool,Tottenham,4,2,2024-05-05 15:30:00,Mohamed Salah,Pass
579899,4,SavedShot,0.9590000152587892,0.5779999923706055,0.3446391522884369,Vitinho,a,11700,OpenPlay,2023,Head,22262,Tottenham,Burnley,2,1,2024-05-11 14:00:00,Wilson Odobert,Cross
579903,24,Goal,0.8919999694824219,0.405,0.3129802644252777,Jacob Bruun Larsen,a,5355,OpenPlay,2023,RightFoot,22262,Tottenham,Burnley,2,1,2024-05-11 14:00:00,Sander Berge,Pass
579906,32,MissedShots,0.9109999847412108,0.3829999923706054,0.072248063981533,Jacob Bruun Larsen,a,5355,OpenPlay,2023,RightFoot,22262,Tottenham,Burnley,2,1,2024-05-11 14:00:00,Wilson Odobert,Cross
579909,47,SavedShot,0.8219999694824218,0.4070000076293945,0.0892283022403717,Jacob Bruun Larsen,a,5355,OpenPlay,2023,RightFoot,22262,Tottenham,Burnley,2,1,2024-05-11 14:00:00,Lyle Foster,Pass
579913,56,BlockedShot,0.855,0.634000015258789,0.0608777739107608,Wilson Odobert,a,10822,OpenPlay,2023,RightFoot,22262,Tottenham,Burnley,2,1,2024-05-11 14:00:00,Charlie Taylor,BallRecovery
579914,57,BlockedShot,0.915,0.3979999923706054,0.0325727984309196,Dara O&#039;Shea,a,8756,FromCorner,2023,Head,22262,Tottenham,Burnley,2,1,2024-05-11 14:00:00,Jacob Bruun Larsen,Cross
579915,57,MissedShots,0.925,0.555,0.0377850756049156,Maxime Estève,a,9487,FromCorner,2023,Head,22262,Tottenham,Burnley,2,1,2024-05-11 14:00:00,Dara O&#039;Shea,Aerial
580953,14,MissedShots,0.8209999847412109,0.465,0.0411614142358303,Mateo Kovacic,a,2254,FromCorner,2023,RightFoot,22233,Tottenham,Manchester City,0,2,2024-05-14 19:00:00,,
580954,15,SavedShot,0.919000015258789,0.5770000076293945,0.4280816316604614,Phil Foden,a,6055,OpenPlay,2023,LeftFoot,22233,Tottenham,Manchester City,0,2,2024-05-14 19:00:00,,BallTouch
580957,37,MissedShots,0.9519999694824218,0.6509999847412109,0.2959517240524292,Josko Gvardiol,a,9790,OpenPlay,2023,LeftFoot,22233,Tottenham,Manchester City,0,2,2024-05-14 19:00:00,Kyle Walker,Chipped
580958,46,SavedShot,0.860999984741211,0.5379999923706055,0.0843008607625961,Kevin De Bruyne,a,447,OpenPlay,2023,RightFoot,22233,Tottenham,Manchester City,0,2,2024-05-14 19:00:00,Bernardo Silva,BallTouch
580961,50,Goal,0.978000030517578,0.5220000076293946,0.9445824027061462,Erling Haaland,a,8260,OpenPlay,2023,LeftFoot,22233,Tottenham,Manchester City,0,2,2024-05-14 19:00:00,Kevin De Bruyne,Pass
580967,87,BlockedShot,0.8090000152587891,0.514000015258789,0.0488384664058685,Mateo Kovacic,a,2254,SetPiece,2023,RightFoot,22233,Tottenham,Manchester City,0,2,2024-05-14 19:00:00,Rúben Dias,BallTouch
580968,90,Goal,0.885,0.5,0.7611688375473022,Erling Haaland,a,8260,Penalty,2023,LeftFoot,22233,Tottenham,Manchester City,0,2,2024-05-14 19:00:00,,Standard
580969,97,SavedShot,0.96,0.655,0.0992273390293121,Jéremy Doku,a,8981,OpenPlay,2023,LeftFoot,22233,Tottenham,Manchester City,0,2,2024-05-14 19:00:00,Phil Foden,Pass
582072,2,MissedShots,0.874000015258789,0.3579999923706055,0.0654603689908981,Ben Brereton Díaz,h,11815,OpenPlay,2023,RightFoot,22274,Sheffield United,Tottenham,0,3,2024-05-19 15:00:00,Ben Osborn,BallRecovery
582073,6,SavedShot,0.7769999694824219,0.6090000152587891,0.0766726955771446,Gustavo Hamer,h,11839,DirectFreekick,2023,RightFoot,22274,Sheffield United,Tottenham,0,3,2024-05-19 15:00:00,,Standard
582074,9,ShotOnPost,0.9309999847412108,0.4170000076293945,0.3250716626644134,Ben Brereton Díaz,h,11815,OpenPlay,2023,RightFoot,22274,Sheffield United,Tottenham,0,3,2024-05-19 15:00:00,Gustavo Hamer,Chipped
582083,32,BlockedShot,0.8690000152587891,0.59,0.1230035349726677,Cameron Archer,h,9912,OpenPlay,2023,LeftFoot,22274,Sheffield United,Tottenham,0,3,2024-05-19 15:00:00,Gustavo Hamer,Pass
582084,35,BlockedShot,0.8030000305175782,0.595999984741211,0.0420592948794364,Gustavo Hamer,h,11839,OpenPlay,2023,RightFoot,22274,Sheffield United,Tottenham,0,3,2024-05-19 15:00:00,Cameron Archer,Pass
582091,79,MissedShots,0.87,0.3070000076293945,0.0650442615151405,Rhian Brewster,h,5569,OpenPlay,2023,RightFoot,22274,Sheffield United,Tottenham,0,3,2024-05-19 15:00:00,Wes Foderingham,Pass
585654,35,MissedShots,0.615,0.595999984741211,0.0081447819247841,Bobby Reid,h,6827,OpenPlay,2024,RightFoot,26611,Leicester,Tottenham,1,1,2024-08-19 19:00:00,,
585659,56,Goal,0.955,0.5420000076293945,0.5048036575317383,Jamie Vardy,h,755,OpenPlay,2024,Head,26611,Leicester,Tottenham,1,1,2024-08-19 19:00:00,Abdul Fatawu,Cross
585660,66,MissedShots,0.9540000152587892,0.325,0.0739603042602539,Wilfred Ndidi,h,5545,OpenPlay,2024,RightFoot,26611,Leicester,Tottenham,1,1,2024-08-19 19:00:00,Abdul Fatawu,Pass
585661,69,SavedShot,0.914000015258789,0.62,0.3427987992763519,Jamie Vardy,h,755,OpenPlay,2024,LeftFoot,26611,Leicester,Tottenham,1,1,2024-08-19 19:00:00,Facundo Buonanotte,Throughball
585663,85,MissedShots,0.895,0.590999984741211,0.0130844917148351,Kasey McAteer,h,10166,SetPiece,2024,Head,26611,Leicester,Tottenham,1,1,2024-08-19 19:00:00,Harry Winks,Aerial
585664,90,SavedShot,0.8630000305175781,0.5329999923706055,0.0231763087213039,Wilfred Ndidi,h,5545,OpenPlay,2024,Head,26611,Leicester,Tottenham,1,1,2024-08-19 19:00:00,Stephy Mavididi,Cross
585665,92,BlockedShot,0.850999984741211,0.5409999847412109,0.060171615332365,James Justin,h,7753,FromCorner,2024,RightFoot,26611,Leicester,Tottenham,1,1,2024-08-19 19:00:00,,
586102,15,BlockedShot,0.9619999694824218,0.5270000076293946,0.1219878941774368,Jack Harrison,a,8720,FromCorner,2024,LeftFoot,26617,Tottenham,Everton,4,0,2024-08-24 14:00:00,James Tarkowski,Foul
586103,16,MissedShots,0.936999969482422,0.5929999923706055,0.0885984823107719,Jack Harrison,a,8720,OpenPlay,2024,LeftFoot,26617,Tottenham,Everton,4,0,2024-08-24 14:00:00,Dwight McNeil,Cross
586105,34,BlockedShot,0.895,0.549000015258789,0.0512336231768131,Dominic Calvert-Lewin,a,5555,OpenPlay,2024,Head,26617,Tottenham,Everton,4,0,2024-08-24 14:00:00,Dwight McNeil,Aerial
586107,43,MissedShots,0.9719999694824218,0.5790000152587891,0.0451920591294765,James Tarkowski,a,1665,FromCorner,2024,Head,26617,Tottenham,Everton,4,0,2024-08-24 14:00:00,Dwight McNeil,Aerial
586108,43,BlockedShot,0.911999969482422,0.2479999923706054,0.0336060896515846,Dwight McNeil,a,6756,FromCorner,2024,LeftFoot,26617,Tottenham,Everton,4,0,2024-08-24 14:00:00,,Rebound
586109,44,MissedShots,0.96,0.585,0.0345404259860515,James Tarkowski,a,1665,FromCorner,2024,Head,26617,Tottenham,Everton,4,0,2024-08-24 14:00:00,Dwight McNeil,Aerial
586110,45,BlockedShot,0.9059999847412108,0.4309999847412109,0.0483081489801406,James Tarkowski,a,1665,FromCorner,2024,Head,26617,Tottenham,Everton,4,0,2024-08-24 14:00:00,Dwight McNeil,Cross
586111,45,BlockedShot,0.905,0.5070000076293946,0.1236345618963241,Abdoulaye Doucouré,a,1726,FromCorner,2024,RightFoot,26617,Tottenham,Everton,4,0,2024-08-24 14:00:00,Michael Keane,Rebound
586113,57,SavedShot,0.904000015258789,0.3110000038146973,0.0363431461155414,Jesper Lindstrom,a,9752,OpenPlay,2024,RightFoot,26617,Tottenham,Everton,4,0,2024-08-24 14:00:00,,
586114,60,BlockedShot,0.865999984741211,0.6320000076293946,0.0729162916541099,Iliman Ndiaye,a,9307,OpenPlay,2024,RightFoot,26617,Tottenham,Everton,4,0,2024-08-24 14:00:00,Dwight McNeil,Pass
589768,4,ShotOnPost,0.9309999847412108,0.16,0.0173715334385633,Alexander Isak,h,5232,FromCorner,2024,RightFoot,26629,Newcastle United,Tottenham,2,1,2024-09-01 12:30:00,,Tackle
589769,8,MissedShots,0.8240000152587891,0.64,0.0679348707199096,Harvey Barnes,h,6681,OpenPlay,2024,RightFoot,26629,Newcastle United,Tottenham,2,1,2024-09-01 12:30:00,Anthony Gordon,Pass
589770,15,BlockedShot,0.8809999847412109,0.3940000152587891,0.0276889540255069,Emil Krafth,h,1545,FromCorner,2024,RightFoot,26629,Newcastle United,Tottenham,2,1,2024-09-01 12:30:00,,Aerial
589771,16,MissedShots,0.9490000152587892,0.5120000076293946,0.1306849271059036,Lloyd Kelly,h,8090,FromCorner,2024,Head,26629,Newcastle United,Tottenham,2,1,2024-09-01 12:30:00,Anthony Gordon,Cross
589780,36,Goal,0.8980000305175782,0.5470000076293945,0.3348408639431,Harvey Barnes,h,6681,OpenPlay,2024,RightFoot,26629,Newcastle United,Tottenham,2,1,2024-09-01 12:30:00,Lloyd Kelly,Cross
589782,46,BlockedShot,0.906999969482422,0.33,0.1008209735155105,Alexander Isak,h,5232,OpenPlay,2024,RightFoot,26629,Newcastle United,Tottenham,2,1,2024-09-01 12:30:00,Valentino Livramento,Pass
589787,55,OwnGoal,0.01,0.49,0.0,Dan Burn,h,7382,OpenPlay,2024,LeftFoot,26629,Newcastle United,Tottenham,2,1,2024-09-01 12:30:00,,Save
589789,65,SavedShot,0.9340000152587892,0.6559999847412109,0.1141514033079147,Jacob Murphy,h,6063,OpenPlay,2024,RightFoot,26629,Newcastle United,Tottenham,2,1,2024-09-01 12:30:00,Anthony Gordon,Pass
589796,77,BlockedShot,0.8040000152587891,0.439000015258789,0.0178214330226182,Jacob Murphy,h,6063,FromCorner,2024,RightFoot,26629,Newcastle United,Tottenham,2,1,2024-09-01 12:30:00,,Aerial
589797,77,Goal,0.963000030517578,0.5309999847412109,0.7756212949752808,Alexander Isak,h,5232,OpenPlay,2024,LeftFoot,26629,Newcastle United,Tottenham,2,1,2024-09-01 12:30:00,Jacob Murphy,Pass
591310,16,BlockedShot,0.8819999694824219,0.669000015258789,0.0686468258500099,Jurriën Timber,a,11707,OpenPlay,2024,RightFoot,26640,Tottenham,Arsenal,0,1,2024-09-15 13:00:00,Leandro Trossard,Pass
591311,17,SavedShot,0.916999969482422,0.4709999847412109,0.1104438751935958,Kai Havertz,a,5220,OpenPlay,2024,Head,26640,Tottenham,Arsenal,0,1,2024-09-15 13:00:00,Gabriel Martinelli,Cross
591312,18,SavedShot,0.88,0.65,0.2482600510120391,Gabriel Martinelli,a,7752,OpenPlay,2024,RightFoot,26640,Tottenham,Arsenal,0,1,2024-09-15 13:00:00,Leandro Trossard,Pass
591313,22,BlockedShot,0.8540000152587891,0.59,0.0532701835036277,Leandro Trossard,a,7698,FromCorner,2024,LeftFoot,26640,Tottenham,Arsenal,0,1,2024-09-15 13:00:00,,
591314,22,SavedShot,0.911999969482422,0.5459999847412109,0.0326364897191524,Kai Havertz,a,5220,FromCorner,2024,Head,26640,Tottenham,Arsenal,0,1,2024-09-15 13:00:00,Bukayo Saka,Aerial
591322,62,BlockedShot,0.8540000152587891,0.37,0.0924596041440963,Bukayo Saka,a,7322,OpenPlay,2024,LeftFoot,26640,Tottenham,Arsenal,0,1,2024-09-15 13:00:00,Gabriel Martinelli,Pass
591323,63,Goal,0.960999984741211,0.4970000076293945,0.5151799917221069,Gabriel,a,5613,FromCorner,2024,Head,26640,Tottenham,Arsenal,0,1,2024-09-15 13:00:00,Bukayo Saka,Cross
592490,0,Goal,0.9,0.494000015258789,0.1068992912769317,Bryan Mbeumo,a,6552,OpenPlay,2024,LeftFoot,26648,Tottenham,Brentford,3,1,2024-09-21 14:00:00,Keane Lewis-Potter,Cross
592501,24,SavedShot,0.789000015258789,0.7469999694824219,0.0153518551960587,Keane Lewis-Potter,a,10809,OpenPlay,2024,RightFoot,26648,Tottenham,Brentford,3,1,2024-09-21 14:00:00,Mikkel Damsgaard,TakeOn
592507,40,SavedShot,0.9340000152587892,0.404000015258789,0.4372641742229461,Bryan Mbeumo,a,6552,OpenPlay,2024,LeftFoot,26648,Tottenham,Brentford,3,1,2024-09-21 14:00:00,Fabio Carvalho,Pass
592508,41,SavedShot,0.845,0.6229999923706054,0.0598077736794948,Mikkel Damsgaard,a,8859,OpenPlay,2024,LeftFoot,26648,Tottenham,Brentford,3,1,2024-09-21 14:00:00,Fabio Carvalho,Pass
592515,61,SavedShot,0.8959999847412109,0.639000015258789,0.2274121791124344,Bryan Mbeumo,a,6552,OpenPlay,2024,LeftFoot,26648,Tottenham,Brentford,3,1,2024-09-21 14:00:00,Kristoffer Ajer,Pass
592517,67,SavedShot,0.904000015258789,0.4970000076293945,0.0468297973275184,Kevin Schade,a,9156,FromCorner,2024,Head,26648,Tottenham,Brentford,3,1,2024-09-21 14:00:00,Sepp van den Berg,Chipped
594793,21,SavedShot,0.899000015258789,0.4659999847412109,0.120500661432743,Joshua Zirkzee,h,8044,OpenPlay,2024,LeftFoot,26660,Manchester United,Tottenham,0,3,2024-09-29 15:30:00,Kobbie Mainoo,Pass
594794,25,SavedShot,0.5929999923706055,0.72,0.0075282733887434,Lisandro Martínez,h,10802,OpenPlay,2024,LeftFoot,26660,Manchester United,Tottenham,0,3,2024-09-29 15:30:00,,
594799,36,ShotOnPost,0.9519999694824218,0.36,0.0529291778802871,Alejandro Garnacho,h,10552,OpenPlay,2024,RightFoot,26660,Manchester United,Tottenham,0,3,2024-09-29 15:30:00,Marcus Rashford,Cross
594808,59,BlockedShot,0.916999969482422,0.6530000305175782,0.0126689746975898,Lisandro Martínez,h,10802,FromCorner,2024,Head,26660,Manchester United,Tottenham,0,3,2024-09-29 15:30:00,Mason Mount,Cross
594809,60,MissedShots,0.889000015258789,0.644000015258789,0.0494954660534858,Lisandro Martínez,h,10802,FromCorner,2024,LeftFoot,26660,Manchester United,Tottenham,0,3,2024-09-29 15:30:00,Casemiro,Pass
594810,62,MissedShots,0.9259999847412108,0.5229999923706055,0.0515466295182704,Casemiro,h,2248,FromCorner,2024,Head,26660,Manchester United,Tottenham,0,3,2024-09-29 15:30:00,Alejandro Garnacho,Aerial
594811,68,MissedShots,0.948000030517578,0.3259999847412109,0.0428462885320186,Casemiro,h,2248,OpenPlay,2024,RightFoot,26660,Manchester United,Tottenham,0,3,2024-09-29 15:30:00,Lisandro Martínez,Chipped
594812,71,BlockedShot,0.8569999694824219,0.5620000076293945,0.0978565141558647,Lisandro Martínez,h,10802,OpenPlay,2024,LeftFoot,26660,Manchester United,Tottenham,0,3,2024-09-29 15:30:00,Casemiro,Pass
594813,71,BlockedShot,0.8540000152587891,0.72,0.0332821644842624,Alejandro Garnacho,h,10552,OpenPlay,2024,RightFoot,26660,Manchester United,Tottenham,0,3,2024-09-29 15:30:00,Mason Mount,Pass
594819,88,BlockedShot,0.9340000152587892,0.705,0.0593239702284336,Alejandro Garnacho,h,10552,OpenPlay,2024,LeftFoot,26660,Manchester United,Tottenham,0,3,2024-09-29 15:30:00,Christian Eriksen,Pass
594822,91,MissedShots,0.935,0.6,0.0727432742714881,Matthijs de Ligt,h,7902,OpenPlay,2024,RightFoot,26660,Manchester United,Tottenham,0,3,2024-09-29 15:30:00,,
596300,27,BlockedShot,0.8630000305175781,0.715,0.033475361764431,Kaoru Mitoma,h,10806,OpenPlay,2024,RightFoot,26671,Brighton,Tottenham,3,2,2024-10-06 15:30:00,Carlos Baleba,Pass
596301,31,MissedShots,0.9180000305175782,0.5329999923706055,0.3982213139533996,Danny Welbeck,h,501,OpenPlay,2024,RightFoot,26671,Brighton,Tottenham,3,2,2024-10-06 15:30:00,Kaoru Mitoma,Cross
596302,36,MissedShots,0.899000015258789,0.4490000152587891,0.0632697418332099,Jack Hinshelwood,h,11269,OpenPlay,2024,Head,26671,Brighton,Tottenham,3,2,2024-10-06 15:30:00,Kaoru Mitoma,Cross
596304,39,MissedShots,0.8530000305175781,0.5320000076293945,0.0156606994569301,Danny Welbeck,h,501,OpenPlay,2024,Head,26671,Brighton,Tottenham,3,2,2024-10-06 15:30:00,Ferdi Kadioglu,Cross
596308,47,Goal,0.919000015258789,0.439000015258789,0.3563140630722046,Yankuba Minteh,h,12759,OpenPlay,2024,LeftFoot,26671,Brighton,Tottenham,3,2,2024-10-06 15:30:00,,
596310,55,MissedShots,0.9080000305175782,0.479000015258789,0.0328605808317661,Georginio Rutter,h,6937,FromCorner,2024,Head,26671,Brighton,Tottenham,3,2,2024-10-06 15:30:00,Estupiñán,Aerial
596311,55,SavedShot,0.82,0.61,0.0468344986438751,Kaoru Mitoma,h,10806,OpenPlay,2024,LeftFoot,26671,Brighton,Tottenham,3,2,2024-10-06 15:30:00,Danny Welbeck,Pass
596312,57,Goal,0.875,0.5279999923706055,0.3842136263847351,Georginio Rutter,h,6937,OpenPlay,2024,LeftFoot,26671,Brighton,Tottenham,3,2,2024-10-06 15:30:00,Kaoru Mitoma,Pass
596313,60,BlockedShot,0.8619999694824219,0.5709999847412109,0.0976802632212638,Kaoru Mitoma,h,10806,OpenPlay,2024,RightFoot,26671,Brighton,Tottenham,3,2,2024-10-06 15:30:00,Danny Welbeck,Pass
596314,65,Goal,0.9540000152587892,0.4959999847412109,0.5265805721282959,Danny Welbeck,h,501,OpenPlay,2024,Head,26671,Brighton,Tottenham,3,2,2024-10-06 15:30:00,,
596319,84,MissedShots,0.740999984741211,0.4279999923706055,0.0170604046434164,Yankuba Minteh,h,12759,FromCorner,2024,LeftFoot,26671,Brighton,Tottenham,3,2,2024-10-06 15:30:00,,TakeOn
596716,10,SavedShot,0.875999984741211,0.59,0.0627403035759925,Mohammed Kudus,a,12027,OpenPlay,2024,RightFoot,26672,Tottenham,West Ham,4,1,2024-10-19 11:30:00,Jarrod Bowen,Cross
596717,10,MissedShots,0.7290000152587891,0.7019999694824218,0.0071420753374695,Emerson,a,1245,FromCorner,2024,LeftFoot,26672,Tottenham,West Ham,4,1,2024-10-19 11:30:00,Jean-Clair Todibo,Chipped
596720,17,MissedShots,0.86,0.2989999961853027,0.0586405843496322,Aaron Wan-Bissaka,a,5584,OpenPlay,2024,RightFoot,26672,Tottenham,West Ham,4,1,2024-10-19 11:30:00,,TakeOn
596721,17,Goal,0.9130000305175782,0.580999984741211,0.3918657004833221,Mohammed Kudus,a,12027,OpenPlay,2024,RightFoot,26672,Tottenham,West Ham,4,1,2024-10-19 11:30:00,,
596731,45,MissedShots,0.901999969482422,0.3329999923706054,0.0551148056983947,Mohammed Kudus,a,12027,OpenPlay,2024,LeftFoot,26672,Tottenham,West Ham,4,1,2024-10-19 11:30:00,Lucas Paquetá,Chipped
596732,47,BlockedShot,0.8959999847412109,0.2629999923706054,0.0283768605440855,Jarrod Bowen,a,1776,SetPiece,2024,LeftFoot,26672,Tottenham,West Ham,4,1,2024-10-19 11:30:00,,
596735,53,BlockedShot,0.8159999847412109,0.545,0.0451306514441967,Mohammed Kudus,a,12027,OpenPlay,2024,RightFoot,26672,Tottenham,West Ham,4,1,2024-10-19 11:30:00,Max Kilman,TakeOn
596737,54,OwnGoal,0.035,0.5459999847412109,0.0,Alphonse Areola,a,2310,OpenPlay,2024,LeftFoot,26672,Tottenham,West Ham,4,1,2024-10-19 11:30:00,,Save
596740,61,BlockedShot,0.958000030517578,0.425,0.1276466697454452,Mohammed Kudus,a,12027,OpenPlay,2024,LeftFoot,26672,Tottenham,West Ham,4,1,2024-10-19 11:30:00,Emerson,Pass
596742,65,BlockedShot,0.8119999694824219,0.2939999961853027,0.0254592802375555,Mohammed Kudus,a,12027,OpenPlay,2024,LeftFoot,26672,Tottenham,West Ham,4,1,2024-10-19 11:30:00,Aaron Wan-Bissaka,Pass
596745,71,SavedShot,0.7680000305175781,0.2779999923706054,0.0111164944246411,Mohammed Kudus,a,12027,OpenPlay,2024,LeftFoot,26672,Tottenham,West Ham,4,1,2024-10-19 11:30:00,Carlos Soler,TakeOn
596746,72,MissedShots,0.9,0.4370000076293945,0.0455699414014816,Edson Álvarez,a,11926,OpenPlay,2024,Head,26672,Tottenham,West Ham,4,1,2024-10-19 11:30:00,Emerson,Aerial
598868,17,BlockedShot,0.775,0.3189999961853027,0.0197943467646837,Daniel Muñoz,h,12408,OpenPlay,2024,LeftFoot,26689,Crystal Palace,Tottenham,1,0,2024-10-27 14:00:00,,BallRecovery
598869,26,MissedShots,0.9259999847412108,0.4870000076293945,0.0547277517616748,Maxence Lacroix,h,8853,FromCorner,2024,Head,26689,Crystal Palace,Tottenham,1,0,2024-10-27 14:00:00,Will Hughes,Aerial
598870,29,SavedShot,0.855999984741211,0.3029999923706055,0.0407431349158287,Ismaila Sarr,h,5675,OpenPlay,2024,RightFoot,26689,Crystal Palace,Tottenham,1,0,2024-10-27 14:00:00,Will Hughes,Pass
598871,30,Goal,0.9259999847412108,0.575,0.4644821584224701,Jean-Philippe Mateta,h,5735,OpenPlay,2024,LeftFoot,26689,Crystal Palace,Tottenham,1,0,2024-10-27 14:00:00,Eberechi Eze,Pass
598875,34,SavedShot,0.916999969482422,0.4459999847412109,0.0559440180659294,Marc Guehi,h,7603,SetPiece,2024,Head,26689,Crystal Palace,Tottenham,1,0,2024-10-27 14:00:00,Daniel Muñoz,HeadPass
598878,46,MissedShots,0.735,0.419000015258789,0.0176585484296083,Will Hughes,h,6104,OpenPlay,2024,LeftFoot,26689,Crystal Palace,Tottenham,1,0,2024-10-27 14:00:00,Ismaila Sarr,HeadPass
598882,46,MissedShots,0.74,0.8180000305175781,0.0281164776533842,Eberechi Eze,h,8706,DirectFreekick,2024,RightFoot,26689,Crystal Palace,Tottenham,1,0,2024-10-27 14:00:00,,Standard
598879,48,MissedShots,0.8159999847412109,0.5209999847412109,0.038909550756216,Eberechi Eze,h,8706,FromCorner,2024,RightFoot,26689,Crystal Palace,Tottenham,1,0,2024-10-27 14:00:00,,
598885,56,SavedShot,0.86,0.57,0.061369452625513,Ismaila Sarr,h,5675,FromCorner,2024,RightFoot,26689,Crystal Palace,Tottenham,1,0,2024-10-27 14:00:00,,
598886,56,MissedShots,0.850999984741211,0.379000015258789,0.05324637144804,Daniel Muñoz,h,12408,FromCorner,2024,RightFoot,26689,Crystal Palace,Tottenham,1,0,2024-10-27 14:00:00,,Rebound
598887,57,MissedShots,0.8680000305175781,0.57,0.0714837834239006,Eberechi Eze,h,8706,OpenPlay,2024,RightFoot,26689,Crystal Palace,Tottenham,1,0,2024-10-27 14:00:00,Tyrick Mitchell,HeadPass
598888,66,SavedShot,0.7709999847412109,0.6430000305175781,0.0191060043871402,Eberechi Eze,h,8706,SetPiece,2024,RightFoot,26689,Crystal Palace,Tottenham,1,0,2024-10-27 14:00:00,Will Hughes,Pass
598889,81,SavedShot,0.7369999694824219,0.4659999847412109,0.022600557655096,Adam Wharton,h,12409,OpenPlay,2024,RightFoot,26689,Crystal Palace,Tottenham,1,0,2024-10-27 14:00:00,Will Hughes,Pass
598890,82,MissedShots,0.815,0.4229999923706055,0.033696386963129,Adam Wharton,h,12409,FromCorner,2024,LeftFoot,26689,Crystal Palace,Tottenham,1,0,2024-10-27 14:00:00,,
600544,2,MissedShots,0.7630000305175781,0.3859999847412109,0.0239594504237175,Morgan Rogers,a,12412,OpenPlay,2024,RightFoot,26700,Tottenham,Aston Villa,4,1,2024-11-03 14:00:00,John McGinn,Pass
600545,2,MissedShots,0.9209999847412108,0.499000015258789,0.3970460295677185,Ollie Watkins,a,8865,OpenPlay,2024,RightFoot,26700,Tottenham,Aston Villa,4,1,2024-11-03 14:00:00,Lucas Digne,Cross
600547,7,BlockedShot,0.815,0.3179999923706054,0.0306024998426437,John McGinn,a,7723,OpenPlay,2024,LeftFoot,26700,Tottenham,Aston Villa,4,1,2024-11-03 14:00:00,Morgan Rogers,Pass
600553,29,BlockedShot,0.7580000305175781,0.6669999694824219,0.0208519659936428,Jacob Ramsey,a,8941,OpenPlay,2024,RightFoot,26700,Tottenham,Aston Villa,4,1,2024-11-03 14:00:00,Youri Tielemans,TakeOn
600554,29,ShotOnPost,0.919000015258789,0.4429999923706054,0.035046637058258,Amadou Onana,a,9667,FromCorner,2024,Head,26700,Tottenham,Aston Villa,4,1,2024-11-03 14:00:00,Lucas Digne,Aerial
600555,31,Goal,0.983000030517578,0.5029999923706054,0.9153240323066713,Morgan Rogers,a,12412,FromCorner,2024,RightFoot,26700,Tottenham,Aston Villa,4,1,2024-11-03 14:00:00,,
600556,41,MissedShots,0.8719999694824219,0.595999984741211,0.4015750885009765,Ollie Watkins,a,8865,OpenPlay,2024,LeftFoot,26700,Tottenham,Aston Villa,4,1,2024-11-03 14:00:00,Morgan Rogers,Pass
600562,54,MissedShots,0.845999984741211,0.3170000076293945,0.0148524018004536,John McGinn,a,7723,SetPiece,2024,LeftFoot,26700,Tottenham,Aston Villa,4,1,2024-11-03 14:00:00,Amadou Onana,Aerial
600563,63,MissedShots,0.8240000152587891,0.5579999923706055,0.0610746294260025,Lucas Digne,a,1823,OpenPlay,2024,LeftFoot,26700,Tottenham,Aston Villa,4,1,2024-11-03 14:00:00,Youri Tielemans,Pass
600564,63,MissedShots,0.926999969482422,0.4929999923706055,0.5737699866294861,Diego Carlos,a,5712,SetPiece,2024,RightFoot,26700,Tottenham,Aston Villa,4,1,2024-11-03 14:00:00,Lucas Digne,Rebound
600567,77,MissedShots,0.7709999847412109,0.32,0.0211962796747684,Amadou Onana,a,9667,OpenPlay,2024,LeftFoot,26700,Tottenham,Aston Villa,4,1,2024-11-03 14:00:00,Youri Tielemans,Pass
600569,88,BlockedShot,0.8780000305175781,0.335,0.0272306594997644,Leon Bailey,a,5221,OpenPlay,2024,LeftFoot,26700,Tottenham,Aston Villa,4,1,2024-11-03 14:00:00,Lucas Digne,Cross
601994,1,SavedShot,0.9790000152587892,0.409000015258789,0.3809115886688232,Sammie Szmodics,a,12752,OpenPlay,2024,RightFoot,26709,Tottenham,Ipswich,1,2,2024-11-10 14:00:00,,
601995,1,BlockedShot,0.9459999847412108,0.4370000076293945,0.1109723895788192,Dara O&#039;Shea,a,8756,FromCorner,2024,Head,26709,Tottenham,Ipswich,1,2,2024-11-10 14:00:00,Leif Davis,Cross
601997,8,ShotOnPost,0.983000030517578,0.5979999923706054,0.0283257979899644,Cameron Burgess,a,12755,FromCorner,2024,Head,26709,Tottenham,Ipswich,1,2,2024-11-10 14:00:00,Leif Davis,Cross
602002,16,BlockedShot,0.860999984741211,0.7080000305175781,0.0693291574716568,Leif Davis,a,8919,OpenPlay,2024,LeftFoot,26709,Tottenham,Ipswich,1,2,2024-11-10 14:00:00,,
602004,30,Goal,0.925,0.53,0.5068848133087158,Sammie Szmodics,a,12752,OpenPlay,2024,RightFoot,26709,Tottenham,Ipswich,1,2,2024-11-10 14:00:00,Liam Delap,BallTouch
602005,42,Goal,0.991999969482422,0.5,0.9746790528297424,Liam Delap,a,8868,OpenPlay,2024,LeftFoot,26709,Tottenham,Ipswich,1,2,2024-11-10 14:00:00,,
602009,57,MissedShots,0.8190000152587891,0.509000015258789,0.0905154719948768,Omari Hutchinson,a,10348,OpenPlay,2024,RightFoot,26709,Tottenham,Ipswich,1,2,2024-11-10 14:00:00,Liam Delap,Pass
602017,86,BlockedShot,0.7419999694824219,0.455,0.0222970489412546,Jack Clarke,a,13019,OpenPlay,2024,RightFoot,26709,Tottenham,Ipswich,1,2,2024-11-10 14:00:00,Omari Hutchinson,Pass
603095,2,MissedShots,0.9640000152587892,0.3720000076293945,0.020552048459649,Erling Haaland,h,8260,OpenPlay,2024,Head,26720,Manchester City,Tottenham,0,4,2024-11-23 17:30:00,Josko Gvardiol,Cross
603096,4,BlockedShot,0.8680000305175781,0.4109999847412109,0.0956666767597198,Erling Haaland,h,8260,OpenPlay,2024,LeftFoot,26720,Manchester City,Tottenham,0,4,2024-11-23 17:30:00,Josko Gvardiol,Pass
603097,10,SavedShot,0.879000015258789,0.55,0.3742187619209289,Erling Haaland,h,8260,OpenPlay,2024,LeftFoot,26720,Manchester City,Tottenham,0,4,2024-11-23 17:30:00,Sávio,Pass
603099,15,MissedShots,0.8780000305175781,0.5729999923706055,0.0898686200380325,Phil Foden,h,6055,OpenPlay,2024,LeftFoot,26720,Manchester City,Tottenham,0,4,2024-11-23 17:30:00,Josko Gvardiol,Pass
603102,21,MissedShots,0.8809999847412109,0.5570000076293945,0.1126211211085319,Erling Haaland,h,8260,OpenPlay,2024,LeftFoot,26720,Manchester City,Tottenham,0,4,2024-11-23 17:30:00,Josko Gvardiol,Pass
603103,26,MissedShots,0.895,0.6379999923706055,0.084723874926567,Phil Foden,h,6055,OpenPlay,2024,LeftFoot,26720,Manchester City,Tottenham,0,4,2024-11-23 17:30:00,Josko Gvardiol,Pass
603105,35,SavedShot,0.7880000305175782,0.4529999923706054,0.0366227403283119,Sávio,h,11735,OpenPlay,2024,LeftFoot,26720,Manchester City,Tottenham,0,4,2024-11-23 17:30:00,Erling Haaland,BallTouch
603107,42,BlockedShot,0.750999984741211,0.4759999847412109,0.0199427027255296,Sávio,h,11735,OpenPlay,2024,LeftFoot,26720,Manchester City,Tottenham,0,4,2024-11-23 17:30:00,Erling Haaland,TakeOn
603108,42,MissedShots,0.916999969482422,0.495,0.0879065319895744,Phil Foden,h,6055,OpenPlay,2024,LeftFoot,26720,Manchester City,Tottenham,0,4,2024-11-23 17:30:00,Bernardo Silva,Cross
603109,44,MissedShots,0.955,0.605,0.0161736905574798,Manuel Akanji,h,6490,FromCorner,2024,Head,26720,Manchester City,Tottenham,0,4,2024-11-23 17:30:00,Ilkay Gündogan,Aerial
603111,58,BlockedShot,0.916999969482422,0.5770000076293945,0.1218788772821426,Nathan Aké,h,579,OpenPlay,2024,LeftFoot,26720,Manchester City,Tottenham,0,4,2024-11-23 17:30:00,Josko Gvardiol,Pass
603112,59,ShotOnPost,0.915,0.2989999961853027,0.0633773505687713,Erling Haaland,h,8260,OpenPlay,2024,LeftFoot,26720,Manchester City,Tottenham,0,4,2024-11-23 17:30:00,,TakeOn
603113,60,BlockedShot,0.879000015258789,0.580999984741211,0.102160558104515,Josko Gvardiol,h,9790,OpenPlay,2024,RightFoot,26720,Manchester City,Tottenham,0,4,2024-11-23 17:30:00,Bernardo Silva,Pass
603114,63,MissedShots,0.919000015258789,0.66,0.0456821322441101,Josko Gvardiol,h,9790,OpenPlay,2024,LeftFoot,26720,Manchester City,Tottenham,0,4,2024-11-23 17:30:00,Sávio,Chipped
603116,66,MissedShots,0.83,0.64,0.0384009182453155,Rico Lewis,h,10847,OpenPlay,2024,RightFoot,26720,Manchester City,Tottenham,0,4,2024-11-23 17:30:00,Josko Gvardiol,Pass
603117,68,MissedShots,0.931999969482422,0.4579999923706054,0.1376124322414398,Erling Haaland,h,8260,OpenPlay,2024,Head,26720,Manchester City,Tottenham,0,4,2024-11-23 17:30:00,Josko Gvardiol,Cross
603118,72,SavedShot,0.8190000152587891,0.695,0.0375026501715183,Phil Foden,h,6055,OpenPlay,2024,LeftFoot,26720,Manchester City,Tottenham,0,4,2024-11-23 17:30:00,Ilkay Gündogan,TakeOn
603119,76,SavedShot,0.948000030517578,0.3470000076293945,0.2781925201416015,Ilkay Gündogan,h,314,OpenPlay,2024,RightFoot,26720,Manchester City,Tottenham,0,4,2024-11-23 17:30:00,Kevin De Bruyne,Pass
603120,76,BlockedShot,0.8019999694824219,0.6179999923706054,0.0124796470627188,Phil Foden,h,6055,FromCorner,2024,LeftFoot,26720,Manchester City,Tottenham,0,4,2024-11-23 17:30:00,Bernardo Silva,HeadPass
603121,78,SavedShot,0.9619999694824218,0.35,0.2905358374118805,Erling Haaland,h,8260,OpenPlay,2024,LeftFoot,26720,Manchester City,Tottenham,0,4,2024-11-23 17:30:00,Kevin De Bruyne,Throughball
603122,82,BlockedShot,0.7969999694824219,0.6359999847412109,0.0251548495143651,Manuel Akanji,h,6490,OpenPlay,2024,RightFoot,26720,Manchester City,Tottenham,0,4,2024-11-23 17:30:00,Jack Grealish,Pass
603123,83,BlockedShot,0.8930000305175781,0.3279999923706054,0.0377170145511627,Kevin De Bruyne,h,447,FromCorner,2024,LeftFoot,26720,Manchester City,Tottenham,0,4,2024-11-23 17:30:00,Bernardo Silva,Pass
603124,83,MissedShots,0.9080000305175782,0.35,0.0299968924373388,Bernardo Silva,h,3635,FromCorner,2024,LeftFoot,26720,Manchester City,Tottenham,0,4,2024-11-23 17:30:00,Jack Grealish,Chipped
604627,11,MissedShots,0.905,0.424000015258789,0.016070706769824,Raúl Jiménez,a,4105,FromCorner,2024,Head,26729,Tottenham,Fulham,1,1,2024-12-01 13:30:00,Sasa Lukic,Aerial
604628,20,BlockedShot,0.8219999694824218,0.6220000076293946,0.0304388720542192,Issa Diop,a,3203,FromCorner,2024,RightFoot,26729,Tottenham,Fulham,1,1,2024-12-01 13:30:00,,
604629,20,BlockedShot,0.8530000305175781,0.5879999923706055,0.0601997300982475,Calvin Bassey,a,11728,FromCorner,2024,LeftFoot,26729,Tottenham,Fulham,1,1,2024-12-01 13:30:00,,Rebound
604632,35,SavedShot,0.9009999847412108,0.519000015258789,0.3251215815544128,Raúl Jiménez,a,4105,OpenPlay,2024,RightFoot,26729,Tottenham,Fulham,1,1,2024-12-01 13:30:00,Kenny Tete,Cross
604633,36,MissedShots,0.948000030517578,0.4129999923706055,0.0266237203031778,Sander Berge,a,8285,FromCorner,2024,Head,26729,Tottenham,Fulham,1,1,2024-12-01 13:30:00,Sasa Lukic,Aerial
604635,41,SavedShot,0.874000015258789,0.36,0.0794896483421325,Alex Iwobi,a,500,OpenPlay,2024,RightFoot,26729,Tottenham,Fulham,1,1,2024-12-01 13:30:00,Reiss Nelson,Pass
604636,43,BlockedShot,0.8830000305175781,0.5420000076293945,0.0874450728297233,Reiss Nelson,a,6492,OpenPlay,2024,RightFoot,26729,Tottenham,Fulham,1,1,2024-12-01 13:30:00,,
604637,43,BlockedShot,0.8569999694824219,0.4509999847412109,0.0698622986674308,Raúl Jiménez,a,4105,OpenPlay,2024,RightFoot,26729,Tottenham,Fulham,1,1,2024-12-01 13:30:00,,Rebound
604639,49,SavedShot,0.9519999694824218,0.425,0.2735718190670013,Issa Diop,a,3203,FromCorner,2024,Head,26729,Tottenham,Fulham,1,1,2024-12-01 13:30:00,Reiss Nelson,Cross
604640,49,MissedShots,0.906999969482422,0.3470000076293945,0.0480298437178134,Kenny Tete,a,5973,FromCorner,2024,RightFoot,26729,Tottenham,Fulham,1,1,2024-12-01 13:30:00,Reiss Nelson,Pass
604641,51,SavedShot,0.94,0.3990000152587891,0.4159921407699585,Alex Iwobi,a,500,OpenPlay,2024,RightFoot,26729,Tottenham,Fulham,1,1,2024-12-01 13:30:00,,
604642,52,SavedShot,0.906999969482422,0.5,0.0946155413985252,Raúl Jiménez,a,4105,OpenPlay,2024,Head,26729,Tottenham,Fulham,1,1,2024-12-01 13:30:00,Emile Smith-Rowe,Cross
604644,62,MissedShots,0.7909999847412109,0.6680000305175782,0.0206648353487253,Antonee Robinson,a,8940,OpenPlay,2024,RightFoot,26729,Tottenham,Fulham,1,1,2024-12-01 13:30:00,Alex Iwobi,Pass
604645,66,Goal,0.8630000305175781,0.6959999847412109,0.032559584826231,Tom Cairney,a,6835,OpenPlay,2024,LeftFoot,26729,Tottenham,Fulham,1,1,2024-12-01 13:30:00,Alex Iwobi,Pass
605413,15,SavedShot,0.9669999694824218,0.4490000152587891,0.6199016571044922,Evanilson,h,12963,OpenPlay,2024,RightFoot,26732,Bournemouth,Tottenham,1,0,2024-12-05 20:15:00,,
605414,16,Goal,0.9740000152587892,0.565,0.4044710695743561,Dean Huijsen,h,11943,FromCorner,2024,Head,26732,Bournemouth,Tottenham,1,0,2024-12-05 20:15:00,Marcus Tavernier,Cross
605417,28,BlockedShot,0.8080000305175781,0.5279999923706055,0.0636045038700103,Antoine Semenyo,h,11363,OpenPlay,2024,LeftFoot,26732,Bournemouth,Tottenham,1,0,2024-12-05 20:15:00,Evanilson,Pass
605418,42,BlockedShot,0.779000015258789,0.710999984741211,0.0231528431177139,Marcus Tavernier,h,10741,OpenPlay,2024,LeftFoot,26732,Bournemouth,Tottenham,1,0,2024-12-05 20:15:00,Antoine Semenyo,Pass
605419,43,SavedShot,0.8980000305175782,0.5359999847412109,0.0778945684432983,Marcus Tavernier,h,10741,OpenPlay,2024,Head,26732,Bournemouth,Tottenham,1,0,2024-12-05 20:15:00,Milos Kerkez,Cross
605421,52,SavedShot,0.909000015258789,0.34,0.2393746823072433,Justin Kluivert,h,6963,OpenPlay,2024,RightFoot,26732,Bournemouth,Tottenham,1,0,2024-12-05 20:15:00,Marcus Tavernier,TakeOn
605424,59,SavedShot,0.860999984741211,0.33,0.0876310169696807,Evanilson,h,12963,OpenPlay,2024,RightFoot,26732,Bournemouth,Tottenham,1,0,2024-12-05 20:15:00,Tyler Adams,Pass
605427,65,ShotOnPost,0.8090000152587891,0.519000015258789,0.0572610907256603,Ryan Christie,h,10744,OpenPlay,2024,RightFoot,26732,Bournemouth,Tottenham,1,0,2024-12-05 20:15:00,Evanilson,Pass
605428,66,BlockedShot,0.95,0.3759999847412109,0.1191707476973533,Evanilson,h,12963,OpenPlay,2024,RightFoot,26732,Bournemouth,Tottenham,1,0,2024-12-05 20:15:00,Ryan Christie,Pass
605429,70,MissedShots,0.8590000152587891,0.3390000152587891,0.0699692368507385,Antoine Semenyo,h,11363,OpenPlay,2024,LeftFoot,26732,Bournemouth,Tottenham,1,0,2024-12-05 20:15:00,Ryan Christie,Pass
605430,70,SavedShot,0.8830000305175781,0.539000015258789,0.4063286483287811,Tyler Adams,h,7352,OpenPlay,2024,LeftFoot,26732,Bournemouth,Tottenham,1,0,2024-12-05 20:15:00,,Interception
605431,74,MissedShots,0.7569999694824219,0.4279999923706055,0.0328660868108272,Marcus Tavernier,h,10741,OpenPlay,2024,LeftFoot,26732,Bournemouth,Tottenham,1,0,2024-12-05 20:15:00,Antoine Semenyo,BallRecovery
605432,76,MissedShots,0.915,0.644000015258789,0.1284997761249542,Dango Ouattara,h,9662,OpenPlay,2024,LeftFoot,26732,Bournemouth,Tottenham,1,0,2024-12-05 20:15:00,Tyler Adams,Pass
605433,79,MissedShots,0.8830000305175781,0.4520000076293945,0.3108688294887543,Marcus Tavernier,h,10741,OpenPlay,2024,LeftFoot,26732,Bournemouth,Tottenham,1,0,2024-12-05 20:15:00,Antoine Semenyo,Cross
605434,82,BlockedShot,0.89,0.6320000076293946,0.1070510372519493,Dango Ouattara,h,9662,OpenPlay,2024,RightFoot,26732,Bournemouth,Tottenham,1,0,2024-12-05 20:15:00,Marcus Tavernier,Pass
605435,82,MissedShots,0.884000015258789,0.5229999923706055,0.1253564208745956,Dango Ouattara,h,9662,OpenPlay,2024,RightFoot,26732,Bournemouth,Tottenham,1,0,2024-12-05 20:15:00,,Rebound
605437,86,MissedShots,0.941999969482422,0.47,0.0722746923565864,Dango Ouattara,h,9662,FromCorner,2024,Head,26732,Bournemouth,Tottenham,1,0,2024-12-05 20:15:00,Philip Billing,HeadPass
605438,86,SavedShot,0.8640000152587891,0.600999984741211,0.0900141149759292,Enes Ünal,h,6219,OpenPlay,2024,LeftFoot,26732,Bournemouth,Tottenham,1,0,2024-12-05 20:15:00,Dango Ouattara,BallRecovery
605440,88,MissedShots,0.8619999694824219,0.6370000076293946,0.097473569214344,Dango Ouattara,h,9662,OpenPlay,2024,LeftFoot,26732,Bournemouth,Tottenham,1,0,2024-12-05 20:15:00,Philip Billing,Pass
605441,91,BlockedShot,0.865999984741211,0.5170000076293946,0.1108784154057502,Tyler Adams,h,7352,OpenPlay,2024,LeftFoot,26732,Bournemouth,Tottenham,1,0,2024-12-05 20:15:00,Dango Ouattara,Pass
605442,92,SavedShot,0.901999969482422,0.414000015258789,0.046533029526472,Enes Ünal,h,6219,FromCorner,2024,Head,26732,Bournemouth,Tottenham,1,0,2024-12-05 20:15:00,Milos Kerkez,Cross
606499,2,BlockedShot,0.8340000152587891,0.6969999694824218,0.0272246357053518,Enzo Fernández,a,11356,OpenPlay,2024,RightFoot,26745,Tottenham,Chelsea,3,4,2024-12-08 16:30:00,Jadon Sancho,Pass
606500,3,MissedShots,0.943000030517578,0.4729999923706054,0.1226646304130554,Levi Colwill,a,10805,FromCorner,2024,Head,26745,Tottenham,Chelsea,3,4,2024-12-08 16:30:00,Cole Palmer,Cross
606503,16,Goal,0.7869999694824219,0.6170000076293946,0.0300622880458831,Jadon Sancho,a,6345,OpenPlay,2024,RightFoot,26745,Tottenham,Chelsea,3,4,2024-12-08 16:30:00,Marc Cucurella,Pass
606505,30,SavedShot,0.779000015258789,0.5570000076293945,0.0312140751630067,Cole Palmer,a,8497,OpenPlay,2024,LeftFoot,26745,Tottenham,Chelsea,3,4,2024-12-08 16:30:00,Romeo Lavia,ShieldBallOpp
606506,31,SavedShot,0.9230000305175782,0.364000015258789,0.0655604973435401,Pedro Neto,a,6382,OpenPlay,2024,LeftFoot,26745,Tottenham,Chelsea,3,4,2024-12-08 16:30:00,,Rebound
606509,37,BlockedShot,0.905,0.3459999847412109,0.1090165078639984,Nicolas Jackson,a,10048,OpenPlay,2024,RightFoot,26745,Tottenham,Chelsea,3,4,2024-12-08 16:30:00,Pedro Neto,Pass
606510,40,BlockedShot,0.8769999694824219,0.3970000076293945,0.1056195795536041,Nicolas Jackson,a,10048,OpenPlay,2024,RightFoot,26745,Tottenham,Chelsea,3,4,2024-12-08 16:30:00,Cole Palmer,Throughball
606511,44,MissedShots,0.7709999847412109,0.5659999847412109,0.0267645716667175,Marc Cucurella,a,7134,FromCorner,2024,LeftFoot,26745,Tottenham,Chelsea,3,4,2024-12-08 16:30:00,Jadon Sancho,Pass
606512,47,SavedShot,0.9359999847412108,0.5940000152587891,0.1195133626461029,Jadon Sancho,a,6345,OpenPlay,2024,RightFoot,26745,Tottenham,Chelsea,3,4,2024-12-08 16:30:00,Marc Cucurella,Pass
606513,48,MissedShots,0.9459999847412108,0.534000015258789,0.0701753497123718,Nicolas Jackson,a,10048,FromCorner,2024,Head,26745,Tottenham,Chelsea,3,4,2024-12-08 16:30:00,Cole Palmer,Aerial
606514,51,MissedShots,0.794000015258789,0.600999984741211,0.0321520641446113,Enzo Fernández,a,11356,OpenPlay,2024,RightFoot,26745,Tottenham,Chelsea,3,4,2024-12-08 16:30:00,Marc Cucurella,Pass
606515,56,SavedShot,0.8,0.2789999961853027,0.0199921391904354,Malo Gusto,a,9017,FromCorner,2024,RightFoot,26745,Tottenham,Chelsea,3,4,2024-12-08 16:30:00,Cole Palmer,Pass
606516,60,Goal,0.885,0.5,0.7611688375473022,Cole Palmer,a,8497,Penalty,2024,LeftFoot,26745,Tottenham,Chelsea,3,4,2024-12-08 16:30:00,,Standard
606519,72,BlockedShot,0.87,0.3390000152587891,0.0772451981902122,Cole Palmer,a,8497,OpenPlay,2024,LeftFoot,26745,Tottenham,Chelsea,3,4,2024-12-08 16:30:00,Pedro Neto,TakeOn
606520,72,Goal,0.875,0.5929999923706055,0.0715981125831604,Enzo Fernández,a,11356,OpenPlay,2024,LeftFoot,26745,Tottenham,Chelsea,3,4,2024-12-08 16:30:00,,Rebound
606521,76,BlockedShot,0.915,0.5990000152587891,0.1496953219175338,Jadon Sancho,a,6345,OpenPlay,2024,LeftFoot,26745,Tottenham,Chelsea,3,4,2024-12-08 16:30:00,Pedro Neto,Pass
606522,83,Goal,0.885,0.5,0.7611688375473022,Cole Palmer,a,8497,Penalty,2024,LeftFoot,26745,Tottenham,Chelsea,3,4,2024-12-08 16:30:00,,Standard
607780,17,SavedShot,0.9080000305175782,0.4490000152587891,0.2705343961715698,Adam Armstrong,h,4419,OpenPlay,2024,Head,26759,Southampton,Tottenham,0,5,2024-12-15 19:00:00,Tyler Dibling,Cross
607787,39,MissedShots,0.948000030517578,0.54,0.5840685367584229,Adam Armstrong,h,4419,OpenPlay,2024,RightFoot,26759,Southampton,Tottenham,0,5,2024-12-15 19:00:00,Ryan Manning,Pass
607791,63,BlockedShot,0.7280000305175781,0.3520000076293945,0.011917664669454,Tyler Dibling,h,10586,OpenPlay,2024,LeftFoot,26759,Southampton,Tottenham,0,5,2024-12-15 19:00:00,Mateus Fernandes,Pass
607792,65,MissedShots,0.874000015258789,0.6759999847412109,0.0676876232028007,Kyle Walker-Peters,h,885,OpenPlay,2024,RightFoot,26759,Southampton,Tottenham,0,5,2024-12-15 19:00:00,Joe Ayodele-Aribo,Pass
607793,69,MissedShots,0.9540000152587892,0.3979999923706054,0.2785081565380096,Nathan Wood,h,12763,FromCorner,2024,RightFoot,26759,Southampton,Tottenham,0,5,2024-12-15 19:00:00,Joe Ayodele-Aribo,Cross
607794,73,SavedShot,0.7609999847412109,0.275,0.0100509468466043,Tyler Dibling,h,10586,OpenPlay,2024,LeftFoot,26759,Southampton,Tottenham,0,5,2024-12-15 19:00:00,,Dispossessed
607795,78,MissedShots,0.794000015258789,0.3840000152587891,0.0214793030172586,Tyler Dibling,h,10586,OpenPlay,2024,LeftFoot,26759,Southampton,Tottenham,0,5,2024-12-15 19:00:00,Nathan Wood,HeadPass
607797,88,BlockedShot,0.9059999847412108,0.2389999961853027,0.0198820158839225,Yukinari Sugawara,h,12761,OpenPlay,2024,RightFoot,26759,Southampton,Tottenham,0,5,2024-12-15 19:00:00,,
607798,88,SavedShot,0.7859999847412109,0.2660000038146972,0.0096206180751323,Taylor Harwood-Bellis,h,8495,OpenPlay,2024,RightFoot,26759,Southampton,Tottenham,0,5,2024-12-15 19:00:00,,Rebound
608793,2,MissedShots,0.8780000305175781,0.28,0.0424810536205768,Mohamed Salah,a,1250,OpenPlay,2024,LeftFoot,26768,Tottenham,Liverpool,3,6,2024-12-22 16:30:00,,BallRecovery
608794,3,MissedShots,0.7669999694824219,0.6370000076293946,0.0194169022142887,Luis Díaz,a,10408,OpenPlay,2024,RightFoot,26768,Tottenham,Liverpool,3,6,2024-12-22 16:30:00,,
608795,9,SavedShot,0.9569999694824218,0.43,0.4112540185451507,Mohamed Salah,a,1250,OpenPlay,2024,LeftFoot,26768,Tottenham,Liverpool,3,6,2024-12-22 16:30:00,Trent Alexander-Arnold,Cross
608796,9,BlockedShot,0.901999969482422,0.3940000152587891,0.0846320539712905,Dominik Szoboszlai,a,9788,OpenPlay,2024,RightFoot,26768,Tottenham,Liverpool,3,6,2024-12-22 16:30:00,,Rebound
608797,14,MissedShots,0.8119999694824219,0.5259999847412109,0.0568139180541038,Cody Gakpo,a,11296,OpenPlay,2024,RightFoot,26768,Tottenham,Liverpool,3,6,2024-12-22 16:30:00,Luis Díaz,Pass
608799,16,BlockedShot,0.88,0.419000015258789,0.071998156607151,Mohamed Salah,a,1250,OpenPlay,2024,LeftFoot,26768,Tottenham,Liverpool,3,6,2024-12-22 16:30:00,Cody Gakpo,Cross
608800,16,BlockedShot,0.8809999847412109,0.4159999847412109,0.0798204317688942,Mohamed Salah,a,1250,OpenPlay,2024,LeftFoot,26768,Tottenham,Liverpool,3,6,2024-12-22 16:30:00,,Rebound
608801,17,ShotOnPost,0.899000015258789,0.3609999847412109,0.1312663257122039,Mohamed Salah,a,1250,OpenPlay,2024,RightFoot,26768,Tottenham,Liverpool,3,6,2024-12-22 16:30:00,Luis Díaz,TakeOn
608802,22,Goal,0.914000015258789,0.5120000076293946,0.307756096124649,Luis Díaz,a,10408,OpenPlay,2024,Head,26768,Tottenham,Liverpool,3,6,2024-12-22 16:30:00,Trent Alexander-Arnold,Cross
608804,25,SavedShot,0.7730000305175782,0.3160000038146973,0.0257305689156055,Luis Díaz,a,10408,OpenPlay,2024,LeftFoot,26768,Tottenham,Liverpool,3,6,2024-12-22 16:30:00,,Dispossessed
608805,35,BlockedShot,0.9030000305175782,0.475,0.0589932613074779,Dominik Szoboszlai,a,9788,OpenPlay,2024,Head,26768,Tottenham,Liverpool,3,6,2024-12-22 16:30:00,Andrew Robertson,Aerial
608806,35,Goal,0.973000030517578,0.49,0.8932812809944153,Alexis Mac Allister,a,8379,OpenPlay,2024,Head,26768,Tottenham,Liverpool,3,6,2024-12-22 16:30:00,,Rebound
608810,45,Goal,0.8909999847412109,0.4620000076293945,0.4366134405136108,Dominik Szoboszlai,a,9788,OpenPlay,2024,LeftFoot,26768,Tottenham,Liverpool,3,6,2024-12-22 16:30:00,Mohamed Salah,Pass
608811,53,BlockedShot,0.955999984741211,0.5020000076293946,0.768365204334259,Dominik Szoboszlai,a,9788,OpenPlay,2024,RightFoot,26768,Tottenham,Liverpool,3,6,2024-12-22 16:30:00,,
608812,53,Goal,0.9669999694824218,0.4909999847412109,0.9530402421951294,Mohamed Salah,a,1250,OpenPlay,2024,LeftFoot,26768,Tottenham,Liverpool,3,6,2024-12-22 16:30:00,,Rebound
608813,56,MissedShots,0.925,0.615,0.4981032609939575,Dominik Szoboszlai,a,9788,OpenPlay,2024,LeftFoot,26768,Tottenham,Liverpool,3,6,2024-12-22 16:30:00,Alisson,TakeOn
608814,60,Goal,0.9009999847412108,0.5179999923706055,0.513583242893219,Mohamed Salah,a,1250,OpenPlay,2024,RightFoot,26768,Tottenham,Liverpool,3,6,2024-12-22 16:30:00,Dominik Szoboszlai,Pass
608815,62,SavedShot,0.6990000152587891,0.534000015258789,0.0155387008562684,Trent Alexander-Arnold,a,1791,SetPiece,2024,RightFoot,26768,Tottenham,Liverpool,3,6,2024-12-22 16:30:00,Ryan Gravenberch,Pass
608816,63,SavedShot,0.914000015258789,0.5890000152587891,0.0894483849406242,Luis Díaz,a,10408,FromCorner,2024,RightFoot,26768,Tottenham,Liverpool,3,6,2024-12-22 16:30:00,Cody Gakpo,
608819,75,MissedShots,0.8069999694824219,0.49,0.2599138617515564,Luis Díaz,a,10408,OpenPlay,2024,RightFoot,26768,Tottenham,Liverpool,3,6,2024-12-22 16:30:00,Mohamed Salah,BallRecovery
608820,79,MissedShots,0.901999969482422,0.5690000152587891,0.0747400075197219,Dominik Szoboszlai,a,9788,OpenPlay,2024,Head,26768,Tottenham,Liverpool,3,6,2024-12-22 16:30:00,Trent Alexander-Arnold,Cross
608822,83,SavedShot,0.8119999694824219,0.669000015258789,0.0480642691254615,Luis Díaz,a,10408,OpenPlay,2024,RightFoot,26768,Tottenham,Liverpool,3,6,2024-12-22 16:30:00,Diogo Jota,Pass
608823,83,MissedShots,0.906999969482422,0.515,0.0637938156723976,Diogo Jota,a,6854,OpenPlay,2024,Head,26768,Tottenham,Liverpool,3,6,2024-12-22 16:30:00,Trent Alexander-Arnold,Chipped
608824,84,Goal,0.92,0.35,0.1230274811387062,Luis Díaz,a,10408,OpenPlay,2024,RightFoot,26768,Tottenham,Liverpool,3,6,2024-12-22 16:30:00,Mohamed Salah,Pass
609137,10,MissedShots,0.8390000152587891,0.6830000305175781,0.0568538084626197,Callum Hudson-Odoi,h,6456,OpenPlay,2024,RightFoot,26779,Nottingham Forest,Tottenham,1,0,2024-12-26 15:00:00,Morgan Gibbs-White,Pass
609138,12,BlockedShot,0.805,0.5970000076293945,0.0358848981559276,Elliot Anderson,h,9154,OpenPlay,2024,RightFoot,26779,Nottingham Forest,Tottenham,1,0,2024-12-26 15:00:00,Callum Hudson-Odoi,Pass
609141,25,MissedShots,0.7759999847412109,0.5670000076293945,0.0302820391952991,Anthony Elanga,h,9524,OpenPlay,2024,RightFoot,26779,Nottingham Forest,Tottenham,1,0,2024-12-26 15:00:00,Callum Hudson-Odoi,Pass
609142,27,Goal,0.9059999847412108,0.419000015258789,0.5826987028121948,Anthony Elanga,h,9524,OpenPlay,2024,LeftFoot,26779,Nottingham Forest,Tottenham,1,0,2024-12-26 15:00:00,Morgan Gibbs-White,Throughball
609148,52,SavedShot,0.8690000152587891,0.54,0.1040020287036895,Morgan Gibbs-White,h,6857,OpenPlay,2024,LeftFoot,26779,Nottingham Forest,Tottenham,1,0,2024-12-26 15:00:00,,
609151,60,SavedShot,0.8680000305175781,0.4870000076293945,0.1008067801594734,Anthony Elanga,h,9524,OpenPlay,2024,RightFoot,26779,Nottingham Forest,Tottenham,1,0,2024-12-26 15:00:00,,
609152,62,MissedShots,0.9390000152587892,0.4970000076293945,0.0698793977499008,Nikola Milenkovic,h,6174,FromCorner,2024,Head,26779,Nottingham Forest,Tottenham,1,0,2024-12-26 15:00:00,Elliot Anderson,Aerial
609154,67,BlockedShot,0.8180000305175781,0.6409999847412109,0.1028417870402336,Neco Williams,h,8204,OpenPlay,2024,RightFoot,26779,Nottingham Forest,Tottenham,1,0,2024-12-26 15:00:00,,Dispossessed
609155,67,MissedShots,0.8830000305175781,0.4229999923706055,0.1567136645317077,Ola Aina,h,725,OpenPlay,2024,RightFoot,26779,Nottingham Forest,Tottenham,1,0,2024-12-26 15:00:00,,Rebound
609157,87,MissedShots,0.973000030517578,0.3459999847412109,0.0763338208198547,Taiwo Awoniyi,h,7814,OpenPlay,2024,RightFoot,26779,Nottingham Forest,Tottenham,1,0,2024-12-26 15:00:00,,
609531,6,Goal,0.7969999694824219,0.51,0.0350088030099868,Hee-Chan Hwang,a,8845,SetPiece,2024,RightFoot,26790,Tottenham,Wolverhampton Wanderers,2,2,2024-12-29 15:00:00,Rayan Ait Nouri,Pass
609533,13,MissedShots,0.7709999847412109,0.3940000152587891,0.0239617582410573,Matheus Cunha,a,7080,OpenPlay,2024,RightFoot,26790,Tottenham,Wolverhampton Wanderers,2,2,2024-12-29 15:00:00,,
609534,16,BlockedShot,0.7430000305175781,0.65,0.0475030280649662,Matheus Cunha,a,7080,DirectFreekick,2024,RightFoot,26790,Tottenham,Wolverhampton Wanderers,2,2,2024-12-29 15:00:00,,Standard
609536,34,MissedShots,0.72,0.3259999847412109,0.0179152376949787,Matheus Cunha,a,7080,OpenPlay,2024,RightFoot,26790,Tottenham,Wolverhampton Wanderers,2,2,2024-12-29 15:00:00,André,Pass
609542,57,MissedShots,0.750999984741211,0.545,0.0195216629654169,Santiago Bueno,a,10945,OpenPlay,2024,RightFoot,26790,Tottenham,Wolverhampton Wanderers,2,2,2024-12-29 15:00:00,Nélson Semedo,BallRecovery
609543,60,BlockedShot,0.764000015258789,0.705,0.0142751112580299,Gonçalo Guedes,a,5682,FromCorner,2024,RightFoot,26790,Tottenham,Wolverhampton Wanderers,2,2,2024-12-29 15:00:00,,
609544,61,BlockedShot,0.899000015258789,0.6680000305175782,0.0642716810107231,Rayan Ait Nouri,a,6674,OpenPlay,2024,LeftFoot,26790,Tottenham,Wolverhampton Wanderers,2,2,2024-12-29 15:00:00,Gonçalo Guedes,Pass
609546,69,MissedShots,0.9080000305175782,0.4020000076293945,0.0298812519758939,Craig Dawson,a,804,FromCorner,2024,Head,26790,Tottenham,Wolverhampton Wanderers,2,2,2024-12-29 15:00:00,Rayan Ait Nouri,Cross
609550,85,BlockedShot,0.8009999847412109,0.6320000076293946,0.0348174199461936,Carlos Forbs,a,13092,FromCorner,2024,LeftFoot,26790,Tottenham,Wolverhampton Wanderers,2,2,2024-12-29 15:00:00,Rodrigo Gomes,Pass
609551,86,Goal,0.9669999694824218,0.6559999847412109,0.2948162257671356,Jørgen Strand Larsen,a,11070,OpenPlay,2024,LeftFoot,26790,Tottenham,Wolverhampton Wanderers,2,2,2024-12-29 15:00:00,Rayan Ait Nouri,Throughball
609552,89,SavedShot,0.935,0.4659999847412109,0.0587248988449573,Matt Doherty,a,6852,FromCorner,2024,Head,26790,Tottenham,Wolverhampton Wanderers,2,2,2024-12-29 15:00:00,Tommy Doyle,Aerial
609847,5,Goal,0.9209999847412108,0.6580000305175782,0.248648926615715,Anthony Gordon,a,8150,OpenPlay,2024,LeftFoot,26800,Tottenham,Newcastle United,1,2,2025-01-04 12:30:00,Bruno Guimarães,Pass
609850,20,SavedShot,0.885,0.6409999847412109,0.0856508389115333,Anthony Gordon,a,8150,OpenPlay,2024,LeftFoot,26800,Tottenham,Newcastle United,1,2,2025-01-04 12:30:00,Alexander Isak,Pass
609851,27,BlockedShot,0.735999984741211,0.605999984741211,0.022224336862564,Anthony Gordon,a,8150,FromCorner,2024,RightFoot,26800,Tottenham,Newcastle United,1,2,2025-01-04 12:30:00,Jacob Murphy,Pass
609853,31,MissedShots,0.933000030517578,0.4540000152587891,0.5422434210777283,Alexander Isak,a,5232,OpenPlay,2024,LeftFoot,26800,Tottenham,Newcastle United,1,2,2025-01-04 12:30:00,Jacob Murphy,Pass
609854,37,Goal,0.963000030517578,0.4979999923706055,0.6582426428794861,Alexander Isak,a,5232,OpenPlay,2024,RightFoot,26800,Tottenham,Newcastle United,1,2,2025-01-04 12:30:00,,
609855,42,BlockedShot,0.8980000305175782,0.6559999847412109,0.0955740883946418,Anthony Gordon,a,8150,OpenPlay,2024,RightFoot,26800,Tottenham,Newcastle United,1,2,2025-01-04 12:30:00,Bruno Guimarães,Pass
609856,43,MissedShots,0.9180000305175782,0.6730000305175782,0.0507669746875762,Joelinton,a,87,FromCorner,2024,LeftFoot,26800,Tottenham,Newcastle United,1,2,2025-01-04 12:30:00,Anthony Gordon,Pass
609857,50,BlockedShot,0.7830000305175782,0.5079999923706054,0.0500594526529312,Sandro Tonali,a,7958,OpenPlay,2024,RightFoot,26800,Tottenham,Newcastle United,1,2,2025-01-04 12:30:00,Anthony Gordon,BallTouch
609858,52,BlockedShot,0.8980000305175782,0.505,0.0612529478967189,Sven Botman,a,8635,FromCorner,2024,Head,26800,Tottenham,Newcastle United,1,2,2025-01-04 12:30:00,Lewis Hall,Cross
609862,56,BlockedShot,0.855999984741211,0.5720000076293945,0.1294057220220565,Sandro Tonali,a,7958,OpenPlay,2024,RightFoot,26800,Tottenham,Newcastle United,1,2,2025-01-04 12:30:00,Bruno Guimarães,Pass
609863,56,MissedShots,0.938000030517578,0.6509999847412109,0.3955473601818084,Anthony Gordon,a,8150,OpenPlay,2024,RightFoot,26800,Tottenham,Newcastle United,1,2,2025-01-04 12:30:00,,Rebound
609869,94,SavedShot,0.921999969482422,0.6309999847412109,0.0941190049052238,Harvey Barnes,a,6681,OpenPlay,2024,RightFoot,26800,Tottenham,Newcastle United,1,2,2025-01-04 12:30:00,Joe Willock,HeadPass
609870,95,BlockedShot,0.8780000305175781,0.5770000076293945,0.0133141940459609,Dan Burn,a,7382,FromCorner,2024,Head,26800,Tottenham,Newcastle United,1,2,2025-01-04 12:30:00,Lewis Hall,Aerial
609871,95,BlockedShot,0.7959999847412109,0.61,0.0342222973704338,Joe Willock,a,6630,FromCorner,2024,RightFoot,26800,Tottenham,Newcastle United,1,2,2025-01-04 12:30:00,,Rebound
611834,12,BlockedShot,0.906999969482422,0.5820000076293945,0.3889241516590118,Leandro Trossard,h,7698,OpenPlay,2024,RightFoot,26802,Arsenal,Tottenham,2,1,2025-01-15 20:00:00,Declan Rice,Pass
611835,12,BlockedShot,0.784000015258789,0.4720000076293945,0.0264766439795494,Thomas Partey,h,2328,OpenPlay,2024,RightFoot,26802,Arsenal,Tottenham,2,1,2025-01-15 20:00:00,,Rebound
611839,43,Goal,0.84,0.6780000305175782,0.063993789255619,Leandro Trossard,h,7698,OpenPlay,2024,LeftFoot,26802,Arsenal,Tottenham,2,1,2025-01-15 20:00:00,Martin Odegaard,Pass
611841,45,BlockedShot,0.9230000305175782,0.6530000305175782,0.1003583520650863,Raheem Sterling,h,618,OpenPlay,2024,RightFoot,26802,Arsenal,Tottenham,2,1,2025-01-15 20:00:00,Leandro Trossard,Pass
611840,47,BlockedShot,0.865,0.325,0.0718853697180748,Kai Havertz,h,5220,OpenPlay,2024,LeftFoot,26802,Arsenal,Tottenham,2,1,2025-01-15 20:00:00,Martin Odegaard,Pass
611843,52,MissedShots,0.955,0.4770000076293945,0.402858704328537,Kai Havertz,h,5220,FromCorner,2024,Head,26802,Arsenal,Tottenham,2,1,2025-01-15 20:00:00,Martin Odegaard,Aerial
611844,55,SavedShot,0.895,0.5329999923706055,0.2635852694511413,Kai Havertz,h,5220,OpenPlay,2024,Head,26802,Arsenal,Tottenham,2,1,2025-01-15 20:00:00,Thomas Partey,Cross
611846,58,MissedShots,0.926999969482422,0.6559999847412109,0.0840327739715576,Leandro Trossard,h,7698,OpenPlay,2024,RightFoot,26802,Arsenal,Tottenham,2,1,2025-01-15 20:00:00,,
611847,58,BlockedShot,0.9059999847412108,0.3779999923706054,0.0940222069621086,Raheem Sterling,h,618,OpenPlay,2024,LeftFoot,26802,Arsenal,Tottenham,2,1,2025-01-15 20:00:00,,Rebound
611850,72,SavedShot,0.8140000152587891,0.5129999923706055,0.0897217467427253,Declan Rice,h,5553,OpenPlay,2024,RightFoot,26802,Arsenal,Tottenham,2,1,2025-01-15 20:00:00,Martin Odegaard,Pass
611851,73,SavedShot,0.8640000152587891,0.375,0.0866690129041671,Martin Odegaard,h,2517,OpenPlay,2024,LeftFoot,26802,Arsenal,Tottenham,2,1,2025-01-15 20:00:00,Gabriel Martinelli,Pass
611852,75,BlockedShot,0.8519999694824218,0.3959999847412109,0.075882576406002,Gabriel Martinelli,h,7752,OpenPlay,2024,RightFoot,26802,Arsenal,Tottenham,2,1,2025-01-15 20:00:00,,
611853,76,MissedShots,0.7230000305175781,0.48,0.0191188603639602,Gabriel,h,5613,OpenPlay,2024,LeftFoot,26802,Arsenal,Tottenham,2,1,2025-01-15 20:00:00,,
611854,83,MissedShots,0.9109999847412108,0.4879999923706055,0.5056803822517395,Martin Odegaard,h,2517,OpenPlay,2024,LeftFoot,26802,Arsenal,Tottenham,2,1,2025-01-15 20:00:00,Kieran Tierney,Pass
612605,6,SavedShot,0.7859999847412109,0.3709999847412109,0.0285733323544263,Jesper Lindstrom,h,9752,OpenPlay,2024,RightFoot,26815,Everton,Tottenham,3,2,2025-01-19 14:00:00,Orel Mangala,Pass
612606,10,BlockedShot,0.8040000152587891,0.495,0.083390824496746,Iliman Ndiaye,h,9307,OpenPlay,2024,RightFoot,26815,Everton,Tottenham,3,2,2025-01-19 14:00:00,,
612607,12,Goal,0.8819999694824219,0.5709999847412109,0.3937090933322906,Dominic Calvert-Lewin,h,5555,OpenPlay,2024,RightFoot,26815,Everton,Tottenham,3,2,2025-01-19 14:00:00,Idrissa Gueye,TakeOn
612610,25,SavedShot,0.860999984741211,0.555,0.1155885681509971,Orel Mangala,h,6088,OpenPlay,2024,RightFoot,26815,Everton,Tottenham,3,2,2025-01-19 14:00:00,Dominic Calvert-Lewin,Pass
612611,25,SavedShot,0.924000015258789,0.53,0.0679951608180999,Dominic Calvert-Lewin,h,5555,OpenPlay,2024,Head,26815,Everton,Tottenham,3,2,2025-01-19 14:00:00,Jesper Lindstrom,Aerial
612613,29,Goal,0.906999969482422,0.5970000076293945,0.4007259607315063,Iliman Ndiaye,h,9307,OpenPlay,2024,LeftFoot,26815,Everton,Tottenham,3,2,2025-01-19 14:00:00,Idrissa Gueye,TakeOn
612615,50,SavedShot,0.9109999847412108,0.489000015258789,0.2857520878314972,James Tarkowski,h,1665,SetPiece,2024,Head,26815,Everton,Tottenham,3,2,2025-01-19 14:00:00,Jesper Lindstrom,Cross
612616,51,MissedShots,0.960999984741211,0.534000015258789,0.4385579824447632,Dominic Calvert-Lewin,h,5555,FromCorner,2024,Head,26815,Everton,Tottenham,3,2,2025-01-19 14:00:00,James Tarkowski,HeadPass
612618,52,MissedShots,0.8490000152587891,0.479000015258789,0.0215449295938015,Dominic Calvert-Lewin,h,5555,FromCorner,2024,Head,26815,Everton,Tottenham,3,2,2025-01-19 14:00:00,Jesper Lindstrom,Cross
612619,60,MissedShots,0.8219999694824218,0.575,0.1102756708860397,Vitalii Mykolenko,h,10291,OpenPlay,2024,LeftFoot,26815,Everton,Tottenham,3,2,2025-01-19 14:00:00,Iliman Ndiaye,Pass
612620,60,MissedShots,0.92,0.419000015258789,0.4922801256179809,Dominic Calvert-Lewin,h,5555,OpenPlay,2024,LeftFoot,26815,Everton,Tottenham,3,2,2025-01-19 14:00:00,Jesper Lindstrom,Pass
612621,70,BlockedShot,0.895,0.4359999847412109,0.1224970817565918,Dominic Calvert-Lewin,h,5555,OpenPlay,2024,RightFoot,26815,Everton,Tottenham,3,2,2025-01-19 14:00:00,Jake O&#039;Brien,Cross
613831,7,BlockedShot,0.8580000305175781,0.69,0.0407238490879535,Jordan Ayew,a,672,OpenPlay,2024,LeftFoot,26830,Tottenham,Leicester,1,2,2025-01-26 14:00:00,,TakeOn
613832,7,BlockedShot,0.8580000305175781,0.4520000076293945,0.0630836486816406,Jamie Vardy,a,755,OpenPlay,2024,RightFoot,26830,Tottenham,Leicester,1,2,2025-01-26 14:00:00,Boubakary Soumare,Cross
613833,9,BlockedShot,0.805,0.5170000076293946,0.0509608201682567,Jordan Ayew,a,672,OpenPlay,2024,RightFoot,26830,Tottenham,Leicester,1,2,2025-01-26 14:00:00,Victor Kristiansen,Pass
613834,9,BlockedShot,0.7130000305175781,0.6769999694824219,0.0101025812327861,Bilal El Khannouss,a,13020,OpenPlay,2024,RightFoot,26830,Tottenham,Leicester,1,2,2025-01-26 14:00:00,,Rebound
613838,20,SavedShot,0.775,0.4420000076293945,0.0210504252463579,James Justin,a,7753,OpenPlay,2024,LeftFoot,26830,Tottenham,Leicester,1,2,2025-01-26 14:00:00,Jannik Vestergaard,Chipped
613841,34,BlockedShot,0.895,0.3470000076293945,0.0662590265274047,James Justin,a,7753,OpenPlay,2024,RightFoot,26830,Tottenham,Leicester,1,2,2025-01-26 14:00:00,Harry Winks,Pass
613842,37,BlockedShot,0.749000015258789,0.664000015258789,0.0128456056118011,Bilal El Khannouss,a,13020,OpenPlay,2024,RightFoot,26830,Tottenham,Leicester,1,2,2025-01-26 14:00:00,Bobby Reid,TakeOn
613843,38,MissedShots,0.948000030517578,0.4429999923706054,0.0629124417901039,Wout Faes,a,8646,FromCorner,2024,Head,26830,Tottenham,Leicester,1,2,2025-01-26 14:00:00,,Aerial
613845,45,Goal,0.973000030517578,0.4859999847412109,0.8919147849082947,Jamie Vardy,a,755,OpenPlay,2024,RightFoot,26830,Tottenham,Leicester,1,2,2025-01-26 14:00:00,Bobby Reid,Pass
613846,49,Goal,0.7809999847412109,0.5159999847412109,0.0349152572453022,Bilal El Khannouss,a,13020,OpenPlay,2024,RightFoot,26830,Tottenham,Leicester,1,2,2025-01-26 14:00:00,Bobby Reid,Pass
613847,51,MissedShots,0.7190000152587891,0.6029999923706054,0.0166278146207332,Boubakary Soumare,a,6310,OpenPlay,2024,LeftFoot,26830,Tottenham,Leicester,1,2,2025-01-26 14:00:00,Bobby Reid,Pass
613848,53,BlockedShot,0.894000015258789,0.5629999923706055,0.1338091045618057,Jamie Vardy,a,755,OpenPlay,2024,RightFoot,26830,Tottenham,Leicester,1,2,2025-01-26 14:00:00,Jordan Ayew,Cross
615373,2,BlockedShot,0.914000015258789,0.580999984741211,0.0946854054927825,Mikkel Damsgaard,h,8859,OpenPlay,2024,LeftFoot,26834,Brentford,Tottenham,0,2,2025-02-02 14:00:00,,
615375,11,BlockedShot,0.955999984741211,0.509000015258789,0.1319218575954437,Yoane Wissa,h,5786,OpenPlay,2024,Head,26834,Brentford,Tottenham,0,2,2025-02-02 14:00:00,Bryan Mbeumo,Aerial
615376,18,BlockedShot,0.911999969482422,0.64,0.1055265218019485,Kevin Schade,h,9156,OpenPlay,2024,RightFoot,26834,Brentford,Tottenham,0,2,2025-02-02 14:00:00,Mikkel Damsgaard,TakeOn
615379,22,MissedShots,0.9180000305175782,0.5359999847412109,0.0531540438532829,Yoane Wissa,h,5786,OpenPlay,2024,Head,26834,Brentford,Tottenham,0,2,2025-02-02 14:00:00,Vitaly Janelt,Aerial
615382,26,SavedShot,0.865,0.2829999923706054,0.0920931026339531,Bryan Mbeumo,h,6552,OpenPlay,2024,LeftFoot,26834,Brentford,Tottenham,0,2,2025-02-02 14:00:00,Mikkel Damsgaard,Chipped
615385,28,OwnGoal,0.0270000004768371,0.49,0.0,Vitaly Janelt,h,9680,FromCorner,2024,OtherBodyPart,26834,Brentford,Tottenham,0,2,2025-02-02 14:00:00,,CornerAwarded
615386,32,BlockedShot,0.911999969482422,0.349000015258789,0.0611214078962802,Kristoffer Ajer,h,9677,OpenPlay,2024,RightFoot,26834,Brentford,Tottenham,0,2,2025-02-02 14:00:00,Mikkel Damsgaard,TakeOn
615387,32,SavedShot,0.8719999694824219,0.4479999923706054,0.0706396922469139,Christian Nørgaard,h,7083,OpenPlay,2024,RightFoot,26834,Brentford,Tottenham,0,2,2025-02-02 14:00:00,Kristoffer Ajer,Rebound
615388,36,MissedShots,0.905,0.5170000076293946,0.0910970270633697,Kevin Schade,h,9156,OpenPlay,2024,Head,26834,Brentford,Tottenham,0,2,2025-02-02 14:00:00,Mikkel Damsgaard,Cross
615392,46,BlockedShot,0.8159999847412109,0.479000015258789,0.038909550756216,Bryan Mbeumo,h,6552,FromCorner,2024,RightFoot,26834,Brentford,Tottenham,0,2,2025-02-02 14:00:00,,
615393,51,MissedShots,0.9180000305175782,0.7140000152587891,0.0417332425713539,Kevin Schade,h,9156,OpenPlay,2024,LeftFoot,26834,Brentford,Tottenham,0,2,2025-02-02 14:00:00,,
615394,52,ShotOnPost,0.93,0.479000015258789,0.4996553063392639,Yoane Wissa,h,5786,OpenPlay,2024,LeftFoot,26834,Brentford,Tottenham,0,2,2025-02-02 14:00:00,Kevin Schade,HeadPass
615397,61,BlockedShot,0.784000015258789,0.6459999847412109,0.0171201489865779,Mikkel Damsgaard,h,8859,SetPiece,2024,RightFoot,26834,Brentford,Tottenham,0,2,2025-02-02 14:00:00,,
615398,66,MissedShots,0.700999984741211,0.5329999923706055,0.0129044307395815,Keane Lewis-Potter,h,10809,FromCorner,2024,RightFoot,26834,Brentford,Tottenham,0,2,2025-02-02 14:00:00,,
615399,67,MissedShots,0.6859999847412109,0.6569999694824219,0.0119226863607764,Mathias Jensen,h,7166,OpenPlay,2024,RightFoot,26834,Brentford,Tottenham,0,2,2025-02-02 14:00:00,Kevin Schade,Pass
615400,74,MissedShots,0.8530000305175781,0.3659999847412109,0.0487095266580581,Bryan Mbeumo,h,6552,OpenPlay,2024,LeftFoot,26834,Brentford,Tottenham,0,2,2025-02-02 14:00:00,,
615401,77,SavedShot,0.905,0.4209999847412109,0.0279705449938774,Sepp van den Berg,h,10721,OpenPlay,2024,Head,26834,Brentford,Tottenham,0,2,2025-02-02 14:00:00,Michael Kayode,Aerial
615402,79,MissedShots,0.7680000305175781,0.494000015258789,0.027474133297801,Keane Lewis-Potter,h,10809,OpenPlay,2024,RightFoot,26834,Brentford,Tottenham,0,2,2025-02-02 14:00:00,,
615403,85,BlockedShot,0.955,0.519000015258789,0.1093126013875007,Fabio Carvalho,h,9501,OpenPlay,2024,RightFoot,26834,Brentford,Tottenham,0,2,2025-02-02 14:00:00,,
615405,90,MissedShots,0.85,0.1620000076293945,0.0445481017231941,Bryan Mbeumo,h,6552,DirectFreekick,2024,LeftFoot,26834,Brentford,Tottenham,0,2,2025-02-02 14:00:00,,Standard
615406,94,MissedShots,0.9059999847412108,0.5259999847412109,0.0885682478547096,Kevin Schade,h,9156,OpenPlay,2024,Head,26834,Brentford,Tottenham,0,2,2025-02-02 14:00:00,Michael Kayode,Cross
617798,9,SavedShot,0.914000015258789,0.2979999923706055,0.0445630252361297,Rasmus Højlund,a,11055,OpenPlay,2024,LeftFoot,26850,Tottenham,Manchester United,1,0,2025-02-16 16:30:00,Harry Maguire,Chipped
617799,9,SavedShot,0.8480000305175781,0.7319999694824219,0.0297347586601972,Alejandro Garnacho,a,10552,OpenPlay,2024,RightFoot,26850,Tottenham,Manchester United,1,0,2025-02-16 16:30:00,Matthijs de Ligt,Pass
617800,9,MissedShots,0.9619999694824218,0.3970000076293945,0.1096596345305442,Diogo Dalot,a,7281,OpenPlay,2024,RightFoot,26850,Tottenham,Manchester United,1,0,2025-02-16 16:30:00,,Rebound
617801,10,MissedShots,0.845999984741211,0.7269999694824218,0.0278649535030126,Patrick Dorgu,a,11944,FromCorner,2024,LeftFoot,26850,Tottenham,Manchester United,1,0,2025-02-16 16:30:00,Bruno Fernandes,Cross
617806,21,MissedShots,0.7619999694824219,0.664000015258789,0.0192128997296094,Joshua Zirkzee,a,8044,OpenPlay,2024,RightFoot,26850,Tottenham,Manchester United,1,0,2025-02-16 16:30:00,Patrick Dorgu,Pass
617807,22,MissedShots,0.904000015258789,0.615,0.3035920262336731,Alejandro Garnacho,a,10552,OpenPlay,2024,RightFoot,26850,Tottenham,Manchester United,1,0,2025-02-16 16:30:00,Bruno Fernandes,Pass
617808,24,BlockedShot,0.725999984741211,0.509000015258789,0.0171896647661924,Bruno Fernandes,a,1228,OpenPlay,2024,RightFoot,26850,Tottenham,Manchester United,1,0,2025-02-16 16:30:00,Alejandro Garnacho,Pass
617810,39,MissedShots,0.916999969482422,0.5459999847412109,0.0501619093120098,Matthijs de Ligt,a,7902,SetPiece,2024,Head,26850,Tottenham,Manchester United,1,0,2025-02-16 16:30:00,Casemiro,Aerial
617816,54,SavedShot,0.8909999847412109,0.3570000076293945,0.1067005097866058,Alejandro Garnacho,a,10552,OpenPlay,2024,RightFoot,26850,Tottenham,Manchester United,1,0,2025-02-16 16:30:00,Joshua Zirkzee,Throughball
617817,57,SavedShot,0.8690000152587891,0.6419999694824219,0.0513253062963485,Alejandro Garnacho,a,10552,OpenPlay,2024,RightFoot,26850,Tottenham,Manchester United,1,0,2025-02-16 16:30:00,,
617825,71,MissedShots,0.924000015258789,0.4729999923706054,0.2960460782051086,Joshua Zirkzee,a,8044,OpenPlay,2024,Head,26850,Tottenham,Manchester United,1,0,2025-02-16 16:30:00,Noussair Mazraoui,Cross
617826,71,SavedShot,0.874000015258789,0.6869999694824219,0.047943290323019,Rasmus Højlund,a,11055,OpenPlay,2024,RightFoot,26850,Tottenham,Manchester United,1,0,2025-02-16 16:30:00,Casemiro,Pass
617830,78,BlockedShot,0.924000015258789,0.7019999694824218,0.0836716741323471,Rasmus Højlund,a,11055,OpenPlay,2024,LeftFoot,26850,Tottenham,Manchester United,1,0,2025-02-16 16:30:00,Patrick Dorgu,Pass
617831,83,BlockedShot,0.9130000305175782,0.5220000076293946,0.0343058332800865,Matthijs de Ligt,a,7902,FromCorner,2024,Head,26850,Tottenham,Manchester United,1,0,2025-02-16 16:30:00,Bruno Fernandes,Aerial
617832,84,BlockedShot,0.911999969482422,0.585999984741211,0.1002102792263031,Casemiro,a,2248,FromCorner,2024,LeftFoot,26850,Tottenham,Manchester United,1,0,2025-02-16 16:30:00,,Rebound
617833,88,SavedShot,0.9259999847412108,0.509000015258789,0.1110331639647483,Casemiro,a,2248,FromCorner,2024,Head,26850,Tottenham,Manchester United,1,0,2025-02-16 16:30:00,Bruno Fernandes,Cross
618423,0,SavedShot,0.899000015258789,0.6559999847412109,0.0771448165178299,Liam Delap,h,8868,OpenPlay,2024,LeftFoot,26857,Ipswich,Tottenham,1,4,2025-02-22 15:00:00,Jens Cajuste,Pass
618424,0,BlockedShot,0.924000015258789,0.3990000152587891,0.1044641137123107,Jaden Philogene-Bidace,h,9415,OpenPlay,2024,RightFoot,26857,Ipswich,Tottenham,1,4,2025-02-22 15:00:00,Omari Hutchinson,Rebound
618425,2,MissedShots,0.945,0.6079999923706054,0.1058448627591133,Liam Delap,h,8868,OpenPlay,2024,RightFoot,26857,Ipswich,Tottenham,1,4,2025-02-22 15:00:00,Leif Davis,Pass
618426,5,ShotOnPost,0.904000015258789,0.4429999923706054,0.0839077830314636,Liam Delap,h,8868,SetPiece,2024,Head,26857,Ipswich,Tottenham,1,4,2025-02-22 15:00:00,Kalvin Phillips,Cross
618427,5,MissedShots,0.835999984741211,0.495,0.0663043707609176,Jaden Philogene-Bidace,h,9415,SetPiece,2024,RightFoot,26857,Ipswich,Tottenham,1,4,2025-02-22 15:00:00,Jack Clarke,HeadPass
618428,6,BlockedShot,0.8190000152587891,0.3060000038146973,0.0314950160682201,Jaden Philogene-Bidace,h,9415,OpenPlay,2024,LeftFoot,26857,Ipswich,Tottenham,1,4,2025-02-22 15:00:00,Omari Hutchinson,Pass
618432,19,SavedShot,0.8590000152587891,0.494000015258789,0.0264654606580734,Jack Clarke,h,13019,OpenPlay,2024,Head,26857,Ipswich,Tottenham,1,4,2025-02-22 15:00:00,Omari Hutchinson,Cross
618433,20,BlockedShot,0.76,0.479000015258789,0.0251722652465105,Liam Delap,h,8868,OpenPlay,2024,RightFoot,26857,Ipswich,Tottenham,1,4,2025-02-22 15:00:00,Jaden Philogene-Bidace,Pass
618434,20,MissedShots,0.749000015258789,0.6730000305175782,0.0139888068661093,Jaden Philogene-Bidace,h,9415,FromCorner,2024,RightFoot,26857,Ipswich,Tottenham,1,4,2025-02-22 15:00:00,,TakeOn
618435,23,SavedShot,0.7809999847412109,0.6320000076293946,0.0263339951634407,Liam Delap,h,8868,OpenPlay,2024,RightFoot,26857,Ipswich,Tottenham,1,4,2025-02-22 15:00:00,Leif Davis,Pass
618438,35,Goal,0.8540000152587891,0.575,0.2994804382324219,Omari Hutchinson,h,10348,OpenPlay,2024,LeftFoot,26857,Ipswich,Tottenham,1,4,2025-02-22 15:00:00,Jack Clarke,Pass
618439,38,SavedShot,0.8130000305175781,0.5359999847412109,0.0487311035394668,Omari Hutchinson,h,10348,OpenPlay,2024,RightFoot,26857,Ipswich,Tottenham,1,4,2025-02-22 15:00:00,Jack Clarke,Pass
618442,59,BlockedShot,0.79,0.3879999923706054,0.0887487158179283,Omari Hutchinson,h,10348,DirectFreekick,2024,LeftFoot,26857,Ipswich,Tottenham,1,4,2025-02-22 15:00:00,,Standard
618443,59,BlockedShot,0.7880000305175782,0.3879999923706054,0.0196837745606899,Kalvin Phillips,h,8719,SetPiece,2024,RightFoot,26857,Ipswich,Tottenham,1,4,2025-02-22 15:00:00,,Rebound
618445,70,BlockedShot,0.8880000305175781,0.56,0.0783060565590858,Nathan Broadhead,h,9406,OpenPlay,2024,RightFoot,26857,Ipswich,Tottenham,1,4,2025-02-22 15:00:00,Jaden Philogene-Bidace,Cross
618448,86,MissedShots,0.975,0.6609999847412109,0.0094524985179305,Dara O&#039;Shea,h,8756,FromCorner,2024,Head,26857,Ipswich,Tottenham,1,4,2025-02-22 15:00:00,Leif Davis,Cross
618449,93,BlockedShot,0.855999984741211,0.33,0.0581724010407924,Omari Hutchinson,h,10348,OpenPlay,2024,LeftFoot,26857,Ipswich,Tottenham,1,4,2025-02-22 15:00:00,Sam Morsy,Pass
619568,6,SavedShot,0.911999969482422,0.5120000076293946,0.4735439419746399,Erling Haaland,a,8260,OpenPlay,2024,RightFoot,26865,Tottenham,Manchester City,0,1,2025-02-26 19:30:00,Matheus Nunes,Pass
619569,11,Goal,0.931999969482422,0.5020000076293946,0.5715054273605347,Erling Haaland,a,8260,OpenPlay,2024,LeftFoot,26865,Tottenham,Manchester City,0,1,2025-02-26 19:30:00,,
619570,20,SavedShot,0.8019999694824219,0.494000015258789,0.0815559178590774,Jéremy Doku,a,8981,OpenPlay,2024,RightFoot,26865,Tottenham,Manchester City,0,1,2025-02-26 19:30:00,Nico González,TakeOn
619571,26,MissedShots,0.911999969482422,0.43,0.3217048346996307,Sávio,a,11735,OpenPlay,2024,LeftFoot,26865,Tottenham,Manchester City,0,1,2025-02-26 19:30:00,Jéremy Doku,Cross
619572,29,SavedShot,0.924000015258789,0.515,0.550898015499115,Erling Haaland,a,8260,OpenPlay,2024,LeftFoot,26865,Tottenham,Manchester City,0,1,2025-02-26 19:30:00,Jéremy Doku,Pass
619573,31,BlockedShot,0.8830000305175781,0.3970000076293945,0.0905796438455581,Sávio,a,11735,OpenPlay,2024,LeftFoot,26865,Tottenham,Manchester City,0,1,2025-02-26 19:30:00,Abduqodir Khusanov,Chipped
619574,34,BlockedShot,0.745999984741211,0.3479999923706054,0.0486179552972316,Omar Marmoush,a,8393,DirectFreekick,2024,RightFoot,26865,Tottenham,Manchester City,0,1,2025-02-26 19:30:00,,Standard
619576,50,MissedShots,0.84,0.66,0.0633517354726791,Jéremy Doku,a,8981,SetPiece,2024,RightFoot,26865,Tottenham,Manchester City,0,1,2025-02-26 19:30:00,,TakeOn
619577,53,BlockedShot,0.835999984741211,0.3990000152587891,0.0668649077415466,Sávio,a,11735,OpenPlay,2024,LeftFoot,26865,Tottenham,Manchester City,0,1,2025-02-26 19:30:00,Josko Gvardiol,Pass
619583,64,BlockedShot,0.7919999694824219,0.3970000076293945,0.0402985699474811,Sávio,a,11735,OpenPlay,2024,LeftFoot,26865,Tottenham,Manchester City,0,1,2025-02-26 19:30:00,Omar Marmoush,Pass
619586,82,BlockedShot,0.775,0.34,0.01058797724545,Sávio,a,11735,SetPiece,2024,LeftFoot,26865,Tottenham,Manchester City,0,1,2025-02-26 19:30:00,,Aerial
619588,87,SavedShot,0.86,0.3270000076293945,0.0669057145714759,Sávio,a,11735,OpenPlay,2024,LeftFoot,26865,Tottenham,Manchester City,0,1,2025-02-26 19:30:00,Erling Haaland,Pass
621797,0,SavedShot,0.84,0.500999984741211,0.0733280554413795,Evanilson,a,12963,OpenPlay,2024,RightFoot,26879,Tottenham,Bournemouth,2,2,2025-03-09 14:00:00,,BallRecovery
621798,3,SavedShot,0.8980000305175782,0.575,0.3904417157173157,Justin Kluivert,a,6963,OpenPlay,2024,RightFoot,26879,Tottenham,Bournemouth,2,2,2025-03-09 14:00:00,,BallRecovery
621799,3,SavedShot,0.8830000305175781,0.4559999847412109,0.0457725562155246,Marcus Tavernier,a,10741,OpenPlay,2024,Head,26879,Tottenham,Bournemouth,2,2,2025-03-09 14:00:00,Ryan Christie,Cross
621803,18,BlockedShot,0.8080000305175781,0.5929999923706055,0.12087082862854,Marcus Tavernier,a,10741,DirectFreekick,2024,LeftFoot,26879,Tottenham,Bournemouth,2,2,2025-03-09 14:00:00,,Standard
621804,18,BlockedShot,0.8669999694824219,0.495,0.0880217850208282,Antoine Semenyo,a,11363,SetPiece,2024,RightFoot,26879,Tottenham,Bournemouth,2,2,2025-03-09 14:00:00,,Rebound
621805,18,SavedShot,0.8640000152587891,0.515,0.0476032979786396,Evanilson,a,12963,SetPiece,2024,RightFoot,26879,Tottenham,Bournemouth,2,2,2025-03-09 14:00:00,Marcus Tavernier,Cross
621807,33,BlockedShot,0.75,0.495,0.0189994759857654,Tyler Adams,a,7352,OpenPlay,2024,RightFoot,26879,Tottenham,Bournemouth,2,2,2025-03-09 14:00:00,Evanilson,Pass
621808,41,Goal,0.9390000152587892,0.4529999923706054,0.5758326053619385,Marcus Tavernier,a,10741,OpenPlay,2024,RightFoot,26879,Tottenham,Bournemouth,2,2,2025-03-09 14:00:00,Milos Kerkez,Cross
621812,58,BlockedShot,0.9340000152587892,0.6869999694824219,0.0705237761139869,Antoine Semenyo,a,11363,OpenPlay,2024,LeftFoot,26879,Tottenham,Bournemouth,2,2,2025-03-09 14:00:00,,
621813,59,MissedShots,0.8809999847412109,0.4329999923706055,0.0133181856945157,James Hill,a,10747,FromCorner,2024,Head,26879,Tottenham,Bournemouth,2,2,2025-03-09 14:00:00,Ryan Christie,Aerial
621814,61,SavedShot,0.93,0.7730000305175782,0.0421329848468303,Milos Kerkez,a,11709,OpenPlay,2024,LeftFoot,26879,Tottenham,Bournemouth,2,2,2025-03-09 14:00:00,Antoine Semenyo,Pass
621816,64,Goal,0.8819999694824219,0.5470000076293945,0.4119387865066528,Evanilson,a,12963,OpenPlay,2024,LeftFoot,26879,Tottenham,Bournemouth,2,2,2025-03-09 14:00:00,Justin Kluivert,Throughball
621819,72,ShotOnPost,0.9440000152587892,0.3120000076293945,0.1019347980618476,Justin Kluivert,a,6963,OpenPlay,2024,RightFoot,26879,Tottenham,Bournemouth,2,2,2025-03-09 14:00:00,Marcus Tavernier,Pass
621820,72,BlockedShot,0.855,0.62,0.1182186156511306,Dango Ouattara,a,9662,OpenPlay,2024,RightFoot,26879,Tottenham,Bournemouth,2,2,2025-03-09 14:00:00,,Rebound
621821,73,MissedShots,0.9669999694824218,0.5879999923706055,0.0327035710215568,Dean Huijsen,a,11943,FromCorner,2024,Head,26879,Tottenham,Bournemouth,2,2,2025-03-09 14:00:00,,Aerial
621822,78,MissedShots,0.953000030517578,0.5779999923706055,0.0419086292386055,Dean Huijsen,a,11943,FromCorner,2024,Head,26879,Tottenham,Bournemouth,2,2,2025-03-09 14:00:00,Marcus Tavernier,Aerial
621824,90,SavedShot,0.911999969482422,0.5420000076293945,0.0545021183788776,Alex Scott,a,12149,OpenPlay,2024,Head,26879,Tottenham,Bournemouth,2,2,2025-03-09 14:00:00,,
623230,30,BlockedShot,0.740999984741211,0.485,0.0179304145276546,Joachim Andersen,h,6314,OpenPlay,2024,LeftFoot,26886,Fulham,Tottenham,2,0,2025-03-16 13:30:00,Andreas Pereira,Pass
623231,30,BlockedShot,0.7519999694824219,0.4959999847412109,0.0174355972558259,Andreas Pereira,h,922,FromCorner,2024,RightFoot,26886,Fulham,Tottenham,2,0,2025-03-16 13:30:00,,
623232,33,SavedShot,0.884000015258789,0.3929999923706054,0.0738410428166389,Timothy Castagne,h,6157,OpenPlay,2024,LeftFoot,26886,Fulham,Tottenham,2,0,2025-03-16 13:30:00,,
623233,39,BlockedShot,0.894000015258789,0.565,0.0992694124579429,Alex Iwobi,h,500,OpenPlay,2024,RightFoot,26886,Fulham,Tottenham,2,0,2025-03-16 13:30:00,,Dispossessed
623234,41,BlockedShot,0.8980000305175782,0.4879999923706055,0.029614008963108,Joachim Andersen,h,6314,FromCorner,2024,Head,26886,Fulham,Tottenham,2,0,2025-03-16 13:30:00,Andreas Pereira,CornerAwarded
623235,43,BlockedShot,0.8209999847412109,0.4359999847412109,0.0418283678591251,Raúl Jiménez,h,4105,OpenPlay,2024,RightFoot,26886,Fulham,Tottenham,2,0,2025-03-16 13:30:00,Timothy Castagne,HeadPass
623238,50,BlockedShot,0.8130000305175781,0.5359999847412109,0.0574564225971698,Willian,h,700,OpenPlay,2024,RightFoot,26886,Fulham,Tottenham,2,0,2025-03-16 13:30:00,Raúl Jiménez,Pass
623239,50,MissedShots,0.815,0.56,0.0355557613074779,Emile Smith-Rowe,h,7230,FromCorner,2024,LeftFoot,26886,Fulham,Tottenham,2,0,2025-03-16 13:30:00,,
623246,75,MissedShots,0.7980000305175782,0.6769999694824219,0.02360101044178,Willian,h,700,OpenPlay,2024,RightFoot,26886,Fulham,Tottenham,2,0,2025-03-16 13:30:00,,
623247,77,Goal,0.8690000152587891,0.4959999847412109,0.372164249420166,Rodrigo Muniz,h,10717,OpenPlay,2024,RightFoot,26886,Fulham,Tottenham,2,0,2025-03-16 13:30:00,Andreas Pereira,Pass
623249,87,Goal,0.8690000152587891,0.5970000076293945,0.1175644174218177,Ryan Sessegnon,h,6837,OpenPlay,2024,RightFoot,26886,Fulham,Tottenham,2,0,2025-03-16 13:30:00,,TakeOn
623251,90,MissedShots,0.8859999847412109,0.5890000152587891,0.0976592376828193,Andreas Pereira,h,922,SetPiece,2024,RightFoot,26886,Fulham,Tottenham,2,0,2025-03-16 13:30:00,Rodrigo Muniz,Pass
623252,90,SavedShot,0.926999969482422,0.4479999923706054,0.0557450875639915,Rodrigo Muniz,h,10717,SetPiece,2024,Head,26886,Fulham,Tottenham,2,0,2025-03-16 13:30:00,Ryan Sessegnon,Aerial
625249,1,BlockedShot,0.8390000152587891,0.3679999923706055,0.0547038502991199,Pedro Neto,h,6382,OpenPlay,2024,LeftFoot,26897,Chelsea,Tottenham,1,0,2025-04-03 19:00:00,,BallTouch
625251,6,MissedShots,0.845,0.3729999923706055,0.0529167503118515,Malo Gusto,h,9017,OpenPlay,2024,RightFoot,26897,Chelsea,Tottenham,1,0,2025-04-03 19:00:00,,
625252,10,BlockedShot,0.8030000305175782,0.57,0.0721656680107116,Jadon Sancho,h,6345,OpenPlay,2024,RightFoot,26897,Chelsea,Tottenham,1,0,2025-04-03 19:00:00,Cole Palmer,Pass
625253,13,SavedShot,0.8030000305175782,0.62,0.0368775762617588,Nicolas Jackson,h,10048,OpenPlay,2024,RightFoot,26897,Chelsea,Tottenham,1,0,2025-04-03 19:00:00,,
625254,28,MissedShots,0.8490000152587891,0.6559999847412109,0.0939557626843452,Nicolas Jackson,h,10048,OpenPlay,2024,RightFoot,26897,Chelsea,Tottenham,1,0,2025-04-03 19:00:00,Pedro Neto,BallRecovery
625256,43,SavedShot,0.914000015258789,0.6170000076293946,0.266548603773117,Jadon Sancho,h,6345,OpenPlay,2024,RightFoot,26897,Chelsea,Tottenham,1,0,2025-04-03 19:00:00,Pedro Neto,Cross
625257,49,SavedShot,0.8809999847412109,0.669000015258789,0.0682119354605674,Cole Palmer,h,8497,OpenPlay,2024,LeftFoot,26897,Chelsea,Tottenham,1,0,2025-04-03 19:00:00,Jadon Sancho,Pass
625258,49,Goal,0.943000030517578,0.4829999923706055,0.5040026903152466,Enzo Fernández,h,11356,OpenPlay,2024,Head,26897,Chelsea,Tottenham,1,0,2025-04-03 19:00:00,Cole Palmer,Cross
625259,53,MissedShots,0.8669999694824219,0.4640000152587891,0.0995586290955543,Enzo Fernández,h,11356,OpenPlay,2024,RightFoot,26897,Chelsea,Tottenham,1,0,2025-04-03 19:00:00,,
625260,63,MissedShots,0.7669999694824219,0.22,0.0216614324599504,Pedro Neto,h,6382,OpenPlay,2024,LeftFoot,26897,Chelsea,Tottenham,1,0,2025-04-03 19:00:00,Malo Gusto,Pass
625265,82,SavedShot,0.879000015258789,0.735999984741211,0.0338226594030857,Cole Palmer,h,8497,OpenPlay,2024,LeftFoot,26897,Chelsea,Tottenham,1,0,2025-04-03 19:00:00,Malo Gusto,Pass
626201,11,BlockedShot,0.978000030517578,0.5890000152587891,0.097122274339199,Kamaldeen Sulemana,a,9630,OpenPlay,2024,LeftFoot,26910,Tottenham,Southampton,3,1,2025-04-06 13:00:00,Tyler Dibling,Cross
626202,11,BlockedShot,0.904000015258789,0.7390000152587891,0.0367345698177814,Mateus Fernandes,a,12948,OpenPlay,2024,RightFoot,26910,Tottenham,Southampton,3,1,2025-04-06 13:00:00,Ryan Manning,Pass
626204,15,BlockedShot,0.850999984741211,0.4179999923706055,0.0718316063284874,Cameron Archer,a,9912,SetPiece,2024,LeftFoot,26910,Tottenham,Southampton,3,1,2025-04-06 13:00:00,Jan Bednarek,Pass
626205,15,MissedShots,0.755,0.56,0.0156109752133488,Mateus Fernandes,a,12948,SetPiece,2024,LeftFoot,26910,Tottenham,Southampton,3,1,2025-04-06 13:00:00,Cameron Archer,Rebound
626206,15,MissedShots,0.8859999847412109,0.455,0.1027492880821228,Chimuanya Ugochukwu,a,9451,SetPiece,2024,LeftFoot,26910,Tottenham,Southampton,3,1,2025-04-06 13:00:00,Mateus Fernandes,Rebound
626209,49,SavedShot,0.78,0.2989999961853027,0.013697363436222,Mateus Fernandes,a,12948,OpenPlay,2024,RightFoot,26910,Tottenham,Southampton,3,1,2025-04-06 13:00:00,Joe Ayodele-Aribo,Pass
626211,50,BlockedShot,0.8530000305175781,0.6580000305175782,0.0621517822146415,Joe Ayodele-Aribo,a,10766,OpenPlay,2024,LeftFoot,26910,Tottenham,Southampton,3,1,2025-04-06 13:00:00,Chimuanya Ugochukwu,Pass
626213,60,BlockedShot,0.7909999847412109,0.3,0.0138667179271578,Mateus Fernandes,a,12948,OpenPlay,2024,LeftFoot,26910,Tottenham,Southampton,3,1,2025-04-06 13:00:00,Kamaldeen Sulemana,TakeOn
626215,76,BlockedShot,0.8430000305175781,0.749000015258789,0.0167067367583513,Kamaldeen Sulemana,a,9630,OpenPlay,2024,RightFoot,26910,Tottenham,Southampton,3,1,2025-04-06 13:00:00,,
626216,77,SavedShot,0.9109999847412108,0.73,0.0282186865806579,Kamaldeen Sulemana,a,9630,OpenPlay,2024,LeftFoot,26910,Tottenham,Southampton,3,1,2025-04-06 13:00:00,,
626219,87,SavedShot,0.850999984741211,0.2879999923706055,0.0334092900156974,Yukinari Sugawara,a,12761,OpenPlay,2024,RightFoot,26910,Tottenham,Southampton,3,1,2025-04-06 13:00:00,Kamaldeen Sulemana,Pass
626220,89,Goal,0.936999969482422,0.4459999847412109,0.2983310520648956,Mateus Fernandes,a,12948,OpenPlay,2024,LeftFoot,26910,Tottenham,Southampton,3,1,2025-04-06 13:00:00,Kamaldeen Sulemana,Chipped
627596,1,Goal,0.8440000152587891,0.585,0.0553934499621391,Rayan Ait Nouri,h,6674,SetPiece,2024,LeftFoot,26919,Wolverhampton Wanderers,Tottenham,4,2,2025-04-13 13:00:00,,
627597,5,MissedShots,0.9290000152587892,0.4640000152587891,0.548841118812561,Jørgen Strand Larsen,h,11070,OpenPlay,2024,RightFoot,26919,Wolverhampton Wanderers,Tottenham,4,2,2025-04-13 13:00:00,,
627599,11,MissedShots,0.9359999847412108,0.534000015258789,0.106838621199131,Jørgen Strand Larsen,h,11070,OpenPlay,2024,Head,26919,Wolverhampton Wanderers,Tottenham,4,2,2025-04-13 13:00:00,Rayan Ait Nouri,Aerial
627604,37,SavedShot,0.916999969482422,0.5720000076293945,0.0494727939367294,Marshall Munetsi,h,7908,OpenPlay,2024,Head,26919,Wolverhampton Wanderers,Tottenham,4,2,2025-04-13 13:00:00,,
627606,46,MissedShots,0.9109999847412108,0.4320000076293945,0.1554059982299804,Pablo Sarabia,h,2199,OpenPlay,2024,Head,26919,Wolverhampton Wanderers,Tottenham,4,2,2025-04-13 13:00:00,Rayan Ait Nouri,Cross
627608,56,SavedShot,0.924000015258789,0.2920000076293945,0.0703936442732811,Jørgen Strand Larsen,h,11070,OpenPlay,2024,RightFoot,26919,Wolverhampton Wanderers,Tottenham,4,2,2025-04-13 13:00:00,Pablo Sarabia,Pass
627610,63,Goal,0.963000030517578,0.44,0.6235001683235168,Jørgen Strand Larsen,h,11070,OpenPlay,2024,RightFoot,26919,Wolverhampton Wanderers,Tottenham,4,2,2025-04-13 13:00:00,Rayan Ait Nouri,Pass
627612,70,MissedShots,0.9290000152587892,0.539000015258789,0.0633155405521392,Emmanuel Agbadou,h,10856,SetPiece,2024,Head,26919,Wolverhampton Wanderers,Tottenham,4,2,2025-04-13 13:00:00,Pablo Sarabia,Aerial
627613,73,MissedShots,0.7559999847412109,0.5209999847412109,0.0695599466562271,Matheus Cunha,h,7080,DirectFreekick,2024,RightFoot,26919,Wolverhampton Wanderers,Tottenham,4,2,2025-04-13 13:00:00,,Standard
627614,75,BlockedShot,0.8140000152587891,0.3189999961853027,0.0415246337652206,Nélson Semedo,h,6163,OpenPlay,2024,RightFoot,26919,Wolverhampton Wanderers,Tottenham,4,2,2025-04-13 13:00:00,Matheus Cunha,Pass
627615,76,BlockedShot,0.7290000152587891,0.6419999694824219,0.0154314395040273,João Gomes,h,11384,OpenPlay,2024,RightFoot,26919,Wolverhampton Wanderers,Tottenham,4,2,2025-04-13 13:00:00,Matheus Cunha,Pass
627616,79,MissedShots,0.805,0.509000015258789,0.0606356263160705,João Gomes,h,11384,OpenPlay,2024,RightFoot,26919,Wolverhampton Wanderers,Tottenham,4,2,2025-04-13 13:00:00,Marshall Munetsi,Pass
627619,85,Goal,0.8530000305175781,0.515,0.369459867477417,Matheus Cunha,h,7080,OpenPlay,2024,RightFoot,26919,Wolverhampton Wanderers,Tottenham,4,2,2025-04-13 13:00:00,,BallRecovery
629539,3,SavedShot,0.720999984741211,0.575,0.0197619926184415,Morgan Gibbs-White,a,6857,OpenPlay,2024,RightFoot,26930,Tottenham,Nottingham Forest,1,2,2025-04-21 19:00:00,Elliot Anderson,Pass
629540,4,Goal,0.7930000305175782,0.5629999923706055,0.0257350821048021,Elliot Anderson,a,9154,FromCorner,2024,RightFoot,26930,Tottenham,Nottingham Forest,1,2,2025-04-21 19:00:00,Nicolás Domínguez,
629543,15,Goal,0.9159999847412108,0.4959999847412109,0.3729251325130462,Chris Wood,a,4456,SetPiece,2024,Head,26930,Tottenham,Nottingham Forest,1,2,2025-04-21 19:00:00,Anthony Elanga,Cross
629552,54,MissedShots,0.8230000305175781,0.5070000076293946,0.1392601132392883,Morgan Gibbs-White,a,6857,OpenPlay,2024,LeftFoot,26930,Tottenham,Nottingham Forest,1,2,2025-04-21 19:00:00,Chris Wood,Throughball
630808,2,MissedShots,0.8569999694824219,0.3189999961853027,0.0396322384476661,Mohamed Salah,h,1250,SetPiece,2024,LeftFoot,26936,Liverpool,Tottenham,5,1,2025-04-27 15:30:00,Alexis Mac Allister,Pass
630809,8,MissedShots,0.941999969482422,0.644000015258789,0.0751055851578712,Cody Gakpo,h,11296,OpenPlay,2024,RightFoot,26936,Liverpool,Tottenham,5,1,2025-04-27 15:30:00,Virgil van Dijk,Chipped
630810,9,MissedShots,0.8030000305175782,0.6359999847412109,0.0228475704789161,Dominik Szoboszlai,h,9788,FromCorner,2024,LeftFoot,26936,Liverpool,Tottenham,5,1,2025-04-27 15:30:00,,
630811,9,MissedShots,0.870999984741211,0.489000015258789,0.0836666896939277,Cody Gakpo,h,11296,FromCorner,2024,RightFoot,26936,Liverpool,Tottenham,5,1,2025-04-27 15:30:00,Dominik Szoboszlai,Rebound
630813,15,Goal,0.97,0.5370000076293945,0.7251431941986084,Luis Díaz,h,10408,OpenPlay,2024,RightFoot,26936,Liverpool,Tottenham,5,1,2025-04-27 15:30:00,Dominik Szoboszlai,Pass
630814,23,Goal,0.7919999694824219,0.4370000076293945,0.0409549959003925,Alexis Mac Allister,h,8379,OpenPlay,2024,LeftFoot,26936,Liverpool,Tottenham,5,1,2025-04-27 15:30:00,Ryan Gravenberch,BallRecovery
630816,30,MissedShots,0.7519999694824219,0.5070000076293946,0.0220139659941196,Trent Alexander-Arnold,h,1791,SetPiece,2024,RightFoot,26936,Liverpool,Tottenham,5,1,2025-04-27 15:30:00,Dominik Szoboszlai,Pass
630817,33,Goal,0.8590000152587891,0.4170000076293945,0.0894979834556579,Cody Gakpo,h,11296,FromCorner,2024,RightFoot,26936,Liverpool,Tottenham,5,1,2025-04-27 15:30:00,,TakeOn
630818,38,BlockedShot,0.8069999694824219,0.4670000076293945,0.0603477992117404,Trent Alexander-Arnold,h,1791,OpenPlay,2024,RightFoot,26936,Liverpool,Tottenham,5,1,2025-04-27 15:30:00,Dominik Szoboszlai,Pass
630821,50,BlockedShot,0.7759999847412109,0.3070000076293945,0.0324419438838958,Mohamed Salah,h,1250,OpenPlay,2024,LeftFoot,26936,Liverpool,Tottenham,5,1,2025-04-27 15:30:00,Dominik Szoboszlai,Pass
630822,52,MissedShots,0.8969999694824219,0.500999984741211,0.0200365185737609,Ibrahima Konaté,h,6326,FromCorner,2024,Head,26936,Liverpool,Tottenham,5,1,2025-04-27 15:30:00,Alexis Mac Allister,Aerial
630823,53,BlockedShot,0.830999984741211,0.2920000076293945,0.0442760735750198,Alexis Mac Allister,h,8379,OpenPlay,2024,RightFoot,26936,Liverpool,Tottenham,5,1,2025-04-27 15:30:00,Dominik Szoboszlai,Pass
630824,56,BlockedShot,0.8819999694824219,0.38,0.0934760943055152,Mohamed Salah,h,1250,OpenPlay,2024,LeftFoot,26936,Liverpool,Tottenham,5,1,2025-04-27 15:30:00,Dominik Szoboszlai,Pass
630825,57,BlockedShot,0.885,0.600999984741211,0.0675718784332275,Alexis Mac Allister,h,8379,FromCorner,2024,LeftFoot,26936,Liverpool,Tottenham,5,1,2025-04-27 15:30:00,,
630826,57,BlockedShot,0.8440000152587891,0.4209999847412109,0.0384545251727104,Trent Alexander-Arnold,h,1791,FromCorner,2024,LeftFoot,26936,Liverpool,Tottenham,5,1,2025-04-27 15:30:00,Mohamed Salah,Pass
630827,57,BlockedShot,0.9309999847412108,0.414000015258789,0.0840691328048706,Andrew Robertson,h,1688,FromCorner,2024,LeftFoot,26936,Liverpool,Tottenham,5,1,2025-04-27 15:30:00,Mohamed Salah,BallTouch
630829,60,SavedShot,0.7130000305175781,0.5309999847412109,0.0322791822254657,Ryan Gravenberch,h,10697,OpenPlay,2024,RightFoot,26936,Liverpool,Tottenham,5,1,2025-04-27 15:30:00,Cody Gakpo,TakeOn
630831,62,Goal,0.8540000152587891,0.3829999923706054,0.1678997576236724,Mohamed Salah,h,1250,OpenPlay,2024,LeftFoot,26936,Liverpool,Tottenham,5,1,2025-04-27 15:30:00,Dominik Szoboszlai,TakeOn
630833,65,SavedShot,0.885,0.5629999923706055,0.4105785191059112,Dominik Szoboszlai,h,9788,OpenPlay,2024,LeftFoot,26936,Liverpool,Tottenham,5,1,2025-04-27 15:30:00,Mohamed Salah,Pass
630834,66,MissedShots,0.7140000152587891,0.610999984741211,0.0143278129398822,Virgil van Dijk,h,833,OpenPlay,2024,RightFoot,26936,Liverpool,Tottenham,5,1,2025-04-27 15:30:00,Luis Díaz,Pass
630835,68,BlockedShot,0.8530000305175781,0.519000015258789,0.1234502643346786,Diogo Jota,h,6854,OpenPlay,2024,LeftFoot,26936,Liverpool,Tottenham,5,1,2025-04-27 15:30:00,,TakeOn
630838,86,BlockedShot,0.7880000305175782,0.685,0.0218073148280382,Curtis Jones,h,6665,FromCorner,2024,RightFoot,26936,Liverpool,Tottenham,5,1,2025-04-27 15:30:00,Harvey Elliott,Pass
630839,89,BlockedShot,0.8690000152587891,0.5279999923706055,0.1486593037843704,Harvey Elliott,h,7546,OpenPlay,2024,LeftFoot,26936,Liverpool,Tottenham,5,1,2025-04-27 15:30:00,Mohamed Salah,Pass
630840,91,BlockedShot,0.8440000152587891,0.2579999923706054,0.0450602434575557,Darwin Núñez,h,10720,OpenPlay,2024,RightFoot,26936,Liverpool,Tottenham,5,1,2025-04-27 15:30:00,Mohamed Salah,Pass
630841,93,MissedShots,0.580999984741211,0.5870000076293945,0.0093496236950159,Curtis Jones,h,6665,OpenPlay,2024,RightFoot,26936,Liverpool,Tottenham,5,1,2025-04-27 15:30:00,,BallRecovery
631887,20,MissedShots,0.6680000305175782,0.305,0.0093662785366177,Tomas Soucek,h,8288,OpenPlay,2024,LeftFoot,26943,West Ham,Tottenham,1,1,2025-05-04 13:00:00,,BallTouch
631889,27,Goal,0.975999984741211,0.41,0.4028262495994568,Jarrod Bowen,h,1776,OpenPlay,2024,LeftFoot,26943,West Ham,Tottenham,1,1,2025-05-04 13:00:00,Aaron Wan-Bissaka,Throughball
631891,42,BlockedShot,0.8980000305175782,0.3160000038146973,0.0537704825401306,Aaron Wan-Bissaka,h,5584,OpenPlay,2024,RightFoot,26943,West Ham,Tottenham,1,1,2025-05-04 13:00:00,,
631893,53,BlockedShot,0.7519999694824219,0.519000015258789,0.0253533497452735,Mohammed Kudus,h,12027,OpenPlay,2024,LeftFoot,26943,West Ham,Tottenham,1,1,2025-05-04 13:00:00,Lucas Paquetá,Pass
631894,53,BlockedShot,0.7290000152587891,0.4209999847412109,0.0129693308845162,Tomas Soucek,h,8288,OpenPlay,2024,RightFoot,26943,West Ham,Tottenham,1,1,2025-05-04 13:00:00,,Rebound
631896,57,MissedShots,0.874000015258789,0.2589999961853027,0.0178565308451652,Jarrod Bowen,h,1776,OpenPlay,2024,LeftFoot,26943,West Ham,Tottenham,1,1,2025-05-04 13:00:00,Mohammed Kudus,Cross
631898,70,MissedShots,0.933000030517578,0.424000015258789,0.0495146512985229,Niclas Füllkrug,h,6098,OpenPlay,2024,Head,26943,West Ham,Tottenham,1,1,2025-05-04 13:00:00,Mohammed Kudus,Aerial
631900,81,SavedShot,0.975,0.56,0.5072879195213318,Jarrod Bowen,h,1776,SetPiece,2024,Head,26943,West Ham,Tottenham,1,1,2025-05-04 13:00:00,James Ward-Prowse,Cross
631901,85,BlockedShot,0.8719999694824219,0.434000015258789,0.0102346818894147,Max Kilman,h,7332,SetPiece,2024,Head,26943,West Ham,Tottenham,1,1,2025-05-04 13:00:00,James Ward-Prowse,Aerial
631902,90,BlockedShot,0.774000015258789,0.2829999923706054,0.0132952099665999,James Ward-Prowse,h,843,OpenPlay,2024,RightFoot,26943,West Ham,Tottenham,1,1,2025-05-04 13:00:00,,
631903,93,MissedShots,0.7319999694824219,0.580999984741211,0.0495157614350318,James Ward-Prowse,h,843,DirectFreekick,2024,RightFoot,26943,West Ham,Tottenham,1,1,2025-05-04 13:00:00,,Standard
633484,2,SavedShot,0.950999984741211,0.605,0.0831218957901001,Tyrick Mitchell,a,8214,OpenPlay,2024,LeftFoot,26960,Tottenham,Crystal Palace,0,2,2025-05-11 13:15:00,Daniel Muñoz,Cross
633488,14,SavedShot,0.8930000305175781,0.4679999923706054,0.0958068221807479,Daniel Muñoz,a,12408,OpenPlay,2024,LeftFoot,26960,Tottenham,Crystal Palace,0,2,2025-05-11 13:15:00,Tyrick Mitchell,Cross
633489,24,SavedShot,0.97,0.580999984741211,0.4257987141609192,Jean-Philippe Mateta,a,5735,FromCorner,2024,LeftFoot,26960,Tottenham,Crystal Palace,0,2,2025-05-11 13:15:00,Ismaila Sarr,HeadPass
633490,25,MissedShots,0.7469999694824219,0.7709999847412109,0.0141569795086979,Eberechi Eze,a,8706,FromCorner,2024,RightFoot,26960,Tottenham,Crystal Palace,0,2,2025-05-11 13:15:00,Will Hughes,Pass
633491,28,ShotOnPost,0.895,0.2989999961853027,0.076453223824501,Daniel Muñoz,a,12408,OpenPlay,2024,RightFoot,26960,Tottenham,Crystal Palace,0,2,2025-05-11 13:15:00,Jean-Philippe Mateta,Pass
633492,30,SavedShot,0.9059999847412108,0.5209999847412109,0.0553117766976356,Jefferson Lerma,a,2182,SetPiece,2024,Head,26960,Tottenham,Crystal Palace,0,2,2025-05-11 13:15:00,Maxence Lacroix,HeadPass
633493,31,BlockedShot,0.9340000152587892,0.31,0.0623413361608982,Ismaila Sarr,a,5675,OpenPlay,2024,RightFoot,26960,Tottenham,Crystal Palace,0,2,2025-05-11 13:15:00,Jean-Philippe Mateta,Pass
633494,31,SavedShot,0.9590000152587892,0.39,0.16654834151268,Chris Richards,a,8430,FromCorner,2024,Head,26960,Tottenham,Crystal Palace,0,2,2025-05-11 13:15:00,Eberechi Eze,Cross
633495,32,BlockedShot,0.8869999694824219,0.3470000076293945,0.1216152086853981,Jean-Philippe Mateta,a,5735,OpenPlay,2024,RightFoot,26960,Tottenham,Crystal Palace,0,2,2025-05-11 13:15:00,Jefferson Lerma,Throughball
633496,33,BlockedShot,0.815,0.5220000076293946,0.0382799580693244,Daniel Muñoz,a,12408,FromCorner,2024,RightFoot,26960,Tottenham,Crystal Palace,0,2,2025-05-11 13:15:00,,
633497,33,BlockedShot,0.92,0.4929999923706055,0.1144238635897636,Jean-Philippe Mateta,a,5735,FromCorner,2024,RightFoot,26960,Tottenham,Crystal Palace,0,2,2025-05-11 13:15:00,,
633498,38,BlockedShot,0.665,0.4429999923706054,0.0105220628902316,Jefferson Lerma,a,2182,OpenPlay,2024,RightFoot,26960,Tottenham,Crystal Palace,0,2,2025-05-11 13:15:00,,Goal
633499,41,BlockedShot,0.720999984741211,0.5940000152587891,0.0142013849690556,Eberechi Eze,a,8706,OpenPlay,2024,RightFoot,26960,Tottenham,Crystal Palace,0,2,2025-05-11 13:15:00,Tyrick Mitchell,BallRecovery
633500,42,BlockedShot,0.98,0.5459999847412109,0.2200137376785278,Maxence Lacroix,a,8853,FromCorner,2024,Head,26960,Tottenham,Crystal Palace,0,2,2025-05-11 13:15:00,Will Hughes,End
633501,44,Goal,0.9180000305175782,0.519000015258789,0.5087085366249084,Eberechi Eze,a,8706,OpenPlay,2024,RightFoot,26960,Tottenham,Crystal Palace,0,2,2025-05-11 13:15:00,Daniel Muñoz,Pass
633504,47,Goal,0.875999984741211,0.54,0.5305042266845703,Eberechi Eze,a,8706,OpenPlay,2024,RightFoot,26960,Tottenham,Crystal Palace,0,2,2025-05-11 13:15:00,Ismaila Sarr,Pass
633505,50,SavedShot,0.8319999694824218,0.354000015258789,0.1900498420000076,Jean-Philippe Mateta,a,5735,OpenPlay,2024,RightFoot,26960,Tottenham,Crystal Palace,0,2,2025-05-11 13:15:00,Ismaila Sarr,TakeOn
633506,51,MissedShots,0.899000015258789,0.415,0.0298124700784683,Ismaila Sarr,a,5675,FromCorner,2024,Head,26960,Tottenham,Crystal Palace,0,2,2025-05-11 13:15:00,Will Hughes,Cross
633508,66,MissedShots,0.7680000305175781,0.4029999923706054,0.0310325399041175,Ismaila Sarr,a,5675,OpenPlay,2024,LeftFoot,26960,Tottenham,Crystal Palace,0,2,2025-05-11 13:15:00,Daniel Muñoz,Pass
633509,67,MissedShots,0.95,0.5029999923706054,0.5749242305755615,Ismaila Sarr,a,5675,OpenPlay,2024,Head,26960,Tottenham,Crystal Palace,0,2,2025-05-11 13:15:00,Ben Chilwell,Cross
633511,78,BlockedShot,0.8180000305175781,0.5509999847412109,0.0277865082025527,Will Hughes,a,6104,OpenPlay,2024,LeftFoot,26960,Tottenham,Crystal Palace,0,2,2025-05-11 13:15:00,,Aerial
633512,78,MissedShots,0.968000030517578,0.4029999923706054,0.1961861103773117,Eddie Nketiah,a,6482,OpenPlay,2024,Head,26960,Tottenham,Crystal Palace,0,2,2025-05-11 13:15:00,Daichi Kamada,Cross
633514,92,SavedShot,0.840999984741211,0.644000015258789,0.3978557586669922,Eddie Nketiah,a,6482,OpenPlay,2024,RightFoot,26960,Tottenham,Crystal Palace,0,2,2025-05-11 13:15:00,Marc Guehi,Throughball
634219,5,SavedShot,0.8680000305175781,0.415,0.0944250375032424,Ollie Watkins,h,8865,OpenPlay,2024,LeftFoot,26963,Aston Villa,Tottenham,2,0,2025-05-16 18:30:00,Boubacar Kamara,Pass
634220,6,MissedShots,0.86,0.675,0.0461535155773162,John McGinn,h,7723,OpenPlay,2024,LeftFoot,26963,Aston Villa,Tottenham,2,0,2025-05-16 18:30:00,,
634221,9,MissedShots,0.779000015258789,0.6940000152587891,0.0164520796388387,Ian Maatsen,h,11807,OpenPlay,2024,RightFoot,26963,Aston Villa,Tottenham,2,0,2025-05-16 18:30:00,John McGinn,Pass
634224,18,SavedShot,0.921999969482422,0.5159999847412109,0.3932551145553589,Morgan Rogers,h,12412,OpenPlay,2024,LeftFoot,26963,Aston Villa,Tottenham,2,0,2025-05-16 18:30:00,Amadou Onana,Cross
634225,26,MissedShots,0.8809999847412109,0.4820000076293945,0.0962196886539459,Marco Asensio,h,2117,OpenPlay,2024,LeftFoot,26963,Aston Villa,Tottenham,2,0,2025-05-16 18:30:00,Ezri Konsa Ngoyo,Chipped
634226,28,BlockedShot,0.9159999847412108,0.3890000152587891,0.1092018634080886,Ollie Watkins,h,8865,OpenPlay,2024,RightFoot,26963,Aston Villa,Tottenham,2,0,2025-05-16 18:30:00,Marco Asensio,Pass
634227,35,MissedShots,0.7969999694824219,0.4229999923706055,0.0381663776934146,Marco Asensio,h,2117,OpenPlay,2024,LeftFoot,26963,Aston Villa,Tottenham,2,0,2025-05-16 18:30:00,Morgan Rogers,Pass
634228,37,SavedShot,0.921999969482422,0.395,0.0471747145056724,Ezri Konsa Ngoyo,h,7726,SetPiece,2024,Head,26963,Aston Villa,Tottenham,2,0,2025-05-16 18:30:00,John McGinn,Chipped
634229,58,BlockedShot,0.8819999694824219,0.6809999847412109,0.0503344424068927,Ian Maatsen,h,11807,OpenPlay,2024,LeftFoot,26963,Aston Villa,Tottenham,2,0,2025-05-16 18:30:00,,
634230,58,Goal,0.955,0.474000015258789,0.1274823397397995,Ezri Konsa Ngoyo,h,7726,FromCorner,2024,RightFoot,26963,Aston Villa,Tottenham,2,0,2025-05-16 18:30:00,Ollie Watkins,HeadPass
634231,60,SavedShot,0.8869999694824219,0.4770000076293945,0.426392138004303,Ollie Watkins,h,8865,OpenPlay,2024,RightFoot,26963,Aston Villa,Tottenham,2,0,2025-05-16 18:30:00,,
634233,68,MissedShots,0.8080000305175781,0.3,0.0212725326418876,John McGinn,h,7723,FromCorner,2024,LeftFoot,26963,Aston Villa,Tottenham,2,0,2025-05-16 18:30:00,Pau Torres,TakeOn
634234,69,BlockedShot,0.7859999847412109,0.649000015258789,0.0360002927482128,Marco Asensio,h,2117,OpenPlay,2024,RightFoot,26963,Aston Villa,Tottenham,2,0,2025-05-16 18:30:00,Ian Maatsen,Pass
634235,69,MissedShots,0.779000015258789,0.4120000076293945,0.0432969816029071,Matthew Cash,h,8864,OpenPlay,2024,RightFoot,26963,Aston Villa,Tottenham,2,0,2025-05-16 18:30:00,,
634236,72,Goal,0.8430000305175781,0.3890000152587891,0.0671557486057281,Boubacar Kamara,h,5789,OpenPlay,2024,LeftFoot,26963,Aston Villa,Tottenham,2,0,2025-05-16 18:30:00,Morgan Rogers,Pass
634237,74,MissedShots,0.905,0.7090000152587891,0.0298504773527383,John McGinn,h,7723,FromCorner,2024,RightFoot,26963,Aston Villa,Tottenham,2,0,2025-05-16 18:30:00,Marco Asensio,Pass
634238,94,BlockedShot,0.8130000305175781,0.7319999694824219,0.0283021889626979,Morgan Rogers,h,12412,OpenPlay,2024,RightFoot,26963,Aston Villa,Tottenham,2,0,2025-05-16 18:30:00,,Dispossessed
634239,94,SavedShot,0.765,0.5270000076293946,0.0194719824939966,Marco Asensio,h,2117,FromCorner,2024,LeftFoot,26963,Aston Villa,Tottenham,2,0,2025-05-16 18:30:00,,
636360,2,MissedShots,0.8469999694824218,0.3709999847412109,0.0574864000082016,Simon Adingra,a,11710,OpenPlay,2024,RightFoot,26976,Tottenham,Brighton,1,4,2025-05-25 15:00:00,Yankuba Minteh,HeadPass
636362,9,MissedShots,0.906999969482422,0.2789999961853027,0.0430170707404613,Mats Wieffer,a,12758,OpenPlay,2024,RightFoot,26976,Tottenham,Brighton,1,4,2025-05-25 15:00:00,,
636363,11,BlockedShot,0.735999984741211,0.565,0.0178832188248634,Simon Adingra,a,11710,OpenPlay,2024,RightFoot,26976,Tottenham,Brighton,1,4,2025-05-25 15:00:00,Jack Hinshelwood,BallRecovery
636365,24,MissedShots,0.925,0.5929999923706055,0.058864913880825,Brajan Gruda,a,11310,OpenPlay,2024,Head,26976,Tottenham,Brighton,1,4,2025-05-25 15:00:00,Mats Wieffer,Cross
636366,29,SavedShot,0.9519999694824218,0.5820000076293945,0.0867445543408393,Jack Hinshelwood,a,11269,FromCorner,2024,Head,26976,Tottenham,Brighton,1,4,2025-05-25 15:00:00,Yasin Ayari,Cross
636367,29,BlockedShot,0.911999969482422,0.4879999923706055,0.0399389564990997,Adam Webster,a,7699,FromCorner,2024,Head,26976,Tottenham,Brighton,1,4,2025-05-25 15:00:00,,Aerial
636368,29,BlockedShot,0.885,0.644000015258789,0.0527786612510681,Yasin Ayari,a,11385,FromCorner,2024,RightFoot,26976,Tottenham,Brighton,1,4,2025-05-25 15:00:00,Yankuba Minteh,Pass
636369,36,MissedShots,0.8969999694824219,0.3679999923706055,0.0605963319540023,Simon Adingra,a,11710,OpenPlay,2024,RightFoot,26976,Tottenham,Brighton,1,4,2025-05-25 15:00:00,,
636370,36,BlockedShot,0.735,0.5559999847412109,0.0178414415568113,Carlos Baleba,a,10527,OpenPlay,2024,LeftFoot,26976,Tottenham,Brighton,1,4,2025-05-25 15:00:00,Igor Julio,Pass
636372,50,BlockedShot,0.911999969482422,0.5770000076293945,0.04919920489192,Adam Webster,a,7699,FromCorner,2024,Head,26976,Tottenham,Brighton,1,4,2025-05-25 15:00:00,Brajan Gruda,Cross
636373,50,Goal,0.955999984741211,0.5670000076293945,0.5156320333480835,Jack Hinshelwood,a,11269,FromCorner,2024,RightFoot,26976,Tottenham,Brighton,1,4,2025-05-25 15:00:00,,Rebound
636374,52,SavedShot,0.8590000152587891,0.3670000076293945,0.0704884231090545,Diego Gómez,a,13364,OpenPlay,2024,RightFoot,26976,Tottenham,Brighton,1,4,2025-05-25 15:00:00,Brajan Gruda,Pass
636375,54,MissedShots,0.909000015258789,0.4370000076293945,0.055783212184906,Adam Webster,a,7699,FromCorner,2024,Head,26976,Tottenham,Brighton,1,4,2025-05-25 15:00:00,Diego Gómez,Cross
636377,56,BlockedShot,0.936999969482422,0.3620000076293945,0.0999605953693389,Yankuba Minteh,a,12759,OpenPlay,2024,RightFoot,26976,Tottenham,Brighton,1,4,2025-05-25 15:00:00,Diego Gómez,Pass
636378,61,SavedShot,0.948000030517578,0.344000015258789,0.0877187922596931,Yankuba Minteh,a,12759,OpenPlay,2024,LeftFoot,26976,Tottenham,Brighton,1,4,2025-05-25 15:00:00,Brajan Gruda,TakeOn
636379,61,BlockedShot,0.7880000305175782,0.5509999847412109,0.0246788207441568,Carlos Baleba,a,10527,FromCorner,2024,LeftFoot,26976,Tottenham,Brighton,1,4,2025-05-25 15:00:00,,
636380,62,ShotOnPost,0.91,0.514000015258789,0.1279685795307159,Jan Paul van Hecke,a,10807,FromCorner,2024,RightFoot,26976,Tottenham,Brighton,1,4,2025-05-25 15:00:00,Carlos Baleba,Rebound
636381,63,Goal,0.9640000152587892,0.509000015258789,0.6441298127174377,Jack Hinshelwood,a,11269,FromCorner,2024,RightFoot,26976,Tottenham,Brighton,1,4,2025-05-25 15:00:00,,
636382,67,MissedShots,0.93,0.5109999847412109,0.2198506593704223,Adam Webster,a,7699,FromCorner,2024,Head,26976,Tottenham,Brighton,1,4,2025-05-25 15:00:00,Diego Gómez,Aerial
636383,76,BlockedShot,0.740999984741211,0.4609999847412109,0.0265313982963562,Carlos Baleba,a,10527,OpenPlay,2024,LeftFoot,26976,Tottenham,Brighton,1,4,2025-05-25 15:00:00,Mats Wieffer,BallRecovery
636384,81,SavedShot,0.855999984741211,0.4329999923706055,0.0130492039024829,Diego Gómez,a,13364,FromCorner,2024,Head,26976,Tottenham,Brighton,1,4,2025-05-25 15:00:00,Matt O&#039;Riley,Cross
636385,87,Goal,0.885,0.5,0.7611688375473022,Matt O&#039;Riley,a,13206,Penalty,2024,LeftFoot,26976,Tottenham,Brighton,1,4,2025-05-25 15:00:00,,Standard
636386,92,Goal,0.7369999694824219,0.7319999694824219,0.0134538356214761,Diego Gómez,a,13364,OpenPlay,2024,RightFoot,26976,Tottenham,Brighton,1,4,2025-05-25 15:00:00,Kaoru Mitoma,Pass
637710,13,MissedShots,0.8909999847412109,0.504000015258789,0.0279384776949882,Jaidon Anthony,a,10746,SetPiece,2025,Head,28782,Tottenham,Burnley,3,0,2025-08-16 14:00:00,Josh Cullen,Aerial
637711,14,MissedShots,0.830999984741211,0.665,0.016889376565814,Oliver Sonne,a,13726,FromCorner,2025,LeftFoot,28782,Tottenham,Burnley,3,0,2025-08-16 14:00:00,,Aerial
637712,22,SavedShot,0.7430000305175781,0.3990000152587891,0.0193497706204652,Josh Laurent,a,13728,OpenPlay,2025,RightFoot,28782,Tottenham,Burnley,3,0,2025-08-16 14:00:00,Jaidon Anthony,Pass
637713,23,MissedShots,0.7040000152587891,0.379000015258789,0.0138208549469709,Kyle Walker,a,638,OpenPlay,2025,RightFoot,28782,Tottenham,Burnley,3,0,2025-08-16 14:00:00,Josh Cullen,Pass
637714,23,BlockedShot,0.774000015258789,0.6359999847412109,0.0246792007237672,Jaidon Anthony,a,10746,OpenPlay,2025,RightFoot,28782,Tottenham,Burnley,3,0,2025-08-16 14:00:00,Josh Cullen,Pass
637715,26,BlockedShot,0.775,0.4129999923706055,0.1391079574823379,Lyle Foster,a,7498,OpenPlay,2025,RightFoot,28782,Tottenham,Burnley,3,0,2025-08-16 14:00:00,Josh Cullen,Throughball
637716,28,SavedShot,0.92,0.505,0.045311152935028,Maxime Estève,a,9487,FromCorner,2025,OtherBodyPart,28782,Tottenham,Burnley,3,0,2025-08-16 14:00:00,Jaidon Anthony,Aerial
637717,29,MissedShots,0.865999984741211,0.7019999694824218,0.037511620670557,Josh Laurent,a,13728,OpenPlay,2025,RightFoot,28782,Tottenham,Burnley,3,0,2025-08-16 14:00:00,Quilindschy Hartman,Pass
637718,31,MissedShots,0.784000015258789,0.7819999694824219,0.0406368002295494,Hannibal Mejbri,a,9558,DirectFreekick,2025,RightFoot,28782,Tottenham,Burnley,3,0,2025-08-16 14:00:00,,Standard
637720,42,SavedShot,0.784000015258789,0.4120000076293945,0.0269181225448846,Josh Laurent,a,13728,OpenPlay,2025,RightFoot,28782,Tottenham,Burnley,3,0,2025-08-16 14:00:00,Oliver Sonne,Pass
637725,57,MissedShots,0.905,0.4629999923706054,0.1226560547947883,Lyle Foster,a,7498,OpenPlay,2025,LeftFoot,28782,Tottenham,Burnley,3,0,2025-08-16 14:00:00,Josh Laurent,Pass
637726,57,SavedShot,0.9309999847412108,0.54,0.1289860755205154,Jaidon Anthony,a,10746,OpenPlay,2025,RightFoot,28782,Tottenham,Burnley,3,0,2025-08-16 14:00:00,Lyle Foster,Rebound
637730,67,MissedShots,0.8230000305175781,0.5120000076293946,0.074710913002491,Chimuanya Ugochukwu,a,9451,OpenPlay,2025,RightFoot,28782,Tottenham,Burnley,3,0,2025-08-16 14:00:00,Lyle Foster,Pass
637732,72,BlockedShot,0.8490000152587891,0.4659999847412109,0.0314428359270095,Jaidon Anthony,a,10746,FromCorner,2025,RightFoot,28782,Tottenham,Burnley,3,0,2025-08-16 14:00:00,Josh Cullen,Chipped
638641,9,MissedShots,0.96,0.7169999694824218,0.0428286045789718,Omar Marmoush,h,8393,OpenPlay,2025,LeftFoot,28789,Manchester City,Tottenham,0,2,2025-08-23 11:30:00,,
638642,17,SavedShot,0.7930000305175782,0.7090000152587891,0.0235352832823991,Omar Marmoush,h,8393,OpenPlay,2025,RightFoot,28789,Manchester City,Tottenham,0,2,2025-08-23 11:30:00,Oscar Bobb,Pass
638643,18,BlockedShot,0.8119999694824219,0.544000015258789,0.0585012957453727,Tijjani Reijnders,h,11965,OpenPlay,2025,RightFoot,28789,Manchester City,Tottenham,0,2,2025-08-23 11:30:00,Oscar Bobb,Pass
638644,27,SavedShot,0.875,0.4320000076293945,0.365257978439331,Omar Marmoush,h,8393,OpenPlay,2025,RightFoot,28789,Manchester City,Tottenham,0,2,2025-08-23 11:30:00,Erling Haaland,Throughball
638648,47,BlockedShot,0.8959999847412109,0.605,0.0981948971748352,Nathan Aké,h,579,OpenPlay,2025,LeftFoot,28789,Manchester City,Tottenham,0,2,2025-08-23 11:30:00,Rico Lewis,Pass
638647,51,MissedShots,0.9519999694824218,0.485,0.4975411593914032,Erling Haaland,h,8260,FromCorner,2025,Head,28789,Manchester City,Tottenham,0,2,2025-08-23 11:30:00,Mathis Cherki,Cross
638654,69,MissedShots,0.7569999694824219,0.4170000076293945,0.0171177797019481,Rico Lewis,h,10847,FromCorner,2025,RightFoot,28789,Manchester City,Tottenham,0,2,2025-08-23 11:30:00,,
638655,75,SavedShot,0.914000015258789,0.4320000076293945,0.0193340796977281,Rodri,h,2496,FromCorner,2025,Head,28789,Manchester City,Tottenham,0,2,2025-08-23 11:30:00,Phil Foden,Aerial
638656,78,BlockedShot,0.9259999847412108,0.5529999923706055,0.1048697009682655,Phil Foden,h,6055,OpenPlay,2025,LeftFoot,28789,Manchester City,Tottenham,0,2,2025-08-23 11:30:00,Jéremy Doku,Challenge
638657,84,SavedShot,0.755,0.57,0.0203189365565776,Phil Foden,h,6055,OpenPlay,2025,LeftFoot,28789,Manchester City,Tottenham,0,2,2025-08-23 11:30:00,Rodri,Pass
640220,4,Goal,0.9159999847412108,0.674000015258789,0.0693040937185287,Evanilson,a,12963,OpenPlay,2025,LeftFoot,28799,Tottenham,Bournemouth,0,1,2025-08-30 14:00:00,Marcos Senesi,Pass
640221,6,MissedShots,0.815,0.5109999847412109,0.0680580884218216,Evanilson,a,12963,OpenPlay,2025,RightFoot,28799,Tottenham,Bournemouth,0,1,2025-08-30 14:00:00,,
640222,10,MissedShots,0.9309999847412108,0.514000015258789,0.443124771118164,Antoine Semenyo,a,11363,OpenPlay,2025,Head,28799,Tottenham,Bournemouth,0,1,2025-08-30 14:00:00,David Brooks,Cross
640223,16,MissedShots,0.9030000305175782,0.5420000076293945,0.0536299832165241,Evanilson,a,12963,OpenPlay,2025,Head,28799,Tottenham,Bournemouth,0,1,2025-08-30 14:00:00,Alex Scott,Aerial
640224,20,SavedShot,0.71,0.75,0.028555491939187,David Brooks,a,6820,DirectFreekick,2025,LeftFoot,28799,Tottenham,Bournemouth,0,1,2025-08-30 14:00:00,,Standard
640225,20,MissedShots,0.926999969482422,0.544000015258789,0.1005059480667114,David Brooks,a,6820,FromCorner,2025,Head,28799,Tottenham,Bournemouth,0,1,2025-08-30 14:00:00,Alex Scott,Cross
640226,27,BlockedShot,0.874000015258789,0.6379999923706055,0.0948618948459625,Marcus Tavernier,a,10741,OpenPlay,2025,LeftFoot,28799,Tottenham,Bournemouth,0,1,2025-08-30 14:00:00,Antoine Semenyo,Pass
640227,42,MissedShots,0.933000030517578,0.534000015258789,0.0863195210695266,Evanilson,a,12963,OpenPlay,2025,Head,28799,Tottenham,Bournemouth,0,1,2025-08-30 14:00:00,Adrien Truffert,Aerial
640228,44,BlockedShot,0.725,0.45,0.0203913729637861,Marcos Senesi,a,10864,OpenPlay,2025,LeftFoot,28799,Tottenham,Bournemouth,0,1,2025-08-30 14:00:00,,
640229,45,MissedShots,0.7040000152587891,0.499000015258789,0.0167053360491991,Adrien Truffert,a,8640,OpenPlay,2025,LeftFoot,28799,Tottenham,Bournemouth,0,1,2025-08-30 14:00:00,,
640230,45,SavedShot,0.855999984741211,0.6730000305175782,0.069289356470108,Antoine Semenyo,a,11363,OpenPlay,2025,LeftFoot,28799,Tottenham,Bournemouth,0,1,2025-08-30 14:00:00,Marcus Tavernier,HeadPass
640231,48,SavedShot,0.953000030517578,0.4020000076293945,0.3890567719936371,Evanilson,a,12963,OpenPlay,2025,RightFoot,28799,Tottenham,Bournemouth,0,1,2025-08-30 14:00:00,David Brooks,HeadPass
640232,48,BlockedShot,0.895,0.3329999923706054,0.0682341903448104,David Brooks,a,6820,OpenPlay,2025,LeftFoot,28799,Tottenham,Bournemouth,0,1,2025-08-30 14:00:00,Evanilson,Pass
640233,48,BlockedShot,0.919000015258789,0.7090000152587891,0.0508597791194915,Antoine Semenyo,a,11363,OpenPlay,2025,LeftFoot,28799,Tottenham,Bournemouth,0,1,2025-08-30 14:00:00,,Rebound
640234,52,SavedShot,0.8630000305175781,0.6279999923706054,0.0879335179924964,David Brooks,a,6820,OpenPlay,2025,LeftFoot,28799,Tottenham,Bournemouth,0,1,2025-08-30 14:00:00,Evanilson,Pass
640236,61,BlockedShot,0.8340000152587891,0.695,0.0456655658781528,Alex Scott,a,12149,OpenPlay,2025,RightFoot,28799,Tottenham,Bournemouth,0,1,2025-08-30 14:00:00,Antoine Semenyo,Pass
640237,65,MissedShots,0.9619999694824218,0.3779999923706054,0.360321968793869,Marcus Tavernier,a,10741,OpenPlay,2025,RightFoot,28799,Tottenham,Bournemouth,0,1,2025-08-30 14:00:00,,
640238,66,MissedShots,0.7680000305175781,0.364000015258789,0.0211238823831081,Marcus Tavernier,a,10741,SetPiece,2025,LeftFoot,28799,Tottenham,Bournemouth,0,1,2025-08-30 14:00:00,Amine Adli,Pass
640240,74,SavedShot,0.943000030517578,0.3209999847412109,0.0496295094490051,Tyler Adams,a,7352,FromCorner,2025,RightFoot,28799,Tottenham,Bournemouth,0,1,2025-08-30 14:00:00,Bafode Diakite,Pass
641891,13,MissedShots,0.9,0.5359999847412109,0.1307759582996368,Lucas Paquetá,h,7365,OpenPlay,2025,LeftFoot,28814,West Ham,Tottenham,0,3,2025-09-13 16:30:00,Mateus Fernandes,Pass
641893,21,SavedShot,0.955,0.3189999961853027,0.0097531676292419,Tomas Soucek,h,8288,FromCorner,2025,Head,28814,West Ham,Tottenham,0,3,2025-09-13 16:30:00,James Ward-Prowse,Cross
641896,45,MissedShots,0.74,0.505,0.0182678699493408,Jarrod Bowen,h,1776,OpenPlay,2025,LeftFoot,28814,West Ham,Tottenham,0,3,2025-09-13 16:30:00,Lucas Paquetá,Pass
641898,48,SavedShot,0.8490000152587891,0.519000015258789,0.0577338822185993,Jarrod Bowen,h,1776,OpenPlay,2025,LeftFoot,28814,West Ham,Tottenham,0,3,2025-09-13 16:30:00,Mateus Fernandes,TakeOn
641899,49,SavedShot,0.8480000305175781,0.534000015258789,0.0318352580070495,El Hadji Malick Diouf,h,13723,FromCorner,2025,Head,28814,West Ham,Tottenham,0,3,2025-09-13 16:30:00,,
641901,52,MissedShots,0.9640000152587892,0.55,0.4949305057525635,Max Kilman,h,7332,SetPiece,2025,Head,28814,West Ham,Tottenham,0,3,2025-09-13 16:30:00,James Ward-Prowse,Aerial
641906,68,SavedShot,0.8859999847412109,0.2829999923706054,0.0499510206282138,Jarrod Bowen,h,1776,OpenPlay,2025,LeftFoot,28814,West Ham,Tottenham,0,3,2025-09-13 16:30:00,Kyle Walker-Peters,Pass
643108,7,Goal,0.970999984741211,0.4070000076293945,0.6801360845565796,Yankuba Minteh,h,12759,OpenPlay,2025,LeftFoot,28821,Brighton,Tottenham,2,2,2025-09-20 14:00:00,Georginio Rutter,TakeOn
643110,26,SavedShot,0.7530000305175781,0.4470000076293945,0.029110973700881,Yasin Ayari,h,11385,OpenPlay,2025,RightFoot,28821,Brighton,Tottenham,2,2,2025-09-20 14:00:00,Brajan Gruda,Pass
643111,26,MissedShots,0.775,0.395,0.035721193999052,Brajan Gruda,h,11310,OpenPlay,2025,LeftFoot,28821,Brighton,Tottenham,2,2,2025-09-20 14:00:00,Yankuba Minteh,Pass
643113,30,Goal,0.7680000305175781,0.7709999847412109,0.0165348686277866,Yasin Ayari,h,11385,OpenPlay,2025,RightFoot,28821,Brighton,Tottenham,2,2,2025-09-20 14:00:00,,BallRecovery
643118,58,MissedShots,0.439000015258789,0.915,0.0157292000949382,Lewis Dunk,h,6048,DirectFreekick,2025,RightFoot,28821,Brighton,Tottenham,2,2,2025-09-20 14:00:00,,Standard
643119,61,MissedShots,0.7909999847412109,0.5509999847412109,0.0413045361638069,Yasin Ayari,h,11385,OpenPlay,2025,RightFoot,28821,Brighton,Tottenham,2,2,2025-09-20 14:00:00,Georginio Rutter,Pass
643123,75,MissedShots,0.639000015258789,0.3679999923706055,0.0276542156934738,Diego Gómez,h,13364,OpenPlay,2025,RightFoot,28821,Brighton,Tottenham,2,2,2025-09-20 14:00:00,Yasin Ayari,Pass
643124,78,SavedShot,0.9009999847412108,0.6480000305175782,0.2152345478534698,Kaoru Mitoma,h,10806,OpenPlay,2025,RightFoot,28821,Brighton,Tottenham,2,2,2025-09-20 14:00:00,Ferdi Kadioglu,TakeOn
643125,79,MissedShots,0.960999984741211,0.675,0.0781390964984893,Ferdi Kadioglu,h,13066,OpenPlay,2025,RightFoot,28821,Brighton,Tottenham,2,2,2025-09-20 14:00:00,Kaoru Mitoma,Pass
643127,81,OwnGoal,0.0730000019073486,0.4979999923706055,0.0,Jan Paul van Hecke,h,10807,OpenPlay,2025,RightFoot,28821,Brighton,Tottenham,2,2,2025-09-20 14:00:00,,Challenge
643128,83,BlockedShot,0.874000015258789,0.6120000076293945,0.1443248242139816,Danny Welbeck,h,501,OpenPlay,2025,LeftFoot,28821,Brighton,Tottenham,2,2,2025-09-20 14:00:00,James Milner,TakeOn
643129,86,MissedShots,0.8819999694824219,0.489000015258789,0.0841125771403312,Yasin Ayari,h,11385,OpenPlay,2025,RightFoot,28821,Brighton,Tottenham,2,2,2025-09-20 14:00:00,Diego Gómez,Cross
643130,87,MissedShots,0.8119999694824219,0.519000015258789,0.0366615839302539,Yasin Ayari,h,11385,FromCorner,2025,RightFoot,28821,Brighton,Tottenham,2,2,2025-09-20 14:00:00,,
645064,5,MissedShots,0.945,0.57,0.0625395774841308,Jørgen Strand Larsen,a,11070,OpenPlay,2025,Head,28835,Tottenham,Wolverhampton Wanderers,1,1,2025-09-27 19:00:00,,Aerial
645067,24,MissedShots,0.7130000305175781,0.7180000305175781,0.0130086261779069,Hee-Chan Hwang,a,8845,FromCorner,2025,RightFoot,28835,Tottenham,Wolverhampton Wanderers,1,1,2025-09-27 19:00:00,Jhon Arias,Pass
645069,37,MissedShots,0.8080000305175781,0.2560000038146973,0.0222505126148462,Jhon Arias,a,13741,OpenPlay,2025,RightFoot,28835,Tottenham,Wolverhampton Wanderers,1,1,2025-09-27 19:00:00,Santiago Bueno,Pass
645072,47,BlockedShot,0.765,0.639000015258789,0.0363718941807746,Jhon Arias,a,13741,OpenPlay,2025,LeftFoot,28835,Tottenham,Wolverhampton Wanderers,1,1,2025-09-27 19:00:00,,
645073,48,ShotOnPost,0.9309999847412108,0.335,0.0520898178219795,Matt Doherty,a,6852,FromCorner,2025,RightFoot,28835,Tottenham,Wolverhampton Wanderers,1,1,2025-09-27 19:00:00,,
645074,53,SavedShot,0.899000015258789,0.4,0.0227481909096241,Ladislav Krejcí,a,12721,FromCorner,2025,Head,28835,Tottenham,Wolverhampton Wanderers,1,1,2025-09-27 19:00:00,Jhon Arias,Cross
645075,53,Goal,0.9569999694824218,0.524000015258789,0.627437174320221,Santiago Bueno,a,10945,FromCorner,2025,RightFoot,28835,Tottenham,Wolverhampton Wanderers,1,1,2025-09-27 19:00:00,,Rebound
645077,67,MissedShots,0.8969999694824219,0.645,0.0792684480547905,Jean-Ricner Bellegarde,a,7762,OpenPlay,2025,LeftFoot,28835,Tottenham,Wolverhampton Wanderers,1,1,2025-09-27 19:00:00,Ladislav Krejcí,Chipped
645078,73,SavedShot,0.8930000305175781,0.6940000152587891,0.2580723166465759,Hugo Bueno,a,10140,OpenPlay,2025,LeftFoot,28835,Tottenham,Wolverhampton Wanderers,1,1,2025-09-27 19:00:00,Jhon Arias,Pass
645900,4,MissedShots,0.8719999694824219,0.3679999923706055,0.0381062291562557,Anton Stach,h,9910,FromCorner,2025,RightFoot,28844,Leeds,Tottenham,1,2,2025-10-04 11:30:00,Sean Longstaff,Cross
645901,6,ShotOnPost,0.97,0.4009999847412109,0.2322663515806198,Joe Rodon,h,6377,SetPiece,2025,Head,28844,Leeds,Tottenham,1,2,2025-10-04 11:30:00,Sean Longstaff,Aerial
645902,6,MissedShots,0.914000015258789,0.4870000076293945,0.0611300319433212,Pascal Struijk,h,8717,SetPiece,2025,Head,28844,Leeds,Tottenham,1,2,2025-10-04 11:30:00,Dominic Calvert-Lewin,HeadPass
645906,25,MissedShots,0.8590000152587891,0.585999984741211,0.0606943145394325,Dominic Calvert-Lewin,h,5555,OpenPlay,2025,RightFoot,28844,Leeds,Tottenham,1,2,2025-10-04 11:30:00,Noah Okafor,BallRecovery
645908,33,SavedShot,0.879000015258789,0.3779999923706054,0.0774730369448661,Brenden Aaronson,h,10751,OpenPlay,2025,LeftFoot,28844,Leeds,Tottenham,1,2,2025-10-04 11:30:00,Dominic Calvert-Lewin,LayOff
645909,33,Goal,0.9669999694824218,0.54,0.6810007095336914,Noah Okafor,h,11966,OpenPlay,2025,RightFoot,28844,Leeds,Tottenham,1,2,2025-10-04 11:30:00,,Rebound
645910,36,BlockedShot,0.784000015258789,0.5509999847412109,0.03263795748353,Sean Longstaff,h,7078,OpenPlay,2025,RightFoot,28844,Leeds,Tottenham,1,2,2025-10-04 11:30:00,Brenden Aaronson,Pass
645911,36,MissedShots,0.8159999847412109,0.5359999847412109,0.0448815375566482,Sean Longstaff,h,7078,OpenPlay,2025,RightFoot,28844,Leeds,Tottenham,1,2,2025-10-04 11:30:00,,Rebound
645914,47,SavedShot,0.86,0.434000015258789,0.0973133742809295,Dominic Calvert-Lewin,h,5555,OpenPlay,2025,RightFoot,28844,Leeds,Tottenham,1,2,2025-10-04 11:30:00,Noah Okafor,Pass
645917,61,MissedShots,0.955999984741211,0.6480000305175782,0.0079102804884314,Joe Rodon,h,6377,SetPiece,2025,Head,28844,Leeds,Tottenham,1,2,2025-10-04 11:30:00,Sean Longstaff,Aerial
645918,70,MissedShots,0.7769999694824219,0.5209999847412109,0.0343612469732761,Sean Longstaff,h,7078,OpenPlay,2025,RightFoot,28844,Leeds,Tottenham,1,2,2025-10-04 11:30:00,Ao Tanaka,Pass
645919,77,MissedShots,0.725999984741211,0.3359999847412109,0.013216808438301,Jayden Bogle,h,9205,OpenPlay,2025,RightFoot,28844,Leeds,Tottenham,1,2,2025-10-04 11:30:00,Sean Longstaff,BallRecovery
645921,90,MissedShots,0.7680000305175781,0.4009999847412109,0.0233506318181753,Sean Longstaff,h,7078,OpenPlay,2025,RightFoot,28844,Leeds,Tottenham,1,2,2025-10-04 11:30:00,,
645922,91,MissedShots,0.909000015258789,0.634000015258789,0.0109165264293551,Pascal Struijk,h,8717,OpenPlay,2025,Head,28844,Leeds,Tottenham,1,2,2025-10-04 11:30:00,Ethan Ampadu,Aerial
645923,93,SavedShot,0.8469999694824218,0.5109999847412109,0.0583236366510391,Joël Piroe,h,13835,OpenPlay,2025,LeftFoot,28844,Leeds,Tottenham,1,2,2025-10-04 11:30:00,Dominic Calvert-Lewin,HeadPass
645924,93,BlockedShot,0.938000030517578,0.5359999847412109,0.0611512400209903,Pascal Struijk,h,8717,FromCorner,2025,Head,28844,Leeds,Tottenham,1,2,2025-10-04 11:30:00,Sean Longstaff,Aerial
648080,11,BlockedShot,0.8119999694824219,0.2839999961853027,0.0176997203379869,Matthew Cash,a,8864,FromCorner,2025,RightFoot,28856,Tottenham,Aston Villa,1,2,2025-10-19 13:00:00,,
648081,14,MissedShots,0.7680000305175781,0.4379999923706055,0.0285220295190811,Matthew Cash,a,8864,OpenPlay,2025,RightFoot,28856,Tottenham,Aston Villa,1,2,2025-10-19 13:00:00,Evann Guessand,Pass
648083,36,Goal,0.795,0.3359999847412109,0.0252752099186182,Morgan Rogers,a,12412,OpenPlay,2025,RightFoot,28856,Tottenham,Aston Villa,1,2,2025-10-19 13:00:00,,
648087,56,MissedShots,0.899000015258789,0.6480000305175782,0.0862246677279472,Donyell Malen,a,9749,OpenPlay,2025,LeftFoot,28856,Tottenham,Aston Villa,1,2,2025-10-19 13:00:00,John McGinn,Pass
648089,61,MissedShots,0.7959999847412109,0.6869999694824219,0.0536889769136905,John McGinn,a,7723,OpenPlay,2025,LeftFoot,28856,Tottenham,Aston Villa,1,2,2025-10-19 13:00:00,Matthew Cash,BallRecovery
648091,76,Goal,0.8209999847412109,0.3259999847412109,0.0312852151691913,Emiliano Buendía,a,2203,OpenPlay,2025,LeftFoot,28856,Tottenham,Aston Villa,1,2,2025-10-19 13:00:00,Lucas Digne,Pass
648092,86,MissedShots,0.784000015258789,0.5929999923706055,0.0214907377958297,Ian Maatsen,a,11807,FromCorner,2025,LeftFoot,28856,Tottenham,Aston Villa,1,2,2025-10-19 13:00:00,,
648093,89,BlockedShot,0.865,0.374000015258789,0.0880443975329399,Ollie Watkins,a,8865,OpenPlay,2025,RightFoot,28856,Tottenham,Aston Villa,1,2,2025-10-19 13:00:00,Ian Maatsen,Pass
649805,2,BlockedShot,0.9590000152587892,0.6020000076293945,0.3938571810722351,Jack Grealish,h,675,OpenPlay,2025,LeftFoot,28863,Everton,Tottenham,0,3,2025-10-26 15:30:00,Beto,BallTouch
649806,2,MissedShots,0.8919999694824219,0.3329999923706054,0.0508281141519546,Kiernan Dewsbury-Hall,h,9739,OpenPlay,2025,LeftFoot,28863,Everton,Tottenham,0,3,2025-10-26 15:30:00,,Rebound
649808,23,MissedShots,0.6940000152587891,0.4920000076293945,0.0141324810683727,James Garner,h,7438,OpenPlay,2025,RightFoot,28863,Everton,Tottenham,0,3,2025-10-26 15:30:00,Jack Grealish,Pass
649812,47,BlockedShot,0.970999984741211,0.5790000152587891,0.0830545201897621,Kiernan Dewsbury-Hall,h,9739,OpenPlay,2025,LeftFoot,28863,Everton,Tottenham,0,3,2025-10-26 15:30:00,,
649813,48,MissedShots,0.9180000305175782,0.4420000076293945,0.0758680030703544,Iliman Ndiaye,h,9307,OpenPlay,2025,RightFoot,28863,Everton,Tottenham,0,3,2025-10-26 15:30:00,James Garner,Cross
649814,53,SavedShot,0.9519999694824218,0.4670000076293945,0.5746387243270874,Beto,h,9983,OpenPlay,2025,RightFoot,28863,Everton,Tottenham,0,3,2025-10-26 15:30:00,,
649817,67,MissedShots,0.855999984741211,0.6969999694824218,0.0328787341713905,James Garner,h,7438,SetPiece,2025,RightFoot,28863,Everton,Tottenham,0,3,2025-10-26 15:30:00,Jack Grealish,Pass
649818,72,SavedShot,0.8069999694824219,0.5170000076293946,0.0539049692451953,Iliman Ndiaye,h,9307,OpenPlay,2025,LeftFoot,28863,Everton,Tottenham,0,3,2025-10-26 15:30:00,Jack Grealish,Pass
649819,73,BlockedShot,0.8519999694824218,0.4229999923706055,0.0325587317347526,Idrissa Gueye,h,668,OpenPlay,2025,RightFoot,28863,Everton,Tottenham,0,3,2025-10-26 15:30:00,James Tarkowski,HeadPass
649820,76,BlockedShot,0.765,0.5420000076293945,0.0238339733332395,Thierno Barry,h,12916,OpenPlay,2025,LeftFoot,28863,Everton,Tottenham,0,3,2025-10-26 15:30:00,James Tarkowski,Chipped
649821,77,MissedShots,0.953000030517578,0.4879999923706055,0.0741141512989997,Merlin Röhl,h,11331,FromCorner,2025,Head,28863,Everton,Tottenham,0,3,2025-10-26 15:30:00,Kiernan Dewsbury-Hall,Aerial
649822,81,BlockedShot,0.7219999694824218,0.5420000076293945,0.0135512445122003,Vitalii Mykolenko,h,10291,OpenPlay,2025,LeftFoot,28863,Everton,Tottenham,0,3,2025-10-26 15:30:00,Kiernan Dewsbury-Hall,Pass
651045,10,BlockedShot,0.8490000152587891,0.4120000076293945,0.0508055798709392,Marc Cucurella,a,7134,FromCorner,2025,LeftFoot,28876,Tottenham,Chelsea,0,1,2025-11-01 17:30:00,,
651046,18,MissedShots,0.7030000305175781,0.5540000152587891,0.0147072263062,Reece James,a,8067,OpenPlay,2025,RightFoot,28876,Tottenham,Chelsea,0,1,2025-11-01 17:30:00,Enzo Fernández,Pass
651047,19,SavedShot,0.8519999694824218,0.64,0.0611525103449821,Alejandro Garnacho,a,10552,OpenPlay,2025,RightFoot,28876,Tottenham,Chelsea,0,1,2025-11-01 17:30:00,Enzo Fernández,Pass
651048,30,SavedShot,0.875999984741211,0.6859999847412109,0.3061883151531219,João Pedro,a,8272,OpenPlay,2025,RightFoot,28876,Tottenham,Chelsea,0,1,2025-11-01 17:30:00,Alejandro Garnacho,BallRecovery
651050,33,Goal,0.9159999847412108,0.4820000076293945,0.5045353174209595,João Pedro,a,8272,OpenPlay,2025,RightFoot,28876,Tottenham,Chelsea,0,1,2025-11-01 17:30:00,Moisés Caicedo,Pass
651051,42,SavedShot,0.8980000305175782,0.4659999847412109,0.3248288333415985,João Pedro,a,8272,OpenPlay,2025,RightFoot,28876,Tottenham,Chelsea,0,1,2025-11-01 17:30:00,Malo Gusto,Cross
651053,47,SavedShot,0.7709999847412109,0.5179999923706055,0.0379831716418266,Enzo Fernández,a,11356,OpenPlay,2025,RightFoot,28876,Tottenham,Chelsea,0,1,2025-11-01 17:30:00,Moisés Caicedo,Pass
651054,52,MissedShots,0.950999984741211,0.499000015258789,0.6195019483566284,Enzo Fernández,a,11356,OpenPlay,2025,Head,28876,Tottenham,Chelsea,0,1,2025-11-01 17:30:00,Reece James,Aerial
651055,55,SavedShot,0.89,0.2979999923706055,0.0508102551102638,Pedro Neto,a,6382,OpenPlay,2025,LeftFoot,28876,Tottenham,Chelsea,0,1,2025-11-01 17:30:00,João Pedro,Pass
651056,56,MissedShots,0.950999984741211,0.545,0.154220849275589,Pedro Neto,a,6382,OpenPlay,2025,LeftFoot,28876,Tottenham,Chelsea,0,1,2025-11-01 17:30:00,Alejandro Garnacho,Pass
651057,56,SavedShot,0.9569999694824218,0.654000015258789,0.0144320130348205,João Pedro,a,8272,OpenPlay,2025,Head,28876,Tottenham,Chelsea,0,1,2025-11-01 17:30:00,Pedro Neto,Rebound
651059,73,SavedShot,0.8930000305175781,0.3290000152587891,0.0852032601833343,Pedro Neto,a,6382,OpenPlay,2025,RightFoot,28876,Tottenham,Chelsea,0,1,2025-11-01 17:30:00,Enzo Fernández,Pass
651060,73,MissedShots,0.8180000305175781,0.479000015258789,0.0824153870344162,Reece James,a,8067,OpenPlay,2025,RightFoot,28876,Tottenham,Chelsea,0,1,2025-11-01 17:30:00,Malo Gusto,Pass
651061,92,MissedShots,0.889000015258789,0.6029999923706054,0.4768640100955963,Jamie Bynoe-Gittens,a,10542,OpenPlay,2025,RightFoot,28876,Tottenham,Chelsea,0,1,2025-11-01 17:30:00,João Pedro,Pass
651062,93,SavedShot,0.905,0.44,0.5610902309417725,João Pedro,a,8272,OpenPlay,2025,RightFoot,28876,Tottenham,Chelsea,0,1,2025-11-01 17:30:00,Enzo Fernández,Pass
652039,21,BlockedShot,0.9,0.3189999961853027,0.0604348629713058,Matheus Cunha,a,7080,OpenPlay,2025,RightFoot,28886,Tottenham,Manchester United,2,2,2025-11-08 12:30:00,,BallRecovery
652040,31,MissedShots,0.914000015258789,0.5,0.1151938512921333,Bryan Mbeumo,a,6552,OpenPlay,2025,Head,28886,Tottenham,Manchester United,2,2,2025-11-08 12:30:00,Patrick Dorgu,Cross
652041,31,Goal,0.916999969482422,0.575,0.2692733407020569,Bryan Mbeumo,a,6552,OpenPlay,2025,Head,28886,Tottenham,Manchester United,2,2,2025-11-08 12:30:00,Amad Diallo Traore,Cross
652044,69,MissedShots,0.8440000152587891,0.4640000152587891,0.1338550150394439,Bruno Fernandes,a,1228,OpenPlay,2025,RightFoot,28886,Tottenham,Manchester United,2,2,2025-11-08 12:30:00,Amad Diallo Traore,Throughball
652050,95,Goal,0.975,0.419000015258789,0.2414988130331039,Matthijs de Ligt,a,7902,FromCorner,2025,Head,28886,Tottenham,Manchester United,2,2,2025-11-08 12:30:00,Bruno Fernandes,Cross
654356,2,SavedShot,0.8780000305175781,0.45,0.3844789564609527,Declan Rice,h,5553,OpenPlay,2025,RightFoot,28889,Arsenal,Tottenham,4,1,2025-11-23 16:30:00,Eberechi Eze,Throughball
654357,3,MissedShots,0.981999969482422,0.3970000076293945,0.0248437151312828,Jurriën Timber,h,11707,FromCorner,2025,Head,28889,Arsenal,Tottenham,4,1,2025-11-23 16:30:00,Bukayo Saka,Cross
654358,8,BlockedShot,0.91,0.6370000076293946,0.0975693836808204,Mikel Merino,h,5304,OpenPlay,2025,LeftFoot,28889,Arsenal,Tottenham,4,1,2025-11-23 16:30:00,Leandro Trossard,Pass
654359,17,MissedShots,0.7780000305175782,0.1860000038146972,0.0343905799090862,Bukayo Saka,h,7322,DirectFreekick,2025,LeftFoot,28889,Arsenal,Tottenham,4,1,2025-11-23 16:30:00,,Standard
654360,29,MissedShots,0.85,0.3229999923706054,0.0426466129720211,Jurriën Timber,h,11707,OpenPlay,2025,RightFoot,28889,Arsenal,Tottenham,4,1,2025-11-23 16:30:00,,
654361,32,SavedShot,0.7680000305175781,0.2010000038146972,0.0343826226890087,Bukayo Saka,h,7322,DirectFreekick,2025,LeftFoot,28889,Arsenal,Tottenham,4,1,2025-11-23 16:30:00,,Standard
654362,35,Goal,0.9159999847412108,0.4679999923706054,0.352424681186676,Leandro Trossard,h,7698,OpenPlay,2025,LeftFoot,28889,Arsenal,Tottenham,4,1,2025-11-23 16:30:00,Mikel Merino,Chipped
654363,40,Goal,0.875999984741211,0.4640000152587891,0.1608565151691436,Eberechi Eze,h,8706,OpenPlay,2025,RightFoot,28889,Arsenal,Tottenham,4,1,2025-11-23 16:30:00,Declan Rice,TakeOn
654364,45,Goal,0.8380000305175781,0.5079999923706054,0.1119569614529609,Eberechi Eze,h,8706,OpenPlay,2025,LeftFoot,28889,Arsenal,Tottenham,4,1,2025-11-23 16:30:00,Jurriën Timber,Pass
654365,50,BlockedShot,0.7859999847412109,0.4059999847412109,0.03060157969594,Martín Zubimendi,h,7526,OpenPlay,2025,RightFoot,28889,Arsenal,Tottenham,4,1,2025-11-23 16:30:00,,
654366,53,MissedShots,0.911999969482422,0.4759999847412109,0.1129136309027671,Riccardo Calafiori,h,8129,SetPiece,2025,Head,28889,Arsenal,Tottenham,4,1,2025-11-23 16:30:00,Declan Rice,Cross
654368,62,MissedShots,0.8680000305175781,0.55,0.0722829923033714,Eberechi Eze,h,8706,SetPiece,2025,LeftFoot,28889,Arsenal,Tottenham,4,1,2025-11-23 16:30:00,,TakeOn
654370,71,SavedShot,0.769000015258789,0.4059999847412109,0.0342922396957874,Bukayo Saka,h,7322,OpenPlay,2025,LeftFoot,28889,Arsenal,Tottenham,4,1,2025-11-23 16:30:00,Martín Zubimendi,BallTouch
654371,72,MissedShots,0.7969999694824219,0.6129999923706054,0.0233563259243965,Eberechi Eze,h,8706,FromCorner,2025,LeftFoot,28889,Arsenal,Tottenham,4,1,2025-11-23 16:30:00,,
654372,73,MissedShots,0.975,0.4590000152587891,0.5229226350784302,Jurriën Timber,h,11707,FromCorner,2025,Head,28889,Arsenal,Tottenham,4,1,2025-11-23 16:30:00,Declan Rice,Cross
654373,75,Goal,0.8480000305175781,0.4679999923706054,0.1156958490610122,Eberechi Eze,h,8706,OpenPlay,2025,RightFoot,28889,Arsenal,Tottenham,4,1,2025-11-23 16:30:00,Leandro Trossard,Pass
654374,78,SavedShot,0.8569999694824219,0.5070000076293946,0.1226527765393257,Eberechi Eze,h,8706,OpenPlay,2025,LeftFoot,28889,Arsenal,Tottenham,4,1,2025-11-23 16:30:00,Bukayo Saka,Pass
655301,3,Goal,0.8109999847412109,0.3659999847412109,0.0368755497038364,Kenny Tete,a,5973,OpenPlay,2025,RightFoot,28906,Tottenham,Fulham,1,2,2025-11-29 20:00:00,Samuel Chukwueze,Pass
655302,5,Goal,0.7969999694824219,0.0669999980926513,0.0139963701367378,Harry Wilson,a,5596,OpenPlay,2025,LeftFoot,28906,Tottenham,Fulham,1,2,2025-11-29 20:00:00,Joshua King,Pass
655303,9,BlockedShot,0.97,0.6170000076293946,0.0978181734681129,Samuel Chukwueze,a,7208,OpenPlay,2025,LeftFoot,28906,Tottenham,Fulham,1,2,2025-11-29 20:00:00,,BallTouch
655304,10,ShotOnPost,0.8209999847412109,0.46,0.0205244682729244,Samuel Chukwueze,a,7208,FromCorner,2025,LeftFoot,28906,Tottenham,Fulham,1,2,2025-11-29 20:00:00,,Aerial
655305,13,BlockedShot,0.8869999694824219,0.600999984741211,0.1261360943317413,Harry Wilson,a,5596,OpenPlay,2025,LeftFoot,28906,Tottenham,Fulham,1,2,2025-11-29 20:00:00,Samuel Chukwueze,Pass
655317,72,BlockedShot,0.8730000305175781,0.5409999847412109,0.1008968651294708,Emile Smith-Rowe,a,7230,OpenPlay,2025,LeftFoot,28906,Tottenham,Fulham,1,2,2025-11-29 20:00:00,,
655321,82,SavedShot,0.7819999694824219,0.7030000305175781,0.0984882935881614,Kevin,a,14030,OpenPlay,2025,RightFoot,28906,Tottenham,Fulham,1,2,2025-11-29 20:00:00,Sasa Lukic,TakeOn
656134,3,MissedShots,0.8090000152587891,0.5229999923706055,0.0538123361766338,Lewis Hall,h,10216,OpenPlay,2025,LeftFoot,28916,Newcastle United,Tottenham,2,2,2025-12-02 20:15:00,,BallRecovery
656135,3,MissedShots,0.8930000305175781,0.5379999923706055,0.0731817707419395,Nick Woltemade,h,8117,OpenPlay,2025,Head,28916,Newcastle United,Tottenham,2,2,2025-12-02 20:15:00,Jacob Murphy,Cross
656136,8,BlockedShot,0.8019999694824219,0.555,0.0382280945777893,Lewis Miley,h,11386,OpenPlay,2025,RightFoot,28916,Newcastle United,Tottenham,2,2,2025-12-02 20:15:00,Nick Woltemade,Pass
656137,12,MissedShots,0.93,0.3890000152587891,0.0813570171594619,Jacob Murphy,h,6063,OpenPlay,2025,LeftFoot,28916,Newcastle United,Tottenham,2,2,2025-12-02 20:15:00,Harvey Barnes,Chipped
656138,16,SavedShot,0.840999984741211,0.4929999923706055,0.0665473267436027,Lewis Miley,h,11386,OpenPlay,2025,RightFoot,28916,Newcastle United,Tottenham,2,2,2025-12-02 20:15:00,,
656139,30,BlockedShot,0.9569999694824218,0.605,0.028843555599451,Malick Thiaw,h,8378,OpenPlay,2025,Head,28916,Newcastle United,Tottenham,2,2,2025-12-02 20:15:00,Sandro Tonali,Aerial
656140,34,SavedShot,0.9669999694824218,0.2860000038146972,0.1107845827937126,Joelinton,h,87,OpenPlay,2025,RightFoot,28916,Newcastle United,Tottenham,2,2,2025-12-02 20:15:00,Jacob Murphy,Throughball
656145,44,BlockedShot,0.764000015258789,0.525,0.025782722979784,Harvey Barnes,h,6681,OpenPlay,2025,LeftFoot,28916,Newcastle United,Tottenham,2,2,2025-12-02 20:15:00,Lewis Miley,Pass
656146,47,SavedShot,0.933000030517578,0.6619999694824219,0.1491088569164276,Harvey Barnes,h,6681,OpenPlay,2025,LeftFoot,28916,Newcastle United,Tottenham,2,2,2025-12-02 20:15:00,Joelinton,TakeOn
656147,47,BlockedShot,0.94,0.51,0.1023068502545356,Nick Woltemade,h,8117,OpenPlay,2025,Head,28916,Newcastle United,Tottenham,2,2,2025-12-02 20:15:00,,Aerial
656148,47,MissedShots,0.7969999694824219,0.4320000076293945,0.0417344979941844,Jacob Murphy,h,6063,OpenPlay,2025,LeftFoot,28916,Newcastle United,Tottenham,2,2,2025-12-02 20:15:00,Valentino Livramento,Pass
656149,53,BlockedShot,0.958000030517578,0.715,0.027213055640459,Lewis Hall,h,10216,OpenPlay,2025,LeftFoot,28916,Newcastle United,Tottenham,2,2,2025-12-02 20:15:00,Jacob Murphy,Cross
656150,53,MissedShots,0.9130000305175782,0.3270000076293945,0.0468960851430892,Jacob Murphy,h,6063,FromCorner,2025,RightFoot,28916,Newcastle United,Tottenham,2,2,2025-12-02 20:15:00,,
656152,63,BlockedShot,0.8869999694824219,0.715,0.0595428571105003,Jacob Murphy,h,6063,OpenPlay,2025,LeftFoot,28916,Newcastle United,Tottenham,2,2,2025-12-02 20:15:00,Bruno Guimarães,Pass
656153,65,BlockedShot,0.8219999694824218,0.504000015258789,0.0430243760347366,Valentino Livramento,h,9512,FromCorner,2025,RightFoot,28916,Newcastle United,Tottenham,2,2,2025-12-02 20:15:00,,
656154,70,Goal,0.850999984741211,0.65,0.0552070438861846,Bruno Guimarães,h,8327,OpenPlay,2025,RightFoot,28916,Newcastle United,Tottenham,2,2,2025-12-02 20:15:00,Nick Woltemade,BallTouch
656155,74,SavedShot,0.8590000152587891,0.44,0.096982330083847,Lewis Miley,h,11386,OpenPlay,2025,LeftFoot,28916,Newcastle United,Tottenham,2,2,2025-12-02 20:15:00,,BallTouch
656157,80,BlockedShot,0.785,0.624000015258789,0.023859541863203,Lewis Hall,h,10216,OpenPlay,2025,LeftFoot,28916,Newcastle United,Tottenham,2,2,2025-12-02 20:15:00,Nick Woltemade,Pass
656158,85,Goal,0.885,0.5,0.7611688375473022,Anthony Gordon,h,8150,Penalty,2025,RightFoot,28916,Newcastle United,Tottenham,2,2,2025-12-02 20:15:00,,Standard
656973,23,SavedShot,0.895,0.2879999923706055,0.0696417167782783,Thiago,a,13222,OpenPlay,2025,RightFoot,28926,Tottenham,Brentford,2,0,2025-12-06 15:00:00,Nathan Collins,Pass
656984,67,MissedShots,0.7430000305175781,0.5029999923706054,0.0162700023502111,Rico Henry,a,9679,FromCorner,2025,LeftFoot,28926,Tottenham,Brentford,2,0,2025-12-06 15:00:00,,
656986,87,MissedShots,0.9290000152587892,0.3779999923706054,0.2593777179718017,Thiago,a,13222,OpenPlay,2025,RightFoot,28926,Tottenham,Brentford,2,0,2025-12-06 15:00:00,Vitaly Janelt,HeadPass
656988,96,BlockedShot,0.9109999847412108,0.5220000076293946,0.12527397274971,Thiago,a,13222,OpenPlay,2025,Head,28926,Tottenham,Brentford,2,0,2025-12-06 15:00:00,Jordan Henderson,Cross
658537,4,ShotOnPost,0.901999969482422,0.505,0.3084811270236969,Ibrahim Sangare,h,5722,OpenPlay,2025,Head,28935,Nottingham Forest,Tottenham,3,0,2025-12-14 14:00:00,Nicolò Savona,Cross
658538,4,BlockedShot,0.870999984741211,0.5229999923706055,0.0873768031597137,Igor Jesus,h,13778,OpenPlay,2025,RightFoot,28935,Nottingham Forest,Tottenham,3,0,2025-12-14 14:00:00,,Rebound
658539,4,SavedShot,0.855999984741211,0.5320000076293945,0.0714035406708717,Neco Williams,h,8204,OpenPlay,2025,RightFoot,28935,Nottingham Forest,Tottenham,3,0,2025-12-14 14:00:00,,Rebound
658541,23,MissedShots,0.919000015258789,0.5270000076293946,0.0495853498578071,Nikola Milenkovic,h,6174,FromCorner,2025,Head,28935,Nottingham Forest,Tottenham,3,0,2025-12-14 14:00:00,Neco Williams,Aerial
658542,27,Goal,0.9619999694824218,0.4779999923706055,0.6983979344367981,Callum Hudson-Odoi,h,6456,OpenPlay,2025,RightFoot,28935,Nottingham Forest,Tottenham,3,0,2025-12-14 14:00:00,Ibrahim Sangare,Pass
658544,36,MissedShots,0.9690000152587892,0.5570000076293945,0.5688505172729492,Morgan Gibbs-White,h,6857,OpenPlay,2025,RightFoot,28935,Nottingham Forest,Tottenham,3,0,2025-12-14 14:00:00,Igor Jesus,Cross
658545,37,MissedShots,0.916999969482422,0.4359999847412109,0.1230512931942939,Morgan Gibbs-White,h,6857,OpenPlay,2025,RightFoot,28935,Nottingham Forest,Tottenham,3,0,2025-12-14 14:00:00,Nicolò Savona,Cross
658547,49,Goal,0.8280000305175781,0.911999969482422,0.0096326144412159,Callum Hudson-Odoi,h,6456,OpenPlay,2025,RightFoot,28935,Nottingham Forest,Tottenham,3,0,2025-12-14 14:00:00,Ibrahim Sangare,HeadPass
658550,54,BlockedShot,0.8240000152587891,0.4540000152587891,0.099897064268589,Omari Hutchinson,h,10348,OpenPlay,2025,LeftFoot,28935,Nottingham Forest,Tottenham,3,0,2025-12-14 14:00:00,,TakeOn
658551,60,MissedShots,0.875999984741211,0.2839999961853027,0.0598598197102546,Igor Jesus,h,13778,OpenPlay,2025,RightFoot,28935,Nottingham Forest,Tottenham,3,0,2025-12-14 14:00:00,Callum Hudson-Odoi,Pass
658552,61,MissedShots,0.7930000305175782,0.500999984741211,0.0563912540674209,Omari Hutchinson,h,10348,OpenPlay,2025,LeftFoot,28935,Nottingham Forest,Tottenham,3,0,2025-12-14 14:00:00,Elliot Anderson,Pass
658553,78,Goal,0.7559999847412109,0.5220000076293946,0.0241299960762262,Ibrahim Sangare,h,5722,OpenPlay,2025,RightFoot,28935,Nottingham Forest,Tottenham,3,0,2025-12-14 14:00:00,Callum Hudson-Odoi,Pass
658554,81,MissedShots,0.8680000305175781,0.5779999923706055,0.1077860295772552,Callum Hudson-Odoi,h,6456,OpenPlay,2025,RightFoot,28935,Nottingham Forest,Tottenham,3,0,2025-12-14 14:00:00,Neco Williams,Cross
658555,87,SavedShot,0.7609999847412109,0.549000015258789,0.0720627903938293,Morgan Gibbs-White,h,6857,DirectFreekick,2025,RightFoot,28935,Nottingham Forest,Tottenham,3,0,2025-12-14 14:00:00,,Standard
658556,87,SavedShot,0.9290000152587892,0.3170000076293945,0.0463082939386367,Omari Hutchinson,h,10348,SetPiece,2025,LeftFoot,28935,Nottingham Forest,Tottenham,3,0,2025-12-14 14:00:00,,Rebound
659490,12,SavedShot,0.909000015258789,0.489000015258789,0.0500929020345211,Virgil van Dijk,a,833,SetPiece,2025,Head,28946,Tottenham,Liverpool,1,2,2025-12-20 17:30:00,Dominik Szoboszlai,Aerial
659495,35,SavedShot,0.865,0.6769999694824219,0.0493308678269386,Florian Wirtz,a,8397,OpenPlay,2025,RightFoot,28946,Tottenham,Liverpool,1,2,2025-12-20 17:30:00,Ryan Gravenberch,Pass
659498,47,BlockedShot,0.830999984741211,0.7230000305175781,0.0215694401413202,Alexis Mac Allister,a,8379,OpenPlay,2025,RightFoot,28946,Tottenham,Liverpool,1,2,2025-12-20 17:30:00,Florian Wirtz,Pass
659496,49,BlockedShot,0.7659999847412109,0.5779999923706055,0.0268934220075607,Alexis Mac Allister,a,8379,OpenPlay,2025,RightFoot,28946,Tottenham,Liverpool,1,2,2025-12-20 17:30:00,Curtis Jones,Pass
659497,50,BlockedShot,0.8580000305175781,0.7319999694824219,0.0227781310677528,Florian Wirtz,a,8397,FromCorner,2025,LeftFoot,28946,Tottenham,Liverpool,1,2,2025-12-20 17:30:00,Hugo Ekitike,BallTouch
659499,55,Goal,0.8909999847412109,0.565,0.3871943950653076,Alexander Isak,a,5232,OpenPlay,2025,LeftFoot,28946,Tottenham,Liverpool,1,2,2025-12-20 17:30:00,Florian Wirtz,Pass
659502,65,Goal,0.95,0.5359999847412109,0.6274961233139038,Hugo Ekitike,a,8995,OpenPlay,2025,Head,28946,Tottenham,Liverpool,1,2,2025-12-20 17:30:00,,Aerial
659503,72,MissedShots,0.8619999694824219,0.4720000076293945,0.0462835133075714,Alexis Mac Allister,a,8379,OpenPlay,2025,Head,28946,Tottenham,Liverpool,1,2,2025-12-20 17:30:00,Ryan Gravenberch,Chipped
660423,12,BlockedShot,0.815,0.3909999847412109,0.046074166893959,Justin Devenny,h,13038,OpenPlay,2025,LeftFoot,28952,Crystal Palace,Tottenham,0,1,2025-12-28 16:30:00,Will Hughes,Pass
660424,20,MissedShots,0.86,0.3429999923706054,0.0553517527878284,Jean-Philippe Mateta,h,5735,OpenPlay,2025,RightFoot,28952,Crystal Palace,Tottenham,0,1,2025-12-28 16:30:00,Adam Wharton,Pass
660425,23,MissedShots,0.700999984741211,0.5159999847412109,0.014329781755805,Yeremi Pino,h,9024,OpenPlay,2025,RightFoot,28952,Crystal Palace,Tottenham,0,1,2025-12-28 16:30:00,Justin Devenny,Pass
660426,26,MissedShots,0.960999984741211,0.5320000076293945,0.1396209448575973,Jean-Philippe Mateta,h,5735,SetPiece,2025,Head,28952,Crystal Palace,Tottenham,0,1,2025-12-28 16:30:00,Maxence Lacroix,Aerial
660427,28,SavedShot,0.885,0.49,0.0595869272947311,Justin Devenny,h,13038,OpenPlay,2025,Head,28952,Crystal Palace,Tottenham,0,1,2025-12-28 16:30:00,Tyrick Mitchell,Cross
660428,33,BlockedShot,0.78,0.62,0.0280880089849233,Tyrick Mitchell,h,8214,OpenPlay,2025,LeftFoot,28952,Crystal Palace,Tottenham,0,1,2025-12-28 16:30:00,Will Hughes,Pass
660429,34,SavedShot,0.87,0.2610000038146973,0.0344359651207923,Adam Wharton,h,12409,OpenPlay,2025,LeftFoot,28952,Crystal Palace,Tottenham,0,1,2025-12-28 16:30:00,,BallRecovery
660431,39,MissedShots,0.8130000305175781,0.534000015258789,0.0548994801938533,Will Hughes,h,6104,OpenPlay,2025,RightFoot,28952,Crystal Palace,Tottenham,0,1,2025-12-28 16:30:00,Yeremi Pino,Pass
660434,45,BlockedShot,0.799000015258789,0.3659999847412109,0.0247047804296016,Adam Wharton,h,12409,OpenPlay,2025,LeftFoot,28952,Crystal Palace,Tottenham,0,1,2025-12-28 16:30:00,Justin Devenny,Pass
660435,47,BlockedShot,0.865999984741211,0.61,0.0582368336617946,Yeremi Pino,h,9024,OpenPlay,2025,RightFoot,28952,Crystal Palace,Tottenham,0,1,2025-12-28 16:30:00,Justin Devenny,BallTouch
660436,55,MissedShots,0.945,0.4679999923706054,0.115244947373867,Justin Devenny,h,13038,OpenPlay,2025,LeftFoot,28952,Crystal Palace,Tottenham,0,1,2025-12-28 16:30:00,Nathaniel Clyne,HeadPass
660437,69,MissedShots,0.9390000152587892,0.4929999923706055,0.0752086192369461,Maxence Lacroix,h,8853,FromCorner,2025,Head,28952,Crystal Palace,Tottenham,0,1,2025-12-28 16:30:00,Jefferson Lerma,Aerial
660439,78,MissedShots,0.9619999694824218,0.495,0.1367721408605575,Marc Guehi,h,7603,FromCorner,2025,Head,28952,Crystal Palace,Tottenham,0,1,2025-12-28 16:30:00,Adam Wharton,Cross
660443,92,MissedShots,0.88,0.2720000076293945,0.0309615433216094,Christantus Uche,h,12726,OpenPlay,2025,RightFoot,28952,Crystal Palace,Tottenham,0,1,2025-12-28 16:30:00,Jefferson Lerma,Pass
660444,94,BlockedShot,0.8119999694824219,0.4970000076293945,0.0561652779579162,Adam Wharton,h,12409,OpenPlay,2025,LeftFoot,28952,Crystal Palace,Tottenham,0,1,2025-12-28 16:30:00,Will Hughes,Pass
660756,4,SavedShot,0.919000015258789,0.4920000076293945,0.1000159010291099,Nathan Collins,h,9733,FromCorner,2025,Head,28959,Brentford,Tottenham,0,0,2026-01-01 20:00:00,Vitaly Janelt,Cross
660757,18,MissedShots,0.7430000305175781,0.479000015258789,0.0115046435967087,Rico Henry,h,9679,OpenPlay,2025,LeftFoot,28959,Brentford,Tottenham,0,0,2026-01-01 20:00:00,,Aerial
660760,34,MissedShots,0.8230000305175781,0.514000015258789,0.0224010534584522,Yehor Yarmolyuk,h,11772,OpenPlay,2025,LeftFoot,28959,Brentford,Tottenham,0,0,2026-01-01 20:00:00,,Aerial
660765,53,BlockedShot,0.901999969482422,0.5559999847412109,0.0934007763862609,Keane Lewis-Potter,h,10809,OpenPlay,2025,LeftFoot,28959,Brentford,Tottenham,0,0,2026-01-01 20:00:00,Yehor Yarmolyuk,Cross
660766,61,BlockedShot,0.745999984741211,0.515,0.0618925876915454,Keane Lewis-Potter,h,10809,DirectFreekick,2025,RightFoot,28959,Brentford,Tottenham,0,0,2026-01-01 20:00:00,,Standard
660767,62,SavedShot,0.9180000305175782,0.4770000076293945,0.121129922568798,Vitaly Janelt,h,9680,OpenPlay,2025,Head,28959,Brentford,Tottenham,0,0,2026-01-01 20:00:00,Jordan Henderson,Cross
660768,68,MissedShots,0.9259999847412108,0.46,0.1459589600563049,Thiago,h,13222,OpenPlay,2025,RightFoot,28959,Brentford,Tottenham,0,0,2026-01-01 20:00:00,Michael Kayode,Pass
661403,35,BlockedShot,0.879000015258789,0.3629999923706055,0.0727920830249786,Enzo Le Fée,a,8651,OpenPlay,2025,RightFoot,28969,Tottenham,Sunderland,1,1,2026-01-04 15:00:00,Trai Hume,Pass
661404,36,MissedShots,0.7619999694824219,0.3929999923706054,0.0209907423704862,Trai Hume,a,13713,OpenPlay,2025,RightFoot,28969,Tottenham,Sunderland,1,1,2026-01-04 15:00:00,,
661406,48,SavedShot,0.9080000305175782,0.47,0.0353765040636062,Eliezer Mayenda,a,13718,OpenPlay,2025,Head,28969,Tottenham,Sunderland,1,1,2026-01-04 15:00:00,Nordi Mukiele,Aerial
661408,53,BlockedShot,0.9230000305175782,0.3220000076293945,0.0635627582669258,Brian Brobbey,a,9789,OpenPlay,2025,RightFoot,28969,Tottenham,Sunderland,1,1,2026-01-04 15:00:00,Eliezer Mayenda,Pass
661410,63,MissedShots,0.850999984741211,0.33,0.0433158874511718,Simon Adingra,a,11710,FromCorner,2025,LeftFoot,28969,Tottenham,Sunderland,1,1,2026-01-04 15:00:00,Trai Hume,Pass
661411,67,MissedShots,0.86,0.6129999923706054,0.0083401063457131,Brian Brobbey,a,9789,OpenPlay,2025,Head,28969,Tottenham,Sunderland,1,1,2026-01-04 15:00:00,Lutsharel Geertruida,Aerial
661413,79,ShotOnPost,0.899000015258789,0.4170000076293945,0.0483872592449188,Enzo Le Fée,a,8651,OpenPlay,2025,Head,28969,Tottenham,Sunderland,1,1,2026-01-04 15:00:00,Nordi Mukiele,Cross
661414,79,Goal,0.8809999847412109,0.425,0.0928911417722702,Brian Brobbey,a,9789,OpenPlay,2025,LeftFoot,28969,Tottenham,Sunderland,1,1,2026-01-04 15:00:00,Enzo Le Fée,Pass
661415,83,SavedShot,0.845,0.6719999694824219,0.0460334233939647,Trai Hume,a,13713,OpenPlay,2025,RightFoot,28969,Tottenham,Sunderland,1,1,2026-01-04 15:00:00,Brian Brobbey,Pass
661416,84,BlockedShot,0.885,0.6070000076293945,0.0357915051281452,Omar Alderete,a,8986,FromCorner,2025,LeftFoot,28969,Tottenham,Sunderland,1,1,2026-01-04 15:00:00,,TakeOn
661910,10,MissedShots,0.7230000305175781,0.5029999923706054,0.0169671401381492,Marcus Tavernier,h,10741,OpenPlay,2025,LeftFoot,28979,Bournemouth,Tottenham,3,2,2026-01-07 19:30:00,Evanilson,Pass
661913,20,BlockedShot,0.9640000152587892,0.2789999961853027,0.0400876849889755,Evanilson,h,12963,OpenPlay,2025,RightFoot,28979,Bournemouth,Tottenham,3,2,2026-01-07 19:30:00,Eli Junior Kroupi,Pass
661914,21,Goal,0.905,0.4879999923706055,0.0742357224225997,Evanilson,h,12963,OpenPlay,2025,Head,28979,Bournemouth,Tottenham,3,2,2026-01-07 19:30:00,Marcus Tavernier,Cross
661917,35,Goal,0.96,0.534000015258789,0.6548885703086853,Eli Junior Kroupi,h,11504,SetPiece,2025,LeftFoot,28979,Bournemouth,Tottenham,3,2,2026-01-07 19:30:00,Marcos Senesi,Pass
661919,64,BlockedShot,0.7680000305175781,0.6090000152587891,0.0691301077604293,Enes Ünal,h,6219,DirectFreekick,2025,RightFoot,28979,Bournemouth,Tottenham,3,2,2026-01-07 19:30:00,,Standard
661922,69,MissedShots,0.9009999847412108,0.544000015258789,0.1211407631635665,Enes Ünal,h,6219,OpenPlay,2025,LeftFoot,28979,Bournemouth,Tottenham,3,2,2026-01-07 19:30:00,,
661929,84,BlockedShot,0.8040000152587891,0.45,0.0441685728728771,David Brooks,h,6820,OpenPlay,2025,LeftFoot,28979,Bournemouth,Tottenham,3,2,2026-01-07 19:30:00,,
661930,84,BlockedShot,0.7559999847412109,0.514000015258789,0.017628151923418,Alex Scott,h,12149,OpenPlay,2025,RightFoot,28979,Bournemouth,Tottenham,3,2,2026-01-07 19:30:00,,Rebound
661931,93,BlockedShot,0.9009999847412108,0.479000015258789,0.1018792614340782,Antoine Semenyo,h,11363,OpenPlay,2025,LeftFoot,28979,Bournemouth,Tottenham,3,2,2026-01-07 19:30:00,,
661932,93,MissedShots,0.8040000152587891,0.444000015258789,0.0342979244887828,David Brooks,h,6820,OpenPlay,2025,LeftFoot,28979,Bournemouth,Tottenham,3,2,2026-01-07 19:30:00,,Rebound
661933,94,Goal,0.7869999694824219,0.6969999694824218,0.019985843449831,Antoine Semenyo,h,11363,OpenPlay,2025,RightFoot,28979,Bournemouth,Tottenham,3,2,2026-01-07 19:30:00,David Brooks,Pass
663689,13,MissedShots,0.8819999694824219,0.53,0.0881702452898025,Valentín Castellanos,a,10948,OpenPlay,2025,RightFoot,28996,Tottenham,West Ham,1,2,2026-01-17 15:00:00,Crysencio Summerville,HeadPass
663690,14,Goal,0.8640000152587891,0.5790000152587891,0.0963717550039291,Crysencio Summerville,a,9492,OpenPlay,2025,RightFoot,28996,Tottenham,West Ham,1,2,2026-01-17 15:00:00,Mateus Fernandes,Pass
663694,24,BlockedShot,0.9519999694824218,0.53,0.130820631980896,Konstantinos Mavropanos,a,6722,FromCorner,2025,Head,28996,Tottenham,West Ham,1,2,2026-01-17 15:00:00,Crysencio Summerville,Cross
663695,24,MissedShots,0.965999984741211,0.4370000076293945,0.3649011254310608,Valentín Castellanos,a,10948,FromCorner,2025,Head,28996,Tottenham,West Ham,1,2,2026-01-17 15:00:00,,Rebound
663697,28,MissedShots,0.8669999694824219,0.345,0.0744883716106414,Crysencio Summerville,a,9492,OpenPlay,2025,RightFoot,28996,Tottenham,West Ham,1,2,2026-01-17 15:00:00,Pablo,LayOff
663698,34,BlockedShot,0.850999984741211,0.435,0.0734565258026123,Jarrod Bowen,a,1776,OpenPlay,2025,LeftFoot,28996,Tottenham,West Ham,1,2,2026-01-17 15:00:00,Tomas Soucek,TakeOn
663699,35,BlockedShot,0.8490000152587891,0.5620000076293945,0.0249186567962169,Crysencio Summerville,a,9492,FromCorner,2025,RightFoot,28996,Tottenham,West Ham,1,2,2026-01-17 15:00:00,,Aerial
663700,35,SavedShot,0.924000015258789,0.495,0.4304499626159668,Tomas Soucek,a,8288,FromCorner,2025,OtherBodyPart,28996,Tottenham,West Ham,1,2,2026-01-17 15:00:00,Crysencio Summerville,BallTouch
663701,40,SavedShot,0.8919999694824219,0.5520000076293945,0.0265750866383314,Konstantinos Mavropanos,a,6722,SetPiece,2025,Head,28996,Tottenham,West Ham,1,2,2026-01-17 15:00:00,Tomas Soucek,Aerial
663703,48,BlockedShot,0.8330000305175781,0.624000015258789,0.0672632828354835,Crysencio Summerville,a,9492,OpenPlay,2025,RightFoot,28996,Tottenham,West Ham,1,2,2026-01-17 15:00:00,Mateus Fernandes,Pass
663704,48,BlockedShot,0.8819999694824219,0.4970000076293945,0.1206743940711021,Pablo,a,14290,OpenPlay,2025,RightFoot,28996,Tottenham,West Ham,1,2,2026-01-17 15:00:00,,Rebound
663709,58,MissedShots,0.8690000152587891,0.4109999847412109,0.090028740465641,Pablo,a,14290,OpenPlay,2025,RightFoot,28996,Tottenham,West Ham,1,2,2026-01-17 15:00:00,,
663710,60,BlockedShot,0.874000015258789,0.6309999847412109,0.105616807937622,Crysencio Summerville,a,9492,OpenPlay,2025,RightFoot,28996,Tottenham,West Ham,1,2,2026-01-17 15:00:00,Valentín Castellanos,LayOff
663714,67,MissedShots,0.9130000305175782,0.46,0.1026294901967048,Valentín Castellanos,a,10948,OpenPlay,2025,RightFoot,28996,Tottenham,West Ham,1,2,2026-01-17 15:00:00,Aaron Wan-Bissaka,Cross
663718,81,MissedShots,0.8809999847412109,0.5970000076293945,0.0193626955151557,Valentín Castellanos,a,10948,OpenPlay,2025,Head,28996,Tottenham,West Ham,1,2,2026-01-17 15:00:00,Oliver Scarles,Cross
663722,91,BlockedShot,0.8780000305175781,0.4129999923706055,0.0603729598224163,Callum Wilson,a,468,OpenPlay,2025,RightFoot,28996,Tottenham,West Ham,1,2,2026-01-17 15:00:00,Aaron Wan-Bissaka,Cross
663723,92,Goal,0.988000030517578,0.5109999847412109,0.9473608136177064,Callum Wilson,a,468,FromCorner,2025,LeftFoot,28996,Tottenham,West Ham,1,2,2026-01-17 15:00:00,,
664791,8,MissedShots,0.889000015258789,0.4929999923706055,0.0393291376531124,Armando Broja,h,8384,OpenPlay,2025,Head,29001,Burnley,Tottenham,2,2,2026-01-24 15:00:00,Marcus Edwards,Chipped
664801,44,BlockedShot,0.7969999694824219,0.3329999923706054,0.0227319449186325,Jaidon Anthony,h,10746,OpenPlay,2025,LeftFoot,29001,Burnley,Tottenham,2,2,2026-01-24 15:00:00,Kyle Walker,Pass
664802,44,Goal,0.9459999847412108,0.54,0.5138687491416931,Axel Tuanzebe,h,934,OpenPlay,2025,RightFoot,29001,Burnley,Tottenham,2,2,2026-01-24 15:00:00,Kyle Walker,Cross
664803,47,BlockedShot,0.941999969482422,0.665,0.234054833650589,Armando Broja,h,8384,OpenPlay,2025,LeftFoot,29001,Burnley,Tottenham,2,2,2026-01-24 15:00:00,Jaidon Anthony,Pass
664806,55,SavedShot,0.72,0.4170000076293945,0.0141715221107006,Jaidon Anthony,h,10746,OpenPlay,2025,RightFoot,29001,Burnley,Tottenham,2,2,2026-01-24 15:00:00,Marcus Edwards,BallRecovery
664807,59,MissedShots,0.9009999847412108,0.51,0.0443989969789981,Axel Tuanzebe,h,934,OpenPlay,2025,Head,29001,Burnley,Tottenham,2,2,2026-01-24 15:00:00,Kyle Walker,Aerial
664810,75,SavedShot,0.8959999847412109,0.55,0.4130392670631408,Lyle Foster,h,7498,OpenPlay,2025,LeftFoot,29001,Burnley,Tottenham,2,2,2026-01-24 15:00:00,Jaidon Anthony,Pass
664811,75,Goal,0.9,0.5079999923706054,0.3891171216964721,Lyle Foster,h,7498,OpenPlay,2025,RightFoot,29001,Burnley,Tottenham,2,2,2026-01-24 15:00:00,,Rebound
664816,96,BlockedShot,0.8109999847412109,0.6220000076293946,0.0388499125838279,Bashir Humphreys,h,11243,OpenPlay,2025,RightFoot,29001,Burnley,Tottenham,2,2,2026-01-24 15:00:00,,
666684,1,SavedShot,0.9030000305175782,0.6890000152587891,0.0816001296043396,Antoine Semenyo,a,11363,OpenPlay,2025,RightFoot,29016,Tottenham,Manchester City,2,2,2026-02-01 16:30:00,Erling Haaland,Pass
666685,10,Goal,0.8419999694824218,0.3359999847412109,0.0470317378640174,Mathis Cherki,a,8094,OpenPlay,2025,RightFoot,29016,Tottenham,Manchester City,2,2,2026-02-01 16:30:00,Erling Haaland,Pass
666686,17,MissedShots,0.845999984741211,0.6029999923706054,0.1271149069070816,Erling Haaland,a,8260,OpenPlay,2025,LeftFoot,29016,Tottenham,Manchester City,2,2,2026-02-01 16:30:00,Rodri,Throughball
666688,22,MissedShots,0.9590000152587892,0.3709999847412109,0.1730702370405197,Mathis Cherki,a,8094,OpenPlay,2025,LeftFoot,29016,Tottenham,Manchester City,2,2,2026-02-01 16:30:00,,TakeOn
666690,43,MissedShots,0.754000015258789,0.595999984741211,0.0273430813103914,Rayan Ait Nouri,a,6674,OpenPlay,2025,LeftFoot,29016,Tottenham,Manchester City,2,2,2026-02-01 16:30:00,Matheus Nunes,Pass
666691,43,Goal,0.8780000305175781,0.48,0.404064804315567,Antoine Semenyo,a,11363,OpenPlay,2025,LeftFoot,29016,Tottenham,Manchester City,2,2,2026-02-01 16:30:00,Bernardo Silva,Pass
666697,56,BlockedShot,0.8669999694824219,0.3579999923706055,0.0877478569746017,Mathis Cherki,a,8094,OpenPlay,2025,LeftFoot,29016,Tottenham,Manchester City,2,2,2026-02-01 16:30:00,Erling Haaland,Pass
666698,61,MissedShots,0.9309999847412108,0.4679999923706054,0.1118705049157142,Marc Guehi,a,7603,FromCorner,2025,Head,29016,Tottenham,Manchester City,2,2,2026-02-01 16:30:00,Mathis Cherki,Cross
666703,77,MissedShots,0.9180000305175782,0.5320000076293945,0.3390714228153229,Tijjani Reijnders,a,11965,OpenPlay,2025,Head,29016,Tottenham,Manchester City,2,2,2026-02-01 16:30:00,Bernardo Silva,Cross
666704,81,MissedShots,0.865999984741211,0.534000015258789,0.0092092100530862,Nico O&#039;Reilly,a,11592,SetPiece,2025,Head,29016,Tottenham,Manchester City,2,2,2026-02-01 16:30:00,Bernardo Silva,Rebound
666705,81,BlockedShot,0.914000015258789,0.5070000076293946,0.0887193381786346,Marc Guehi,a,7603,SetPiece,2025,LeftFoot,29016,Tottenham,Manchester City,2,2,2026-02-01 16:30:00,Nico O&#039;Reilly,
666706,81,BlockedShot,0.936999969482422,0.5259999847412109,0.1415331363677978,Erling Haaland,a,8260,SetPiece,2025,LeftFoot,29016,Tottenham,Manchester City,2,2,2026-02-01 16:30:00,,Rebound
666707,83,MissedShots,0.9209999847412108,0.590999984741211,0.291825920343399,Tijjani Reijnders,a,11965,OpenPlay,2025,Head,29016,Tottenham,Manchester City,2,2,2026-02-01 16:30:00,Erling Haaland,HeadPass
666709,87,BlockedShot,0.945,0.5129999923706055,0.0759585499763488,Marc Guehi,a,7603,FromCorner,2025,Head,29016,Tottenham,Manchester City,2,2,2026-02-01 16:30:00,Tijjani Reijnders,Aerial
666710,87,MissedShots,0.926999969482422,0.519000015258789,0.049411840736866,Marc Guehi,a,7603,FromCorner,2025,Head,29016,Tottenham,Manchester City,2,2,2026-02-01 16:30:00,,Rebound
667025,0,MissedShots,0.91,0.6869999694824219,0.0643032044172287,Bryan Mbeumo,h,6552,OpenPlay,2025,LeftFoot,29025,Manchester United,Tottenham,2,0,2026-02-07 12:30:00,Bruno Fernandes,Pass
667026,9,BlockedShot,0.7480000305175781,0.3179999923706054,0.0193231701850891,Casemiro,h,2248,OpenPlay,2025,RightFoot,29025,Manchester United,Tottenham,2,0,2026-02-07 12:30:00,Kobbie Mainoo,Pass
667027,9,BlockedShot,0.815,0.4909999847412109,0.0446407608687877,Bruno Fernandes,h,1228,OpenPlay,2025,RightFoot,29025,Manchester United,Tottenham,2,0,2026-02-07 12:30:00,,Rebound
667028,10,SavedShot,0.705999984741211,0.4770000076293945,0.015003346838057,Casemiro,h,2248,OpenPlay,2025,RightFoot,29025,Manchester United,Tottenham,2,0,2026-02-07 12:30:00,Bruno Fernandes,Pass
667034,19,MissedShots,0.7530000305175781,0.504000015258789,0.0235369801521301,Matheus Cunha,h,7080,OpenPlay,2025,RightFoot,29025,Manchester United,Tottenham,2,0,2026-02-07 12:30:00,Diogo Dalot,Pass
667035,22,MissedShots,0.860999984741211,0.4679999923706054,0.1066579967737197,Bruno Fernandes,h,1228,OpenPlay,2025,RightFoot,29025,Manchester United,Tottenham,2,0,2026-02-07 12:30:00,Amad Diallo Traore,Pass
667036,25,BlockedShot,0.8159999847412109,0.3570000076293945,0.0411690473556518,Bruno Fernandes,h,1228,OpenPlay,2025,RightFoot,29025,Manchester United,Tottenham,2,0,2026-02-07 12:30:00,,BallTouch
667037,36,BlockedShot,0.81,0.4829999923706055,0.0547957643866539,Bruno Fernandes,h,1228,OpenPlay,2025,RightFoot,29025,Manchester United,Tottenham,2,0,2026-02-07 12:30:00,Matheus Cunha,Tackle
667038,37,Goal,0.850999984741211,0.52,0.051388245075941,Bryan Mbeumo,h,6552,FromCorner,2025,LeftFoot,29025,Manchester United,Tottenham,2,0,2026-02-07 12:30:00,Kobbie Mainoo,Pass
667039,40,SavedShot,0.941999969482422,0.565,0.3026084899902344,Casemiro,h,2248,FromCorner,2025,Head,29025,Manchester United,Tottenham,2,0,2026-02-07 12:30:00,,
667040,50,SavedShot,0.784000015258789,0.6480000305175782,0.03362338244915,Casemiro,h,2248,OpenPlay,2025,RightFoot,29025,Manchester United,Tottenham,2,0,2026-02-07 12:30:00,Kobbie Mainoo,Pass
667041,55,BlockedShot,0.8030000305175782,0.4670000076293945,0.0499775446951389,Bruno Fernandes,h,1228,OpenPlay,2025,RightFoot,29025,Manchester United,Tottenham,2,0,2026-02-07 12:30:00,Amad Diallo Traore,Pass
667043,59,SavedShot,0.7859999847412109,0.6430000305175781,0.0332701839506626,Luke Shaw,h,1006,OpenPlay,2025,LeftFoot,29025,Manchester United,Tottenham,2,0,2026-02-07 12:30:00,Casemiro,Pass
667044,60,SavedShot,0.7909999847412109,0.6370000076293946,0.023312572389841,Diogo Dalot,h,7281,FromCorner,2025,RightFoot,29025,Manchester United,Tottenham,2,0,2026-02-07 12:30:00,Bruno Fernandes,Pass
667045,61,BlockedShot,0.8909999847412109,0.539000015258789,0.080990046262741,Luke Shaw,h,1006,SetPiece,2025,LeftFoot,29025,Manchester United,Tottenham,2,0,2026-02-07 12:30:00,,
667046,70,SavedShot,0.988000030517578,0.3520000076293945,0.0724181681871414,Amad Diallo Traore,h,8127,OpenPlay,2025,RightFoot,29025,Manchester United,Tottenham,2,0,2026-02-07 12:30:00,Bruno Fernandes,TakeOn
667047,70,MissedShots,0.7419999694824219,0.5679999923706055,0.015657814219594,Diogo Dalot,h,7281,FromCorner,2025,LeftFoot,29025,Manchester United,Tottenham,2,0,2026-02-07 12:30:00,,
667048,77,SavedShot,0.7190000152587891,0.544000015258789,0.0217134077101945,Bruno Fernandes,h,1228,FromCorner,2025,RightFoot,29025,Manchester United,Tottenham,2,0,2026-02-07 12:30:00,Casemiro,Pass
667049,80,Goal,0.916999969482422,0.5670000076293945,0.3245004117488861,Bruno Fernandes,h,1228,OpenPlay,2025,RightFoot,29025,Manchester United,Tottenham,2,0,2026-02-07 12:30:00,Diogo Dalot,Cross
667050,85,MissedShots,0.865,0.4109999847412109,0.1040563955903053,Bryan Mbeumo,h,6552,OpenPlay,2025,RightFoot,29025,Manchester United,Tottenham,2,0,2026-02-07 12:30:00,Amad Diallo Traore,Pass
667051,90,MissedShots,0.8619999694824219,0.6819999694824219,0.0629764944314956,Noussair Mazraoui,h,10696,OpenPlay,2025,RightFoot,29025,Manchester United,Tottenham,2,0,2026-02-07 12:30:00,Bruno Fernandes,Pass
667052,90,MissedShots,0.7769999694824219,0.5479999923706055,0.0509282536804676,Bruno Fernandes,h,1228,OpenPlay,2025,RightFoot,29025,Manchester United,Tottenham,2,0,2026-02-07 12:30:00,Kobbie Mainoo,Pass
667054,95,SavedShot,0.9009999847412108,0.4859999847412109,0.5697665214538574,Benjamin Sesko,h,11974,OpenPlay,2025,Head,29025,Manchester United,Tottenham,2,0,2026-02-07 12:30:00,Bruno Fernandes,Chipped
668207,2,MissedShots,0.96,0.5170000076293946,0.4640386998653412,Sven Botman,a,8635,FromCorner,2025,Head,29036,Tottenham,Newcastle United,1,2,2026-02-10 19:30:00,,
668209,8,MissedShots,0.794000015258789,0.3010000038146972,0.0237486865371465,Joe Willock,a,6630,OpenPlay,2025,RightFoot,29036,Tottenham,Newcastle United,1,2,2026-02-10 19:30:00,Bruno Guimarães,Pass
668210,10,SavedShot,0.901999969482422,0.4229999923706055,0.0864491164684295,Harvey Barnes,a,6681,OpenPlay,2025,RightFoot,29036,Tottenham,Newcastle United,1,2,2026-02-10 19:30:00,Anthony Elanga,Cross
668211,16,MissedShots,0.874000015258789,0.5890000152587891,0.0827655270695686,Jacob Ramsey,a,8941,OpenPlay,2025,LeftFoot,29036,Tottenham,Newcastle United,1,2,2026-02-10 19:30:00,Dan Burn,BallTouch
668212,23,SavedShot,0.8180000305175781,0.5120000076293946,0.040399432182312,Joe Willock,a,6630,FromCorner,2025,RightFoot,29036,Tottenham,Newcastle United,1,2,2026-02-10 19:30:00,,
668214,28,BlockedShot,0.855,0.595,0.0526468940079212,Jacob Ramsey,a,8941,FromCorner,2025,RightFoot,29036,Tottenham,Newcastle United,1,2,2026-02-10 19:30:00,,
668215,29,BlockedShot,0.955,0.4320000076293945,0.1091130822896957,Malick Thiaw,a,8378,FromCorner,2025,Head,29036,Tottenham,Newcastle United,1,2,2026-02-10 19:30:00,Bruno Guimarães,Cross
668216,29,MissedShots,0.9540000152587892,0.5259999847412109,0.1026955023407936,Anthony Gordon,a,8150,FromCorner,2025,Head,29036,Tottenham,Newcastle United,1,2,2026-02-10 19:30:00,,Aerial
668218,41,MissedShots,0.911999969482422,0.5029999923706054,0.0601979903876781,Dan Burn,a,7382,SetPiece,2025,Head,29036,Tottenham,Newcastle United,1,2,2026-02-10 19:30:00,Anthony Elanga,HeadPass
668222,47,BlockedShot,0.8419999694824218,0.2820000076293945,0.0441827327013015,Joe Willock,a,6630,OpenPlay,2025,RightFoot,29036,Tottenham,Newcastle United,1,2,2026-02-10 19:30:00,,BallRecovery
668223,47,BlockedShot,0.8130000305175781,0.5990000152587891,0.0909756645560264,Anthony Gordon,a,8150,OpenPlay,2025,RightFoot,29036,Tottenham,Newcastle United,1,2,2026-02-10 19:30:00,Joe Willock,Pass
668224,48,BlockedShot,0.91,0.5529999923706055,0.0726410821080207,Jacob Ramsey,a,8941,FromCorner,2025,LeftFoot,29036,Tottenham,Newcastle United,1,2,2026-02-10 19:30:00,Bruno Guimarães,Cross
668225,48,BlockedShot,0.9180000305175782,0.515,0.0560804642736911,Jacob Ramsey,a,8941,FromCorner,2025,Head,29036,Tottenham,Newcastle United,1,2,2026-02-10 19:30:00,Malick Thiaw,HeadPass
668226,48,BlockedShot,0.9519999694824218,0.4459999847412109,0.142204999923706,Sven Botman,a,8635,FromCorner,2025,LeftFoot,29036,Tottenham,Newcastle United,1,2,2026-02-10 19:30:00,,Rebound
668219,49,SavedShot,0.914000015258789,0.5579999923706055,0.0995631590485572,Malick Thiaw,a,8378,SetPiece,2025,Head,29036,Tottenham,Newcastle United,1,2,2026-02-10 19:30:00,Joe Willock,Cross
668220,49,Goal,0.970999984741211,0.5379999923706055,0.7422443628311157,Malick Thiaw,a,8378,SetPiece,2025,LeftFoot,29036,Tottenham,Newcastle United,1,2,2026-02-10 19:30:00,,Rebound
668233,65,BlockedShot,0.889000015258789,0.674000015258789,0.0545545518398284,Anthony Gordon,a,8150,OpenPlay,2025,RightFoot,29036,Tottenham,Newcastle United,1,2,2026-02-10 19:30:00,,
668234,66,BlockedShot,0.914000015258789,0.5170000076293946,0.062417171895504,Harvey Barnes,a,6681,FromCorner,2025,LeftFoot,29036,Tottenham,Newcastle United,1,2,2026-02-10 19:30:00,,Aerial
668235,67,MissedShots,0.8519999694824218,0.4879999923706055,0.0323543064296245,Harvey Barnes,a,6681,SetPiece,2025,RightFoot,29036,Tottenham,Newcastle United,1,2,2026-02-10 19:30:00,,Aerial
668236,67,Goal,0.8830000305175781,0.5529999923706055,0.1195819601416587,Jacob Ramsey,a,8941,OpenPlay,2025,LeftFoot,29036,Tottenham,Newcastle United,1,2,2026-02-10 19:30:00,Anthony Gordon,Pass
668237,71,MissedShots,0.784000015258789,0.42,0.0129315424710512,Anthony Gordon,a,8150,SetPiece,2025,RightFoot,29036,Tottenham,Newcastle United,1,2,2026-02-10 19:30:00,,Aerial
670369,3,BlockedShot,0.925,0.5570000076293945,0.1042867302894592,Viktor Gyokeres,a,7254,OpenPlay,2025,Head,29046,Tottenham,Arsenal,1,4,2026-02-22 16:30:00,Jurriën Timber,Cross
670370,4,BlockedShot,0.68,0.165,0.0081297615543007,Leandro Trossard,a,7698,OpenPlay,2025,RightFoot,29046,Tottenham,Arsenal,1,4,2026-02-22 16:30:00,,
670371,6,MissedShots,0.8859999847412109,0.6919999694824219,0.0507434792816638,Viktor Gyokeres,a,7254,OpenPlay,2025,RightFoot,29046,Tottenham,Arsenal,1,4,2026-02-22 16:30:00,Piero Hincapié,Pass
670372,16,MissedShots,0.950999984741211,0.5120000076293946,0.4694522023200989,William Saliba,a,6888,FromCorner,2025,Head,29046,Tottenham,Arsenal,1,4,2026-02-22 16:30:00,Viktor Gyokeres,HeadPass
670373,17,MissedShots,0.8140000152587891,0.5020000076293946,0.0571387857198715,Leandro Trossard,a,7698,OpenPlay,2025,LeftFoot,29046,Tottenham,Arsenal,1,4,2026-02-22 16:30:00,,BallRecovery
670375,31,BlockedShot,0.7819999694824219,0.3729999923706055,0.0256351046264171,Eberechi Eze,a,8706,OpenPlay,2025,LeftFoot,29046,Tottenham,Arsenal,1,4,2026-02-22 16:30:00,,
670376,31,Goal,0.935,0.4620000076293945,0.5693182945251465,Eberechi Eze,a,8706,OpenPlay,2025,RightFoot,29046,Tottenham,Arsenal,1,4,2026-02-22 16:30:00,,
670378,36,SavedShot,0.87,0.4559999847412109,0.2922829687595367,Bukayo Saka,a,7322,OpenPlay,2025,RightFoot,29046,Tottenham,Arsenal,1,4,2026-02-22 16:30:00,Piero Hincapié,Chipped
670379,39,BlockedShot,0.845,0.3010000038146972,0.0390211790800094,Bukayo Saka,a,7322,OpenPlay,2025,LeftFoot,29046,Tottenham,Arsenal,1,4,2026-02-22 16:30:00,,BallTouch
670380,40,BlockedShot,0.92,0.344000015258789,0.0758991688489914,Leandro Trossard,a,7698,OpenPlay,2025,RightFoot,29046,Tottenham,Arsenal,1,4,2026-02-22 16:30:00,Jurriën Timber,Pass
670384,46,Goal,0.8180000305175781,0.484000015258789,0.0634754374623298,Viktor Gyokeres,a,7254,OpenPlay,2025,RightFoot,29046,Tottenham,Arsenal,1,4,2026-02-22 16:30:00,Jurriën Timber,Pass
670381,47,MissedShots,0.7440000152587891,0.3629999923706055,0.0136500326916575,Eberechi Eze,a,8706,OpenPlay,2025,RightFoot,29046,Tottenham,Arsenal,1,4,2026-02-22 16:30:00,,
670382,50,BlockedShot,0.8059999847412109,0.6930000305175781,0.0137907965108752,Piero Hincapié,a,9911,OpenPlay,2025,LeftFoot,29046,Tottenham,Arsenal,1,4,2026-02-22 16:30:00,Bukayo Saka,Chipped
670385,50,BlockedShot,0.8619999694824219,0.5679999923706055,0.1584902107715606,Eberechi Eze,a,8706,OpenPlay,2025,RightFoot,29046,Tottenham,Arsenal,1,4,2026-02-22 16:30:00,Piero Hincapié,TakeOn
670386,58,SavedShot,0.924000015258789,0.3520000076293945,0.3403202593326568,Bukayo Saka,a,7322,OpenPlay,2025,RightFoot,29046,Tottenham,Arsenal,1,4,2026-02-22 16:30:00,Eberechi Eze,Throughball
670387,60,Goal,0.899000015258789,0.5359999847412109,0.4393695294857025,Eberechi Eze,a,8706,OpenPlay,2025,RightFoot,29046,Tottenham,Arsenal,1,4,2026-02-22 16:30:00,,Dispossessed
670388,65,BlockedShot,0.8430000305175781,0.3629999923706055,0.0744528099894523,Bukayo Saka,a,7322,OpenPlay,2025,LeftFoot,29046,Tottenham,Arsenal,1,4,2026-02-22 16:30:00,Cristhian Mosquera,Pass
670389,70,MissedShots,0.7609999847412109,0.63,0.0292865615338087,Leandro Trossard,a,7698,OpenPlay,2025,RightFoot,29046,Tottenham,Arsenal,1,4,2026-02-22 16:30:00,Bukayo Saka,Pass
670390,71,MissedShots,0.87,0.375,0.1194604188203811,Bukayo Saka,a,7322,OpenPlay,2025,LeftFoot,29046,Tottenham,Arsenal,1,4,2026-02-22 16:30:00,Eberechi Eze,Pass
670393,93,Goal,0.9109999847412108,0.6070000076293945,0.3728091716766357,Viktor Gyokeres,a,7254,OpenPlay,2025,RightFoot,29046,Tottenham,Arsenal,1,4,2026-02-22 16:30:00,Martin Odegaard,Pass
671527,6,MissedShots,0.926999969482422,0.5379999923706055,0.0914719924330711,Raúl Jiménez,h,4105,OpenPlay,2025,Head,29052,Fulham,Tottenham,2,1,2026-03-01 14:00:00,Kenny Tete,Chipped
671528,6,Goal,0.9359999847412108,0.4720000076293945,0.5784841775894165,Harry Wilson,h,5596,OpenPlay,2025,LeftFoot,29052,Fulham,Tottenham,2,1,2026-03-01 14:00:00,,
671529,9,MissedShots,0.9540000152587892,0.4479999923706054,0.0775493830442428,Calvin Bassey,h,11728,FromCorner,2025,Head,29052,Fulham,Tottenham,2,1,2026-03-01 14:00:00,,Aerial
671532,18,MissedShots,0.8690000152587891,0.3729999923706055,0.0802877694368362,Kenny Tete,h,5973,OpenPlay,2025,LeftFoot,29052,Fulham,Tottenham,2,1,2026-03-01 14:00:00,,
671535,33,Goal,0.7980000305175782,0.2939999961853027,0.031117545440793,Alex Iwobi,h,500,OpenPlay,2025,RightFoot,29052,Fulham,Tottenham,2,1,2026-03-01 14:00:00,Harry Wilson,Pass
671541,45,MissedShots,0.9180000305175782,0.3229999923706054,0.0458488799631595,Oscar Bobb,h,11903,FromCorner,2025,RightFoot,29052,Fulham,Tottenham,2,1,2026-03-01 14:00:00,,
671542,45,MissedShots,0.9359999847412108,0.4420000076293945,0.1355594992637634,Calvin Bassey,h,11728,FromCorner,2025,RightFoot,29052,Fulham,Tottenham,2,1,2026-03-01 14:00:00,Oscar Bobb,Rebound
671543,49,MissedShots,0.7519999694824219,0.4659999847412109,0.0204117875546216,Ryan Sessegnon,h,6837,SetPiece,2025,RightFoot,29052,Fulham,Tottenham,2,1,2026-03-01 14:00:00,Alex Iwobi,Pass
671544,50,MissedShots,0.9409999847412108,0.6669999694824219,0.2412012219429016,Emile Smith-Rowe,h,7230,OpenPlay,2025,LeftFoot,29052,Fulham,Tottenham,2,1,2026-03-01 14:00:00,Oscar Bobb,Pass
671545,54,BlockedShot,0.9080000305175782,0.5720000076293945,0.1406461149454116,Raúl Jiménez,h,4105,OpenPlay,2025,LeftFoot,29052,Fulham,Tottenham,2,1,2026-03-01 14:00:00,Oscar Bobb,Pass
671546,54,MissedShots,0.965999984741211,0.415,0.0340322479605674,Kenny Tete,h,5973,FromCorner,2025,Head,29052,Fulham,Tottenham,2,1,2026-03-01 14:00:00,Alex Iwobi,Aerial
671547,56,BlockedShot,0.8769999694824219,0.4270000076293945,0.127191424369812,Harry Wilson,h,5596,OpenPlay,2025,LeftFoot,29052,Fulham,Tottenham,2,1,2026-03-01 14:00:00,Raúl Jiménez,Pass
671548,61,SavedShot,0.875,0.4370000076293945,0.3278960883617401,Emile Smith-Rowe,h,7230,OpenPlay,2025,RightFoot,29052,Fulham,Tottenham,2,1,2026-03-01 14:00:00,Alex Iwobi,Pass
671551,74,MissedShots,0.8180000305175781,0.5579999923706055,0.0665629059076309,Tom Cairney,h,6835,OpenPlay,2025,LeftFoot,29052,Fulham,Tottenham,2,1,2026-03-01 14:00:00,,
671552,76,MissedShots,0.874000015258789,0.654000015258789,0.0835318490862846,Alex Iwobi,h,500,OpenPlay,2025,RightFoot,29052,Fulham,Tottenham,2,1,2026-03-01 14:00:00,Samuel Chukwueze,Pass
671553,79,SavedShot,0.884000015258789,0.5929999923706055,0.0916835442185401,Rodrigo Muniz,h,10717,OpenPlay,2025,RightFoot,29052,Fulham,Tottenham,2,1,2026-03-01 14:00:00,Samuel Chukwueze,Chipped
671554,85,BlockedShot,0.8869999694824219,0.3039999961853027,0.0596616603434085,Samuel Chukwueze,h,7208,OpenPlay,2025,LeftFoot,29052,Fulham,Tottenham,2,1,2026-03-01 14:00:00,Ryan Sessegnon,Pass
671555,85,BlockedShot,0.8680000305175781,0.6309999847412109,0.0937769338488578,Ryan Sessegnon,h,6837,OpenPlay,2025,RightFoot,29052,Fulham,Tottenham,2,1,2026-03-01 14:00:00,Alex Iwobi,Pass
672329,0,SavedShot,0.8869999694824219,0.4270000076293945,0.0856343656778335,Adam Wharton,a,12409,OpenPlay,2025,LeftFoot,29066,Tottenham,Crystal Palace,1,3,2026-03-05 20:00:00,,
672331,11,BlockedShot,0.85,0.4329999923706055,0.0654817149043083,Daniel Muñoz,a,12408,OpenPlay,2025,LeftFoot,29066,Tottenham,Crystal Palace,1,3,2026-03-05 20:00:00,,
672335,39,Goal,0.885,0.5,0.7611688375473022,Ismaila Sarr,a,5675,Penalty,2025,RightFoot,29066,Tottenham,Crystal Palace,1,3,2026-03-05 20:00:00,,Standard
672336,45,Goal,0.924000015258789,0.3970000076293945,0.3939115703105926,Jørgen Strand Larsen,a,11070,OpenPlay,2025,RightFoot,29066,Tottenham,Crystal Palace,1,3,2026-03-05 20:00:00,Adam Wharton,Throughball
672337,51,Goal,0.905,0.5159999847412109,0.3280856311321258,Ismaila Sarr,a,5675,OpenPlay,2025,RightFoot,29066,Tottenham,Crystal Palace,1,3,2026-03-05 20:00:00,Adam Wharton,Chipped
672343,59,BlockedShot,0.8090000152587891,0.4329999923706055,0.0561676807701587,Adam Wharton,a,12409,OpenPlay,2025,RightFoot,29066,Tottenham,Crystal Palace,1,3,2026-03-05 20:00:00,Jørgen Strand Larsen,Pass
672345,69,MissedShots,0.830999984741211,0.3110000038146973,0.0517299622297287,Jørgen Strand Larsen,a,11070,OpenPlay,2025,LeftFoot,29066,Tottenham,Crystal Palace,1,3,2026-03-05 20:00:00,Jaydee Canvot,Pass
672346,83,BlockedShot,0.865,0.4059999847412109,0.082938902080059,Christantus Uche,a,12726,OpenPlay,2025,LeftFoot,29066,Tottenham,Crystal Palace,1,3,2026-03-05 20:00:00,,
672348,89,MissedShots,0.970999984741211,0.5540000152587891,0.0900272354483604,Jaydee Canvot,a,13091,FromCorner,2025,Head,29066,Tottenham,Crystal Palace,1,3,2026-03-05 20:00:00,,
674647,9,MissedShots,0.8590000152587891,0.64,0.0642483606934547,Cody Gakpo,h,11296,OpenPlay,2025,LeftFoot,29073,Liverpool,Tottenham,1,1,2026-03-15 16:30:00,Florian Wirtz,Pass
674650,17,Goal,0.7140000152587891,0.629000015258789,0.0381308048963546,Dominik Szoboszlai,h,9788,DirectFreekick,2025,RightFoot,29073,Liverpool,Tottenham,1,1,2026-03-15 16:30:00,,Standard
674651,20,MissedShots,0.7909999847412109,0.4829999923706055,0.0602003410458564,Ryan Gravenberch,h,10697,OpenPlay,2025,RightFoot,29073,Liverpool,Tottenham,1,1,2026-03-15 16:30:00,Virgil van Dijk,BallRecovery
674652,25,BlockedShot,0.7369999694824219,0.590999984741211,0.0259668305516242,Cody Gakpo,h,11296,OpenPlay,2025,RightFoot,29073,Liverpool,Tottenham,1,1,2026-03-15 16:30:00,Alexis Mac Allister,Pass
674653,33,BlockedShot,0.875,0.644000015258789,0.0880206748843193,Rio Ngumoha,h,13692,OpenPlay,2025,LeftFoot,29073,Liverpool,Tottenham,1,1,2026-03-15 16:30:00,Florian Wirtz,Pass
674654,35,SavedShot,0.855999984741211,0.5529999923706055,0.110719159245491,Cody Gakpo,h,11296,OpenPlay,2025,RightFoot,29073,Liverpool,Tottenham,1,1,2026-03-15 16:30:00,Alexis Mac Allister,Pass
674657,50,MissedShots,0.9009999847412108,0.6419999694824219,0.0843506678938865,Rio Ngumoha,h,13692,OpenPlay,2025,RightFoot,29073,Liverpool,Tottenham,1,1,2026-03-15 16:30:00,,
674658,52,SavedShot,0.799000015258789,0.7069999694824218,0.028683166950941,Rio Ngumoha,h,13692,OpenPlay,2025,RightFoot,29073,Liverpool,Tottenham,1,1,2026-03-15 16:30:00,Florian Wirtz,Pass
674662,56,BlockedShot,0.6819999694824219,0.54,0.0130617758259177,Dominik Szoboszlai,h,9788,OpenPlay,2025,RightFoot,29073,Liverpool,Tottenham,1,1,2026-03-15 16:30:00,Florian Wirtz,Pass
674664,67,MissedShots,0.9009999847412108,0.354000015258789,0.1212330237030983,Hugo Ekitike,h,8995,OpenPlay,2025,LeftFoot,29073,Liverpool,Tottenham,1,1,2026-03-15 16:30:00,Mohamed Salah,Pass
674665,68,BlockedShot,0.8619999694824219,0.4070000076293945,0.1025638133287429,Mohamed Salah,h,1250,OpenPlay,2025,LeftFoot,29073,Liverpool,Tottenham,1,1,2026-03-15 16:30:00,Hugo Ekitike,Pass
674666,72,MissedShots,0.901999969482422,0.33,0.1238228976726532,Mohamed Salah,h,1250,OpenPlay,2025,RightFoot,29073,Liverpool,Tottenham,1,1,2026-03-15 16:30:00,,
674669,76,MissedShots,0.8219999694824218,0.374000015258789,0.060499545186758,Mohamed Salah,h,1250,OpenPlay,2025,LeftFoot,29073,Liverpool,Tottenham,1,1,2026-03-15 16:30:00,Cody Gakpo,Pass
674670,77,BlockedShot,0.970999984741211,0.605,0.0754346773028373,Andrew Robertson,h,1688,OpenPlay,2025,Head,29073,Liverpool,Tottenham,1,1,2026-03-15 16:30:00,Mohamed Salah,Cross
674671,77,SavedShot,0.8530000305175781,0.465,0.1189415827393531,Ryan Gravenberch,h,10697,OpenPlay,2025,LeftFoot,29073,Liverpool,Tottenham,1,1,2026-03-15 16:30:00,,TakeOn
674672,84,MissedShots,0.7869999694824219,0.3329999923706054,0.0339055210351944,Dominik Szoboszlai,h,9788,OpenPlay,2025,LeftFoot,29073,Liverpool,Tottenham,1,1,2026-03-15 16:30:00,,
674676,95,BlockedShot,0.8980000305175782,0.515,0.1509767770767212,Hugo Ekitike,h,8995,OpenPlay,2025,RightFoot,29073,Liverpool,Tottenham,1,1,2026-03-15 16:30:00,Federico Chiesa,Pass
675918,17,SavedShot,0.8769999694824219,0.25,0.0231179222464561,Omari Hutchinson,a,10348,OpenPlay,2025,LeftFoot,29086,Tottenham,Nottingham Forest,0,3,2026-03-22 14:15:00,Elliot Anderson,Chipped
675920,44,SavedShot,0.904000015258789,0.5309999847412109,0.098451517522335,Igor Jesus,a,13778,FromCorner,2025,RightFoot,29086,Tottenham,Nottingham Forest,0,3,2026-03-22 14:15:00,Elliot Anderson,HeadPass
675921,44,Goal,0.960999984741211,0.4229999923706055,0.0987378880381584,Igor Jesus,a,13778,FromCorner,2025,Head,29086,Tottenham,Nottingham Forest,0,3,2026-03-22 14:15:00,Neco Williams,Cross
675924,49,SavedShot,0.9180000305175782,0.6320000076293946,0.1629150807857513,Neco Williams,a,8204,OpenPlay,2025,Head,29086,Tottenham,Nottingham Forest,0,3,2026-03-22 14:15:00,Elliot Anderson,Cross
675928,59,BlockedShot,0.7809999847412109,0.4779999923706055,0.0427812151610851,Omari Hutchinson,a,10348,OpenPlay,2025,LeftFoot,29086,Tottenham,Nottingham Forest,0,3,2026-03-22 14:15:00,Callum Hudson-Odoi,Pass
675929,61,Goal,0.914000015258789,0.52,0.4845720827579498,Morgan Gibbs-White,a,6857,OpenPlay,2025,RightFoot,29086,Tottenham,Nottingham Forest,0,3,2026-03-22 14:15:00,Callum Hudson-Odoi,Pass
675933,84,SavedShot,0.735,0.6220000076293946,0.0092138331383466,Neco Williams,a,8204,SetPiece,2025,RightFoot,29086,Tottenham,Nottingham Forest,0,3,2026-03-22 14:15:00,,Aerial
675934,86,Goal,0.955999984741211,0.4820000076293945,0.6242920756340027,Taiwo Awoniyi,a,7814,OpenPlay,2025,RightFoot,29086,Tottenham,Nottingham Forest,0,3,2026-03-22 14:15:00,Neco Williams,Cross
678293,18,MissedShots,0.9540000152587892,0.5079999923706054,0.573997974395752,Brian Brobbey,h,9789,OpenPlay,2025,Head,29090,Sunderland,Tottenham,1,0,2026-04-12 13:00:00,Enzo Le Fée,Chipped
678295,28,MissedShots,0.9569999694824218,0.5640000152587891,0.3711395263671875,Nordi Mukiele,h,5659,SetPiece,2025,Head,29090,Sunderland,Tottenham,1,0,2026-04-12 13:00:00,Enzo Le Fée,Chipped
678296,31,MissedShots,0.8440000152587891,0.4009999847412109,0.0584427006542682,Granit Xhaka,h,204,OpenPlay,2025,RightFoot,29090,Sunderland,Tottenham,1,0,2026-04-12 13:00:00,,
678298,38,MissedShots,0.8130000305175781,0.3579999923706055,0.1027961298823356,Granit Xhaka,h,204,DirectFreekick,2025,LeftFoot,29090,Sunderland,Tottenham,1,0,2026-04-12 13:00:00,,Standard
678300,46,SavedShot,0.960999984741211,0.43,0.0873758047819137,Brian Brobbey,h,9789,SetPiece,2025,RightFoot,29090,Sunderland,Tottenham,1,0,2026-04-12 13:00:00,Chris Rigg,HeadPass
678301,46,BlockedShot,0.8680000305175781,0.3759999847412109,0.0643611773848533,Nordi Mukiele,h,5659,SetPiece,2025,RightFoot,29090,Sunderland,Tottenham,1,0,2026-04-12 13:00:00,,End
678302,47,BlockedShot,0.8219999694824218,0.3279999923706054,0.0252116806805133,Nordi Mukiele,h,5659,SetPiece,2025,LeftFoot,29090,Sunderland,Tottenham,1,0,2026-04-12 13:00:00,,
678305,53,MissedShots,0.845,0.72,0.0316677428781986,Habib Diarra,h,9767,OpenPlay,2025,RightFoot,29090,Sunderland,Tottenham,1,0,2026-04-12 13:00:00,Noah Sadiki,Pass
678307,60,Goal,0.7580000305175781,0.4229999923706055,0.0251513049006462,Nordi Mukiele,h,5659,OpenPlay,2025,LeftFoot,29090,Sunderland,Tottenham,1,0,2026-04-12 13:00:00,Habib Diarra,Pass
678309,79,MissedShots,0.8019999694824219,0.4570000076293945,0.0592215284705162,Habib Diarra,h,9767,OpenPlay,2025,RightFoot,29090,Sunderland,Tottenham,1,0,2026-04-12 13:00:00,,
678310,79,MissedShots,0.879000015258789,0.419000015258789,0.0350373834371566,Luke O&#039;Nien,h,14099,OpenPlay,2025,Head,29090,Sunderland,Tottenham,1,0,2026-04-12 13:00:00,Habib Diarra,
678311,80,BlockedShot,0.8180000305175781,0.485,0.067990243434906,Chris Rigg,h,13719,OpenPlay,2025,LeftFoot,29090,Sunderland,Tottenham,1,0,2026-04-12 13:00:00,Noah Sadiki,Pass
678312,86,MissedShots,0.973000030517578,0.585999984741211,0.2734485864639282,Noah Sadiki,h,13716,OpenPlay,2025,Head,29090,Sunderland,Tottenham,1,0,2026-04-12 13:00:00,Trai Hume,Cross
679343,34,SavedShot,0.914000015258789,0.47,0.3058024048805237,Danny Welbeck,a,501,SetPiece,2025,Head,29107,Tottenham,Brighton,2,2,2026-04-18 16:30:00,Pascal Groß,Chipped
679349,46,MissedShots,0.9109999847412108,0.474000015258789,0.0502615980803966,Jan Paul van Hecke,a,10807,SetPiece,2025,Head,29107,Tottenham,Brighton,2,2,2026-04-18 16:30:00,Pascal Groß,Aerial
679347,47,Goal,0.94,0.67,0.0381620414555072,Kaoru Mitoma,a,10806,OpenPlay,2025,LeftFoot,29107,Tottenham,Brighton,2,2,2026-04-18 16:30:00,Pascal Groß,Cross
679350,48,BlockedShot,0.8169999694824219,0.5070000076293946,0.0536111630499362,Yasin Ayari,a,11385,OpenPlay,2025,RightFoot,29107,Tottenham,Brighton,2,2,2026-04-18 16:30:00,Jack Hinshelwood,Pass
679351,48,BlockedShot,0.8619999694824219,0.644000015258789,0.0483717992901802,Kaoru Mitoma,a,10806,OpenPlay,2025,RightFoot,29107,Tottenham,Brighton,2,2,2026-04-18 16:30:00,,Rebound
679348,50,MissedShots,0.895,0.535,0.0844598188996315,Jack Hinshelwood,a,11269,OpenPlay,2025,Head,29107,Tottenham,Brighton,2,2,2026-04-18 16:30:00,Pascal Groß,Cross
679353,66,BlockedShot,0.8069999694824219,0.7019999694824218,0.0707958862185478,Danny Welbeck,a,501,DirectFreekick,2025,RightFoot,29107,Tottenham,Brighton,2,2,2026-04-18 16:30:00,,Standard
679358,92,MissedShots,0.926999969482422,0.5409999847412109,0.1070417165756225,Charalampos Kostoulas,a,14118,OpenPlay,2025,Head,29107,Tottenham,Brighton,2,2,2026-04-18 16:30:00,Yankuba Minteh,Cross
679359,92,MissedShots,0.948000030517578,0.3820000076293945,0.3446272015571594,Ferdi Kadioglu,a,13066,OpenPlay,2025,RightFoot,29107,Tottenham,Brighton,2,2,2026-04-18 16:30:00,Charalampos Kostoulas,Rebound
679360,94,Goal,0.8530000305175781,0.5359999847412109,0.0736498460173606,Georginio Rutter,a,6937,OpenPlay,2025,LeftFoot,29107,Tottenham,Brighton,2,2,2026-04-18 16:30:00,Jan Paul van Hecke,Pass
681068,27,BlockedShot,0.9259999847412108,0.4670000076293945,0.0529535599052906,Santiago Bueno,h,10945,FromCorner,2025,Head,29117,Wolverhampton Wanderers,Tottenham,0,1,2026-04-25 14:00:00,Mateus Mané,CornerAwarded
681069,27,BlockedShot,0.919000015258789,0.3160000038146973,0.0213278513401746,Rodrigo Gomes,h,12756,FromCorner,2025,RightFoot,29117,Wolverhampton Wanderers,Tottenham,0,1,2026-04-25 14:00:00,,Aerial
681072,46,BlockedShot,0.904000015258789,0.6430000305175781,0.020191328600049,Adam Armstrong,h,4419,SetPiece,2025,Head,29117,Wolverhampton Wanderers,Tottenham,0,1,2026-04-25 14:00:00,Mateus Mané,Cross
681073,46,MissedShots,0.735999984741211,0.539000015258789,0.0153663381934165,Pedro Lima,h,13156,FromCorner,2025,RightFoot,29117,Wolverhampton Wanderers,Tottenham,0,1,2026-04-25 14:00:00,,
681076,60,MissedShots,0.9180000305175782,0.5659999847412109,0.090581014752388,Mateus Mané,h,13484,OpenPlay,2025,Head,29117,Wolverhampton Wanderers,Tottenham,0,1,2026-04-25 14:00:00,Pedro Lima,Cross
681077,64,SavedShot,0.8469999694824218,0.5170000076293946,0.1111842989921569,Adam Armstrong,h,4419,OpenPlay,2025,RightFoot,29117,Wolverhampton Wanderers,Tottenham,0,1,2026-04-25 14:00:00,,
681078,66,MissedShots,0.740999984741211,0.545,0.0572549700736999,Hugo Bueno,h,10140,DirectFreekick,2025,LeftFoot,29117,Wolverhampton Wanderers,Tottenham,0,1,2026-04-25 14:00:00,,Standard
681081,78,BlockedShot,0.7580000305175781,0.3970000076293945,0.0119558554142713,Hugo Bueno,h,10140,OpenPlay,2025,RightFoot,29117,Wolverhampton Wanderers,Tottenham,0,1,2026-04-25 14:00:00,,Aerial
681082,78,MissedShots,0.91,0.5520000076293945,0.2993236780166626,Adam Armstrong,h,4419,OpenPlay,2025,Head,29117,Wolverhampton Wanderers,Tottenham,0,1,2026-04-25 14:00:00,Mateus Mané,Cross
681085,89,MissedShots,0.7730000305175782,0.7090000152587891,0.0191752910614013,Mateus Mané,h,13484,OpenPlay,2025,RightFoot,29117,Wolverhampton Wanderers,Tottenham,0,1,2026-04-25 14:00:00,Hugo Bueno,Pass
681086,97,SavedShot,0.754000015258789,0.4220000076293945,0.0633414760231971,João Gomes,h,11384,DirectFreekick,2025,RightFoot,29117,Wolverhampton Wanderers,Tottenham,0,1,2026-04-25 14:00:00,,Standard
683157,60,BlockedShot,0.7730000305175782,0.7569999694824219,0.0138994809240102,Morgan Rogers,h,12412,OpenPlay,2025,RightFoot,29120,Aston Villa,Tottenham,1,2,2026-05-03 19:00:00,Ian Maatsen,Pass
683158,63,BlockedShot,0.7240000152587891,0.6,0.0127065330743789,Morgan Rogers,h,12412,OpenPlay,2025,RightFoot,29120,Aston Villa,Tottenham,1,2,2026-05-03 19:00:00,Ollie Watkins,Pass
683159,70,BlockedShot,0.6990000152587891,0.4120000076293945,0.0102011496201157,Ollie Watkins,h,8865,OpenPlay,2025,RightFoot,29120,Aston Villa,Tottenham,1,2,2026-05-03 19:00:00,Ross Barkley,Pass
683161,88,MissedShots,0.9669999694824218,0.4640000152587891,0.4775663018226623,Tyrone Mings,h,1024,FromCorner,2025,Head,29120,Aston Villa,Tottenham,1,2,2026-05-03 19:00:00,Leon Bailey,Aerial
683162,95,Goal,0.9159999847412108,0.429000015258789,0.0951205790042877,Emiliano Buendía,h,2203,OpenPlay,2025,Head,29120,Aston Villa,Tottenham,1,2,2026-05-03 19:00:00,Matthew Cash,Cross
684801,0,MissedShots,0.884000015258789,0.5609999847412109,0.0411051884293556,Pascal Struijk,a,8717,OpenPlay,2025,Head,29136,Tottenham,Leeds,1,1,2026-05-11 20:00:00,Daniel James,Cross
684802,20,SavedShot,0.9209999847412108,0.434000015258789,0.2296580523252487,Joe Rodon,a,6377,FromCorner,2025,Head,29136,Tottenham,Leeds,1,1,2026-05-11 20:00:00,Brenden Aaronson,Cross
684812,39,MissedShots,0.8090000152587891,0.504000015258789,0.0574368946254253,Ao Tanaka,a,13834,OpenPlay,2025,LeftFoot,29136,Tottenham,Leeds,1,1,2026-05-11 20:00:00,Joe Rodon,Pass
684816,60,MissedShots,0.7609999847412109,0.555,0.021557904779911,Daniel James,a,5595,OpenPlay,2025,LeftFoot,29136,Tottenham,Leeds,1,1,2026-05-11 20:00:00,Dominic Calvert-Lewin,Pass
684817,68,MissedShots,0.8109999847412109,0.509000015258789,0.0164059605449438,Anton Stach,a,9910,OpenPlay,2025,LeftFoot,29136,Tottenham,Leeds,1,1,2026-05-11 20:00:00,,Aerial
684818,73,Goal,0.885,0.5,0.7611688375473022,Dominic Calvert-Lewin,a,5555,Penalty,2025,RightFoot,29136,Tottenham,Leeds,1,1,2026-05-11 20:00:00,,Standard
684819,74,SavedShot,0.8780000305175781,0.549000015258789,0.0847394838929176,Lukas Nmecha,a,6544,OpenPlay,2025,RightFoot,29136,Tottenham,Leeds,1,1,2026-05-11 20:00:00,,
684820,78,BlockedShot,0.7569999694824219,0.6320000076293946,0.0198825001716613,James Justin,a,7753,OpenPlay,2025,RightFoot,29136,Tottenham,Leeds,1,1,2026-05-11 20:00:00,Wilfried Gnonto,Pass
684821,83,MissedShots,0.735,0.4379999923706055,0.017622860148549,Dominic Calvert-Lewin,a,5555,OpenPlay,2025,RightFoot,29136,Tottenham,Leeds,1,1,2026-05-11 20:00:00,Anton Stach,BallRecovery
684824,97,SavedShot,0.9359999847412108,0.6580000305175782,0.2726624011993408,Sean Longstaff,a,7078,OpenPlay,2025,LeftFoot,29136,Tottenham,Leeds,1,1,2026-05-11 20:00:00,James Justin,Pass
684825,98,MissedShots,0.953000030517578,0.3990000152587891,0.3475230634212494,Sean Longstaff,a,7078,FromCorner,2025,RightFoot,29136,Tottenham,Leeds,1,1,2026-05-11 20:00:00,Jaka Bijol,HeadPass
686632,13,SavedShot,0.799000015258789,0.5159999847412109,0.0395187027752399,Cole Palmer,h,8497,OpenPlay,2025,LeftFoot,29142,Chelsea,Tottenham,2,1,2026-05-19 20:15:00,Jorrel Hato,Pass
686633,17,Goal,0.7169999694824218,0.5120000076293946,0.0164222475141286,Enzo Fernández,h,11356,OpenPlay,2025,RightFoot,29142,Chelsea,Tottenham,2,1,2026-05-19 20:15:00,Pedro Neto,Pass
686634,22,MissedShots,0.8819999694824219,0.634000015258789,0.0775572285056114,Liam Delap,h,8868,OpenPlay,2025,RightFoot,29142,Chelsea,Tottenham,2,1,2026-05-19 20:15:00,Cole Palmer,Pass
686635,28,ShotOnPost,0.8959999847412109,0.9259999847412108,0.0331524722278118,Enzo Fernández,h,11356,DirectFreekick,2025,RightFoot,29142,Chelsea,Tottenham,2,1,2026-05-19 20:15:00,,Standard
686637,45,MissedShots,0.799000015258789,0.485,0.0620689317584037,Cole Palmer,h,8497,OpenPlay,2025,RightFoot,29142,Chelsea,Tottenham,2,1,2026-05-19 20:15:00,Enzo Fernández,Pass
686639,55,BlockedShot,0.855999984741211,0.2760000038146972,0.0468311719596385,Pedro Neto,h,6382,OpenPlay,2025,LeftFoot,29142,Chelsea,Tottenham,2,1,2026-05-19 20:15:00,,
686641,66,Goal,0.9340000152587892,0.505,0.6097752451896667,Andrey Santos,h,11808,OpenPlay,2025,LeftFoot,29142,Chelsea,Tottenham,2,1,2026-05-19 20:15:00,Enzo Fernández,Pass
686642,70,SavedShot,0.9540000152587892,0.315,0.1158269420266151,Pedro Neto,h,6382,OpenPlay,2025,RightFoot,29142,Chelsea,Tottenham,2,1,2026-05-19 20:15:00,Moisés Caicedo,GoodSkill
686646,81,BlockedShot,0.7980000305175782,0.3709999847412109,0.0914665758609771,Cole Palmer,h,8497,DirectFreekick,2025,LeftFoot,29142,Chelsea,Tottenham,2,1,2026-05-19 20:15:00,,Standard
687190,21,MissedShots,0.884000015258789,0.4679999923706054,0.0191451758146286,Thierno Barry,a,12916,SetPiece,2025,Head,29156,Tottenham,Everton,1,0,2026-05-24 15:00:00,James Garner,Aerial
687191,31,BlockedShot,0.7909999847412109,0.3309999847412109,0.0265959650278091,Kiernan Dewsbury-Hall,a,9739,OpenPlay,2025,LeftFoot,29156,Tottenham,Everton,1,0,2026-05-24 15:00:00,Iliman Ndiaye,Pass
687192,32,BlockedShot,0.8430000305175781,0.5029999923706054,0.0681460574269294,Iliman Ndiaye,a,9307,OpenPlay,2025,LeftFoot,29156,Tottenham,Everton,1,0,2026-05-24 15:00:00,James Garner,CornerAwarded
687198,44,BlockedShot,0.8859999847412109,0.3970000076293945,0.0218282360583543,Michael Keane,a,1653,OpenPlay,2025,Head,29156,Tottenham,Everton,1,0,2026-05-24 15:00:00,Jake O&#039;Brien,KeeperPickup
687199,44,MissedShots,0.7419999694824219,0.4609999847412109,0.0106534855440258,James Garner,a,7438,OpenPlay,2025,LeftFoot,29156,Tottenham,Everton,1,0,2026-05-24 15:00:00,,Aerial
687206,92,MissedShots,0.8630000305175781,0.4159999847412109,0.0172365084290504,Michael Keane,a,1653,OpenPlay,2025,Head,29156,Tottenham,Everton,1,0,2026-05-24 15:00:00,James Garner,Cross
687207,95,MissedShots,0.9159999847412108,0.5479999923706055,0.0379066541790962,Carlos Alcaraz,a,11297,OpenPlay,2025,Head,29156,Tottenham,Everton,1,0,2026-05-24 15:00:00,Seamus Coleman,Aerial
687208,98,SavedShot,0.8580000305175781,0.6709999847412109,0.0330706089735031,Tyrique George,a,12573,SetPiece,2025,RightFoot,29156,Tottenham,Everton,1,0,2026-05-24 15:00:00,Vitalii Mykolenko,Pass
687209,99,MissedShots,0.901999969482422,0.4909999847412109,0.0338937044143676,James Tarkowski,a,1665,FromCorner,2025,Head,29156,Tottenham,Everton,1,0,2026-05-24 15:00:00,James Garner,Aerial
