id,minute,result,X,Y,xG,player,h_a,player_id,situation,season,shotType,match_id,h_team,a_team,h_goals,a_goals,date,player_assisted,lastAction
426428,20,BlockedShot,0.775,0.64,0.02393140085041523,Steven Bergwijn,h,8300,OpenPlay,2021,RightFoot,16385,Tottenham,Manchester City,1,0,2021-08-15 15:30:00,Pierre-Emile Højbjerg,Pass
426429,23,MissedShots,0.92,0.544000015258789,0.05431929975748062,Davinson Sánchez,h,6249,SetPiece,2021,Head,16385,Tottenham,Manchester City,1,0,2021-08-15 15:30:00,Son Heung-Min,Aerial
426430,23,BlockedShot,0.9169999694824219,0.34299999237060547,0.06022069975733757,Lucas Moura,h,3293,SetPiece,2021,RightFoot,16385,Tottenham,Manchester City,1,0,2021-08-15 15:30:00,,Rebound
426431,27,BlockedShot,0.9059999847412109,0.4209999847412109,0.12446700036525726,Son Heung-Min,h,453,OpenPlay,2021,LeftFoot,16385,Tottenham,Manchester City,1,0,2021-08-15 15:30:00,Steven Bergwijn,Pass
426434,39,MissedShots,0.8119999694824219,0.5420000076293945,0.0755229964852333,Son Heung-Min,h,453,OpenPlay,2021,RightFoot,16385,Tottenham,Manchester City,1,0,2021-08-15 15:30:00,Lucas Moura,Pass
426436,41,MissedShots,0.8009999847412109,0.34799999237060547,0.019126299768686295,Son Heung-Min,h,453,OpenPlay,2021,RightFoot,16385,Tottenham,Manchester City,1,0,2021-08-15 15:30:00,Lucas Moura,HeadPass
426440,48,MissedShots,0.7290000152587891,0.5220000076293946,0.016568299382925034,Lucas Moura,h,3293,OpenPlay,2021,RightFoot,16385,Tottenham,Manchester City,1,0,2021-08-15 15:30:00,Sergio Reguilón,Pass
426443,53,BlockedShot,0.7030000305175781,0.5990000152587891,0.01280870009213686,Pierre-Emile Højbjerg,h,343,OpenPlay,2021,RightFoot,16385,Tottenham,Manchester City,1,0,2021-08-15 15:30:00,Lucas Moura,Pass
426444,54,Goal,0.8059999847412109,0.3240000152587891,0.027829399332404137,Son Heung-Min,h,453,OpenPlay,2021,LeftFoot,16385,Tottenham,Manchester City,1,0,2021-08-15 15:30:00,Steven Bergwijn,Pass
426447,59,MissedShots,0.8809999847412109,0.6370000076293946,0.5236930251121521,Steven Bergwijn,h,8300,OpenPlay,2021,LeftFoot,16385,Tottenham,Manchester City,1,0,2021-08-15 15:30:00,,Dispossessed
426448,60,SavedShot,0.71,0.4520000076293945,0.0204560998827219,Steven Bergwijn,h,8300,OpenPlay,2021,RightFoot,16385,Tottenham,Manchester City,1,0,2021-08-15 15:30:00,Sergio Reguilón,Pass
426450,73,BlockedShot,0.8780000305175781,0.48200000762939454,0.0776991993188858,Lucas Moura,h,3293,SetPiece,2021,RightFoot,16385,Tottenham,Manchester City,1,0,2021-08-15 15:30:00,,None
426452,78,BlockedShot,0.7819999694824219,0.4490000152587891,0.026767300441861153,Son Heung-Min,h,453,SetPiece,2021,RightFoot,16385,Tottenham,Manchester City,1,0,2021-08-15 15:30:00,Pierre-Emile Højbjerg,Pass
426425,3,BlockedShot,0.8059999847412109,0.73,0.06091199815273285,Ilkay Gündogan,a,314,DirectFreekick,2021,RightFoot,16385,Tottenham,Manchester City,1,0,2021-08-15 15:30:00,,Standard
426426,4,MissedShots,0.9230000305175782,0.4909999847412109,0.25605300068855286,Fernandinho,a,614,FromCorner,2021,Head,16385,Tottenham,Manchester City,1,0,2021-08-15 15:30:00,Benjamin Mendy,Aerial
426427,5,MissedShots,0.8880000305175781,0.42700000762939455,0.13088899850845337,João Cancelo,a,2379,OpenPlay,2021,RightFoot,16385,Tottenham,Manchester City,1,0,2021-08-15 15:30:00,,TakeOn
426432,33,BlockedShot,0.8540000152587891,0.6880000305175781,0.04080729931592941,Jack Grealish,a,675,OpenPlay,2021,RightFoot,16385,Tottenham,Manchester City,1,0,2021-08-15 15:30:00,,None
426433,34,MissedShots,0.9059999847412109,0.51,0.4742240011692047,Riyad Mahrez,a,750,OpenPlay,2021,LeftFoot,16385,Tottenham,Manchester City,1,0,2021-08-15 15:30:00,,None
426435,40,BlockedShot,0.779000015258789,0.395,0.025302400812506676,Riyad Mahrez,a,750,OpenPlay,2021,LeftFoot,16385,Tottenham,Manchester City,1,0,2021-08-15 15:30:00,,None
426437,43,BlockedShot,0.8619999694824219,0.375,0.07863470166921616,Jack Grealish,a,675,OpenPlay,2021,RightFoot,16385,Tottenham,Manchester City,1,0,2021-08-15 15:30:00,João Cancelo,Pass
426438,43,MissedShots,0.7519999694824219,0.40599998474121096,0.015307200141251087,Fernandinho,a,614,OpenPlay,2021,RightFoot,16385,Tottenham,Manchester City,1,0,2021-08-15 15:30:00,,Rebound
426439,47,BlockedShot,0.8669999694824219,0.5179999923706055,0.11210999637842178,Ilkay Gündogan,a,314,OpenPlay,2021,LeftFoot,16385,Tottenham,Manchester City,1,0,2021-08-15 15:30:00,Jack Grealish,Pass
426441,48,SavedShot,0.85,0.705999984741211,0.03247459977865219,Raheem Sterling,a,618,OpenPlay,2021,RightFoot,16385,Tottenham,Manchester City,1,0,2021-08-15 15:30:00,Benjamin Mendy,Pass
426442,51,MissedShots,0.7330000305175781,0.34700000762939454,0.014113999903202057,Fernandinho,a,614,OpenPlay,2021,RightFoot,16385,Tottenham,Manchester City,1,0,2021-08-15 15:30:00,Riyad Mahrez,Pass
426445,56,MissedShots,0.7380000305175781,0.34200000762939453,0.016059700399637222,João Cancelo,a,2379,OpenPlay,2021,RightFoot,16385,Tottenham,Manchester City,1,0,2021-08-15 15:30:00,Fernandinho,Pass
426446,59,MissedShots,0.909000015258789,0.44,0.04629189893603325,Nathan Aké,a,579,FromCorner,2021,Head,16385,Tottenham,Manchester City,1,0,2021-08-15 15:30:00,Fernandinho,HeadPass
426449,69,MissedShots,0.9619999694824218,0.485,0.6131100058555603,Ferrán Torres,a,6441,SetPiece,2021,LeftFoot,16385,Tottenham,Manchester City,1,0,2021-08-15 15:30:00,João Cancelo,Cross
426451,74,SavedShot,0.91,0.67,0.10275699943304062,Jack Grealish,a,675,OpenPlay,2021,LeftFoot,16385,Tottenham,Manchester City,1,0,2021-08-15 15:30:00,Gabriel Jesus,Throughball
426453,80,MissedShots,0.8190000152587891,0.45599998474121095,0.008122500032186508,João Cancelo,a,2379,FromCorner,2021,Head,16385,Tottenham,Manchester City,1,0,2021-08-15 15:30:00,Kevin De Bruyne,Chipped
426454,83,SavedShot,0.7859999847412109,0.6669999694824219,0.02358339913189411,Kevin De Bruyne,a,447,OpenPlay,2021,RightFoot,16385,Tottenham,Manchester City,1,0,2021-08-15 15:30:00,Jack Grealish,Pass
426455,85,SavedShot,0.9690000152587891,0.30100000381469727,0.05630340054631233,Ferrán Torres,a,6441,OpenPlay,2021,RightFoot,16385,Tottenham,Manchester City,1,0,2021-08-15 15:30:00,João Cancelo,Pass
427538,6,MissedShots,0.8959999847412109,0.7240000152587891,0.03447049856185913,Adama Traoré,h,900,OpenPlay,2021,RightFoot,16393,Wolverhampton Wanderers,Tottenham,0,1,2021-08-22 13:00:00,Fernando Marçal,Pass
427540,16,MissedShots,0.750999984741211,0.43900001525878907,0.020389499142766,Nélson Semedo,h,6163,FromCorner,2021,RightFoot,16393,Wolverhampton Wanderers,Tottenham,0,1,2021-08-22 13:00:00,Adama Traoré,Pass
427541,17,SavedShot,0.8640000152587891,0.5570000076293945,0.02874559909105301,Trincão,h,8934,FromCorner,2021,LeftFoot,16393,Wolverhampton Wanderers,Tottenham,0,1,2021-08-22 13:00:00,,Aerial
427542,22,MissedShots,0.6980000305175781,0.4229999923706055,0.014624799601733685,Rúben Neves,h,6853,SetPiece,2021,RightFoot,16393,Wolverhampton Wanderers,Tottenham,0,1,2021-08-22 13:00:00,João Moutinho,Pass
427543,26,MissedShots,0.8419999694824218,0.61,0.04611609876155853,Raúl Jiménez,h,4105,OpenPlay,2021,RightFoot,16393,Wolverhampton Wanderers,Tottenham,0,1,2021-08-22 13:00:00,João Moutinho,Pass
427544,30,BlockedShot,0.8640000152587891,0.39799999237060546,0.055830299854278564,Raúl Jiménez,h,4105,FromCorner,2021,RightFoot,16393,Wolverhampton Wanderers,Tottenham,0,1,2021-08-22 13:00:00,Romain Saiss,None
427545,32,SavedShot,0.7719999694824219,0.5920000076293945,0.026215700432658195,Trincão,h,8934,OpenPlay,2021,LeftFoot,16393,Wolverhampton Wanderers,Tottenham,0,1,2021-08-22 13:00:00,Raúl Jiménez,Pass
427546,44,SavedShot,0.749000015258789,0.4329999923706055,0.013794000260531902,Rúben Neves,h,6853,SetPiece,2021,RightFoot,16393,Wolverhampton Wanderers,Tottenham,0,1,2021-08-22 13:00:00,,None
427547,47,BlockedShot,0.8190000152587891,0.5220000076293946,0.061683300882577896,Rúben Neves,h,6853,OpenPlay,2021,LeftFoot,16393,Wolverhampton Wanderers,Tottenham,0,1,2021-08-22 13:00:00,Adama Traoré,Pass
427548,50,BlockedShot,0.909000015258789,0.7230000305175781,0.03954309970140457,Adama Traoré,h,900,OpenPlay,2021,RightFoot,16393,Wolverhampton Wanderers,Tottenham,0,1,2021-08-22 13:00:00,Raúl Jiménez,HeadPass
427549,52,MissedShots,0.754000015258789,0.31,0.014631000347435474,Nélson Semedo,h,6163,OpenPlay,2021,RightFoot,16393,Wolverhampton Wanderers,Tottenham,0,1,2021-08-22 13:00:00,Max Kilman,BallRecovery
427550,58,SavedShot,0.8809999847412109,0.35400001525878905,0.06248389929533005,Trincão,h,8934,OpenPlay,2021,LeftFoot,16393,Wolverhampton Wanderers,Tottenham,0,1,2021-08-22 13:00:00,Nélson Semedo,Pass
427551,60,SavedShot,0.8630000305175781,0.505,0.5833190083503723,Adama Traoré,h,900,OpenPlay,2021,RightFoot,16393,Wolverhampton Wanderers,Tottenham,0,1,2021-08-22 13:00:00,Rúben Neves,Throughball
427552,61,BlockedShot,0.8680000305175781,0.345,0.05810270085930824,Raúl Jiménez,h,4105,OpenPlay,2021,RightFoot,16393,Wolverhampton Wanderers,Tottenham,0,1,2021-08-22 13:00:00,Trincão,Pass
427553,61,BlockedShot,0.8040000152587891,0.46700000762939453,0.042528800666332245,Adama Traoré,h,900,OpenPlay,2021,RightFoot,16393,Wolverhampton Wanderers,Tottenham,0,1,2021-08-22 13:00:00,Raúl Jiménez,Pass
427554,61,BlockedShot,0.924000015258789,0.43400001525878906,0.12709400057792664,Raúl Jiménez,h,4105,OpenPlay,2021,RightFoot,16393,Wolverhampton Wanderers,Tottenham,0,1,2021-08-22 13:00:00,Nélson Semedo,Pass
427555,62,MissedShots,0.8809999847412109,0.5309999847412109,0.014092399738729,Romain Saiss,h,3491,FromCorner,2021,Head,16393,Wolverhampton Wanderers,Tottenham,0,1,2021-08-22 13:00:00,João Moutinho,Aerial
427559,67,MissedShots,0.8080000305175781,0.43599998474121093,0.045623499900102615,João Moutinho,h,3422,OpenPlay,2021,RightFoot,16393,Wolverhampton Wanderers,Tottenham,0,1,2021-08-22 13:00:00,Rúben Neves,Pass
427560,72,BlockedShot,0.68,0.5120000076293946,0.012569200247526169,Rúben Neves,h,6853,OpenPlay,2021,RightFoot,16393,Wolverhampton Wanderers,Tottenham,0,1,2021-08-22 13:00:00,Adama Traoré,Pass
427561,74,BlockedShot,0.8690000152587891,0.4209999847412109,0.030966000631451607,Trincão,h,8934,OpenPlay,2021,LeftFoot,16393,Wolverhampton Wanderers,Tottenham,0,1,2021-08-22 13:00:00,Raúl Jiménez,Aerial
427562,75,MissedShots,0.89,0.46,0.06002480164170265,Leander Dendoncker,h,7236,OpenPlay,2021,Head,16393,Wolverhampton Wanderers,Tottenham,0,1,2021-08-22 13:00:00,Trincão,Cross
427563,78,MissedShots,0.7380000305175781,0.6659999847412109,0.015435200184583664,Fernando Marçal,h,5708,OpenPlay,2021,LeftFoot,16393,Wolverhampton Wanderers,Tottenham,0,1,2021-08-22 13:00:00,Rúben Neves,Pass
427567,86,BlockedShot,0.7980000305175782,0.664000015258789,0.02483990043401718,Rayan Ait Nouri,h,6674,OpenPlay,2021,LeftFoot,16393,Wolverhampton Wanderers,Tottenham,0,1,2021-08-22 13:00:00,Rúben Neves,TakeOn
427568,87,BlockedShot,0.865,0.5729999923706055,0.06445969641208649,Raúl Jiménez,h,4105,OpenPlay,2021,RightFoot,16393,Wolverhampton Wanderers,Tottenham,0,1,2021-08-22 13:00:00,Adama Traoré,Cross
427570,89,SavedShot,0.8769999694824219,0.5279999923706055,0.013687999919056892,Fabio Silva,h,8778,FromCorner,2021,Head,16393,Wolverhampton Wanderers,Tottenham,0,1,2021-08-22 13:00:00,Rúben Neves,Aerial
427539,9,Goal,0.885,0.5,0.7611690163612366,Dele Alli,a,645,Penalty,2021,RightFoot,16393,Wolverhampton Wanderers,Tottenham,0,1,2021-08-22 13:00:00,,Standard
427556,64,SavedShot,0.7909999847412109,0.5979999923706054,0.03095250017940998,Steven Bergwijn,a,8300,OpenPlay,2021,RightFoot,16393,Wolverhampton Wanderers,Tottenham,0,1,2021-08-22 13:00:00,Hugo Lloris,Pass
427557,64,SavedShot,0.8980000305175782,0.3729999923706055,0.08590099960565567,Son Heung-Min,a,453,OpenPlay,2021,RightFoot,16393,Wolverhampton Wanderers,Tottenham,0,1,2021-08-22 13:00:00,,Rebound
427558,64,BlockedShot,0.850999984741211,0.46299999237060546,0.09109079837799072,Son Heung-Min,a,453,OpenPlay,2021,LeftFoot,16393,Wolverhampton Wanderers,Tottenham,0,1,2021-08-22 13:00:00,Steven Bergwijn,Pass
427564,80,SavedShot,0.9459999847412109,0.595999984741211,0.4530389904975891,Harry Kane,a,647,OpenPlay,2021,RightFoot,16393,Wolverhampton Wanderers,Tottenham,0,1,2021-08-22 13:00:00,Steven Bergwijn,Pass
427565,80,SavedShot,0.965999984741211,0.6680000305175782,0.07524359971284866,Steven Bergwijn,a,8300,OpenPlay,2021,LeftFoot,16393,Wolverhampton Wanderers,Tottenham,0,1,2021-08-22 13:00:00,,None
427566,84,SavedShot,0.9590000152587891,0.41,0.07315439730882645,Eric Dier,a,643,FromCorner,2021,Head,16393,Wolverhampton Wanderers,Tottenham,0,1,2021-08-22 13:00:00,Giovani Lo Celso,Cross
427569,87,BlockedShot,0.8780000305175781,0.41200000762939454,0.15846699476242065,Pierre-Emile Højbjerg,a,343,OpenPlay,2021,RightFoot,16393,Wolverhampton Wanderers,Tottenham,0,1,2021-08-22 13:00:00,Harry Kane,TakeOn
429063,12,BlockedShot,0.8959999847412109,0.4759999847412109,0.1320589929819107,Steven Bergwijn,h,8300,OpenPlay,2021,RightFoot,16404,Tottenham,Watford,1,0,2021-08-29 13:00:00,Japhet Tanganga,Pass
429065,14,BlockedShot,0.845,0.6869999694824219,0.03679110109806061,Steven Bergwijn,h,8300,OpenPlay,2021,RightFoot,16404,Tottenham,Watford,1,0,2021-08-29 13:00:00,,None
429066,19,SavedShot,0.9469999694824218,0.42900001525878906,0.11324500292539597,Japhet Tanganga,h,8222,FromCorner,2021,LeftFoot,16404,Tottenham,Watford,1,0,2021-08-29 13:00:00,,None
429069,29,SavedShot,0.6990000152587891,0.39799999237060546,0.035037100315093994,Eric Dier,h,643,DirectFreekick,2021,RightFoot,16404,Tottenham,Watford,1,0,2021-08-29 13:00:00,,Standard
429070,31,MissedShots,0.9259999847412109,0.4540000152587891,0.04275669902563095,Davinson Sánchez,h,6249,FromCorner,2021,Head,16404,Tottenham,Watford,1,0,2021-08-29 13:00:00,Son Heung-Min,Aerial
429071,32,MissedShots,0.8540000152587891,0.6809999847412109,0.044658299535512924,Son Heung-Min,h,453,OpenPlay,2021,RightFoot,16404,Tottenham,Watford,1,0,2021-08-29 13:00:00,Sergio Reguilón,Pass
429072,34,SavedShot,0.8080000305175781,0.664000015258789,0.025616299360990524,Dele Alli,h,645,OpenPlay,2021,RightFoot,16404,Tottenham,Watford,1,0,2021-08-29 13:00:00,Harry Kane,Pass
429073,41,Goal,0.8019999694824219,0.905,0.027735700830817223,Son Heung-Min,h,453,DirectFreekick,2021,RightFoot,16404,Tottenham,Watford,1,0,2021-08-29 13:00:00,,Standard
429076,56,MissedShots,0.9530000305175781,0.6040000152587891,0.06062519922852516,Davinson Sánchez,h,6249,FromCorner,2021,RightFoot,16404,Tottenham,Watford,1,0,2021-08-29 13:00:00,Son Heung-Min,Cross
429077,58,SavedShot,0.78,0.6909999847412109,0.01645289920270443,Son Heung-Min,h,453,SetPiece,2021,RightFoot,16404,Tottenham,Watford,1,0,2021-08-29 13:00:00,,Dispossessed
429080,66,MissedShots,0.8830000305175781,0.43900001525878907,0.14949199557304382,Dele Alli,h,645,OpenPlay,2021,RightFoot,16404,Tottenham,Watford,1,0,2021-08-29 13:00:00,Harry Kane,Pass
429081,69,BlockedShot,0.7390000152587891,0.575,0.015270000323653221,Sergio Reguilón,h,7187,FromCorner,2021,LeftFoot,16404,Tottenham,Watford,1,0,2021-08-29 13:00:00,,None
429082,71,SavedShot,0.9269999694824219,0.27700000762939453,0.06632480025291443,Lucas Moura,h,3293,OpenPlay,2021,RightFoot,16404,Tottenham,Watford,1,0,2021-08-29 13:00:00,Pierre-Emile Højbjerg,Pass
429083,72,SavedShot,0.71,0.5379999923706055,0.04138530045747757,Pierre-Emile Højbjerg,h,343,DirectFreekick,2021,RightFoot,16404,Tottenham,Watford,1,0,2021-08-29 13:00:00,,Standard
429084,83,SavedShot,0.9180000305175782,0.5,0.11351300030946732,Harry Kane,h,647,FromCorner,2021,RightFoot,16404,Tottenham,Watford,1,0,2021-08-29 13:00:00,Japhet Tanganga,None
429061,0,BlockedShot,0.8190000152587891,0.5279999923706055,0.05603320151567459,Juraj Kucka,a,1123,OpenPlay,2021,RightFoot,16404,Tottenham,Watford,1,0,2021-08-29 13:00:00,Moussa Sissoko,Pass
429062,6,BlockedShot,0.93,0.24299999237060546,0.036205798387527466,Ismaila Sarr,a,5675,OpenPlay,2021,RightFoot,16404,Tottenham,Watford,1,0,2021-08-29 13:00:00,Joshua King,Pass
429064,14,SavedShot,0.9,0.27100000381469724,0.04135280102491379,Ismaila Sarr,a,5675,OpenPlay,2021,RightFoot,16404,Tottenham,Watford,1,0,2021-08-29 13:00:00,Joshua King,Pass
429067,20,BlockedShot,0.8780000305175781,0.6430000305175781,0.07719340175390244,Emmanuel Dennis,a,9301,OpenPlay,2021,RightFoot,16404,Tottenham,Watford,1,0,2021-08-29 13:00:00,Adam Masina,Pass
429068,22,MissedShots,0.7969999694824219,0.7530000305175781,0.05081230029463768,Emmanuel Dennis,a,9301,DirectFreekick,2021,RightFoot,16404,Tottenham,Watford,1,0,2021-08-29 13:00:00,,Standard
429074,52,MissedShots,0.865999984741211,0.5109999847412109,0.08863169699907303,Juraj Kucka,a,1123,OpenPlay,2021,RightFoot,16404,Tottenham,Watford,1,0,2021-08-29 13:00:00,Ismaila Sarr,Pass
429075,53,SavedShot,0.9590000152587891,0.45599998474121095,0.1410609930753708,Ismaila Sarr,a,5675,OpenPlay,2021,RightFoot,16404,Tottenham,Watford,1,0,2021-08-29 13:00:00,Moussa Sissoko,Pass
429078,62,MissedShots,0.775,0.39799999237060546,0.02278679981827736,Moussa Sissoko,a,772,FromCorner,2021,RightFoot,16404,Tottenham,Watford,1,0,2021-08-29 13:00:00,Ismaila Sarr,Pass
429079,66,MissedShots,0.9130000305175782,0.45799999237060546,0.08193980157375336,Juan Camilo Hernández,a,6954,OpenPlay,2021,Head,16404,Tottenham,Watford,1,0,2021-08-29 13:00:00,Oghenekaro Etebo,Cross
429593,20,MissedShots,0.7530000305175781,0.3890000152587891,0.05831630155444145,Conor Gallagher,h,9040,DirectFreekick,2021,RightFoot,16406,Crystal Palace,Tottenham,3,0,2021-09-11 11:30:00,,Standard
429594,33,BlockedShot,0.7780000305175782,0.5879999923706055,0.026977799832820892,Wilfried Zaha,h,522,OpenPlay,2021,RightFoot,16406,Crystal Palace,Tottenham,3,0,2021-09-11 11:30:00,Tyrick Mitchell,Pass
429595,34,BlockedShot,0.87,0.6459999847412109,0.044955700635910034,Wilfried Zaha,h,522,FromCorner,2021,RightFoot,16406,Crystal Palace,Tottenham,3,0,2021-09-11 11:30:00,,None
429596,40,MissedShots,0.7609999847412109,0.43099998474121093,0.026109900325536728,Conor Gallagher,h,9040,OpenPlay,2021,RightFoot,16406,Crystal Palace,Tottenham,3,0,2021-09-11 11:30:00,Jordan Ayew,Pass
429597,41,BlockedShot,0.96,0.549000015258789,0.6316900253295898,Conor Gallagher,h,9040,OpenPlay,2021,LeftFoot,16406,Crystal Palace,Tottenham,3,0,2021-09-11 11:30:00,Wilfried Zaha,Pass
429598,41,SavedShot,0.9690000152587891,0.5529999923706055,0.650833010673523,Conor Gallagher,h,9040,OpenPlay,2021,LeftFoot,16406,Crystal Palace,Tottenham,3,0,2021-09-11 11:30:00,,Rebound
429599,42,MissedShots,0.9369999694824219,0.44,0.0465519018471241,Christian Benteke,h,606,FromCorner,2021,Head,16406,Crystal Palace,Tottenham,3,0,2021-09-11 11:30:00,Conor Gallagher,Aerial
429601,49,BlockedShot,0.899000015258789,0.47200000762939454,0.13148699700832367,Conor Gallagher,h,9040,OpenPlay,2021,RightFoot,16406,Crystal Palace,Tottenham,3,0,2021-09-11 11:30:00,Christian Benteke,Pass
429602,50,MissedShots,0.8480000305175781,0.6680000305175782,0.0307948999106884,James McArthur,h,633,FromCorner,2021,RightFoot,16406,Crystal Palace,Tottenham,3,0,2021-09-11 11:30:00,,None
429603,56,MissedShots,0.855999984741211,0.5379999923706055,0.06397440284490585,Cheikhou Kouyaté,h,532,FromCorner,2021,LeftFoot,16406,Crystal Palace,Tottenham,3,0,2021-09-11 11:30:00,,None
429604,59,MissedShots,0.8640000152587891,0.41900001525878905,0.06538060307502747,Jordan Ayew,h,672,SetPiece,2021,RightFoot,16406,Crystal Palace,Tottenham,3,0,2021-09-11 11:30:00,,None
429605,65,BlockedShot,0.8819999694824219,0.38799999237060545,0.054743800312280655,Jordan Ayew,h,672,OpenPlay,2021,RightFoot,16406,Crystal Palace,Tottenham,3,0,2021-09-11 11:30:00,Wilfried Zaha,Cross
429606,71,BlockedShot,0.8069999694824219,0.6170000076293946,0.032955899834632874,Wilfried Zaha,h,522,OpenPlay,2021,RightFoot,16406,Crystal Palace,Tottenham,3,0,2021-09-11 11:30:00,Conor Gallagher,Pass
429607,73,BlockedShot,0.779000015258789,0.425,0.021205799654126167,Joel Ward,h,510,FromCorner,2021,RightFoot,16406,Crystal Palace,Tottenham,3,0,2021-09-11 11:30:00,,None
429608,75,Goal,0.885,0.5,0.7611690163612366,Wilfried Zaha,h,522,Penalty,2021,RightFoot,16406,Crystal Palace,Tottenham,3,0,2021-09-11 11:30:00,,Standard
429609,79,MissedShots,0.7659999847412109,0.534000015258789,0.0363817997276783,Conor Gallagher,h,9040,OpenPlay,2021,RightFoot,16406,Crystal Palace,Tottenham,3,0,2021-09-11 11:30:00,Jordan Ayew,Pass
429610,83,Goal,0.8569999694824219,0.5429999923706055,0.10611200332641602,Odsonne Edouard,h,3697,OpenPlay,2021,LeftFoot,16406,Crystal Palace,Tottenham,3,0,2021-09-11 11:30:00,Wilfried Zaha,Pass
429612,92,Goal,0.9130000305175782,0.5470000076293945,0.5152080059051514,Odsonne Edouard,h,3697,OpenPlay,2021,LeftFoot,16406,Crystal Palace,Tottenham,3,0,2021-09-11 11:30:00,Conor Gallagher,Pass
429600,47,SavedShot,0.7959999847412109,0.41,0.049135901033878326,Lucas Moura,a,3293,OpenPlay,2021,LeftFoot,16406,Crystal Palace,Tottenham,3,0,2021-09-11 11:30:00,Pierre-Emile Højbjerg,TakeOn
429611,85,MissedShots,0.8690000152587891,0.475,0.02842869982123375,Lucas Moura,a,3293,OpenPlay,2021,Head,16406,Crystal Palace,Tottenham,3,0,2021-09-11 11:30:00,Sergio Reguilón,Cross
431968,1,BlockedShot,0.7830000305175782,0.7030000305175781,0.01943179965019226,Son Heung-Min,h,453,OpenPlay,2021,RightFoot,16425,Tottenham,Chelsea,0,3,2021-09-19 15:30:00,Tanguy NDombele Alvaro,Pass
431969,1,MissedShots,0.9519999694824218,0.639000015258789,0.07298540323972702,Giovani Lo Celso,h,5681,OpenPlay,2021,RightFoot,16425,Tottenham,Chelsea,0,3,2021-09-19 15:30:00,,None
431970,1,MissedShots,0.88,0.4370000076293945,0.03781349956989288,Giovani Lo Celso,h,5681,OpenPlay,2021,Head,16425,Tottenham,Chelsea,0,3,2021-09-19 15:30:00,Emerson,Cross
431971,4,BlockedShot,0.7959999847412109,0.5870000076293945,0.10461600124835968,Harry Kane,h,647,DirectFreekick,2021,RightFoot,16425,Tottenham,Chelsea,0,3,2021-09-19 15:30:00,,Standard
431975,17,MissedShots,0.7909999847412109,0.27399999618530274,0.013317300006747246,Giovani Lo Celso,h,5681,FromCorner,2021,LeftFoot,16425,Tottenham,Chelsea,0,3,2021-09-19 15:30:00,Eric Dier,Aerial
431979,32,SavedShot,0.91,0.425,0.41459301114082336,Son Heung-Min,h,453,OpenPlay,2021,LeftFoot,16425,Tottenham,Chelsea,0,3,2021-09-19 15:30:00,Giovani Lo Celso,Pass
431985,61,MissedShots,0.7569999694824219,0.35700000762939454,0.016181500628590584,Tanguy NDombele Alvaro,h,5962,OpenPlay,2021,RightFoot,16425,Tottenham,Chelsea,0,3,2021-09-19 15:30:00,Giovani Lo Celso,Pass
431986,63,SavedShot,0.7709999847412109,0.40400001525878904,0.026732100173830986,Harry Kane,h,647,OpenPlay,2021,RightFoot,16425,Tottenham,Chelsea,0,3,2021-09-19 15:30:00,Son Heung-Min,Pass
431972,5,MissedShots,0.789000015258789,0.46299999237060546,0.040982600301504135,Kai Havertz,a,5220,OpenPlay,2021,LeftFoot,16425,Tottenham,Chelsea,0,3,2021-09-19 15:30:00,,Dispossessed
431973,10,MissedShots,0.8530000305175781,0.5420000076293945,0.06940659880638123,Kai Havertz,a,5220,OpenPlay,2021,LeftFoot,16425,Tottenham,Chelsea,0,3,2021-09-19 15:30:00,César Azpilicueta,HeadPass
431974,14,BlockedShot,0.8930000305175781,0.4329999923706055,0.14664800465106964,Mason Mount,a,7768,OpenPlay,2021,RightFoot,16425,Tottenham,Chelsea,0,3,2021-09-19 15:30:00,Romelu Lukaku,Pass
431976,21,BlockedShot,0.86,0.7419999694824219,0.016704799607396126,Mason Mount,a,7768,FromCorner,2021,RightFoot,16425,Tottenham,Chelsea,0,3,2021-09-19 15:30:00,Andreas Christensen,Chipped
431977,25,MissedShots,0.8040000152587891,0.4879999923706055,0.05535120144486427,Andreas Christensen,a,200,OpenPlay,2021,RightFoot,16425,Tottenham,Chelsea,0,3,2021-09-19 15:30:00,Romelu Lukaku,Pass
431978,30,BlockedShot,0.855999984741211,0.5640000152587891,0.09332480281591415,Kai Havertz,a,5220,OpenPlay,2021,LeftFoot,16425,Tottenham,Chelsea,0,3,2021-09-19 15:30:00,Marcos Alonso,Pass
431980,46,SavedShot,0.9430000305175781,0.6859999847412109,0.0581388995051384,Marcos Alonso,a,1621,OpenPlay,2021,LeftFoot,16425,Tottenham,Chelsea,0,3,2021-09-19 15:30:00,Thiago Silva,Chipped
431981,48,Goal,0.9069999694824219,0.504000015258789,0.02870509959757328,Thiago Silva,a,3288,FromCorner,2021,Head,16425,Tottenham,Chelsea,0,3,2021-09-19 15:30:00,Marcos Alonso,Aerial
431982,52,BlockedShot,0.895,0.48900001525878906,0.45308300852775574,Marcos Alonso,a,1621,OpenPlay,2021,LeftFoot,16425,Tottenham,Chelsea,0,3,2021-09-19 15:30:00,César Azpilicueta,Pass
431983,53,SavedShot,0.91,0.6229999923706054,0.011795399710536003,Antonio Rüdiger,a,1822,FromCorner,2021,Head,16425,Tottenham,Chelsea,0,3,2021-09-19 15:30:00,Andreas Christensen,Aerial
431984,56,Goal,0.7319999694824219,0.5129999923706055,0.023122400045394897,N&#039;Golo Kanté,a,751,OpenPlay,2021,RightFoot,16425,Tottenham,Chelsea,0,3,2021-09-19 15:30:00,Mateo Kovacic,Pass
431987,74,SavedShot,0.9430000305175781,0.4370000076293945,0.05038269981741905,Thiago Silva,a,3288,FromCorner,2021,Head,16425,Tottenham,Chelsea,0,3,2021-09-19 15:30:00,Marcos Alonso,Aerial
431988,80,SavedShot,0.894000015258789,0.6220000076293946,0.4504309892654419,Timo Werner,a,65,OpenPlay,2021,RightFoot,16425,Tottenham,Chelsea,0,3,2021-09-19 15:30:00,N&#039;Golo Kanté,Throughball
431989,80,BlockedShot,0.865999984741211,0.6559999847412109,0.03651750087738037,Marcos Alonso,a,1621,OpenPlay,2021,LeftFoot,16425,Tottenham,Chelsea,0,3,2021-09-19 15:30:00,,Rebound
431990,80,BlockedShot,0.904000015258789,0.5579999923706055,0.11958999931812286,Marcos Alonso,a,1621,OpenPlay,2021,LeftFoot,16425,Tottenham,Chelsea,0,3,2021-09-19 15:30:00,,None
431991,85,SavedShot,0.9130000305175782,0.495,0.117917999625206,Romelu Lukaku,a,594,OpenPlay,2021,Head,16425,Tottenham,Chelsea,0,3,2021-09-19 15:30:00,Antonio Rüdiger,Cross
431992,86,BlockedShot,0.8690000152587891,0.5579999923706055,0.09255620092153549,Romelu Lukaku,a,594,OpenPlay,2021,LeftFoot,16425,Tottenham,Chelsea,0,3,2021-09-19 15:30:00,Jorginho,Pass
431993,90,SavedShot,0.965999984741211,0.5770000076293945,0.5750979781150818,Mateo Kovacic,a,2254,OpenPlay,2021,RightFoot,16425,Tottenham,Chelsea,0,3,2021-09-19 15:30:00,Romelu Lukaku,Pass
431994,91,Goal,0.8690000152587891,0.47400001525878904,0.06302949786186218,Antonio Rüdiger,a,1822,FromCorner,2021,RightFoot,16425,Tottenham,Chelsea,0,3,2021-09-19 15:30:00,Timo Werner,Pass
431995,93,BlockedShot,0.8809999847412109,0.3579999923706055,0.10056400299072266,Romelu Lukaku,a,594,OpenPlay,2021,RightFoot,16425,Tottenham,Chelsea,0,3,2021-09-19 15:30:00,Marcos Alonso,Chipped
434197,11,Goal,0.9230000305175782,0.4909999847412109,0.5376830101013184,Emile Smith-Rowe,h,7230,OpenPlay,2021,RightFoot,16434,Arsenal,Tottenham,3,1,2021-09-26 15:30:00,Bukayo Saka,Pass
434198,15,SavedShot,0.7719999694824219,0.36700000762939455,0.02520430088043213,Thomas Partey,h,2328,OpenPlay,2021,RightFoot,16434,Arsenal,Tottenham,3,1,2021-09-26 15:30:00,Bukayo Saka,Pass
434199,16,BlockedShot,0.9169999694824219,0.45799999237060546,0.03771990165114403,Pierre-Emerick Aubameyang,h,318,FromCorner,2021,Head,16434,Arsenal,Tottenham,3,1,2021-09-26 15:30:00,Gabriel,Aerial
434200,16,MissedShots,0.7440000152587891,0.3970000076293945,0.02737640030682087,Pierre-Emerick Aubameyang,h,318,OpenPlay,2021,RightFoot,16434,Arsenal,Tottenham,3,1,2021-09-26 15:30:00,Martin Odegaard,Pass
434204,26,Goal,0.8719999694824219,0.5609999847412109,0.11363200098276138,Pierre-Emerick Aubameyang,h,318,OpenPlay,2021,LeftFoot,16434,Arsenal,Tottenham,3,1,2021-09-26 15:30:00,Emile Smith-Rowe,Pass
434205,33,Goal,0.905,0.43900001525878907,0.5214759707450867,Bukayo Saka,h,7322,OpenPlay,2021,RightFoot,16434,Arsenal,Tottenham,3,1,2021-09-26 15:30:00,,None
434207,46,MissedShots,0.7190000152587891,0.27700000762939453,0.016193799674510956,Thomas Partey,h,2328,OpenPlay,2021,RightFoot,16434,Arsenal,Tottenham,3,1,2021-09-26 15:30:00,Bukayo Saka,Pass
434208,53,SavedShot,0.9,0.5179999923706055,0.021420100703835487,Takehiro Tomiyasu,h,7931,FromCorner,2021,Head,16434,Arsenal,Tottenham,3,1,2021-09-26 15:30:00,Martin Odegaard,Aerial
434213,67,SavedShot,0.95,0.27,0.039012499153614044,Pierre-Emerick Aubameyang,h,318,SetPiece,2021,RightFoot,16434,Arsenal,Tottenham,3,1,2021-09-26 15:30:00,Emile Smith-Rowe,Chipped
434214,72,SavedShot,0.799000015258789,0.2929999923706055,0.05049530044198036,Bukayo Saka,h,7322,OpenPlay,2021,LeftFoot,16434,Arsenal,Tottenham,3,1,2021-09-26 15:30:00,Thomas Partey,Chipped
434215,73,MissedShots,0.8809999847412109,0.4470000076293945,0.02818880043923855,Gabriel,h,5613,FromCorner,2021,Head,16434,Arsenal,Tottenham,3,1,2021-09-26 15:30:00,Martin Odegaard,Cross
434217,82,MissedShots,0.7440000152587891,0.5279999923706055,0.026587700471282005,Kieran Tierney,h,8089,OpenPlay,2021,LeftFoot,16434,Arsenal,Tottenham,3,1,2021-09-26 15:30:00,,BallTouch
434201,21,SavedShot,0.9319999694824219,0.7090000152587891,0.09114129841327667,Son Heung-Min,a,453,OpenPlay,2021,LeftFoot,16434,Arsenal,Tottenham,3,1,2021-09-26 15:30:00,,BallRecovery
434202,22,MissedShots,0.9469999694824218,0.5790000152587891,0.08728720247745514,Japhet Tanganga,a,8222,FromCorner,2021,Head,16434,Arsenal,Tottenham,3,1,2021-09-26 15:30:00,Son Heung-Min,Cross
434203,23,MissedShots,0.7080000305175781,0.5329999923706055,0.015911899507045746,Harry Kane,a,647,OpenPlay,2021,RightFoot,16434,Arsenal,Tottenham,3,1,2021-09-26 15:30:00,Lucas Moura,Pass
434206,38,MissedShots,0.91,0.5209999847412109,0.07906659692525864,Harry Kane,a,647,FromCorner,2021,Head,16434,Arsenal,Tottenham,3,1,2021-09-26 15:30:00,Son Heung-Min,Cross
434209,55,BlockedShot,0.885,0.5029999923706054,0.043183401226997375,Harry Kane,a,647,OpenPlay,2021,Head,16434,Arsenal,Tottenham,3,1,2021-09-26 15:30:00,Sergio Reguilón,Aerial
434210,60,SavedShot,0.7769999694824219,0.34900001525878904,0.022532999515533447,Harry Kane,a,647,OpenPlay,2021,RightFoot,16434,Arsenal,Tottenham,3,1,2021-09-26 15:30:00,Emerson,Pass
434211,60,MissedShots,0.9290000152587891,0.625,0.03800629824399948,Lucas Moura,a,3293,FromCorner,2021,OtherBodyPart,16434,Arsenal,Tottenham,3,1,2021-09-26 15:30:00,Son Heung-Min,Aerial
434212,61,MissedShots,0.874000015258789,0.6,0.2924950122833252,Harry Kane,a,647,OpenPlay,2021,RightFoot,16434,Arsenal,Tottenham,3,1,2021-09-26 15:30:00,Eric Dier,Throughball
434216,78,Goal,0.91,0.53,0.2991879880428314,Son Heung-Min,a,453,OpenPlay,2021,RightFoot,16434,Arsenal,Tottenham,3,1,2021-09-26 15:30:00,Sergio Reguilón,Cross
434218,91,SavedShot,0.7290000152587891,0.4470000076293945,0.01135329995304346,Lucas Moura,a,3293,SetPiece,2021,LeftFoot,16434,Arsenal,Tottenham,3,1,2021-09-26 15:30:00,,None
435332,17,BlockedShot,0.885,0.3920000076293945,0.09401500225067139,Son Heung-Min,h,453,OpenPlay,2021,LeftFoot,16443,Tottenham,Aston Villa,2,1,2021-10-03 13:00:00,Lucas Moura,Pass
435333,21,MissedShots,0.764000015258789,0.335,0.02282330021262169,Harry Kane,h,647,OpenPlay,2021,RightFoot,16443,Tottenham,Aston Villa,2,1,2021-10-03 13:00:00,Lucas Moura,Pass
435334,22,SavedShot,0.5640000152587891,0.6930000305175781,0.019492700695991516,Harry Kane,h,647,DirectFreekick,2021,RightFoot,16443,Tottenham,Aston Villa,2,1,2021-10-03 13:00:00,,Standard
435335,23,MissedShots,0.765,0.5220000076293946,0.02808690071105957,Son Heung-Min,h,453,OpenPlay,2021,LeftFoot,16443,Tottenham,Aston Villa,2,1,2021-10-03 13:00:00,Lucas Moura,Pass
435336,26,Goal,0.8230000305175781,0.549000015258789,0.06895320117473602,Pierre-Emile Højbjerg,h,343,OpenPlay,2021,RightFoot,16443,Tottenham,Aston Villa,2,1,2021-10-03 13:00:00,Son Heung-Min,Pass
435338,31,SavedShot,0.7480000305175781,0.4540000152587891,0.06196039915084839,Harry Kane,h,647,DirectFreekick,2021,RightFoot,16443,Tottenham,Aston Villa,2,1,2021-10-03 13:00:00,,Standard
435345,48,BlockedShot,0.7140000152587891,0.4520000076293945,0.15583699941635132,Lucas Moura,h,3293,OpenPlay,2021,RightFoot,16443,Tottenham,Aston Villa,2,1,2021-10-03 13:00:00,Tanguy NDombele Alvaro,Pass
435346,51,BlockedShot,0.8930000305175781,0.29700000762939455,0.06010260060429573,Emerson,h,7430,OpenPlay,2021,RightFoot,16443,Tottenham,Aston Villa,2,1,2021-10-03 13:00:00,,None
435347,52,MissedShots,0.8859999847412109,0.629000015258789,0.05862870067358017,Son Heung-Min,h,453,OpenPlay,2021,RightFoot,16443,Tottenham,Aston Villa,2,1,2021-10-03 13:00:00,Emerson,Cross
435348,55,MissedShots,0.7530000305175781,0.6079999923706054,0.026579000055789948,Son Heung-Min,h,453,OpenPlay,2021,RightFoot,16443,Tottenham,Aston Villa,2,1,2021-10-03 13:00:00,,None
435350,59,SavedShot,0.9690000152587891,0.5779999923706055,0.33812201023101807,Son Heung-Min,h,453,OpenPlay,2021,LeftFoot,16443,Tottenham,Aston Villa,2,1,2021-10-03 13:00:00,Eric Dier,Chipped
435351,60,SavedShot,0.885,0.3970000076293945,0.11478299647569656,Tanguy NDombele Alvaro,h,5962,OpenPlay,2021,LeftFoot,16443,Tottenham,Aston Villa,2,1,2021-10-03 13:00:00,Eric Dier,Pass
435357,78,MissedShots,0.8119999694824219,0.63,0.05252949893474579,Harry Kane,h,647,OpenPlay,2021,RightFoot,16443,Tottenham,Aston Villa,2,1,2021-10-03 13:00:00,Giovani Lo Celso,Pass
435359,81,MissedShots,0.825999984741211,0.34900001525878904,0.054959800094366074,Giovani Lo Celso,h,5681,OpenPlay,2021,LeftFoot,16443,Tottenham,Aston Villa,2,1,2021-10-03 13:00:00,Son Heung-Min,Pass
435360,86,BlockedShot,0.9030000305175782,0.585,0.4056349992752075,Giovani Lo Celso,h,5681,OpenPlay,2021,LeftFoot,16443,Tottenham,Aston Villa,2,1,2021-10-03 13:00:00,Harry Kane,Pass
435361,86,SavedShot,0.9230000305175782,0.629000015258789,0.17537200450897217,Harry Kane,h,647,OpenPlay,2021,LeftFoot,16443,Tottenham,Aston Villa,2,1,2021-10-03 13:00:00,Hugo Lloris,Pass
435362,86,SavedShot,0.9790000152587891,0.69,0.05334119871258736,Harry Kane,h,647,OpenPlay,2021,RightFoot,16443,Tottenham,Aston Villa,2,1,2021-10-03 13:00:00,,Rebound
435337,28,BlockedShot,0.7819999694824219,0.4929999923706055,0.03556929901242256,John McGinn,a,7723,FromCorner,2021,LeftFoot,16443,Tottenham,Aston Villa,2,1,2021-10-03 13:00:00,Douglas Luiz,Pass
435339,42,MissedShots,0.8630000305175781,0.3120000076293945,0.030354900285601616,Ollie Watkins,a,8865,FromCorner,2021,RightFoot,16443,Tottenham,Aston Villa,2,1,2021-10-03 13:00:00,,None
435340,42,MissedShots,0.7659999847412109,0.49700000762939456,0.019829999655485153,John McGinn,a,7723,FromCorner,2021,LeftFoot,16443,Tottenham,Aston Villa,2,1,2021-10-03 13:00:00,,None
435341,43,BlockedShot,0.7909999847412109,0.624000015258789,0.012304900214076042,Danny Ings,a,986,OpenPlay,2021,RightFoot,16443,Tottenham,Aston Villa,2,1,2021-10-03 13:00:00,,Aerial
435342,46,BlockedShot,0.8630000305175781,0.3189999961853027,0.04717009887099266,Matthew Cash,a,8864,OpenPlay,2021,RightFoot,16443,Tottenham,Aston Villa,2,1,2021-10-03 13:00:00,John McGinn,Pass
435343,46,BlockedShot,0.9430000305175781,0.6969999694824218,0.04642760008573532,Matt Targett,a,884,OpenPlay,2021,LeftFoot,16443,Tottenham,Aston Villa,2,1,2021-10-03 13:00:00,,None
435344,47,SavedShot,0.7630000305175781,0.5720000076293945,0.01825129985809326,John McGinn,a,7723,FromCorner,2021,LeftFoot,16443,Tottenham,Aston Villa,2,1,2021-10-03 13:00:00,,None
435349,58,MissedShots,0.71,0.47200000762939454,0.014943700283765793,Matthew Cash,a,8864,OpenPlay,2021,RightFoot,16443,Tottenham,Aston Villa,2,1,2021-10-03 13:00:00,Douglas Luiz,Pass
435352,63,BlockedShot,0.84,0.34700000762939454,0.04857869818806648,Jacob Ramsey,a,8941,OpenPlay,2021,RightFoot,16443,Tottenham,Aston Villa,2,1,2021-10-03 13:00:00,Douglas Luiz,HeadPass
435353,64,BlockedShot,0.8640000152587891,0.5670000076293945,0.07411020249128342,Jacob Ramsey,a,8941,OpenPlay,2021,LeftFoot,16443,Tottenham,Aston Villa,2,1,2021-10-03 13:00:00,Ezri Konsa Ngoyo,Pass
435354,66,Goal,0.965,0.539000015258789,0.6622350215911865,Ollie Watkins,a,8865,OpenPlay,2021,RightFoot,16443,Tottenham,Aston Villa,2,1,2021-10-03 13:00:00,Matt Targett,Pass
435355,70,OwnGoal,0.024000000953674317,0.5259999847412109,0,Matt Targett,a,884,OpenPlay,2021,RightFoot,16443,Tottenham,Aston Villa,2,1,2021-10-03 13:00:00,,None
435356,77,SavedShot,0.8619999694824219,0.5690000152587891,0.04839929938316345,Danny Ings,a,986,OpenPlay,2021,LeftFoot,16443,Tottenham,Aston Villa,2,1,2021-10-03 13:00:00,Matt Targett,Chipped
435358,80,MissedShots,0.875,0.645,0.015770500525832176,Ollie Watkins,a,8865,OpenPlay,2021,Head,16443,Tottenham,Aston Villa,2,1,2021-10-03 13:00:00,,Aerial
437018,1,Goal,0.9290000152587891,0.49200000762939455,0.43057000637054443,Callum Wilson,h,468,OpenPlay,2021,Head,16452,Newcastle United,Tottenham,2,3,2021-10-17 15:30:00,Javier Manquillo,Cross
437019,8,MissedShots,0.91,0.38799999237060545,0.025382699444890022,Ciaran Clark,h,875,OpenPlay,2021,Head,16452,Newcastle United,Tottenham,2,3,2021-10-17 15:30:00,Callum Wilson,Aerial
437023,19,MissedShots,0.9030000305175782,0.47,0.022141600027680397,Jamaal Lascelles,h,766,FromCorner,2021,Head,16452,Newcastle United,Tottenham,2,3,2021-10-17 15:30:00,Matt Ritchie,Aerial
437029,49,MissedShots,0.8130000305175781,0.605999984741211,0.05192460119724274,Allan Saint-Maximin,h,101,OpenPlay,2021,RightFoot,16452,Newcastle United,Tottenham,2,3,2021-10-17 15:30:00,Joelinton,Pass
437034,73,MissedShots,0.78,0.7030000305175781,0.011620099656283855,Allan Saint-Maximin,h,101,OpenPlay,2021,RightFoot,16452,Newcastle United,Tottenham,2,3,2021-10-17 15:30:00,Callum Wilson,HeadPass
437036,81,BlockedShot,0.8290000152587891,0.524000015258789,0.07971300184726715,Ryan Fraser,h,1683,OpenPlay,2021,RightFoot,16452,Newcastle United,Tottenham,2,3,2021-10-17 15:30:00,Allan Saint-Maximin,Pass
437037,81,BlockedShot,0.775,0.33099998474121095,0.024306800216436386,Jacob Murphy,h,6063,FromCorner,2021,RightFoot,16452,Newcastle United,Tottenham,2,3,2021-10-17 15:30:00,Jamaal Lascelles,Pass
437020,12,BlockedShot,0.769000015258789,0.67,0.021262099966406822,Tanguy NDombele Alvaro,a,5962,OpenPlay,2021,LeftFoot,16452,Newcastle United,Tottenham,2,3,2021-10-17 15:30:00,Lucas Moura,Pass
437021,12,SavedShot,0.7040000152587891,0.5429999923706055,0.014856900088489056,Pierre-Emile Højbjerg,a,343,OpenPlay,2021,RightFoot,16452,Newcastle United,Tottenham,2,3,2021-10-17 15:30:00,,Rebound
437022,16,Goal,0.845,0.5879999923706055,0.06758119910955429,Tanguy NDombele Alvaro,a,5962,OpenPlay,2021,RightFoot,16452,Newcastle United,Tottenham,2,3,2021-10-17 15:30:00,Sergio Reguilón,Pass
437024,21,Goal,0.8569999694824219,0.5429999923706055,0.2942200005054474,Harry Kane,a,647,OpenPlay,2021,RightFoot,16452,Newcastle United,Tottenham,2,3,2021-10-17 15:30:00,Pierre-Emile Højbjerg,Chipped
437025,35,BlockedShot,0.894000015258789,0.6840000152587891,0.05744360014796257,Tanguy NDombele Alvaro,a,5962,OpenPlay,2021,RightFoot,16452,Newcastle United,Tottenham,2,3,2021-10-17 15:30:00,Son Heung-Min,Chipped
437026,38,ShotOnPost,0.9169999694824219,0.545,0.08017729967832565,Lucas Moura,a,3293,FromCorner,2021,Head,16452,Newcastle United,Tottenham,2,3,2021-10-17 15:30:00,Son Heung-Min,Cross
437027,46,BlockedShot,0.7780000305175782,0.48700000762939455,0.038582801818847656,Lucas Moura,a,3293,OpenPlay,2021,RightFoot,16452,Newcastle United,Tottenham,2,3,2021-10-17 15:30:00,Son Heung-Min,Pass
437028,48,Goal,0.965,0.545,0.68299400806427,Son Heung-Min,a,453,OpenPlay,2021,LeftFoot,16452,Newcastle United,Tottenham,2,3,2021-10-17 15:30:00,Harry Kane,Pass
437030,48,BlockedShot,0.93,0.6179999923706054,0.03783699870109558,Eric Dier,a,643,FromCorner,2021,OtherBodyPart,16452,Newcastle United,Tottenham,2,3,2021-10-17 15:30:00,Son Heung-Min,Aerial
437031,48,BlockedShot,0.86,0.5590000152587891,0.027600400149822235,Lucas Moura,a,3293,FromCorner,2021,LeftFoot,16452,Newcastle United,Tottenham,2,3,2021-10-17 15:30:00,,Aerial
437032,48,BlockedShot,0.905,0.3840000152587891,0.06288979947566986,Tanguy NDombele Alvaro,a,5962,FromCorner,2021,LeftFoot,16452,Newcastle United,Tottenham,2,3,2021-10-17 15:30:00,,TakeOn
437033,59,MissedShots,0.875999984741211,0.6990000152587891,0.06533019989728928,Tanguy NDombele Alvaro,a,5962,OpenPlay,2021,RightFoot,16452,Newcastle United,Tottenham,2,3,2021-10-17 15:30:00,Harry Kane,Chipped
437035,79,MissedShots,0.7369999694824219,0.5690000152587891,0.01958009973168373,Lucas Moura,a,3293,OpenPlay,2021,RightFoot,16452,Newcastle United,Tottenham,2,3,2021-10-17 15:30:00,Son Heung-Min,Pass
437038,83,BlockedShot,0.8040000152587891,0.6719999694824219,0.08003710210323334,Harry Kane,a,647,DirectFreekick,2021,RightFoot,16452,Newcastle United,Tottenham,2,3,2021-10-17 15:30:00,,Standard
437039,88,OwnGoal,0.07699999809265137,0.48200000762939454,0,Eric Dier,a,643,SetPiece,2021,RightFoot,16452,Newcastle United,Tottenham,2,3,2021-10-17 15:30:00,,Foul
438237,1,BlockedShot,0.845,0.555,0.04183319956064224,Said Benrahma,h,3585,FromCorner,2021,RightFoot,16465,West Ham,Tottenham,1,0,2021-10-24 13:00:00,Tomas Soucek,Pass
438238,7,BlockedShot,0.8019999694824219,0.47,0.05086290091276169,Jarrod Bowen,h,1776,OpenPlay,2021,LeftFoot,16465,West Ham,Tottenham,1,0,2021-10-24 13:00:00,Pablo Fornals,Pass
438239,7,SavedShot,0.8769999694824219,0.6519999694824219,0.03905839845538139,Pablo Fornals,h,2335,OpenPlay,2021,RightFoot,16465,West Ham,Tottenham,1,0,2021-10-24 13:00:00,Jarrod Bowen,Cross
438241,13,MissedShots,0.8680000305175781,0.5179999923706055,0.07072360068559647,Tomas Soucek,h,8288,OpenPlay,2021,LeftFoot,16465,West Ham,Tottenham,1,0,2021-10-24 13:00:00,Michail Antonio,Cross
438242,18,MissedShots,0.8080000305175781,0.6079999923706054,0.03921769931912422,Pablo Fornals,h,2335,OpenPlay,2021,RightFoot,16465,West Ham,Tottenham,1,0,2021-10-24 13:00:00,,None
438245,32,MissedShots,0.88,0.3060000038146973,0.04899879917502403,Ben Johnson,h,6424,OpenPlay,2021,RightFoot,16465,West Ham,Tottenham,1,0,2021-10-24 13:00:00,Tomas Soucek,Pass
438246,34,MissedShots,0.965999984741211,0.4540000152587891,0.5755540132522583,Tomas Soucek,h,8288,OpenPlay,2021,Head,16465,West Ham,Tottenham,1,0,2021-10-24 13:00:00,Pablo Fornals,Cross
438250,40,MissedShots,0.8959999847412109,0.355,0.0589555986225605,Michail Antonio,h,531,OpenPlay,2021,LeftFoot,16465,West Ham,Tottenham,1,0,2021-10-24 13:00:00,Ben Johnson,Chipped
438252,46,BlockedShot,0.8109999847412109,0.5329999923706055,0.048277001827955246,Said Benrahma,h,3585,OpenPlay,2021,RightFoot,16465,West Ham,Tottenham,1,0,2021-10-24 13:00:00,,None
438253,46,BlockedShot,0.8669999694824219,0.4209999847412109,0.07043419778347015,Jarrod Bowen,h,1776,OpenPlay,2021,LeftFoot,16465,West Ham,Tottenham,1,0,2021-10-24 13:00:00,,Rebound
438254,70,SavedShot,0.8619999694824219,0.3509999847412109,0.05915530025959015,Pablo Fornals,h,2335,OpenPlay,2021,RightFoot,16465,West Ham,Tottenham,1,0,2021-10-24 13:00:00,,BallRecovery
438255,71,Goal,0.955999984741211,0.5179999923706055,0.50456702709198,Michail Antonio,h,531,FromCorner,2021,RightFoot,16465,West Ham,Tottenham,1,0,2021-10-24 13:00:00,Aaron Cresswell,Cross
438256,81,SavedShot,0.955,0.6659999847412109,0.13043799996376038,Said Benrahma,h,3585,OpenPlay,2021,LeftFoot,16465,West Ham,Tottenham,1,0,2021-10-24 13:00:00,Michail Antonio,Throughball
438240,10,SavedShot,0.705,0.6930000305175781,0.011668399907648563,Pierre-Emile Højbjerg,a,343,OpenPlay,2021,RightFoot,16465,West Ham,Tottenham,1,0,2021-10-24 13:00:00,Son Heung-Min,Pass
438243,19,MissedShots,0.9,0.4779999923706055,0.13363300263881683,Lucas Moura,a,3293,OpenPlay,2021,RightFoot,16465,West Ham,Tottenham,1,0,2021-10-24 13:00:00,Son Heung-Min,Pass
438244,24,SavedShot,0.8959999847412109,0.355,0.321817010641098,Son Heung-Min,a,453,OpenPlay,2021,RightFoot,16465,West Ham,Tottenham,1,0,2021-10-24 13:00:00,Tanguy NDombele Alvaro,Throughball
438247,37,BlockedShot,0.8130000305175781,0.5029999923706054,0.044815801084041595,Tanguy NDombele Alvaro,a,5962,SetPiece,2021,RightFoot,16465,West Ham,Tottenham,1,0,2021-10-24 13:00:00,,None
438248,38,MissedShots,0.759000015258789,0.62,0.01637900061905384,Sergio Reguilón,a,7187,FromCorner,2021,LeftFoot,16465,West Ham,Tottenham,1,0,2021-10-24 13:00:00,,None
438249,39,SavedShot,0.905,0.5359999847412109,0.09415420144796371,Tanguy NDombele Alvaro,a,5962,OpenPlay,2021,Head,16465,West Ham,Tottenham,1,0,2021-10-24 13:00:00,Sergio Reguilón,Cross
438251,43,SavedShot,0.9359999847412109,0.42200000762939455,0.049731701612472534,Harry Kane,a,647,OpenPlay,2021,Head,16465,West Ham,Tottenham,1,0,2021-10-24 13:00:00,Sergio Reguilón,Aerial
439890,5,BlockedShot,0.765,0.3120000076293945,0.014818100258708,Son Heung-Min,h,453,OpenPlay,2021,LeftFoot,16473,Tottenham,Manchester United,0,3,2021-10-30 16:30:00,,None
439891,6,MissedShots,0.799000015258789,0.6370000076293946,0.015549800358712673,Giovani Lo Celso,h,5681,FromCorner,2021,LeftFoot,16473,Tottenham,Manchester United,0,3,2021-10-30 16:30:00,,Aerial
439895,23,BlockedShot,0.7719999694824219,0.34200000762939453,0.0615835003554821,Giovani Lo Celso,h,5681,DirectFreekick,2021,LeftFoot,16473,Tottenham,Manchester United,0,3,2021-10-30 16:30:00,,Standard
439896,23,MissedShots,0.9590000152587891,0.5879999923706055,0.3506709933280945,Son Heung-Min,h,453,SetPiece,2021,RightFoot,16473,Tottenham,Manchester United,0,3,2021-10-30 16:30:00,Lucas Moura,Chipped
439898,27,MissedShots,0.9169999694824219,0.48200000762939454,0.04090389981865883,Eric Dier,h,643,FromCorner,2021,Head,16473,Tottenham,Manchester United,0,3,2021-10-30 16:30:00,Son Heung-Min,Aerial
439903,43,MissedShots,0.8030000305175782,0.455,0.04888730123639107,Giovani Lo Celso,h,5681,OpenPlay,2021,LeftFoot,16473,Tottenham,Manchester United,0,3,2021-10-30 16:30:00,Emerson,Pass
439904,44,MissedShots,0.9590000152587891,0.49900001525878906,0.5084729790687561,Ben Davies,h,660,FromCorner,2021,Head,16473,Tottenham,Manchester United,0,3,2021-10-30 16:30:00,Giovani Lo Celso,Cross
439905,46,MissedShots,0.81,0.525,0.05664899945259094,Son Heung-Min,h,453,OpenPlay,2021,RightFoot,16473,Tottenham,Manchester United,0,3,2021-10-30 16:30:00,Lucas Moura,Pass
439907,82,BlockedShot,0.965999984741211,0.34900001525878904,0.0603380985558033,Harry Kane,h,647,OpenPlay,2021,RightFoot,16473,Tottenham,Manchester United,0,3,2021-10-30 16:30:00,,BallTouch
439892,7,MissedShots,0.8880000305175781,0.34400001525878904,0.010568300262093544,Edinson Cavani,a,3294,OpenPlay,2021,Head,16473,Tottenham,Manchester United,0,3,2021-10-30 16:30:00,Bruno Fernandes,Cross
439893,8,BlockedShot,0.8819999694824219,0.42700000762939455,0.11403399705886841,Edinson Cavani,a,3294,OpenPlay,2021,RightFoot,16473,Tottenham,Manchester United,0,3,2021-10-30 16:30:00,Aaron Wan-Bissaka,Pass
439894,8,BlockedShot,0.7019999694824218,0.495,0.013517799787223339,Scott McTominay,a,5560,OpenPlay,2021,RightFoot,16473,Tottenham,Manchester United,0,3,2021-10-30 16:30:00,Fred,Pass
439897,24,MissedShots,0.9180000305175782,0.47299999237060547,0.06702230125665665,Edinson Cavani,a,3294,OpenPlay,2021,Head,16473,Tottenham,Manchester United,0,3,2021-10-30 16:30:00,Bruno Fernandes,Chipped
439899,32,SavedShot,0.6930000305175781,0.3370000076293945,0.011040300130844116,Fred,a,6817,OpenPlay,2021,LeftFoot,16473,Tottenham,Manchester United,0,3,2021-10-30 16:30:00,Cristiano Ronaldo,Pass
439900,38,BlockedShot,0.8490000152587891,0.34,0.027618899941444397,Aaron Wan-Bissaka,a,5584,OpenPlay,2021,RightFoot,16473,Tottenham,Manchester United,0,3,2021-10-30 16:30:00,Luke Shaw,Cross
439901,38,BlockedShot,0.8580000305175781,0.5,0.07553009688854218,Cristiano Ronaldo,a,2371,OpenPlay,2021,RightFoot,16473,Tottenham,Manchester United,0,3,2021-10-30 16:30:00,,Rebound
439902,38,Goal,0.960999984741211,0.34,0.05590730160474777,Cristiano Ronaldo,a,2371,OpenPlay,2021,RightFoot,16473,Tottenham,Manchester United,0,3,2021-10-30 16:30:00,Bruno Fernandes,Chipped
439906,63,Goal,0.8540000152587891,0.45099998474121095,0.5647940039634705,Edinson Cavani,a,3294,OpenPlay,2021,RightFoot,16473,Tottenham,Manchester United,0,3,2021-10-30 16:30:00,Cristiano Ronaldo,Throughball
439908,85,Goal,0.875999984741211,0.5929999923706055,0.4481709897518158,Marcus Rashford,a,556,OpenPlay,2021,RightFoot,16473,Tottenham,Manchester United,0,3,2021-10-30 16:30:00,Nemanja Matic,Throughball
441586,5,SavedShot,0.735999984741211,0.4129999923706055,0.0169552993029356,Ben Godfrey,h,7689,OpenPlay,2021,RightFoot,16481,Everton,Tottenham,0,0,2021-11-07 14:00:00,,BallRecovery
441587,7,MissedShots,0.955999984741211,0.3129999923706055,0.01945739984512329,Michael Keane,h,1653,SetPiece,2021,Head,16481,Everton,Tottenham,0,0,2021-11-07 14:00:00,Fabian Delph,Chipped
441592,23,BlockedShot,0.769000015258789,0.38799999237060545,0.02395620010793209,Demarai Gray,h,762,OpenPlay,2021,RightFoot,16481,Everton,Tottenham,0,0,2021-11-07 14:00:00,,BallRecovery
441593,32,MissedShots,0.8819999694824219,0.4420000076293945,0.042455099523067474,Richarlison,h,6026,OpenPlay,2021,Head,16481,Everton,Tottenham,0,0,2021-11-07 14:00:00,Allan,Cross
441594,34,BlockedShot,0.8380000305175781,0.3579999923706055,0.054850298911333084,Demarai Gray,h,762,OpenPlay,2021,RightFoot,16481,Everton,Tottenham,0,0,2021-11-07 14:00:00,Allan,Pass
441595,34,BlockedShot,0.8040000152587891,0.740999984741211,0.03989119827747345,Demarai Gray,h,762,OpenPlay,2021,RightFoot,16481,Everton,Tottenham,0,0,2021-11-07 14:00:00,Allan,Pass
441597,49,MissedShots,0.87,0.35200000762939454,0.03394230082631111,Anthony Gordon,h,8150,OpenPlay,2021,RightFoot,16481,Everton,Tottenham,0,0,2021-11-07 14:00:00,Demarai Gray,Cross
441600,67,BlockedShot,0.8490000152587891,0.5790000152587891,0.04671179875731468,Tom Davies,h,1042,FromCorner,2021,RightFoot,16481,Everton,Tottenham,0,0,2021-11-07 14:00:00,Ben Godfrey,Pass
441601,69,BlockedShot,0.8809999847412109,0.46700000762939453,0.11833500117063522,Demarai Gray,h,762,OpenPlay,2021,RightFoot,16481,Everton,Tottenham,0,0,2021-11-07 14:00:00,Anthony Gordon,Pass
441602,69,SavedShot,0.8130000305175781,0.5329999923706055,0.04427649825811386,Tom Davies,h,1042,OpenPlay,2021,RightFoot,16481,Everton,Tottenham,0,0,2021-11-07 14:00:00,,Rebound
441603,75,BlockedShot,0.8480000305175781,0.6459999847412109,0.04318530112504959,Anthony Gordon,h,8150,SetPiece,2021,RightFoot,16481,Everton,Tottenham,0,0,2021-11-07 14:00:00,,None
441604,81,MissedShots,0.8909999847412109,0.5609999847412109,0.1191290020942688,Demarai Gray,h,762,OpenPlay,2021,RightFoot,16481,Everton,Tottenham,0,0,2021-11-07 14:00:00,Lucas Digne,Pass
441588,17,BlockedShot,0.855999984741211,0.539000015258789,0.1662610024213791,Lucas Moura,a,3293,OpenPlay,2021,RightFoot,16481,Everton,Tottenham,0,0,2021-11-07 14:00:00,,TakeOn
441589,18,BlockedShot,0.745999984741211,0.46,0.02297089993953705,Harry Kane,a,647,OpenPlay,2021,RightFoot,16481,Everton,Tottenham,0,0,2021-11-07 14:00:00,Ben Davies,Pass
441590,18,BlockedShot,0.85,0.42700000762939455,0.08870779722929001,Harry Kane,a,647,OpenPlay,2021,RightFoot,16481,Everton,Tottenham,0,0,2021-11-07 14:00:00,Lucas Moura,Pass
441591,21,MissedShots,0.9209999847412109,0.44,0.10754600167274475,Emerson,a,7430,OpenPlay,2021,Head,16481,Everton,Tottenham,0,0,2021-11-07 14:00:00,Sergio Reguilón,Cross
441596,45,MissedShots,0.9369999694824219,0.575,0.3463999927043915,Sergio Reguilón,a,7187,OpenPlay,2021,LeftFoot,16481,Everton,Tottenham,0,0,2021-11-07 14:00:00,Harry Kane,Cross
441598,55,BlockedShot,0.845,0.7219999694824218,0.03109090030193329,Sergio Reguilón,a,7187,OpenPlay,2021,RightFoot,16481,Everton,Tottenham,0,0,2021-11-07 14:00:00,Son Heung-Min,Pass
441599,60,MissedShots,0.7330000305175781,0.6719999694824219,0.015559200197458267,Ben Davies,a,660,OpenPlay,2021,LeftFoot,16481,Everton,Tottenham,0,0,2021-11-07 14:00:00,Oliver Skipp,Pass
441605,87,ShotOnPost,0.759000015258789,0.5820000076293945,0.023262400180101395,Giovani Lo Celso,a,5681,OpenPlay,2021,LeftFoot,16481,Everton,Tottenham,0,0,2021-11-07 14:00:00,Oliver Skipp,Pass
443377,17,BlockedShot,0.855,0.595999984741211,0.05240099877119064,Sergio Reguilón,h,7187,FromCorner,2021,RightFoot,16493,Tottenham,Leeds,2,1,2021-11-21 16:30:00,,None
443378,27,BlockedShot,0.7730000305175782,0.41200000762939454,0.01945590041577816,Pierre-Emile Højbjerg,h,343,FromCorner,2021,RightFoot,16493,Tottenham,Leeds,2,1,2021-11-21 16:30:00,,None
443382,45,SavedShot,0.9119999694824219,0.3840000152587891,0.2853719890117645,Harry Kane,h,647,OpenPlay,2021,RightFoot,16493,Tottenham,Leeds,2,1,2021-11-21 16:30:00,Lucas Moura,Pass
443386,50,MissedShots,0.9390000152587891,0.3120000076293945,0.05137670040130615,Son Heung-Min,h,453,OpenPlay,2021,RightFoot,16493,Tottenham,Leeds,2,1,2021-11-21 16:30:00,Lucas Moura,Chipped
443390,57,BlockedShot,0.9259999847412109,0.524000015258789,0.11541599780321121,Harry Kane,h,647,OpenPlay,2021,Head,16493,Tottenham,Leeds,2,1,2021-11-21 16:30:00,Sergio Reguilón,Cross
443391,57,Goal,0.8540000152587891,0.5179999923706055,0.350722998380661,Pierre-Emile Højbjerg,h,343,OpenPlay,2021,LeftFoot,16493,Tottenham,Leeds,2,1,2021-11-21 16:30:00,Lucas Moura,Pass
443392,60,BlockedShot,0.955,0.4179999923706055,0.21845300495624542,Harry Kane,h,647,OpenPlay,2021,RightFoot,16493,Tottenham,Leeds,2,1,2021-11-21 16:30:00,,TakeOn
443393,63,SavedShot,0.909000015258789,0.5259999847412109,0.4418160021305084,Ben Davies,h,660,OpenPlay,2021,LeftFoot,16493,Tottenham,Leeds,2,1,2021-11-21 16:30:00,Eric Dier,Throughball
443395,68,BlockedShot,0.7819999694824219,0.495,0.09874430298805237,Eric Dier,h,643,DirectFreekick,2021,RightFoot,16493,Tottenham,Leeds,2,1,2021-11-21 16:30:00,,Standard
443396,68,Goal,0.955999984741211,0.49900001525878906,0.6851639747619629,Sergio Reguilón,h,7187,SetPiece,2021,LeftFoot,16493,Tottenham,Leeds,2,1,2021-11-21 16:30:00,,Rebound
443401,77,MissedShots,0.750999984741211,0.4209999847412109,0.026175599545240402,Lucas Moura,h,3293,OpenPlay,2021,LeftFoot,16493,Tottenham,Leeds,2,1,2021-11-21 16:30:00,Davinson Sánchez,Pass
443402,79,MissedShots,0.7190000152587891,0.4809999847412109,0.018602099269628525,Son Heung-Min,h,453,OpenPlay,2021,RightFoot,16493,Tottenham,Leeds,2,1,2021-11-21 16:30:00,,None
443404,92,BlockedShot,0.7330000305175781,0.6509999847412109,0.021400799974799156,Harry Kane,h,647,OpenPlay,2021,RightFoot,16493,Tottenham,Leeds,2,1,2021-11-21 16:30:00,Ryan Sessegnon,Chipped
443374,1,SavedShot,0.7719999694824219,0.6719999694824219,0.05848110094666481,Kalvin Phillips,a,8719,DirectFreekick,2021,RightFoot,16493,Tottenham,Leeds,2,1,2021-11-21 16:30:00,,Standard
443375,7,MissedShots,0.7440000152587891,0.38799999237060545,0.018096599727869034,Stuart Dallas,a,8718,OpenPlay,2021,RightFoot,16493,Tottenham,Leeds,2,1,2021-11-21 16:30:00,Pascal Struijk,Tackle
443376,14,MissedShots,0.8519999694824218,0.580999984741211,0.04713290184736252,Joe Gelhardt,a,9339,FromCorner,2021,LeftFoot,16493,Tottenham,Leeds,2,1,2021-11-21 16:30:00,Stuart Dallas,Pass
443379,39,BlockedShot,0.7730000305175782,0.6909999847412109,0.019117599353194237,Daniel James,a,5595,OpenPlay,2021,RightFoot,16493,Tottenham,Leeds,2,1,2021-11-21 16:30:00,Mateusz Klich,Pass
443380,40,MissedShots,0.715999984741211,0.5059999847412109,0.015340999700129032,Adam Forshaw,a,1711,OpenPlay,2021,RightFoot,16493,Tottenham,Leeds,2,1,2021-11-21 16:30:00,Jack Harrison,Pass
443381,43,Goal,0.9640000152587891,0.47200000762939454,0.7307130098342896,Daniel James,a,5595,OpenPlay,2021,RightFoot,16493,Tottenham,Leeds,2,1,2021-11-21 16:30:00,Jack Harrison,Pass
443383,46,SavedShot,0.8719999694824219,0.3189999961853027,0.06831920146942139,Daniel James,a,5595,OpenPlay,2021,RightFoot,16493,Tottenham,Leeds,2,1,2021-11-21 16:30:00,Adam Forshaw,Pass
443384,47,MissedShots,0.92,0.49599998474121093,0.04757700115442276,Pascal Struijk,a,8717,FromCorner,2021,Head,16493,Tottenham,Leeds,2,1,2021-11-21 16:30:00,Stuart Dallas,Clearance
443385,48,BlockedShot,0.7830000305175782,0.38,0.01980629935860634,Daniel James,a,5595,FromCorner,2021,RightFoot,16493,Tottenham,Leeds,2,1,2021-11-21 16:30:00,,None
443387,55,SavedShot,0.8730000305175781,0.754000015258789,0.041206300258636475,Joe Gelhardt,a,9339,OpenPlay,2021,LeftFoot,16493,Tottenham,Leeds,2,1,2021-11-21 16:30:00,,None
443388,56,BlockedShot,0.8680000305175781,0.34,0.056546900421381,Daniel James,a,5595,OpenPlay,2021,LeftFoot,16493,Tottenham,Leeds,2,1,2021-11-21 16:30:00,Stuart Dallas,Pass
443389,56,SavedShot,0.865,0.295,0.03971569985151291,Joe Gelhardt,a,9339,OpenPlay,2021,LeftFoot,16493,Tottenham,Leeds,2,1,2021-11-21 16:30:00,Daniel James,Pass
443394,63,MissedShots,0.535,0.135,0.006419450044631958,Kalvin Phillips,a,8719,OpenPlay,2021,RightFoot,16493,Tottenham,Leeds,2,1,2021-11-21 16:30:00,,None
443397,70,MissedShots,0.9330000305175781,0.45799999237060546,0.11168500036001205,Júnior Firpo,a,6485,FromCorner,2021,Head,16493,Tottenham,Leeds,2,1,2021-11-21 16:30:00,Stuart Dallas,Cross
443398,70,MissedShots,0.7280000305175781,0.66,0.015018000267446041,Adam Forshaw,a,1711,FromCorner,2021,RightFoot,16493,Tottenham,Leeds,2,1,2021-11-21 16:30:00,,BallTouch
443399,70,BlockedShot,0.905,0.5629999923706055,0.10781999677419662,Joe Gelhardt,a,9339,FromCorner,2021,LeftFoot,16493,Tottenham,Leeds,2,1,2021-11-21 16:30:00,,Rebound
443400,73,SavedShot,0.8159999847412109,0.720999984741211,0.026002099737524986,Daniel James,a,5595,FromCorner,2021,RightFoot,16493,Tottenham,Leeds,2,1,2021-11-21 16:30:00,Stuart Dallas,Pass
443403,83,SavedShot,0.8240000152587891,0.345,0.039516299962997437,Daniel James,a,5595,OpenPlay,2021,LeftFoot,16493,Tottenham,Leeds,2,1,2021-11-21 16:30:00,Pascal Struijk,Pass
445744,5,SavedShot,0.9180000305175782,0.345,0.08381590247154236,Lucas Moura,h,3293,OpenPlay,2021,RightFoot,16515,Tottenham,Brentford,2,0,2021-12-02 19:30:00,Harry Kane,Pass
445747,28,MissedShots,0.9269999694824219,0.5509999847412109,0.07027660310268402,Sergio Reguilón,h,7187,OpenPlay,2021,Head,16515,Tottenham,Brentford,2,0,2021-12-02 19:30:00,Oliver Skipp,Aerial
445748,35,SavedShot,0.794000015258789,0.5840000152587891,0.05757490172982216,Son Heung-Min,h,453,OpenPlay,2021,LeftFoot,16515,Tottenham,Brentford,2,0,2021-12-02 19:30:00,Pierre-Emile Højbjerg,BallRecovery
445749,36,SavedShot,0.9680000305175781,0.37400001525878906,0.05795019865036011,Pierre-Emile Højbjerg,h,343,FromCorner,2021,RightFoot,16515,Tottenham,Brentford,2,0,2021-12-02 19:30:00,,TakeOn
445750,44,MissedShots,0.960999984741211,0.504000015258789,0.0902751013636589,Davinson Sánchez,h,6249,FromCorner,2021,Head,16515,Tottenham,Brentford,2,0,2021-12-02 19:30:00,Son Heung-Min,Aerial
445751,48,SavedShot,0.8680000305175781,0.5890000152587891,0.3153580129146576,Harry Kane,h,647,OpenPlay,2021,LeftFoot,16515,Tottenham,Brentford,2,0,2021-12-02 19:30:00,Oliver Skipp,Pass
445752,50,BlockedShot,0.9680000305175781,0.4370000076293945,0.06081769987940788,Harry Kane,h,647,FromCorner,2021,Head,16515,Tottenham,Brentford,2,0,2021-12-02 19:30:00,Sergio Reguilón,Rebound
445753,50,SavedShot,0.9069999694824219,0.4779999923706055,0.044268399477005005,Ben Davies,h,660,FromCorner,2021,Head,16515,Tottenham,Brentford,2,0,2021-12-02 19:30:00,,None
445754,52,MissedShots,0.9719999694824218,0.585,0.4577980041503906,Pierre-Emile Højbjerg,h,343,OpenPlay,2021,LeftFoot,16515,Tottenham,Brentford,2,0,2021-12-02 19:30:00,Harry Kane,Pass
445758,64,Goal,0.950999984741211,0.475,0.7821339964866638,Son Heung-Min,h,453,OpenPlay,2021,RightFoot,16515,Tottenham,Brentford,2,0,2021-12-02 19:30:00,Sergio Reguilón,Pass
445761,92,BlockedShot,0.914000015258789,0.29200000762939454,0.07139240205287933,Japhet Tanganga,h,8222,OpenPlay,2021,RightFoot,16515,Tottenham,Brentford,2,0,2021-12-02 19:30:00,Harry Kane,Pass
445745,11,OwnGoal,0.060999999046325686,0.509000015258789,0,Sergi Canos,a,1078,FromCorner,2021,Head,16515,Tottenham,Brentford,2,0,2021-12-02 19:30:00,,Clearance
445746,27,MissedShots,0.7719999694824219,0.6530000305175782,0.0138088995590806,Bryan Mbeumo,a,6552,FromCorner,2021,LeftFoot,16515,Tottenham,Brentford,2,0,2021-12-02 19:30:00,,Aerial
445755,55,BlockedShot,0.915,0.509000015258789,0.03753700107336044,Ivan Toney,a,998,OpenPlay,2021,Head,16515,Tottenham,Brentford,2,0,2021-12-02 19:30:00,Pontus Jansson,Foul
445756,57,MissedShots,0.87,0.5879999923706055,0.02992890030145645,Pontus Jansson,a,1801,OpenPlay,2021,RightFoot,16515,Tottenham,Brentford,2,0,2021-12-02 19:30:00,,Aerial
445757,62,SavedShot,0.8590000152587891,0.6659999847412109,0.04026399925351143,Ivan Toney,a,998,OpenPlay,2021,LeftFoot,16515,Tottenham,Brentford,2,0,2021-12-02 19:30:00,Vitaly Janelt,Pass
445759,83,SavedShot,0.975999984741211,0.6419999694824219,0.0911014974117279,Ivan Toney,a,998,OpenPlay,2021,LeftFoot,16515,Tottenham,Brentford,2,0,2021-12-02 19:30:00,Christian Nørgaard,Throughball
445760,87,MissedShots,0.77,0.28200000762939453,0.012852200306952,Bryan Mbeumo,a,6552,OpenPlay,2021,LeftFoot,16515,Tottenham,Brentford,2,0,2021-12-02 19:30:00,Ivan Toney,TakeOn
446730,4,SavedShot,0.8090000152587891,0.47900001525878905,0.06424959748983383,Oliver Skipp,h,7198,OpenPlay,2021,RightFoot,16522,Tottenham,Norwich,3,0,2021-12-05 14:00:00,Son Heung-Min,TakeOn
446731,9,Goal,0.764000015258789,0.5159999847412109,0.024571599438786507,Lucas Moura,h,3293,OpenPlay,2021,RightFoot,16522,Tottenham,Norwich,3,0,2021-12-05 14:00:00,Son Heung-Min,Pass
446732,20,BlockedShot,0.825999984741211,0.49400001525878906,0.12294100224971771,Lucas Moura,h,3293,OpenPlay,2021,RightFoot,16522,Tottenham,Norwich,3,0,2021-12-05 14:00:00,Pierre-Emile Højbjerg,TakeOn
446733,20,MissedShots,0.7319999694824219,0.38299999237060545,0.014725400134921074,Oliver Skipp,h,7198,OpenPlay,2021,RightFoot,16522,Tottenham,Norwich,3,0,2021-12-05 14:00:00,,Rebound
446734,28,MissedShots,0.8119999694824219,0.6480000305175782,0.04609689861536026,Son Heung-Min,h,453,OpenPlay,2021,LeftFoot,16522,Tottenham,Norwich,3,0,2021-12-05 14:00:00,Lucas Moura,Pass
446735,28,MissedShots,0.87,0.5420000076293945,0.1025639995932579,Harry Kane,h,647,OpenPlay,2021,RightFoot,16522,Tottenham,Norwich,3,0,2021-12-05 14:00:00,Son Heung-Min,Rebound
446737,34,MissedShots,0.9680000305175781,0.5929999923706055,0.4639909863471985,Ben Davies,h,660,SetPiece,2021,LeftFoot,16522,Tottenham,Norwich,3,0,2021-12-05 14:00:00,,None
446740,38,MissedShots,0.779000015258789,0.26399999618530273,0.03859100118279457,Harry Kane,h,647,OpenPlay,2021,RightFoot,16522,Tottenham,Norwich,3,0,2021-12-05 14:00:00,Lucas Moura,Pass
446741,42,BlockedShot,0.855,0.5059999847412109,0.07236240059137344,Son Heung-Min,h,453,OpenPlay,2021,RightFoot,16522,Tottenham,Norwich,3,0,2021-12-05 14:00:00,Ben Davies,Cross
446743,47,MissedShots,0.9369999694824219,0.49700000762939456,0.12146899849176407,Harry Kane,h,647,FromCorner,2021,OtherBodyPart,16522,Tottenham,Norwich,3,0,2021-12-05 14:00:00,Son Heung-Min,Cross
446745,56,MissedShots,0.7830000305175782,0.3729999923706055,0.01942339912056923,Pierre-Emile Højbjerg,h,343,FromCorner,2021,RightFoot,16522,Tottenham,Norwich,3,0,2021-12-05 14:00:00,,None
446748,65,SavedShot,0.785,0.4779999923706055,0.049459099769592285,Harry Kane,h,647,OpenPlay,2021,RightFoot,16522,Tottenham,Norwich,3,0,2021-12-05 14:00:00,Matt Doherty,Pass
446749,66,Goal,0.955999984741211,0.4470000076293945,0.5610529780387878,Davinson Sánchez,h,6249,FromCorner,2021,RightFoot,16522,Tottenham,Norwich,3,0,2021-12-05 14:00:00,,None
446750,69,SavedShot,0.865,0.33099998474121095,0.05790720134973526,Pierre-Emile Højbjerg,h,343,OpenPlay,2021,RightFoot,16522,Tottenham,Norwich,3,0,2021-12-05 14:00:00,Lucas Moura,BallRecovery
446751,73,SavedShot,0.7869999694824219,0.47200000762939454,0.054043300449848175,Harry Kane,h,647,OpenPlay,2021,LeftFoot,16522,Tottenham,Norwich,3,0,2021-12-05 14:00:00,Pierre-Emile Højbjerg,Pass
446753,76,Goal,0.91,0.46099998474121096,0.13799899816513062,Son Heung-Min,h,453,OpenPlay,2021,RightFoot,16522,Tottenham,Norwich,3,0,2021-12-05 14:00:00,Ben Davies,Pass
446755,91,MissedShots,0.8530000305175781,0.539000015258789,0.06177369877696037,Matt Doherty,h,6852,FromCorner,2021,RightFoot,16522,Tottenham,Norwich,3,0,2021-12-05 14:00:00,,None
446729,2,SavedShot,0.915,0.47299999237060547,0.13940200209617615,Teemu Pukki,a,7696,OpenPlay,2021,RightFoot,16522,Tottenham,Norwich,3,0,2021-12-05 14:00:00,Adam Idah,Pass
446736,32,BlockedShot,0.7609999847412109,0.524000015258789,0.01876859925687313,Pierre Lees-Melou,a,5619,FromCorner,2021,RightFoot,16522,Tottenham,Norwich,3,0,2021-12-05 14:00:00,,None
446738,38,BlockedShot,0.9230000305175782,0.435,0.13126599788665771,Grant Hanley,a,7690,SetPiece,2021,LeftFoot,16522,Tottenham,Norwich,3,0,2021-12-05 14:00:00,Kenny McLean,Pass
446739,38,BlockedShot,0.92,0.48200000762939454,0.08992250263690948,Andrew Omobamidele,a,9833,SetPiece,2021,RightFoot,16522,Tottenham,Norwich,3,0,2021-12-05 14:00:00,Ben Gibson,None
446742,45,MissedShots,0.8490000152587891,0.549000015258789,0.0585549995303154,Brandon Williams,a,8075,OpenPlay,2021,RightFoot,16522,Tottenham,Norwich,3,0,2021-12-05 14:00:00,Pierre Lees-Melou,Cross
446744,52,MissedShots,0.960999984741211,0.34599998474121096,0.010583899915218353,Grant Hanley,a,7690,FromCorner,2021,Head,16522,Tottenham,Norwich,3,0,2021-12-05 14:00:00,Billy Gilmour,Aerial
446746,58,MissedShots,0.8830000305175781,0.61,0.07906059920787811,Teemu Pukki,a,7696,OpenPlay,2021,RightFoot,16522,Tottenham,Norwich,3,0,2021-12-05 14:00:00,Brandon Williams,Pass
446747,58,MissedShots,0.935,0.505,0.5555310249328613,Adam Idah,a,8021,OpenPlay,2021,RightFoot,16522,Tottenham,Norwich,3,0,2021-12-05 14:00:00,Teemu Pukki,Rebound
446752,74,MissedShots,0.745999984741211,0.5840000152587891,0.012679100036621094,Billy Gilmour,a,7988,OpenPlay,2021,RightFoot,16522,Tottenham,Norwich,3,0,2021-12-05 14:00:00,Brandon Williams,Pass
446754,80,MissedShots,0.7469999694824219,0.6559999847412109,0.013772199861705303,Billy Gilmour,a,7988,OpenPlay,2021,RightFoot,16522,Tottenham,Norwich,3,0,2021-12-05 14:00:00,Brandon Williams,Pass
449808,12,BlockedShot,0.95,0.40599998474121096,0.10425899922847748,Harry Kane,h,647,OpenPlay,2021,RightFoot,16552,Tottenham,Liverpool,2,2,2021-12-19 16:30:00,Emerson,Cross
449809,12,Goal,0.914000015258789,0.3729999923706055,0.12379299849271774,Harry Kane,h,647,OpenPlay,2021,RightFoot,16552,Tottenham,Liverpool,2,2,2021-12-19 16:30:00,Tanguy NDombele Alvaro,Throughball
449810,15,MissedShots,0.905,0.54,0.5885199904441833,Son Heung-Min,h,453,OpenPlay,2021,LeftFoot,16552,Tottenham,Liverpool,2,2,2021-12-19 16:30:00,Harry Kane,Pass
449816,29,SavedShot,0.8619999694824219,0.5370000076293945,0.4650000035762787,Dele Alli,h,645,OpenPlay,2021,RightFoot,16552,Tottenham,Liverpool,2,2,2021-12-19 16:30:00,Son Heung-Min,Pass
449818,37,SavedShot,0.9569999694824218,0.4979999923706055,0.08762480318546295,Davinson Sánchez,h,6249,FromCorner,2021,Head,16552,Tottenham,Liverpool,2,2,2021-12-19 16:30:00,Son Heung-Min,Aerial
449823,47,BlockedShot,0.87,0.4129999923706055,0.09771540015935898,Harry Kane,h,647,OpenPlay,2021,LeftFoot,16552,Tottenham,Liverpool,2,2,2021-12-19 16:30:00,Emerson,Pass
449825,54,SavedShot,0.9059999847412109,0.485,0.47099700570106506,Harry Kane,h,647,OpenPlay,2021,LeftFoot,16552,Tottenham,Liverpool,2,2,2021-12-19 16:30:00,Dele Alli,Pass
449826,55,MissedShots,0.965,0.47299999237060547,0.48464998602867126,Harry Kane,h,647,FromCorner,2021,Head,16552,Tottenham,Liverpool,2,2,2021-12-19 16:30:00,,None
449831,73,Goal,0.93,0.6780000305175782,0.31465399265289307,Son Heung-Min,h,453,OpenPlay,2021,LeftFoot,16552,Tottenham,Liverpool,2,2,2021-12-19 16:30:00,,None
449832,95,SavedShot,0.8980000305175782,0.66,0.06055440008640289,Harry Kane,h,647,OpenPlay,2021,LeftFoot,16552,Tottenham,Liverpool,2,2,2021-12-19 16:30:00,,None
449805,0,MissedShots,0.8919999694824219,0.555,0.04357919842004776,Andrew Robertson,a,1688,OpenPlay,2021,Head,16552,Tottenham,Liverpool,2,2,2021-12-19 16:30:00,Trent Alexander-Arnold,Chipped
449806,1,SavedShot,0.7980000305175782,0.654000015258789,0.02863050065934658,James Milner,a,489,OpenPlay,2021,LeftFoot,16552,Tottenham,Liverpool,2,2,2021-12-19 16:30:00,Mohamed Salah,Pass
449807,10,SavedShot,0.754000015258789,0.435,0.020114300772547722,Trent Alexander-Arnold,a,1791,OpenPlay,2021,LeftFoot,16552,Tottenham,Liverpool,2,2,2021-12-19 16:30:00,,None
449811,22,BlockedShot,0.8780000305175781,0.675,0.05094410106539726,Sadio Mané,a,838,OpenPlay,2021,RightFoot,16552,Tottenham,Liverpool,2,2,2021-12-19 16:30:00,James Milner,Pass
449812,22,SavedShot,0.815,0.5279999923706055,0.046647198498249054,Naby Keita,a,5247,OpenPlay,2021,LeftFoot,16552,Tottenham,Liverpool,2,2,2021-12-19 16:30:00,,Rebound
449813,23,MissedShots,0.8930000305175781,0.415,0.013420100323855877,Joel Matip,a,332,FromCorner,2021,Head,16552,Tottenham,Liverpool,2,2,2021-12-19 16:30:00,James Milner,Aerial
449814,26,BlockedShot,0.7559999847412109,0.4570000076293945,0.015740899369120598,James Milner,a,489,SetPiece,2021,RightFoot,16552,Tottenham,Liverpool,2,2,2021-12-19 16:30:00,,None
449815,28,MissedShots,0.9740000152587891,0.3970000076293945,0.019673500210046768,Sadio Mané,a,838,SetPiece,2021,Head,16552,Tottenham,Liverpool,2,2,2021-12-19 16:30:00,Andrew Robertson,Aerial
449817,34,Goal,0.9130000305175782,0.55,0.050819799304008484,Diogo Jota,a,6854,OpenPlay,2021,Head,16552,Tottenham,Liverpool,2,2,2021-12-19 16:30:00,Andrew Robertson,Chipped
449819,40,BlockedShot,0.8780000305175781,0.2979999923706055,0.04070959985256195,Mohamed Salah,a,1250,OpenPlay,2021,LeftFoot,16552,Tottenham,Liverpool,2,2,2021-12-19 16:30:00,Naby Keita,Pass
449820,42,SavedShot,0.92,0.3920000076293945,0.08184090256690979,Trent Alexander-Arnold,a,1791,OpenPlay,2021,RightFoot,16552,Tottenham,Liverpool,2,2,2021-12-19 16:30:00,Sadio Mané,Cross
449821,43,MissedShots,0.909000015258789,0.44299999237060544,0.09358759969472885,Diogo Jota,a,6854,SetPiece,2021,Head,16552,Tottenham,Liverpool,2,2,2021-12-19 16:30:00,Trent Alexander-Arnold,Cross
449822,47,MissedShots,0.8809999847412109,0.48400001525878905,0.03058220073580742,Diogo Jota,a,6854,OpenPlay,2021,Head,16552,Tottenham,Liverpool,2,2,2021-12-19 16:30:00,Trent Alexander-Arnold,Aerial
449824,49,BlockedShot,0.8430000305175781,0.33799999237060546,0.03789940103888512,Naby Keita,a,5247,OpenPlay,2021,RightFoot,16552,Tottenham,Liverpool,2,2,2021-12-19 16:30:00,Mohamed Salah,Pass
449827,58,BlockedShot,0.815,0.4929999923706055,0.05769319832324982,Mohamed Salah,a,1250,OpenPlay,2021,LeftFoot,16552,Tottenham,Liverpool,2,2,2021-12-19 16:30:00,,BallTouch
449828,60,MissedShots,0.7580000305175781,0.6229999923706054,0.017507800832390785,James Milner,a,489,SetPiece,2021,RightFoot,16552,Tottenham,Liverpool,2,2,2021-12-19 16:30:00,Mohamed Salah,Pass
449829,60,BlockedShot,0.7980000305175782,0.6840000152587891,0.018208900466561317,Naby Keita,a,5247,FromCorner,2021,RightFoot,16552,Tottenham,Liverpool,2,2,2021-12-19 16:30:00,,None
449830,68,Goal,0.9780000305175781,0.5159999847412109,0.8842189908027649,Andrew Robertson,a,1688,OpenPlay,2021,Head,16552,Tottenham,Liverpool,2,2,2021-12-19 16:30:00,Trent Alexander-Arnold,Pass
450552,2,SavedShot,0.7430000305175781,0.44,0.020786799490451813,Son Heung-Min,h,453,OpenPlay,2021,LeftFoot,16563,Tottenham,Crystal Palace,3,0,2021-12-26 15:00:00,Lucas Moura,Pass
450555,10,BlockedShot,0.8059999847412109,0.7380000305175781,0.02345390059053898,Japhet Tanganga,h,8222,OpenPlay,2021,RightFoot,16563,Tottenham,Crystal Palace,3,0,2021-12-26 15:00:00,Son Heung-Min,Pass
450556,10,MissedShots,0.8180000305175781,0.4909999847412109,0.0443326011300087,Oliver Skipp,h,7198,OpenPlay,2021,RightFoot,16563,Tottenham,Crystal Palace,3,0,2021-12-26 15:00:00,,Rebound
450557,13,BlockedShot,0.8080000305175781,0.610999984741211,0.05677109956741333,Lucas Moura,h,3293,OpenPlay,2021,LeftFoot,16563,Tottenham,Crystal Palace,3,0,2021-12-26 15:00:00,Emerson,TakeOn
450558,24,MissedShots,0.965,0.575999984741211,0.37648600339889526,Lucas Moura,h,3293,OpenPlay,2021,Head,16563,Tottenham,Crystal Palace,3,0,2021-12-26 15:00:00,Sergio Reguilón,Cross
450559,31,Goal,0.905,0.45799999237060546,0.42807498574256897,Harry Kane,h,647,OpenPlay,2021,RightFoot,16563,Tottenham,Crystal Palace,3,0,2021-12-26 15:00:00,Lucas Moura,Pass
450560,33,Goal,0.9530000305175781,0.5179999923706055,0.6345000267028809,Lucas Moura,h,3293,OpenPlay,2021,Head,16563,Tottenham,Crystal Palace,3,0,2021-12-26 15:00:00,Emerson,Aerial
450561,39,SavedShot,0.9319999694824219,0.43400001525878906,0.05474970117211342,Emerson,h,7430,OpenPlay,2021,Head,16563,Tottenham,Crystal Palace,3,0,2021-12-26 15:00:00,Sergio Reguilón,Aerial
450562,56,MissedShots,0.9080000305175782,0.41900001525878905,0.05864829942584038,Harry Kane,h,647,FromCorner,2021,RightFoot,16563,Tottenham,Crystal Palace,3,0,2021-12-26 15:00:00,Son Heung-Min,Cross
450564,73,Goal,0.965,0.43599998474121093,0.5378689765930176,Son Heung-Min,h,453,OpenPlay,2021,LeftFoot,16563,Tottenham,Crystal Palace,3,0,2021-12-26 15:00:00,Lucas Moura,Cross
450565,75,SavedShot,0.7980000305175782,0.55,0.06010729819536209,Steven Bergwijn,h,8300,OpenPlay,2021,RightFoot,16563,Tottenham,Crystal Palace,3,0,2021-12-26 15:00:00,,BallRecovery
450566,80,BlockedShot,0.825999984741211,0.6969999694824218,0.04560460150241852,Sergio Reguilón,h,7187,OpenPlay,2021,LeftFoot,16563,Tottenham,Crystal Palace,3,0,2021-12-26 15:00:00,Bryan Gil Salvatierra,Pass
450567,81,BlockedShot,0.91,0.435,0.018581600859761238,Japhet Tanganga,h,8222,FromCorner,2021,Head,16563,Tottenham,Crystal Palace,3,0,2021-12-26 15:00:00,Steven Bergwijn,Aerial
450568,82,MissedShots,0.9030000305175782,0.46299999237060546,0.14378200471401215,Lucas Moura,h,3293,OpenPlay,2021,RightFoot,16563,Tottenham,Crystal Palace,3,0,2021-12-26 15:00:00,Oliver Skipp,Pass
450569,85,MissedShots,0.914000015258789,0.5370000076293945,0.13878899812698364,Lucas Moura,h,3293,OpenPlay,2021,RightFoot,16563,Tottenham,Crystal Palace,3,0,2021-12-26 15:00:00,Emerson,Cross
450570,86,BlockedShot,0.919000015258789,0.2560000038146973,0.05787630006670952,Steven Bergwijn,h,8300,OpenPlay,2021,RightFoot,16563,Tottenham,Crystal Palace,3,0,2021-12-26 15:00:00,Emerson,Pass
450571,87,MissedShots,0.8580000305175781,0.5179999923706055,0.12210600078105927,Davinson Sánchez,h,6249,OpenPlay,2021,LeftFoot,16563,Tottenham,Crystal Palace,3,0,2021-12-26 15:00:00,Sergio Reguilón,Pass
450551,0,MissedShots,0.8490000152587891,0.519000015258789,0.07818110287189484,Jordan Ayew,a,672,OpenPlay,2021,LeftFoot,16563,Tottenham,Crystal Palace,3,0,2021-12-26 15:00:00,Odsonne Edouard,Pass
450553,5,BlockedShot,0.794000015258789,0.34200000762939453,0.028373099863529205,Jordan Ayew,a,672,OpenPlay,2021,RightFoot,16563,Tottenham,Crystal Palace,3,0,2021-12-26 15:00:00,Will Hughes,BallRecovery
450554,8,MissedShots,0.8830000305175781,0.5420000076293945,0.018957799300551414,James Tomkins,a,530,SetPiece,2021,Head,16563,Tottenham,Crystal Palace,3,0,2021-12-26 15:00:00,Conor Gallagher,Aerial
450563,59,BlockedShot,0.835999984741211,0.39799999237060546,0.052812300622463226,Jordan Ayew,a,672,OpenPlay,2021,LeftFoot,16563,Tottenham,Crystal Palace,3,0,2021-12-26 15:00:00,Conor Gallagher,BallTouch
450721,7,MissedShots,0.9369999694824219,0.5540000152587891,0.13010400533676147,Adam Armstrong,h,4419,OpenPlay,2021,Head,16575,Southampton,Tottenham,1,1,2021-12-28 15:00:00,Kyle Walker-Peters,Cross
450722,9,MissedShots,0.7759999847412109,0.32799999237060545,0.013595299795269966,Yan Valery,h,7280,OpenPlay,2021,RightFoot,16575,Southampton,Tottenham,1,1,2021-12-28 15:00:00,Ibrahima Diallo,Chipped
450723,24,Goal,0.8569999694824219,0.6459999847412109,0.053774598985910416,James Ward-Prowse,h,843,OpenPlay,2021,RightFoot,16575,Southampton,Tottenham,1,1,2021-12-28 15:00:00,,None
450725,31,MissedShots,0.9080000305175782,0.6509999847412109,0.02816079929471016,Adam Armstrong,h,4419,OpenPlay,2021,Head,16575,Southampton,Tottenham,1,1,2021-12-28 15:00:00,,None
450730,53,SavedShot,0.7980000305175782,0.285,0.016808100044727325,James Ward-Prowse,h,843,OpenPlay,2021,LeftFoot,16575,Southampton,Tottenham,1,1,2021-12-28 15:00:00,Stuart Armstrong,Pass
450733,59,BlockedShot,0.8130000305175781,0.46700000762939453,0.062302298843860626,Stuart Armstrong,h,6893,OpenPlay,2021,LeftFoot,16575,Southampton,Tottenham,1,1,2021-12-28 15:00:00,Ibrahima Diallo,Pass
450734,63,BlockedShot,0.7090000152587891,0.3920000076293945,0.015495199710130692,Stuart Armstrong,h,6893,OpenPlay,2021,RightFoot,16575,Southampton,Tottenham,1,1,2021-12-28 15:00:00,Ibrahima Diallo,Pass
450735,68,BlockedShot,0.664000015258789,0.76,0.009073089808225632,Romain Perraud,h,6500,OpenPlay,2021,RightFoot,16575,Southampton,Tottenham,1,1,2021-12-28 15:00:00,,BallRecovery
450746,91,BlockedShot,0.9340000152587891,0.32099998474121094,0.023729199543595314,Armando Broja,h,8384,OpenPlay,2021,RightFoot,16575,Southampton,Tottenham,1,1,2021-12-28 15:00:00,,Aerial
450724,28,SavedShot,0.7290000152587891,0.47,0.0507081001996994,Harry Kane,a,647,DirectFreekick,2021,RightFoot,16575,Southampton,Tottenham,1,1,2021-12-28 15:00:00,,Standard
450726,34,SavedShot,0.749000015258789,0.6229999923706054,0.0197783000767231,Son Heung-Min,a,453,OpenPlay,2021,LeftFoot,16575,Southampton,Tottenham,1,1,2021-12-28 15:00:00,Harry Kane,Pass
450727,40,Goal,0.885,0.5,0.7611690163612366,Harry Kane,a,647,Penalty,2021,RightFoot,16575,Southampton,Tottenham,1,1,2021-12-28 15:00:00,,Standard
450728,48,MissedShots,0.870999984741211,0.3120000076293945,0.031033599749207497,Harry Kane,a,647,OpenPlay,2021,LeftFoot,16575,Southampton,Tottenham,1,1,2021-12-28 15:00:00,Dele Alli,Cross
450729,51,SavedShot,0.9080000305175782,0.415,0.1470559984445572,Eric Dier,a,643,SetPiece,2021,Head,16575,Southampton,Tottenham,1,1,2021-12-28 15:00:00,Son Heung-Min,Cross
450731,54,BlockedShot,0.9030000305175782,0.6580000305175782,0.07913470268249512,Son Heung-Min,a,453,OpenPlay,2021,LeftFoot,16575,Southampton,Tottenham,1,1,2021-12-28 15:00:00,Harry Kane,Pass
450732,58,BlockedShot,0.9280000305175782,0.6329999923706054,0.07060199975967407,Son Heung-Min,a,453,OpenPlay,2021,RightFoot,16575,Southampton,Tottenham,1,1,2021-12-28 15:00:00,Ben Davies,Cross
450736,69,SavedShot,0.9480000305175781,0.6079999923706054,0.4768730103969574,Matt Doherty,a,6852,OpenPlay,2021,RightFoot,16575,Southampton,Tottenham,1,1,2021-12-28 15:00:00,Son Heung-Min,Pass
450737,69,MissedShots,0.7769999694824219,0.3820000076293945,0.014580599963665009,Matt Doherty,a,6852,FromCorner,2021,RightFoot,16575,Southampton,Tottenham,1,1,2021-12-28 15:00:00,,Aerial
450738,69,MissedShots,0.7980000305175782,0.3820000076293945,0.03402340039610863,Matt Doherty,a,6852,FromCorner,2021,RightFoot,16575,Southampton,Tottenham,1,1,2021-12-28 15:00:00,,Rebound
450739,75,MissedShots,0.9259999847412109,0.6179999923706054,0.08793040364980698,Matt Doherty,a,6852,OpenPlay,2021,RightFoot,16575,Southampton,Tottenham,1,1,2021-12-28 15:00:00,Harry Winks,Chipped
450740,77,SavedShot,0.9309999847412109,0.4129999923706055,0.04364259913563728,Lucas Moura,a,3293,OpenPlay,2021,Head,16575,Southampton,Tottenham,1,1,2021-12-28 15:00:00,Matt Doherty,Aerial
450741,78,SavedShot,0.9280000305175782,0.455,0.05881970003247261,Son Heung-Min,a,453,OpenPlay,2021,Head,16575,Southampton,Tottenham,1,1,2021-12-28 15:00:00,Bryan Gil Salvatierra,Aerial
450742,83,BlockedShot,0.8109999847412109,0.6430000305175781,0.014825999736785889,Ben Davies,a,660,OpenPlay,2021,LeftFoot,16575,Southampton,Tottenham,1,1,2021-12-28 15:00:00,,Aerial
450743,86,SavedShot,0.8090000152587891,0.3060000038146973,0.028872599825263023,Lucas Moura,a,3293,OpenPlay,2021,RightFoot,16575,Southampton,Tottenham,1,1,2021-12-28 15:00:00,Eric Dier,Pass
450744,87,SavedShot,0.95,0.38799999237060545,0.13064399361610413,Lucas Moura,a,3293,OpenPlay,2021,RightFoot,16575,Southampton,Tottenham,1,1,2021-12-28 15:00:00,Matt Doherty,Throughball
450745,90,SavedShot,0.93,0.48700000762939455,0.13725599646568298,Son Heung-Min,a,453,OpenPlay,2021,Head,16575,Southampton,Tottenham,1,1,2021-12-28 15:00:00,Harry Winks,Cross
450747,92,BlockedShot,0.8180000305175781,0.49,0.052692800760269165,Pierre-Emile Højbjerg,a,343,OpenPlay,2021,RightFoot,16575,Southampton,Tottenham,1,1,2021-12-28 15:00:00,,None
450748,93,MissedShots,0.9590000152587891,0.590999984741211,0.4033609926700592,Harry Kane,a,647,OpenPlay,2021,Head,16575,Southampton,Tottenham,1,1,2021-12-28 15:00:00,Harry Winks,Aerial
450749,94,SavedShot,0.8640000152587891,0.43099998474121093,0.10067100077867508,Bryan Gil Salvatierra,a,7338,OpenPlay,2021,LeftFoot,16575,Southampton,Tottenham,1,1,2021-12-28 15:00:00,Matt Doherty,Pass
450750,94,BlockedShot,0.93,0.4570000076293945,0.0485416017472744,Davinson Sánchez,a,6249,FromCorner,2021,OtherBodyPart,16575,Southampton,Tottenham,1,1,2021-12-28 15:00:00,Son Heung-Min,Aerial
450751,95,MissedShots,0.9330000305175781,0.40299999237060546,0.017452800646424294,Eric Dier,a,643,FromCorner,2021,Head,16575,Southampton,Tottenham,1,1,2021-12-28 15:00:00,Son Heung-Min,Aerial
450962,1,SavedShot,0.9080000305175782,0.3220000076293945,0.06308449804782867,Emmanuel Dennis,h,9301,OpenPlay,2021,LeftFoot,16585,Watford,Tottenham,0,1,2022-01-01 15:00:00,Joshua King,TakeOn
450966,24,SavedShot,0.799000015258789,0.6419999694824219,0.03215369954705238,Ken Sema,h,6841,OpenPlay,2021,RightFoot,16585,Watford,Tottenham,0,1,2022-01-01 15:00:00,Joshua King,Pass
450976,53,SavedShot,0.74,0.7119999694824218,0.01666240021586418,Joshua King,h,465,OpenPlay,2021,RightFoot,16585,Watford,Tottenham,0,1,2022-01-01 15:00:00,Ken Sema,Pass
450977,54,SavedShot,0.8680000305175781,0.5109999847412109,0.07529599964618683,João Pedro,h,8272,FromCorner,2021,LeftFoot,16585,Watford,Tottenham,0,1,2022-01-01 15:00:00,,None
450978,57,MissedShots,0.9209999847412109,0.514000015258789,0.04722660034894943,Joshua King,h,465,FromCorner,2021,Head,16585,Watford,Tottenham,0,1,2022-01-01 15:00:00,Imran Louza,Aerial
450979,62,MissedShots,0.7830000305175782,0.6569999694824219,0.06909050047397614,João Pedro,h,8272,DirectFreekick,2021,RightFoot,16585,Watford,Tottenham,0,1,2022-01-01 15:00:00,,Standard
450963,16,MissedShots,0.8469999694824218,0.56,0.0650779977440834,Pierre-Emile Højbjerg,a,343,OpenPlay,2021,RightFoot,16585,Watford,Tottenham,0,1,2022-01-01 15:00:00,,None
450964,18,SavedShot,0.8230000305175781,0.754000015258789,0.01805949956178665,Harry Kane,a,647,OpenPlay,2021,RightFoot,16585,Watford,Tottenham,0,1,2022-01-01 15:00:00,,None
450965,21,MissedShots,0.9019999694824219,0.5220000076293946,0.027814200147986412,Davinson Sánchez,a,6249,FromCorner,2021,Head,16585,Watford,Tottenham,0,1,2022-01-01 15:00:00,,Aerial
450967,25,SavedShot,0.8030000305175782,0.6179999923706054,0.04003329947590828,Sergio Reguilón,a,7187,OpenPlay,2021,LeftFoot,16585,Watford,Tottenham,0,1,2022-01-01 15:00:00,Pierre-Emile Højbjerg,Pass
450968,25,BlockedShot,0.71,0.525,0.014100399799644947,Ben Davies,a,660,OpenPlay,2021,LeftFoot,16585,Watford,Tottenham,0,1,2022-01-01 15:00:00,Pierre-Emile Højbjerg,Pass
450969,30,MissedShots,0.8159999847412109,0.5579999923706055,0.06125659868121147,Harry Kane,a,647,OpenPlay,2021,RightFoot,16585,Watford,Tottenham,0,1,2022-01-01 15:00:00,Oliver Skipp,BallRecovery
450970,37,BlockedShot,0.875999984741211,0.4640000152587891,0.08607660233974457,Son Heung-Min,a,453,OpenPlay,2021,LeftFoot,16585,Watford,Tottenham,0,1,2022-01-01 15:00:00,Emerson,Cross
450971,39,SavedShot,0.8730000305175781,0.5629999923706055,0.025726400315761566,Pierre-Emile Højbjerg,a,343,OpenPlay,2021,Head,16585,Watford,Tottenham,0,1,2022-01-01 15:00:00,Emerson,Chipped
450972,45,BlockedShot,0.92,0.6609999847412109,0.0934067964553833,Sergio Reguilón,a,7187,OpenPlay,2021,LeftFoot,16585,Watford,Tottenham,0,1,2022-01-01 15:00:00,,TakeOn
450973,49,BlockedShot,0.7969999694824219,0.6659999847412109,0.022495700046420097,Harry Kane,a,647,OpenPlay,2021,RightFoot,16585,Watford,Tottenham,0,1,2022-01-01 15:00:00,Sergio Reguilón,Pass
450974,50,SavedShot,0.8130000305175781,0.3120000076293945,0.025346599519252777,Lucas Moura,a,3293,OpenPlay,2021,RightFoot,16585,Watford,Tottenham,0,1,2022-01-01 15:00:00,Emerson,Pass
450975,51,SavedShot,0.754000015258789,0.4540000152587891,0.025503499433398247,Harry Kane,a,647,OpenPlay,2021,LeftFoot,16585,Watford,Tottenham,0,1,2022-01-01 15:00:00,Son Heung-Min,Pass
450980,66,MissedShots,0.8880000305175781,0.3139999961853027,0.05606909841299057,Emerson,a,7430,OpenPlay,2021,RightFoot,16585,Watford,Tottenham,0,1,2022-01-01 15:00:00,Lucas Moura,BallTouch
450981,66,MissedShots,0.9269999694824219,0.534000015258789,0.1459980010986328,Son Heung-Min,a,453,OpenPlay,2021,RightFoot,16585,Watford,Tottenham,0,1,2022-01-01 15:00:00,Emerson,Rebound
450982,71,BlockedShot,0.9290000152587891,0.5459999847412109,0.06294800341129303,Harry Kane,a,647,OpenPlay,2021,Head,16585,Watford,Tottenham,0,1,2022-01-01 15:00:00,Emerson,Aerial
450983,71,SavedShot,0.9269999694824219,0.4520000076293945,0.3492169976234436,Son Heung-Min,a,453,OpenPlay,2021,RightFoot,16585,Watford,Tottenham,0,1,2022-01-01 15:00:00,Lucas Moura,Chipped
450984,76,MissedShots,0.8590000152587891,0.6580000305175782,0.04728589951992035,Son Heung-Min,a,453,FromCorner,2021,RightFoot,16585,Watford,Tottenham,0,1,2022-01-01 15:00:00,Ben Davies,Pass
450985,81,SavedShot,0.7330000305175781,0.5270000076293946,0.01763099990785122,Pierre-Emile Højbjerg,a,343,OpenPlay,2021,RightFoot,16585,Watford,Tottenham,0,1,2022-01-01 15:00:00,Harry Kane,Pass
450986,81,BlockedShot,0.7759999847412109,0.664000015258789,0.02333570085465908,Ben Davies,a,660,OpenPlay,2021,LeftFoot,16585,Watford,Tottenham,0,1,2022-01-01 15:00:00,Pierre-Emile Højbjerg,Pass
450987,95,Goal,0.9680000305175781,0.5070000076293946,0.6653389930725098,Davinson Sánchez,a,6249,SetPiece,2021,Head,16585,Watford,Tottenham,0,1,2022-01-01 15:00:00,Son Heung-Min,Cross
450988,98,SavedShot,0.924000015258789,0.5329999923706055,0.07298020273447037,Harry Kane,a,647,OpenPlay,2021,Head,16585,Watford,Tottenham,0,1,2022-01-01 15:00:00,Emerson,Aerial
454163,4,MissedShots,0.9569999694824218,0.55,0.5152680277824402,Patson Daka,h,9738,OpenPlay,2021,RightFoot,16540,Leicester,Tottenham,2,3,2022-01-19 19:30:00,Kiernan Dewsbury-Hall,Cross
454174,23,Goal,0.9690000152587891,0.5670000076293945,0.5744400024414062,Patson Daka,h,9738,OpenPlay,2021,LeftFoot,16540,Leicester,Tottenham,2,3,2022-01-19 19:30:00,,None
454175,24,BlockedShot,0.759000015258789,0.649000015258789,0.02580760046839714,Kiernan Dewsbury-Hall,h,9739,OpenPlay,2021,LeftFoot,16540,Leicester,Tottenham,2,3,2022-01-19 19:30:00,,BallRecovery
454176,33,SavedShot,0.730999984741211,0.5220000076293946,0.024584300816059113,James Maddison,h,6818,OpenPlay,2021,RightFoot,16540,Leicester,Tottenham,2,3,2022-01-19 19:30:00,Kiernan Dewsbury-Hall,Pass
454177,34,MissedShots,0.9209999847412109,0.5670000076293945,0.024343300610780716,Caglar Söyüncü,h,5264,FromCorner,2021,Head,16540,Leicester,Tottenham,2,3,2022-01-19 19:30:00,James Maddison,Aerial
454187,57,SavedShot,0.8530000305175781,0.4209999847412109,0.11575400084257126,James Maddison,h,6818,OpenPlay,2021,RightFoot,16540,Leicester,Tottenham,2,3,2022-01-19 19:30:00,Kiernan Dewsbury-Hall,Pass
454188,59,MissedShots,0.7709999847412109,0.555,0.019685300067067146,Youri Tielemans,h,5956,SetPiece,2021,LeftFoot,16540,Leicester,Tottenham,2,3,2022-01-19 19:30:00,,None
454191,68,BlockedShot,0.8480000305175781,0.629000015258789,0.0628793016076088,Ademola Lookman,h,5556,OpenPlay,2021,RightFoot,16540,Leicester,Tottenham,2,3,2022-01-19 19:30:00,Kiernan Dewsbury-Hall,BallRecovery
454192,69,MissedShots,0.9030000305175782,0.3110000038146973,0.020226800814270973,Hamza Choudhury,h,6418,FromCorner,2021,LeftFoot,16540,Leicester,Tottenham,2,3,2022-01-19 19:30:00,,Aerial
454193,69,MissedShots,0.7380000305175781,0.6,0.014805899932980537,Youri Tielemans,h,5956,FromCorner,2021,RightFoot,16540,Leicester,Tottenham,2,3,2022-01-19 19:30:00,,None
454195,75,Goal,0.9309999847412109,0.39299999237060546,0.38435599207878113,James Maddison,h,6818,OpenPlay,2021,RightFoot,16540,Leicester,Tottenham,2,3,2022-01-19 19:30:00,Harvey Barnes,Pass
454198,82,BlockedShot,0.784000015258789,0.6040000152587891,0.04294469952583313,Youri Tielemans,h,5956,OpenPlay,2021,LeftFoot,16540,Leicester,Tottenham,2,3,2022-01-19 19:30:00,,BallRecovery
454199,89,BlockedShot,0.8669999694824219,0.6029999923706054,0.12521499395370483,Harvey Barnes,h,6681,OpenPlay,2021,RightFoot,16540,Leicester,Tottenham,2,3,2022-01-19 19:30:00,James Justin,TakeOn
454164,8,BlockedShot,0.9230000305175782,0.67,0.07977239787578583,Harry Kane,a,647,OpenPlay,2021,LeftFoot,16540,Leicester,Tottenham,2,3,2022-01-19 19:30:00,,TakeOn
454165,11,BlockedShot,0.8059999847412109,0.720999984741211,0.06374549865722656,Harry Kane,a,647,DirectFreekick,2021,RightFoot,16540,Leicester,Tottenham,2,3,2022-01-19 19:30:00,,Standard
454166,15,MissedShots,0.9640000152587891,0.590999984741211,0.07045309990644455,Lucas Moura,a,3293,FromCorner,2021,Head,16540,Leicester,Tottenham,2,3,2022-01-19 19:30:00,Harry Winks,Cross
454167,15,MissedShots,0.9369999694824219,0.55,0.053580500185489655,Harry Kane,a,647,FromCorner,2021,Head,16540,Leicester,Tottenham,2,3,2022-01-19 19:30:00,Sergio Reguilón,Aerial
454168,16,BlockedShot,0.7759999847412109,0.3340000152587891,0.023056700825691223,Oliver Skipp,a,7198,OpenPlay,2021,RightFoot,16540,Leicester,Tottenham,2,3,2022-01-19 19:30:00,Harry Kane,Pass
454169,17,ShotOnPost,0.9619999694824218,0.5220000076293946,0.09000570327043533,Harry Kane,a,647,FromCorner,2021,Head,16540,Leicester,Tottenham,2,3,2022-01-19 19:30:00,Harry Winks,Aerial
454170,17,BlockedShot,0.95,0.3729999923706055,0.0783815011382103,Emerson,a,7430,FromCorner,2021,RightFoot,16540,Leicester,Tottenham,2,3,2022-01-19 19:30:00,,Rebound
454171,17,MissedShots,0.9540000152587891,0.4909999847412109,0.10935100167989731,Japhet Tanganga,a,8222,FromCorner,2021,Head,16540,Leicester,Tottenham,2,3,2022-01-19 19:30:00,Davinson Sánchez,Aerial
454172,21,SavedShot,0.8369999694824218,0.47099998474121096,0.0704030990600586,Lucas Moura,a,3293,OpenPlay,2021,RightFoot,16540,Leicester,Tottenham,2,3,2022-01-19 19:30:00,Ben Davies,BallTouch
454173,21,MissedShots,0.9719999694824218,0.590999984741211,0.1633169949054718,Davinson Sánchez,a,6249,FromCorner,2021,Head,16540,Leicester,Tottenham,2,3,2022-01-19 19:30:00,Sergio Reguilón,Cross
454178,35,BlockedShot,0.855,0.47,0.6348810195922852,Pierre-Emile Højbjerg,a,343,OpenPlay,2021,RightFoot,16540,Leicester,Tottenham,2,3,2022-01-19 19:30:00,,TakeOn
454179,37,Goal,0.894000015258789,0.42,0.5983030200004578,Harry Kane,a,647,OpenPlay,2021,LeftFoot,16540,Leicester,Tottenham,2,3,2022-01-19 19:30:00,Harry Winks,TakeOn
454180,40,MissedShots,0.8680000305175781,0.40599998474121096,0.43008100986480713,Harry Kane,a,647,OpenPlay,2021,RightFoot,16540,Leicester,Tottenham,2,3,2022-01-19 19:30:00,Lucas Moura,Dispossessed
454181,42,SavedShot,0.774000015258789,0.69,0.023063899949193,Harry Kane,a,647,OpenPlay,2021,RightFoot,16540,Leicester,Tottenham,2,3,2022-01-19 19:30:00,Sergio Reguilón,Pass
454182,46,BlockedShot,0.7069999694824218,0.4929999923706055,0.01263440027832985,Pierre-Emile Højbjerg,a,343,OpenPlay,2021,RightFoot,16540,Leicester,Tottenham,2,3,2022-01-19 19:30:00,Matt Doherty,Pass
454183,47,BlockedShot,0.8730000305175781,0.5609999847412109,0.06904199719429016,Sergio Reguilón,a,7187,OpenPlay,2021,RightFoot,16540,Leicester,Tottenham,2,3,2022-01-19 19:30:00,Matt Doherty,Cross
454184,48,MissedShots,0.8390000152587891,0.5479999923706055,0.051386501640081406,Pierre-Emile Højbjerg,a,343,FromCorner,2021,LeftFoot,16540,Leicester,Tottenham,2,3,2022-01-19 19:30:00,,None
454185,52,MissedShots,0.735,0.38,0.011869899928569794,Harry Kane,a,647,OpenPlay,2021,RightFoot,16540,Leicester,Tottenham,2,3,2022-01-19 19:30:00,,TakeOn
454186,55,MissedShots,0.799000015258789,0.4,0.036809101700782776,Matt Doherty,a,6852,OpenPlay,2021,LeftFoot,16540,Leicester,Tottenham,2,3,2022-01-19 19:30:00,,None
454189,63,SavedShot,0.779000015258789,0.35700000762939454,0.025333300232887268,Japhet Tanganga,a,8222,OpenPlay,2021,RightFoot,16540,Leicester,Tottenham,2,3,2022-01-19 19:30:00,Lucas Moura,Pass
454190,67,SavedShot,0.8119999694824219,0.615999984741211,0.03680640086531639,Sergio Reguilón,a,7187,OpenPlay,2021,RightFoot,16540,Leicester,Tottenham,2,3,2022-01-19 19:30:00,Davinson Sánchez,TakeOn
454194,71,MissedShots,0.715,0.42900001525878906,0.018766799941658974,Harry Kane,a,647,OpenPlay,2021,RightFoot,16540,Leicester,Tottenham,2,3,2022-01-19 19:30:00,Harry Winks,Pass
454196,78,BlockedShot,0.8669999694824219,0.3940000152587891,0.06987640261650085,Harry Kane,a,647,OpenPlay,2021,RightFoot,16540,Leicester,Tottenham,2,3,2022-01-19 19:30:00,Matt Doherty,Pass
454197,78,SavedShot,0.9519999694824218,0.46599998474121096,0.5967119932174683,Matt Doherty,a,6852,OpenPlay,2021,RightFoot,16540,Leicester,Tottenham,2,3,2022-01-19 19:30:00,,Rebound
454200,92,BlockedShot,0.8119999694824219,0.5379999923706055,0.05486530065536499,Pierre-Emile Højbjerg,a,343,OpenPlay,2021,RightFoot,16540,Leicester,Tottenham,2,3,2022-01-19 19:30:00,Steven Bergwijn,LayOff
454201,94,Goal,0.905,0.5,0.35801398754119873,Steven Bergwijn,a,8300,OpenPlay,2021,RightFoot,16540,Leicester,Tottenham,2,3,2022-01-19 19:30:00,Matt Doherty,BallTouch
454202,96,Goal,0.899000015258789,0.32599998474121095,0.46534600853919983,Steven Bergwijn,a,8300,OpenPlay,2021,RightFoot,16540,Leicester,Tottenham,2,3,2022-01-19 19:30:00,Harry Kane,Throughball
455292,0,MissedShots,0.9059999847412109,0.44400001525878907,0.10284999758005142,Romelu Lukaku,h,594,OpenPlay,2021,RightFoot,16598,Chelsea,Tottenham,2,0,2022-01-23 16:30:00,Mason Mount,Cross
455293,3,MissedShots,0.980999984741211,0.5770000076293945,0.2891390025615692,Callum Hudson-Odoi,h,6456,OpenPlay,2021,Head,16598,Chelsea,Tottenham,2,0,2022-01-23 16:30:00,Hakim Ziyech,Chipped
455294,5,BlockedShot,0.78,0.405,0.028608199208974838,Hakim Ziyech,h,8992,OpenPlay,2021,LeftFoot,16598,Chelsea,Tottenham,2,0,2022-01-23 16:30:00,Jorginho,Pass
455295,8,MissedShots,0.91,0.5020000076293946,0.03260980173945427,Thiago Silva,h,3288,FromCorner,2021,Head,16598,Chelsea,Tottenham,2,0,2022-01-23 16:30:00,Mason Mount,Aerial
455296,11,SavedShot,0.8069999694824219,0.29200000762939454,0.025576099753379822,Hakim Ziyech,h,8992,OpenPlay,2021,LeftFoot,16598,Chelsea,Tottenham,2,0,2022-01-23 16:30:00,César Azpilicueta,Pass
455299,43,BlockedShot,0.8830000305175781,0.6630000305175782,0.09027659893035889,Romelu Lukaku,h,594,OpenPlay,2021,LeftFoot,16598,Chelsea,Tottenham,2,0,2022-01-23 16:30:00,Mateo Kovacic,Pass
455300,44,MissedShots,0.92,0.545,0.03535139933228493,Thiago Silva,h,3288,FromCorner,2021,Head,16598,Chelsea,Tottenham,2,0,2022-01-23 16:30:00,Mason Mount,Aerial
455301,46,Goal,0.7859999847412109,0.3129999923706055,0.022776899859309196,Hakim Ziyech,h,8992,OpenPlay,2021,LeftFoot,16598,Chelsea,Tottenham,2,0,2022-01-23 16:30:00,Callum Hudson-Odoi,Pass
455302,48,BlockedShot,0.8780000305175781,0.37799999237060544,0.10038799792528152,Mason Mount,h,7768,OpenPlay,2021,RightFoot,16598,Chelsea,Tottenham,2,0,2022-01-23 16:30:00,César Azpilicueta,Pass
455303,48,SavedShot,0.825999984741211,0.3370000076293945,0.03764989972114563,Hakim Ziyech,h,8992,OpenPlay,2021,LeftFoot,16598,Chelsea,Tottenham,2,0,2022-01-23 16:30:00,,Rebound
455304,52,MissedShots,0.8090000152587891,0.5209999847412109,0.06844300031661987,Mason Mount,h,7768,OpenPlay,2021,LeftFoot,16598,Chelsea,Tottenham,2,0,2022-01-23 16:30:00,Callum Hudson-Odoi,Pass
455305,54,Goal,0.9030000305175782,0.5409999847412109,0.03580180183053017,Thiago Silva,h,3288,SetPiece,2021,Head,16598,Chelsea,Tottenham,2,0,2022-01-23 16:30:00,Mason Mount,Aerial
455307,64,SavedShot,0.7769999694824219,0.68,0.01932070031762123,Hakim Ziyech,h,8992,OpenPlay,2021,RightFoot,16598,Chelsea,Tottenham,2,0,2022-01-23 16:30:00,,None
455308,68,SavedShot,0.875999984741211,0.6609999847412109,0.08351130038499832,Romelu Lukaku,h,594,OpenPlay,2021,LeftFoot,16598,Chelsea,Tottenham,2,0,2022-01-23 16:30:00,Mateo Kovacic,Pass
455310,76,SavedShot,0.9530000305175781,0.2979999923706055,0.07360179722309113,Mason Mount,h,7768,OpenPlay,2021,RightFoot,16598,Chelsea,Tottenham,2,0,2022-01-23 16:30:00,Hakim Ziyech,Pass
455297,13,SavedShot,0.740999984741211,0.43599998474121093,0.018940400332212448,Harry Winks,a,971,OpenPlay,2021,LeftFoot,16598,Chelsea,Tottenham,2,0,2022-01-23 16:30:00,Harry Kane,Pass
455298,37,MissedShots,0.904000015258789,0.6869999694824219,0.05715480074286461,Ryan Sessegnon,a,6837,OpenPlay,2021,LeftFoot,16598,Chelsea,Tottenham,2,0,2022-01-23 16:30:00,Pierre-Emile Højbjerg,Pass
455306,57,SavedShot,0.9080000305175782,0.5609999847412109,0.07711579650640488,Steven Bergwijn,a,8300,OpenPlay,2021,RightFoot,16598,Chelsea,Tottenham,2,0,2022-01-23 16:30:00,Oliver Skipp,HeadPass
455309,68,BlockedShot,0.8809999847412109,0.325,0.056275300681591034,Matt Doherty,a,6852,OpenPlay,2021,RightFoot,16598,Chelsea,Tottenham,2,0,2022-01-23 16:30:00,Oliver Skipp,Pass
455311,83,MissedShots,0.82,0.46299999237060546,0.07215569913387299,Steven Bergwijn,a,8300,OpenPlay,2021,RightFoot,16598,Chelsea,Tottenham,2,0,2022-01-23 16:30:00,Harry Kane,Pass
455312,85,SavedShot,0.895,0.45799999237060546,0.0471763014793396,Harry Kane,a,647,FromCorner,2021,Head,16598,Chelsea,Tottenham,2,0,2022-01-23 16:30:00,Harry Winks,Cross
456607,9,SavedShot,0.664000015258789,0.5990000152587891,0.015472300350666046,Harry Kane,h,647,SetPiece,2021,RightFoot,16613,Tottenham,Southampton,2,3,2022-02-09 19:45:00,Pierre-Emile Højbjerg,Pass
456608,15,SavedShot,0.91,0.5570000076293945,0.40907201170921326,Sergio Reguilón,h,7187,OpenPlay,2021,LeftFoot,16613,Tottenham,Southampton,2,3,2022-02-09 19:45:00,Harry Kane,Pass
456627,52,MissedShots,0.9,0.5179999923706055,0.1044669970870018,Lucas Moura,h,3293,OpenPlay,2021,LeftFoot,16613,Tottenham,Southampton,2,3,2022-02-09 19:45:00,Sergio Reguilón,Cross
456628,53,MissedShots,0.97,0.45799999237060546,0.6060150265693665,Harry Kane,h,647,OpenPlay,2021,Head,16613,Tottenham,Southampton,2,3,2022-02-09 19:45:00,Sergio Reguilón,Cross
456629,65,BlockedShot,0.93,0.6120000076293945,0.05133900046348572,Sergio Reguilón,h,7187,OpenPlay,2021,Head,16613,Tottenham,Southampton,2,3,2022-02-09 19:45:00,Harry Winks,Cross
456631,69,Goal,0.919000015258789,0.5320000076293945,0.48516198992729187,Son Heung-Min,h,453,OpenPlay,2021,LeftFoot,16613,Tottenham,Southampton,2,3,2022-02-09 19:45:00,Lucas Moura,Pass
456635,91,BlockedShot,0.8380000305175781,0.3029999923706055,0.027549300342798233,Rodrigo Bentancur,h,6108,OpenPlay,2021,RightFoot,16613,Tottenham,Southampton,2,3,2022-02-09 19:45:00,Dejan Kulusevski,Pass
456636,91,BlockedShot,0.8080000305175781,0.51,0.043787598609924316,Ben Davies,h,660,OpenPlay,2021,RightFoot,16613,Tottenham,Southampton,2,3,2022-02-09 19:45:00,,None
456606,3,SavedShot,0.9569999694824218,0.4520000076293945,0.523531973361969,Che Adams,a,7700,OpenPlay,2021,RightFoot,16613,Tottenham,Southampton,2,3,2022-02-09 19:45:00,Mohamed Elyounoussi,Chipped
456609,17,OwnGoal,0.049000000953674315,0.549000015258789,0,Jan Bednarek,a,6042,OpenPlay,2021,RightFoot,16613,Tottenham,Southampton,2,3,2022-02-09 19:45:00,,Clearance
456610,18,SavedShot,0.980999984741211,0.6090000152587891,0.06961610168218613,Armando Broja,a,8384,OpenPlay,2021,RightFoot,16613,Tottenham,Southampton,2,3,2022-02-09 19:45:00,,BallRecovery
456611,20,SavedShot,0.7440000152587891,0.6309999847412109,0.016670899465680122,James Ward-Prowse,a,843,OpenPlay,2021,RightFoot,16613,Tottenham,Southampton,2,3,2022-02-09 19:45:00,Mohamed Elyounoussi,Pass
456612,21,MissedShots,0.7680000305175781,0.610999984741211,0.014201699756085873,Stuart Armstrong,a,6893,FromCorner,2021,RightFoot,16613,Tottenham,Southampton,2,3,2022-02-09 19:45:00,,Aerial
456613,22,Goal,0.9109999847412109,0.5470000076293945,0.12064400315284729,Armando Broja,a,8384,OpenPlay,2021,RightFoot,16613,Tottenham,Southampton,2,3,2022-02-09 19:45:00,Romain Perraud,Pass
456614,29,SavedShot,0.9030000305175782,0.47,0.044341400265693665,Stuart Armstrong,a,6893,OpenPlay,2021,Head,16613,Tottenham,Southampton,2,3,2022-02-09 19:45:00,Mohamed Elyounoussi,Chipped
456615,35,MissedShots,0.9069999694824219,0.3820000076293945,0.2937290072441101,Armando Broja,a,8384,OpenPlay,2021,RightFoot,16613,Tottenham,Southampton,2,3,2022-02-09 19:45:00,Kyle Walker-Peters,Chipped
456616,39,MissedShots,0.779000015258789,0.6459999847412109,0.02365870028734207,Stuart Armstrong,a,6893,OpenPlay,2021,LeftFoot,16613,Tottenham,Southampton,2,3,2022-02-09 19:45:00,,None
456617,41,MissedShots,0.9169999694824219,0.53,0.07904169708490372,Mohammed Salisu,a,6923,SetPiece,2021,Head,16613,Tottenham,Southampton,2,3,2022-02-09 19:45:00,James Ward-Prowse,Chipped
456618,41,SavedShot,0.9180000305175782,0.515,0.042936500161886215,Mohamed Elyounoussi,a,6894,FromCorner,2021,Head,16613,Tottenham,Southampton,2,3,2022-02-09 19:45:00,James Ward-Prowse,Aerial
456619,41,MissedShots,0.9159999847412109,0.35400001525878905,0.01783289946615696,Che Adams,a,7700,FromCorner,2021,Head,16613,Tottenham,Southampton,2,3,2022-02-09 19:45:00,,CornerAwarded
456620,41,BlockedShot,0.9269999694824219,0.46599998474121096,0.046517398208379745,Mohammed Salisu,a,6923,FromCorner,2021,Head,16613,Tottenham,Southampton,2,3,2022-02-09 19:45:00,Che Adams,Rebound
456621,42,MissedShots,0.9159999847412109,0.3659999847412109,0.016280200332403183,Jan Bednarek,a,6042,FromCorner,2021,Head,16613,Tottenham,Southampton,2,3,2022-02-09 19:45:00,James Ward-Prowse,Cross
456622,42,ShotOnPost,0.7669999694824219,0.7659999847412109,0.014307799749076366,Romain Perraud,a,6500,FromCorner,2021,LeftFoot,16613,Tottenham,Southampton,2,3,2022-02-09 19:45:00,Che Adams,Pass
456623,43,BlockedShot,0.8419999694824218,0.6140000152587891,0.07265090197324753,Oriol Romeu,a,842,OpenPlay,2021,RightFoot,16613,Tottenham,Southampton,2,3,2022-02-09 19:45:00,Stuart Armstrong,Pass
456624,45,MissedShots,0.6909999847412109,0.47099998474121096,0.010509800165891647,Oriol Romeu,a,842,OpenPlay,2021,RightFoot,16613,Tottenham,Southampton,2,3,2022-02-09 19:45:00,,None
456625,49,BlockedShot,0.7369999694824219,0.3659999847412109,0.018170200288295746,Stuart Armstrong,a,6893,OpenPlay,2021,RightFoot,16613,Tottenham,Southampton,2,3,2022-02-09 19:45:00,Armando Broja,Pass
456626,49,MissedShots,0.8109999847412109,0.5259999847412109,0.019257599487900734,Oriol Romeu,a,842,FromCorner,2021,RightFoot,16613,Tottenham,Southampton,2,3,2022-02-09 19:45:00,,Aerial
456630,67,BlockedShot,0.7340000152587891,0.5179999923706055,0.01519909966737032,James Ward-Prowse,a,843,OpenPlay,2021,RightFoot,16613,Tottenham,Southampton,2,3,2022-02-09 19:45:00,,None
456632,77,MissedShots,0.850999984741211,0.3579999923706055,0.04710889980196953,Armando Broja,a,8384,OpenPlay,2021,RightFoot,16613,Tottenham,Southampton,2,3,2022-02-09 19:45:00,,BallRecovery
456633,79,Goal,0.9,0.5,0.07076159864664078,Mohamed Elyounoussi,a,6894,OpenPlay,2021,Head,16613,Tottenham,Southampton,2,3,2022-02-09 19:45:00,James Ward-Prowse,Cross
456634,81,Goal,0.9159999847412109,0.5570000076293945,0.10311999917030334,Che Adams,a,7700,OpenPlay,2021,Head,16613,Tottenham,Southampton,2,3,2022-02-09 19:45:00,James Ward-Prowse,Cross
456637,94,SavedShot,0.9119999694824219,0.27,0.053668998181819916,Oriol Romeu,a,842,OpenPlay,2021,RightFoot,16613,Tottenham,Southampton,2,3,2022-02-09 19:45:00,Stuart Armstrong,Pass
457509,15,SavedShot,0.874000015258789,0.3370000076293945,0.05549050122499466,Son Heung-Min,h,453,OpenPlay,2021,LeftFoot,16624,Tottenham,Wolverhampton Wanderers,0,2,2022-02-13 14:00:00,Rodrigo Bentancur,Pass
457512,19,MissedShots,0.75,0.3820000076293945,0.016970999538898468,Harry Kane,h,647,OpenPlay,2021,RightFoot,16624,Tottenham,Wolverhampton Wanderers,0,2,2022-02-13 14:00:00,Ben Davies,BallRecovery
457514,22,BlockedShot,0.9269999694824219,0.32799999237060545,0.044754598289728165,Harry Kane,h,647,OpenPlay,2021,LeftFoot,16624,Tottenham,Wolverhampton Wanderers,0,2,2022-02-13 14:00:00,Lucas Moura,Chipped
457516,36,SavedShot,0.894000015258789,0.705,0.03377410024404526,Son Heung-Min,h,453,OpenPlay,2021,LeftFoot,16624,Tottenham,Wolverhampton Wanderers,0,2,2022-02-13 14:00:00,Rodrigo Bentancur,Chipped
457517,37,BlockedShot,0.9230000305175782,0.33299999237060546,0.08321110159158707,Dejan Kulusevski,h,6691,OpenPlay,2021,LeftFoot,16624,Tottenham,Wolverhampton Wanderers,0,2,2022-02-13 14:00:00,,TakeOn
457518,46,MissedShots,0.9519999694824218,0.6,0.018441399559378624,Lucas Moura,h,3293,FromCorner,2021,Head,16624,Tottenham,Wolverhampton Wanderers,0,2,2022-02-13 14:00:00,Son Heung-Min,Aerial
457519,48,SavedShot,0.9059999847412109,0.5420000076293945,0.052007000893354416,Harry Kane,h,647,OpenPlay,2021,Head,16624,Tottenham,Wolverhampton Wanderers,0,2,2022-02-13 14:00:00,Lucas Moura,Aerial
457521,48,SavedShot,0.7909999847412109,0.6930000305175781,0.06406120210886002,Harry Kane,h,647,DirectFreekick,2021,RightFoot,16624,Tottenham,Wolverhampton Wanderers,0,2,2022-02-13 14:00:00,,Standard
457523,56,SavedShot,0.925,0.6519999694824219,0.11680500209331512,Harry Kane,h,647,OpenPlay,2021,LeftFoot,16624,Tottenham,Wolverhampton Wanderers,0,2,2022-02-13 14:00:00,Son Heung-Min,Pass
457524,57,SavedShot,0.865999984741211,0.5429999923706055,0.03538540005683899,Harry Kane,h,647,OpenPlay,2021,Head,16624,Tottenham,Wolverhampton Wanderers,0,2,2022-02-13 14:00:00,,Aerial
457525,64,BlockedShot,0.7869999694824219,0.5609999847412109,0.03153970092535019,Harry Winks,h,971,SetPiece,2021,RightFoot,16624,Tottenham,Wolverhampton Wanderers,0,2,2022-02-13 14:00:00,Dejan Kulusevski,BallTouch
457526,66,BlockedShot,0.81,0.6309999847412109,0.10481400042772293,Son Heung-Min,h,453,DirectFreekick,2021,RightFoot,16624,Tottenham,Wolverhampton Wanderers,0,2,2022-02-13 14:00:00,,Standard
457529,76,MissedShots,0.84,0.5070000076293946,0.03226330131292343,Dejan Kulusevski,h,6691,OpenPlay,2021,LeftFoot,16624,Tottenham,Wolverhampton Wanderers,0,2,2022-02-13 14:00:00,Ben Davies,HeadPass
457530,80,MissedShots,0.9419999694824219,0.625,0.013358400203287601,Rodrigo Bentancur,h,6108,FromCorner,2021,Head,16624,Tottenham,Wolverhampton Wanderers,0,2,2022-02-13 14:00:00,Son Heung-Min,Aerial
457531,82,MissedShots,0.7569999694824219,0.39799999237060546,0.019231699407100677,Harry Kane,h,647,OpenPlay,2021,RightFoot,16624,Tottenham,Wolverhampton Wanderers,0,2,2022-02-13 14:00:00,,BallRecovery
457532,87,BlockedShot,0.909000015258789,0.46,0.06783760339021683,Harry Kane,h,647,OpenPlay,2021,Head,16624,Tottenham,Wolverhampton Wanderers,0,2,2022-02-13 14:00:00,Emerson,Pass
457533,88,SavedShot,0.9209999847412109,0.49599998474121093,0.048251498490571976,Cristian Romero,h,7218,FromCorner,2021,Head,16624,Tottenham,Wolverhampton Wanderers,0,2,2022-02-13 14:00:00,Son Heung-Min,Aerial
457506,5,SavedShot,0.7319999694824219,0.305,0.013084400445222855,Rúben Neves,a,6853,SetPiece,2021,RightFoot,16624,Tottenham,Wolverhampton Wanderers,0,2,2022-02-13 14:00:00,Conor Coady,Pass
457507,5,SavedShot,0.905,0.4279999923706055,0.1103219985961914,Leander Dendoncker,a,7236,SetPiece,2021,RightFoot,16624,Tottenham,Wolverhampton Wanderers,0,2,2022-02-13 14:00:00,,Rebound
457508,5,Goal,0.874000015258789,0.5459999847412109,0.08988229930400848,Raúl Jiménez,a,4105,SetPiece,2021,RightFoot,16624,Tottenham,Wolverhampton Wanderers,0,2,2022-02-13 14:00:00,,Rebound
457510,17,BlockedShot,0.9109999847412109,0.35900001525878905,0.10473000258207321,Daniel Podence,a,8291,OpenPlay,2021,RightFoot,16624,Tottenham,Wolverhampton Wanderers,0,2,2022-02-13 14:00:00,Nélson Semedo,Pass
457511,17,Goal,0.9730000305175781,0.47,0.8252580165863037,Leander Dendoncker,a,7236,OpenPlay,2021,LeftFoot,16624,Tottenham,Wolverhampton Wanderers,0,2,2022-02-13 14:00:00,,Rebound
457513,21,SavedShot,0.8130000305175781,0.4929999923706055,0.03750859946012497,Raúl Jiménez,a,4105,FromCorner,2021,RightFoot,16624,Tottenham,Wolverhampton Wanderers,0,2,2022-02-13 14:00:00,,None
457515,35,SavedShot,0.855,0.4909999847412109,0.12250000238418579,Daniel Podence,a,8291,OpenPlay,2021,RightFoot,16624,Tottenham,Wolverhampton Wanderers,0,2,2022-02-13 14:00:00,Nélson Semedo,Pass
457520,47,BlockedShot,0.8209999847412109,0.4809999847412109,0.05929369851946831,Rúben Neves,a,6853,OpenPlay,2021,RightFoot,16624,Tottenham,Wolverhampton Wanderers,0,2,2022-02-13 14:00:00,,None
457522,52,SavedShot,0.965,0.41200000762939454,0.47805100679397583,Raúl Jiménez,a,4105,OpenPlay,2021,RightFoot,16624,Tottenham,Wolverhampton Wanderers,0,2,2022-02-13 14:00:00,Luke Cundle,Pass
457527,69,MissedShots,0.855999984741211,0.659000015258789,0.07818049937486649,Rayan Ait Nouri,a,6674,OpenPlay,2021,LeftFoot,16624,Tottenham,Wolverhampton Wanderers,0,2,2022-02-13 14:00:00,Raúl Jiménez,Pass
457528,72,BlockedShot,0.7869999694824219,0.6,0.05028409883379936,Daniel Podence,a,8291,OpenPlay,2021,RightFoot,16624,Tottenham,Wolverhampton Wanderers,0,2,2022-02-13 14:00:00,Rayan Ait Nouri,Pass
458461,7,MissedShots,0.9069999694824219,0.41200000762939454,0.029511399567127228,Phil Foden,h,6055,OpenPlay,2021,Head,16632,Manchester City,Tottenham,2,3,2022-02-19 17:30:00,,Aerial
458462,14,BlockedShot,0.76,0.63,0.016192499548196793,João Cancelo,h,2379,FromCorner,2021,RightFoot,16632,Manchester City,Tottenham,2,3,2022-02-19 17:30:00,,None
458463,14,MissedShots,0.8590000152587891,0.44599998474121094,0.06374700367450714,Bernardo Silva,h,3635,FromCorner,2021,LeftFoot,16632,Manchester City,Tottenham,2,3,2022-02-19 17:30:00,,None
458464,16,MissedShots,0.9030000305175782,0.700999984741211,0.03722989931702614,João Cancelo,h,2379,OpenPlay,2021,RightFoot,16632,Manchester City,Tottenham,2,3,2022-02-19 17:30:00,Aymeric Laporte,TakeOn
458465,20,ShotOnPost,0.879000015258789,0.6179999923706054,0.06059210002422333,Ilkay Gündogan,h,314,OpenPlay,2021,RightFoot,16632,Manchester City,Tottenham,2,3,2022-02-19 17:30:00,,Dispossessed
458466,21,MissedShots,0.784000015258789,0.5070000076293946,0.03352230042219162,João Cancelo,h,2379,FromCorner,2021,RightFoot,16632,Manchester City,Tottenham,2,3,2022-02-19 17:30:00,Ilkay Gündogan,Pass
458467,23,BlockedShot,0.865999984741211,0.5309999847412109,0.09580309689044952,Phil Foden,h,6055,OpenPlay,2021,LeftFoot,16632,Manchester City,Tottenham,2,3,2022-02-19 17:30:00,Raheem Sterling,Pass
458469,30,MissedShots,0.905,0.5,0.10105100274085999,Ilkay Gündogan,h,314,OpenPlay,2021,RightFoot,16632,Manchester City,Tottenham,2,3,2022-02-19 17:30:00,Rodri,Cross
458470,32,Goal,0.9059999847412109,0.5429999923706055,0.45212599635124207,Ilkay Gündogan,h,314,OpenPlay,2021,LeftFoot,16632,Manchester City,Tottenham,2,3,2022-02-19 17:30:00,,None
458471,36,MissedShots,0.795,0.585,0.036973901093006134,João Cancelo,h,2379,OpenPlay,2021,RightFoot,16632,Manchester City,Tottenham,2,3,2022-02-19 17:30:00,,None
458472,41,BlockedShot,0.8680000305175781,0.5870000076293945,0.07223749905824661,Raheem Sterling,h,618,OpenPlay,2021,RightFoot,16632,Manchester City,Tottenham,2,3,2022-02-19 17:30:00,,None
458473,48,MissedShots,0.9719999694824218,0.5779999923706055,0.05249420180916786,Rúben Dias,h,8961,FromCorner,2021,Head,16632,Manchester City,Tottenham,2,3,2022-02-19 17:30:00,Phil Foden,Aerial
458476,62,MissedShots,0.9569999694824218,0.6709999847412109,0.06719359755516052,Bernardo Silva,h,3635,OpenPlay,2021,LeftFoot,16632,Manchester City,Tottenham,2,3,2022-02-19 17:30:00,João Cancelo,Pass
458478,65,SavedShot,0.789000015258789,0.645,0.022252999246120453,Ilkay Gündogan,h,314,OpenPlay,2021,RightFoot,16632,Manchester City,Tottenham,2,3,2022-02-19 17:30:00,Bernardo Silva,Pass
458479,70,MissedShots,0.9869999694824219,0.6830000305175781,0.046466898173093796,Bernardo Silva,h,3635,OpenPlay,2021,LeftFoot,16632,Manchester City,Tottenham,2,3,2022-02-19 17:30:00,,None
458480,75,SavedShot,0.789000015258789,0.6959999847412109,0.019360899925231934,João Cancelo,h,2379,FromCorner,2021,RightFoot,16632,Manchester City,Tottenham,2,3,2022-02-19 17:30:00,Bernardo Silva,Pass
458481,75,BlockedShot,0.9019999694824219,0.3340000152587891,0.07373780012130737,Riyad Mahrez,h,750,OpenPlay,2021,LeftFoot,16632,Manchester City,Tottenham,2,3,2022-02-19 17:30:00,,TakeOn
458482,80,BlockedShot,0.8769999694824219,0.6270000076293946,0.07666140049695969,Ilkay Gündogan,h,314,OpenPlay,2021,RightFoot,16632,Manchester City,Tottenham,2,3,2022-02-19 17:30:00,Rodri,Pass
458483,84,MissedShots,0.909000015258789,0.415,0.08607540279626846,Phil Foden,h,6055,OpenPlay,2021,RightFoot,16632,Manchester City,Tottenham,2,3,2022-02-19 17:30:00,Kyle Walker,Cross
458484,91,Goal,0.885,0.5,0.7611690163612366,Riyad Mahrez,h,750,Penalty,2021,LeftFoot,16632,Manchester City,Tottenham,2,3,2022-02-19 17:30:00,,Standard
458486,99,BlockedShot,0.86,0.585,0.11333099752664566,Bernardo Silva,h,3635,OpenPlay,2021,RightFoot,16632,Manchester City,Tottenham,2,3,2022-02-19 17:30:00,Aymeric Laporte,TakeOn
458460,3,Goal,0.8490000152587891,0.48400001525878905,0.3317449986934662,Dejan Kulusevski,a,6691,OpenPlay,2021,LeftFoot,16632,Manchester City,Tottenham,2,3,2022-02-19 17:30:00,Son Heung-Min,Pass
458468,24,MissedShots,0.775,0.33299999237060546,0.023775700479745865,Emerson,a,7430,OpenPlay,2021,RightFoot,16632,Manchester City,Tottenham,2,3,2022-02-19 17:30:00,Son Heung-Min,Chipped
458474,53,SavedShot,0.794000015258789,0.36900001525878906,0.14400699734687805,Son Heung-Min,a,453,OpenPlay,2021,LeftFoot,16632,Manchester City,Tottenham,2,3,2022-02-19 17:30:00,Harry Kane,Throughball
458475,58,Goal,0.9290000152587891,0.495,0.42374300956726074,Harry Kane,a,647,OpenPlay,2021,RightFoot,16632,Manchester City,Tottenham,2,3,2022-02-19 17:30:00,Son Heung-Min,Cross
458477,63,SavedShot,0.91,0.49599998474121093,0.4941459894180298,Harry Kane,a,647,OpenPlay,2021,RightFoot,16632,Manchester City,Tottenham,2,3,2022-02-19 17:30:00,Son Heung-Min,Pass
458485,94,Goal,0.9530000305175781,0.500999984741211,0.5849310159683228,Harry Kane,a,647,OpenPlay,2021,Head,16632,Manchester City,Tottenham,2,3,2022-02-19 17:30:00,Dejan Kulusevski,Cross
459168,3,BlockedShot,0.7859999847412109,0.29100000381469726,0.03002360090613365,Dwight McNeil,h,6756,FromCorner,2021,LeftFoot,16499,Burnley,Tottenham,1,0,2022-02-23 19:30:00,Josh Brownhill,Pass
459169,5,BlockedShot,0.7040000152587891,0.5840000152587891,0.020420100539922714,Josh Brownhill,h,8323,OpenPlay,2021,RightFoot,16499,Burnley,Tottenham,1,0,2022-02-23 19:30:00,Erik Pieters,TakeOn
459170,13,SavedShot,0.8090000152587891,0.4929999923706055,0.018996400758624077,Josh Brownhill,h,8323,OpenPlay,2021,RightFoot,16499,Burnley,Tottenham,1,0,2022-02-23 19:30:00,,Aerial
459172,24,BlockedShot,0.799000015258789,0.7609999847412109,0.016932299360632896,Jay Rodriguez,h,844,OpenPlay,2021,RightFoot,16499,Burnley,Tottenham,1,0,2022-02-23 19:30:00,Dwight McNeil,Pass
459175,42,BlockedShot,0.7440000152587891,0.45,0.02045460045337677,Josh Brownhill,h,8323,OpenPlay,2021,RightFoot,16499,Burnley,Tottenham,1,0,2022-02-23 19:30:00,Connor Roberts,Pass
459177,53,MissedShots,0.8069999694824219,0.68,0.023363500833511353,Wout Weghorst,h,7052,SetPiece,2021,RightFoot,16499,Burnley,Tottenham,1,0,2022-02-23 19:30:00,Josh Brownhill,Chipped
459178,56,SavedShot,0.89,0.40900001525878904,0.012749100103974342,Ben Mee,h,1654,SetPiece,2021,Head,16499,Burnley,Tottenham,1,0,2022-02-23 19:30:00,Dwight McNeil,Aerial
459180,61,BlockedShot,0.9359999847412109,0.7130000305175781,0.028807999566197395,Dwight McNeil,h,6756,OpenPlay,2021,LeftFoot,16499,Burnley,Tottenham,1,0,2022-02-23 19:30:00,Josh Brownhill,TakeOn
459185,68,SavedShot,0.904000015258789,0.4640000152587891,0.3659130036830902,Jay Rodriguez,h,844,OpenPlay,2021,Head,16499,Burnley,Tottenham,1,0,2022-02-23 19:30:00,Dwight McNeil,Aerial
459187,70,Goal,0.9540000152587891,0.5379999923706055,0.08541060239076614,Ben Mee,h,1654,SetPiece,2021,Head,16499,Burnley,Tottenham,1,0,2022-02-23 19:30:00,Josh Brownhill,Aerial
459188,82,MissedShots,0.9580000305175781,0.575,0.11402200162410736,Ben Mee,h,1654,FromCorner,2021,RightFoot,16499,Burnley,Tottenham,1,0,2022-02-23 19:30:00,,None
459189,82,MissedShots,0.9540000152587891,0.5790000152587891,0.09700389951467514,Ben Mee,h,1654,FromCorner,2021,LeftFoot,16499,Burnley,Tottenham,1,0,2022-02-23 19:30:00,Jack Cork,BallTouch
459190,82,MissedShots,0.965999984741211,0.47400001525878904,0.6964399814605713,Jay Rodriguez,h,844,FromCorner,2021,RightFoot,16499,Burnley,Tottenham,1,0,2022-02-23 19:30:00,Ben Mee,Rebound
459192,85,MissedShots,0.7340000152587891,0.44599998474121094,0.022523799911141396,Josh Brownhill,h,8323,OpenPlay,2021,RightFoot,16499,Burnley,Tottenham,1,0,2022-02-23 19:30:00,Connor Roberts,Pass
459194,89,MissedShots,0.8930000305175781,0.45599998474121095,0.07025890052318573,James Tarkowski,h,1665,SetPiece,2021,Head,16499,Burnley,Tottenham,1,0,2022-02-23 19:30:00,Josh Brownhill,Cross
459171,19,MissedShots,0.865,0.525,0.10949499905109406,Cristian Romero,a,7218,OpenPlay,2021,LeftFoot,16499,Burnley,Tottenham,1,0,2022-02-23 19:30:00,Dejan Kulusevski,Pass
459173,32,MissedShots,0.8090000152587891,0.3609999847412109,0.03930339962244034,Emerson,a,7430,OpenPlay,2021,LeftFoot,16499,Burnley,Tottenham,1,0,2022-02-23 19:30:00,Harry Kane,TakeOn
459174,42,BlockedShot,0.735,0.6719999694824219,0.013278700411319733,Harry Kane,a,647,OpenPlay,2021,RightFoot,16499,Burnley,Tottenham,1,0,2022-02-23 19:30:00,Ryan Sessegnon,Pass
459176,46,ShotOnPost,0.9259999847412109,0.500999984741211,0.06868539750576019,Harry Kane,a,647,SetPiece,2021,Head,16499,Burnley,Tottenham,1,0,2022-02-23 19:30:00,Son Heung-Min,Aerial
459179,59,MissedShots,0.740999984741211,0.295,0.014747099950909615,Harry Kane,a,647,OpenPlay,2021,LeftFoot,16499,Burnley,Tottenham,1,0,2022-02-23 19:30:00,Emerson,Pass
459181,63,MissedShots,0.8880000305175781,0.5409999847412109,0.0676025003194809,Dejan Kulusevski,a,6691,FromCorner,2021,LeftFoot,16499,Burnley,Tottenham,1,0,2022-02-23 19:30:00,Emerson,Chipped
459182,63,SavedShot,0.925,0.41200000762939454,0.08679980039596558,Ben Davies,a,660,FromCorner,2021,LeftFoot,16499,Burnley,Tottenham,1,0,2022-02-23 19:30:00,Emerson,Pass
459183,66,BlockedShot,0.8930000305175781,0.285,0.04535749927163124,Dejan Kulusevski,a,6691,OpenPlay,2021,LeftFoot,16499,Burnley,Tottenham,1,0,2022-02-23 19:30:00,Son Heung-Min,Pass
459184,66,BlockedShot,0.8,0.3340000152587891,0.023471999913454056,Cristian Romero,a,7218,OpenPlay,2021,RightFoot,16499,Burnley,Tottenham,1,0,2022-02-23 19:30:00,Dejan Kulusevski,Pass
459186,68,MissedShots,0.889000015258789,0.33299999237060546,0.07110320031642914,Dejan Kulusevski,a,6691,OpenPlay,2021,LeftFoot,16499,Burnley,Tottenham,1,0,2022-02-23 19:30:00,Son Heung-Min,Pass
459191,84,MissedShots,0.8490000152587891,0.43,0.04791620001196861,Lucas Moura,a,3293,OpenPlay,2021,RightFoot,16499,Burnley,Tottenham,1,0,2022-02-23 19:30:00,Cristian Romero,HeadPass
459193,86,SavedShot,0.909000015258789,0.5979999923706054,0.10389400273561478,Steven Bergwijn,a,8300,OpenPlay,2021,RightFoot,16499,Burnley,Tottenham,1,0,2022-02-23 19:30:00,Son Heung-Min,Pass
459527,2,MissedShots,0.9359999847412109,0.544000015258789,0.4430130124092102,Pascal Struijk,h,8717,SetPiece,2021,Head,16642,Leeds,Tottenham,0,4,2022-02-26 12:30:00,Stuart Dallas,Cross
459533,16,ShotOnPost,0.860999984741211,0.46099998474121096,0.09983420372009277,Robin Koch,h,6273,OpenPlay,2021,LeftFoot,16642,Leeds,Tottenham,0,4,2022-02-26 12:30:00,Raphinha,Pass
459534,24,BlockedShot,0.705,0.44099998474121094,0.00879960972815752,Stuart Dallas,h,8718,OpenPlay,2021,RightFoot,16642,Leeds,Tottenham,0,4,2022-02-26 12:30:00,,None
459537,32,BlockedShot,0.879000015258789,0.4209999847412109,0.02879749983549118,Robin Koch,h,6273,SetPiece,2021,Head,16642,Leeds,Tottenham,0,4,2022-02-26 12:30:00,Raphinha,Cross
459538,32,BlockedShot,0.9130000305175782,0.3,0.04042449966073036,Jack Harrison,h,8720,SetPiece,2021,LeftFoot,16642,Leeds,Tottenham,0,4,2022-02-26 12:30:00,Pascal Struijk,Pass
459539,37,BlockedShot,0.8130000305175781,0.37099998474121093,0.028432900086045265,Raphinha,h,8026,OpenPlay,2021,LeftFoot,16642,Leeds,Tottenham,0,4,2022-02-26 12:30:00,,None
459540,43,MissedShots,0.9130000305175782,0.4,0.022156400606036186,Luke Ayling,h,8716,OpenPlay,2021,Head,16642,Leeds,Tottenham,0,4,2022-02-26 12:30:00,Raphinha,Chipped
459541,45,BlockedShot,0.7319999694824219,0.5179999923706055,0.01174120046198368,Pascal Struijk,h,8717,OpenPlay,2021,RightFoot,16642,Leeds,Tottenham,0,4,2022-02-26 12:30:00,,None
459542,49,MissedShots,0.8269999694824218,0.27899999618530275,0.026298699900507927,Stuart Dallas,h,8718,OpenPlay,2021,LeftFoot,16642,Leeds,Tottenham,0,4,2022-02-26 12:30:00,Raphinha,Pass
459544,56,MissedShots,0.8530000305175781,0.49900001525878906,0.01961600035429001,Rodrigo,h,2381,OpenPlay,2021,Head,16642,Leeds,Tottenham,0,4,2022-02-26 12:30:00,Júnior Firpo,Cross
459548,65,SavedShot,0.8430000305175781,0.4909999847412109,0.08300620317459106,Mateusz Klich,h,4381,OpenPlay,2021,RightFoot,16642,Leeds,Tottenham,0,4,2022-02-26 12:30:00,Rodrigo,Pass
459551,68,BlockedShot,0.765,0.40299999237060546,0.021743400022387505,Adam Forshaw,h,1711,SetPiece,2021,RightFoot,16642,Leeds,Tottenham,0,4,2022-02-26 12:30:00,Raphinha,Pass
459552,68,MissedShots,0.7909999847412109,0.37599998474121094,0.01953059993684292,Adam Forshaw,h,1711,SetPiece,2021,RightFoot,16642,Leeds,Tottenham,0,4,2022-02-26 12:30:00,,Rebound
459554,75,BlockedShot,0.9330000305175781,0.5870000076293945,0.6048949956893921,Stuart Dallas,h,8718,OpenPlay,2021,RightFoot,16642,Leeds,Tottenham,0,4,2022-02-26 12:30:00,,TakeOn
459555,81,MissedShots,0.8619999694824219,0.4879999923706055,0.09666469693183899,Daniel James,h,5595,OpenPlay,2021,RightFoot,16642,Leeds,Tottenham,0,4,2022-02-26 12:30:00,Raphinha,Pass
459557,87,MissedShots,0.8730000305175781,0.5279999923706055,0.11018700152635574,Raphinha,h,8026,OpenPlay,2021,LeftFoot,16642,Leeds,Tottenham,0,4,2022-02-26 12:30:00,Rodrigo,Pass
459558,90,ShotOnPost,0.7680000305175781,0.519000015258789,0.08103889971971512,Raphinha,h,8026,DirectFreekick,2021,LeftFoot,16642,Leeds,Tottenham,0,4,2022-02-26 12:30:00,,Standard
459559,91,SavedShot,0.9,0.534000015258789,0.09408509731292725,Rodrigo,h,2381,OpenPlay,2021,LeftFoot,16642,Leeds,Tottenham,0,4,2022-02-26 12:30:00,,Dispossessed
459560,93,MissedShots,0.8680000305175781,0.31,0.05584539845585823,Jamie Shackleton,h,8721,OpenPlay,2021,RightFoot,16642,Leeds,Tottenham,0,4,2022-02-26 12:30:00,Daniel James,Pass
459528,5,SavedShot,0.749000015258789,0.4379999923706055,0.018922699615359306,Son Heung-Min,a,453,OpenPlay,2021,LeftFoot,16642,Leeds,Tottenham,0,4,2022-02-26 12:30:00,Harry Winks,Pass
459529,6,MissedShots,0.8440000152587891,0.31799999237060544,0.040370598435401917,Harry Kane,a,647,OpenPlay,2021,RightFoot,16642,Leeds,Tottenham,0,4,2022-02-26 12:30:00,Dejan Kulusevski,Pass
459530,9,Goal,0.8969999694824219,0.4420000076293945,0.3741990029811859,Matt Doherty,a,6852,OpenPlay,2021,RightFoot,16642,Leeds,Tottenham,0,4,2022-02-26 12:30:00,Ryan Sessegnon,Pass
459531,12,BlockedShot,0.919000015258789,0.514000015258789,0.1340399980545044,Dejan Kulusevski,a,6691,OpenPlay,2021,LeftFoot,16642,Leeds,Tottenham,0,4,2022-02-26 12:30:00,Ryan Sessegnon,Cross
459532,14,Goal,0.8809999847412109,0.3729999923706055,0.10256899893283844,Dejan Kulusevski,a,6691,OpenPlay,2021,LeftFoot,16642,Leeds,Tottenham,0,4,2022-02-26 12:30:00,Matt Doherty,Pass
459535,26,Goal,0.9780000305175781,0.595999984741211,0.3396089971065521,Harry Kane,a,647,OpenPlay,2021,LeftFoot,16642,Leeds,Tottenham,0,4,2022-02-26 12:30:00,Pierre-Emile Højbjerg,Chipped
459536,31,SavedShot,0.965,0.69,0.050592198967933655,Ryan Sessegnon,a,6837,SetPiece,2021,LeftFoot,16642,Leeds,Tottenham,0,4,2022-02-26 12:30:00,Harry Kane,Chipped
459543,55,SavedShot,0.8180000305175781,0.435,0.1009569987654686,Son Heung-Min,a,453,OpenPlay,2021,RightFoot,16642,Leeds,Tottenham,0,4,2022-02-26 12:30:00,Cristian Romero,TakeOn
459545,60,SavedShot,0.9119999694824219,0.3320000076293945,0.4007999897003174,Matt Doherty,a,6852,OpenPlay,2021,RightFoot,16642,Leeds,Tottenham,0,4,2022-02-26 12:30:00,Harry Kane,Throughball
459546,60,BlockedShot,0.894000015258789,0.40400001525878904,0.40884798765182495,Son Heung-Min,a,453,OpenPlay,2021,RightFoot,16642,Leeds,Tottenham,0,4,2022-02-26 12:30:00,,Rebound
459547,63,MissedShots,0.9130000305175782,0.740999984741211,0.06514669954776764,Ryan Sessegnon,a,6837,OpenPlay,2021,LeftFoot,16642,Leeds,Tottenham,0,4,2022-02-26 12:30:00,Harry Kane,Chipped
459549,66,SavedShot,0.84,0.36400001525878906,0.07051499933004379,Dejan Kulusevski,a,6691,OpenPlay,2021,LeftFoot,16642,Leeds,Tottenham,0,4,2022-02-26 12:30:00,,BallTouch
459550,66,SavedShot,0.9590000152587891,0.395,0.05874929949641228,Ben Davies,a,660,FromCorner,2021,RightFoot,16642,Leeds,Tottenham,0,4,2022-02-26 12:30:00,Son Heung-Min,Cross
459553,71,BlockedShot,0.8530000305175781,0.44099998474121094,0.10526599735021591,Dejan Kulusevski,a,6691,OpenPlay,2021,LeftFoot,16642,Leeds,Tottenham,0,4,2022-02-26 12:30:00,Matt Doherty,Pass
459556,84,Goal,0.8819999694824219,0.36400001525878906,0.36353200674057007,Son Heung-Min,a,453,OpenPlay,2021,RightFoot,16642,Leeds,Tottenham,0,4,2022-02-26 12:30:00,Harry Kane,Throughball
462033,16,Goal,0.8590000152587891,0.3770000076293945,0.32363998889923096,Son Heung-Min,h,453,OpenPlay,2021,RightFoot,16653,Tottenham,Everton,5,0,2022-03-07 20:00:00,Dejan Kulusevski,Pass
462034,27,SavedShot,0.8540000152587891,0.644000015258789,0.3592599928379059,Son Heung-Min,h,453,OpenPlay,2021,RightFoot,16653,Tottenham,Everton,5,0,2022-03-07 20:00:00,Matt Doherty,Throughball
462035,27,MissedShots,0.86,0.5670000076293945,0.33253398537635803,Harry Kane,h,647,OpenPlay,2021,LeftFoot,16653,Tottenham,Everton,5,0,2022-03-07 20:00:00,,Rebound
462036,33,SavedShot,0.955999984741211,0.3390000152587891,0.11166299879550934,Matt Doherty,h,6852,OpenPlay,2021,RightFoot,16653,Tottenham,Everton,5,0,2022-03-07 20:00:00,Son Heung-Min,Pass
462037,34,BlockedShot,0.980999984741211,0.41200000762939454,0.07001139968633652,Harry Kane,h,647,FromCorner,2021,RightFoot,16653,Tottenham,Everton,5,0,2022-03-07 20:00:00,Son Heung-Min,CornerAwarded
462038,36,Goal,0.8190000152587891,0.5179999923706055,0.3739849925041199,Harry Kane,h,647,OpenPlay,2021,RightFoot,16653,Tottenham,Everton,5,0,2022-03-07 20:00:00,Matt Doherty,Throughball
462040,45,Goal,0.9130000305175782,0.545,0.5016800165176392,Sergio Reguilón,h,7187,OpenPlay,2021,LeftFoot,16653,Tottenham,Everton,5,0,2022-03-07 20:00:00,Dejan Kulusevski,Pass
462045,53,BlockedShot,0.845999984741211,0.3120000076293945,0.058036498725414276,Dejan Kulusevski,h,6691,OpenPlay,2021,LeftFoot,16653,Tottenham,Everton,5,0,2022-03-07 20:00:00,Matt Doherty,Pass
462046,54,ShotOnPost,0.9540000152587891,0.509000015258789,0.5148509740829468,Eric Dier,h,643,FromCorner,2021,Head,16653,Tottenham,Everton,5,0,2022-03-07 20:00:00,Harry Kane,Cross
462047,54,Goal,0.9369999694824219,0.655,0.13108700513839722,Harry Kane,h,647,OpenPlay,2021,LeftFoot,16653,Tottenham,Everton,5,0,2022-03-07 20:00:00,Matt Doherty,Throughball
462048,64,MissedShots,0.795,0.2610000038146973,0.027451900765299797,Dejan Kulusevski,h,6691,OpenPlay,2021,LeftFoot,16653,Tottenham,Everton,5,0,2022-03-07 20:00:00,Sergio Reguilón,Pass
462049,67,SavedShot,0.919000015258789,0.37099998474121093,0.43987199664115906,Steven Bergwijn,h,8300,OpenPlay,2021,RightFoot,16653,Tottenham,Everton,5,0,2022-03-07 20:00:00,Dejan Kulusevski,Throughball
462050,83,MissedShots,0.9219999694824219,0.4929999923706055,0.0644524022936821,Davinson Sánchez,h,6249,SetPiece,2021,Head,16653,Tottenham,Everton,5,0,2022-03-07 20:00:00,Sergio Reguilón,Aerial
462051,88,MissedShots,0.8480000305175781,0.7030000305175781,0.05373749881982803,Steven Bergwijn,h,8300,OpenPlay,2021,RightFoot,16653,Tottenham,Everton,5,0,2022-03-07 20:00:00,Pierre-Emile Højbjerg,Pass
462032,13,OwnGoal,0.02799999952316284,0.47900001525878905,0,Michael Keane,a,1653,OpenPlay,2021,RightFoot,16653,Tottenham,Everton,5,0,2022-03-07 20:00:00,,Challenge
462039,42,BlockedShot,0.9290000152587891,0.29,0.06307549774646759,Dominic Calvert-Lewin,a,5555,OpenPlay,2021,RightFoot,16653,Tottenham,Everton,5,0,2022-03-07 20:00:00,Abdoulaye Doucouré,Pass
462041,49,BlockedShot,0.81,0.7069999694824218,0.02476559951901436,Richarlison,a,6026,OpenPlay,2021,RightFoot,16653,Tottenham,Everton,5,0,2022-03-07 20:00:00,Donny van de Beek,Pass
462042,50,BlockedShot,0.735999984741211,0.6480000305175782,0.04467970132827759,Anthony Gordon,a,8150,DirectFreekick,2021,RightFoot,16653,Tottenham,Everton,5,0,2022-03-07 20:00:00,,Standard
462043,51,BlockedShot,0.7709999847412109,0.38299999237060545,0.016086699441075325,Dominic Calvert-Lewin,a,5555,OpenPlay,2021,RightFoot,16653,Tottenham,Everton,5,0,2022-03-07 20:00:00,Anthony Gordon,Pass
462044,52,MissedShots,0.8690000152587891,0.30100000381469727,0.04872149974107742,Dominic Calvert-Lewin,a,5555,OpenPlay,2021,RightFoot,16653,Tottenham,Everton,5,0,2022-03-07 20:00:00,Anthony Gordon,Pass
462052,92,MissedShots,0.720999984741211,0.6229999923706054,0.010933700017631054,Allan,a,1379,OpenPlay,2021,RightFoot,16653,Tottenham,Everton,5,0,2022-03-07 20:00:00,Abdoulaye Doucouré,Pass
462651,8,BlockedShot,0.875999984741211,0.635,0.0674574002623558,Cristiano Ronaldo,h,2371,OpenPlay,2021,LeftFoot,16663,Manchester United,Tottenham,3,2,2022-03-12 17:30:00,Jadon Sancho,Pass
462652,11,Goal,0.7269999694824218,0.44299999237060544,0.01733740046620369,Cristiano Ronaldo,h,2371,OpenPlay,2021,RightFoot,16663,Manchester United,Tottenham,3,2,2022-03-12 17:30:00,Fred,Pass
462654,15,MissedShots,0.7830000305175782,0.5790000152587891,0.04083940014243126,Paul Pogba,h,1740,OpenPlay,2021,RightFoot,16663,Manchester United,Tottenham,3,2,2022-03-12 17:30:00,Fred,Pass
462656,22,MissedShots,0.9059999847412109,0.5170000076293946,0.0635685995221138,Cristiano Ronaldo,h,2371,OpenPlay,2021,Head,16663,Manchester United,Tottenham,3,2,2022-03-12 17:30:00,Alex Telles,Aerial
462663,37,Goal,0.935,0.4490000152587891,0.5309659838676453,Cristiano Ronaldo,h,2371,OpenPlay,2021,RightFoot,16663,Manchester United,Tottenham,3,2,2022-03-12 17:30:00,Jadon Sancho,Pass
462665,45,SavedShot,0.8730000305175781,0.6819999694824219,0.0691336989402771,Jadon Sancho,h,6345,OpenPlay,2021,RightFoot,16663,Manchester United,Tottenham,3,2,2022-03-12 17:30:00,Fred,Pass
462667,62,MissedShots,0.9119999694824219,0.42700000762939455,0.036537300795316696,Cristiano Ronaldo,h,2371,SetPiece,2021,Head,16663,Manchester United,Tottenham,3,2,2022-03-12 17:30:00,,Aerial
462668,65,SavedShot,0.8680000305175781,0.29200000762939454,0.07418529689311981,Cristiano Ronaldo,h,2371,OpenPlay,2021,RightFoot,16663,Manchester United,Tottenham,3,2,2022-03-12 17:30:00,Jadon Sancho,Pass
462669,71,OwnGoal,0.045,0.46599998474121096,0,Harry Maguire,h,1687,OpenPlay,2021,RightFoot,16663,Manchester United,Tottenham,3,2,2022-03-12 17:30:00,,None
462670,76,SavedShot,0.86,0.42700000762939455,0.09444619715213776,Cristiano Ronaldo,h,2371,OpenPlay,2021,RightFoot,16663,Manchester United,Tottenham,3,2,2022-03-12 17:30:00,Jadon Sancho,Pass
462671,80,Goal,0.9019999694824219,0.5,0.02363160066306591,Cristiano Ronaldo,h,2371,FromCorner,2021,Head,16663,Manchester United,Tottenham,3,2,2022-03-12 17:30:00,Alex Telles,Aerial
462653,15,BlockedShot,0.835999984741211,0.555,0.07062210142612457,Son Heung-Min,a,453,OpenPlay,2021,LeftFoot,16663,Manchester United,Tottenham,3,2,2022-03-12 17:30:00,Sergio Reguilón,Pass
462655,16,SavedShot,0.750999984741211,0.46299999237060546,0.019612399861216545,Pierre-Emile Højbjerg,a,343,OpenPlay,2021,RightFoot,16663,Manchester United,Tottenham,3,2,2022-03-12 17:30:00,,BallRecovery
462657,25,BlockedShot,0.9580000305175781,0.4520000076293945,0.4054040014743805,Eric Dier,a,643,FromCorner,2021,Head,16663,Manchester United,Tottenham,3,2,2022-03-12 17:30:00,Rodrigo Bentancur,HeadPass
462658,25,MissedShots,0.860999984741211,0.4540000152587891,0.049229998141527176,Pierre-Emile Højbjerg,a,343,FromCorner,2021,RightFoot,16663,Manchester United,Tottenham,3,2,2022-03-12 17:30:00,Cristian Romero,HeadPass
462659,28,BlockedShot,0.8669999694824219,0.3579999923706055,0.047332700341939926,Matt Doherty,a,6852,OpenPlay,2021,LeftFoot,16663,Manchester United,Tottenham,3,2,2022-03-12 17:30:00,Rodrigo Bentancur,Chipped
462660,29,BlockedShot,0.875,0.44099998474121094,0.0889355018734932,Rodrigo Bentancur,a,6108,OpenPlay,2021,RightFoot,16663,Manchester United,Tottenham,3,2,2022-03-12 17:30:00,Dejan Kulusevski,Pass
462661,32,BlockedShot,0.77,0.634000015258789,0.06551750004291534,Eric Dier,a,643,DirectFreekick,2021,RightFoot,16663,Manchester United,Tottenham,3,2,2022-03-12 17:30:00,,Standard
462662,34,Goal,0.885,0.5,0.7611690163612366,Harry Kane,a,647,Penalty,2021,RightFoot,16663,Manchester United,Tottenham,3,2,2022-03-12 17:30:00,,Standard
462664,40,BlockedShot,0.77,0.664000015258789,0.02096020057797432,Harry Kane,a,647,OpenPlay,2021,RightFoot,16663,Manchester United,Tottenham,3,2,2022-03-12 17:30:00,Rodrigo Bentancur,Pass
462666,60,MissedShots,0.875,0.44,0.09495720267295837,Son Heung-Min,a,453,OpenPlay,2021,RightFoot,16663,Manchester United,Tottenham,3,2,2022-03-12 17:30:00,Dejan Kulusevski,Pass
463570,22,BlockedShot,0.7959999847412109,0.634000015258789,0.029562799260020256,Leandro Trossard,h,7698,OpenPlay,2021,RightFoot,16528,Brighton,Tottenham,0,2,2022-03-16 19:30:00,,None
463571,23,MissedShots,0.919000015258789,0.5459999847412109,0.033636000007390976,Alexis Mac Allister,h,8379,FromCorner,2021,Head,16528,Brighton,Tottenham,0,2,2022-03-16 19:30:00,Solly March,Aerial
463572,26,BlockedShot,0.91,0.30100000381469727,0.05842990055680275,Alexis Mac Allister,h,8379,OpenPlay,2021,RightFoot,16528,Brighton,Tottenham,0,2,2022-03-16 19:30:00,Solly March,Pass
463573,29,MissedShots,0.76,0.3129999923706055,0.021051699295639992,Yves Bissouma,h,5609,OpenPlay,2021,RightFoot,16528,Brighton,Tottenham,0,2,2022-03-16 19:30:00,Shane Duffy,Pass
463578,39,BlockedShot,0.8180000305175781,0.4570000076293945,0.13197599351406097,Neal Maupay,h,3621,OpenPlay,2021,RightFoot,16528,Brighton,Tottenham,0,2,2022-03-16 19:30:00,Leandro Trossard,TakeOn
463579,39,BlockedShot,0.7719999694824219,0.48700000762939455,0.03900989890098572,Alexis Mac Allister,h,8379,OpenPlay,2021,RightFoot,16528,Brighton,Tottenham,0,2,2022-03-16 19:30:00,,Rebound
463580,41,MissedShots,0.860999984741211,0.5209999847412109,0.03511359915137291,Neal Maupay,h,3621,OpenPlay,2021,LeftFoot,16528,Brighton,Tottenham,0,2,2022-03-16 19:30:00,,Aerial
463584,46,MissedShots,0.92,0.515,0.4265750050544739,Alexis Mac Allister,h,8379,OpenPlay,2021,RightFoot,16528,Brighton,Tottenham,0,2,2022-03-16 19:30:00,Marc Cucurella,Cross
463585,47,BlockedShot,0.7819999694824219,0.5609999847412109,0.03176819905638695,Leandro Trossard,h,7698,OpenPlay,2021,RightFoot,16528,Brighton,Tottenham,0,2,2022-03-16 19:30:00,,None
463589,52,MissedShots,0.8680000305175781,0.47200000762939454,0.032271500676870346,Neal Maupay,h,3621,OpenPlay,2021,Head,16528,Brighton,Tottenham,0,2,2022-03-16 19:30:00,Joël Veltman,Cross
463590,52,MissedShots,0.895,0.54,0.048673298209905624,Shane Duffy,h,6047,FromCorner,2021,Head,16528,Brighton,Tottenham,0,2,2022-03-16 19:30:00,Pascal Groß,Cross
463591,55,BlockedShot,0.879000015258789,0.47900001525878905,0.03113589994609356,Shane Duffy,h,6047,FromCorner,2021,Head,16528,Brighton,Tottenham,0,2,2022-03-16 19:30:00,Pascal Groß,Cross
463594,73,BlockedShot,0.7119999694824218,0.519000015258789,0.011148300021886826,Alexis Mac Allister,h,8379,OpenPlay,2021,RightFoot,16528,Brighton,Tottenham,0,2,2022-03-16 19:30:00,Marc Cucurella,Pass
463595,77,BlockedShot,0.8480000305175781,0.5459999847412109,0.09663320332765579,Neal Maupay,h,3621,OpenPlay,2021,LeftFoot,16528,Brighton,Tottenham,0,2,2022-03-16 19:30:00,Danny Welbeck,Pass
463596,77,MissedShots,0.909000015258789,0.7230000305175781,0.02199539914727211,Marc Cucurella,h,7134,OpenPlay,2021,LeftFoot,16528,Brighton,Tottenham,0,2,2022-03-16 19:30:00,,Rebound
463568,4,MissedShots,0.9540000152587891,0.6840000152587891,0.29899299144744873,Harry Kane,a,647,OpenPlay,2021,LeftFoot,16528,Brighton,Tottenham,0,2,2022-03-16 19:30:00,,BallRecovery
463569,14,MissedShots,0.8690000152587891,0.275,0.03751619905233383,Harry Kane,a,647,OpenPlay,2021,RightFoot,16528,Brighton,Tottenham,0,2,2022-03-16 19:30:00,Dejan Kulusevski,TakeOn
463574,33,BlockedShot,0.72,0.610999984741211,0.01603809930384159,Ben Davies,a,660,OpenPlay,2021,LeftFoot,16528,Brighton,Tottenham,0,2,2022-03-16 19:30:00,Pierre-Emile Højbjerg,Pass
463575,36,BlockedShot,0.825,0.5529999923706055,0.05578859895467758,Dejan Kulusevski,a,6691,OpenPlay,2021,LeftFoot,16528,Brighton,Tottenham,0,2,2022-03-16 19:30:00,Son Heung-Min,Goal
463576,36,Goal,0.8730000305175781,0.5179999923706055,0.08489400148391724,Cristian Romero,a,7218,OpenPlay,2021,RightFoot,16528,Brighton,Tottenham,0,2,2022-03-16 19:30:00,Dejan Kulusevski,None
463577,38,BlockedShot,0.7280000305175781,0.5979999923706054,0.019639499485492706,Harry Kane,a,647,OpenPlay,2021,RightFoot,16528,Brighton,Tottenham,0,2,2022-03-16 19:30:00,Son Heung-Min,Pass
463581,41,SavedShot,0.845999984741211,0.5070000076293946,0.34378400444984436,Dejan Kulusevski,a,6691,OpenPlay,2021,LeftFoot,16528,Brighton,Tottenham,0,2,2022-03-16 19:30:00,,None
463582,41,BlockedShot,0.850999984741211,0.3129999923706055,0.05379490181803703,Matt Doherty,a,6852,OpenPlay,2021,LeftFoot,16528,Brighton,Tottenham,0,2,2022-03-16 19:30:00,Harry Kane,Pass
463583,47,MissedShots,0.7559999847412109,0.585,0.06392169743776321,Harry Kane,a,647,DirectFreekick,2021,RightFoot,16528,Brighton,Tottenham,0,2,2022-03-16 19:30:00,,Standard
463586,50,BlockedShot,0.8819999694824219,0.33799999237060546,0.07869529724121094,Son Heung-Min,a,453,OpenPlay,2021,RightFoot,16528,Brighton,Tottenham,0,2,2022-03-16 19:30:00,Cristian Romero,Pass
463587,50,BlockedShot,0.894000015258789,0.415,0.11044099926948547,Cristian Romero,a,7218,OpenPlay,2021,RightFoot,16528,Brighton,Tottenham,0,2,2022-03-16 19:30:00,Son Heung-Min,Rebound
463588,51,SavedShot,0.8130000305175781,0.45099998474121095,0.06719739735126495,Dejan Kulusevski,a,6691,OpenPlay,2021,LeftFoot,16528,Brighton,Tottenham,0,2,2022-03-16 19:30:00,Sergio Reguilón,Pass
463592,56,Goal,0.87,0.6759999847412109,0.44274601340293884,Harry Kane,a,647,OpenPlay,2021,LeftFoot,16528,Brighton,Tottenham,0,2,2022-03-16 19:30:00,Rodrigo Bentancur,Throughball
463593,71,SavedShot,0.9109999847412109,0.6680000305175782,0.19709399342536926,Sergio Reguilón,a,7187,OpenPlay,2021,LeftFoot,16528,Brighton,Tottenham,0,2,2022-03-16 19:30:00,Harry Kane,Pass
463597,87,SavedShot,0.8109999847412109,0.4470000076293945,0.07671909779310226,Harry Kane,a,647,OpenPlay,2021,RightFoot,16528,Brighton,Tottenham,0,2,2022-03-16 19:30:00,Pierre-Emile Højbjerg,Pass
463598,90,MissedShots,0.789000015258789,0.3370000076293945,0.03066149912774563,Pierre-Emile Højbjerg,a,343,OpenPlay,2021,RightFoot,16528,Brighton,Tottenham,0,2,2022-03-16 19:30:00,Emerson,BallRecovery
463599,93,SavedShot,0.895,0.675,0.08272989839315414,Sergio Reguilón,a,7187,OpenPlay,2021,LeftFoot,16528,Brighton,Tottenham,0,2,2022-03-16 19:30:00,Harry Kane,Pass
464656,10,ShotOnPost,0.9159999847412109,0.46299999237060546,0.5078359842300415,Son Heung-Min,h,453,OpenPlay,2021,RightFoot,16673,Tottenham,West Ham,3,1,2022-03-20 16:30:00,Dejan Kulusevski,Pass
464658,23,Goal,0.9130000305175782,0.6569999694824219,0.13273699581623077,Son Heung-Min,h,453,OpenPlay,2021,LeftFoot,16673,Tottenham,West Ham,3,1,2022-03-20 16:30:00,Harry Kane,Throughball
464659,31,BlockedShot,0.7330000305175781,0.3579999923706055,0.015077900141477585,Pierre-Emile Højbjerg,h,343,SetPiece,2021,RightFoot,16673,Tottenham,West Ham,3,1,2022-03-20 16:30:00,Dejan Kulusevski,Pass
464660,31,MissedShots,0.78,0.6630000305175782,0.019555600360035896,Sergio Reguilón,h,7187,SetPiece,2021,LeftFoot,16673,Tottenham,West Ham,3,1,2022-03-20 16:30:00,Cristian Romero,Pass
464663,39,MissedShots,0.7619999694824219,0.7090000152587891,0.018315400928258896,Harry Kane,h,647,OpenPlay,2021,RightFoot,16673,Tottenham,West Ham,3,1,2022-03-20 16:30:00,Sergio Reguilón,Pass
464664,50,SavedShot,0.9540000152587891,0.605999984741211,0.5117149949073792,Harry Kane,h,647,OpenPlay,2021,RightFoot,16673,Tottenham,West Ham,3,1,2022-03-20 16:30:00,Son Heung-Min,Pass
464667,65,MissedShots,0.9569999694824218,0.5879999923706055,0.06107620149850845,Sergio Reguilón,h,7187,OpenPlay,2021,Head,16673,Tottenham,West Ham,3,1,2022-03-20 16:30:00,Matt Doherty,Aerial
464668,70,MissedShots,0.8440000152587891,0.35700000762939454,0.07107920199632645,Dejan Kulusevski,h,6691,OpenPlay,2021,LeftFoot,16673,Tottenham,West Ham,3,1,2022-03-20 16:30:00,Harry Kane,Pass
464669,74,BlockedShot,0.7530000305175781,0.415,0.026709500700235367,Dejan Kulusevski,h,6691,OpenPlay,2021,RightFoot,16673,Tottenham,West Ham,3,1,2022-03-20 16:30:00,Sergio Reguilón,Pass
464670,75,SavedShot,0.89,0.6469999694824219,0.09622140228748322,Sergio Reguilón,h,7187,OpenPlay,2021,LeftFoot,16673,Tottenham,West Ham,3,1,2022-03-20 16:30:00,Harry Kane,Pass
464671,79,MissedShots,0.9059999847412109,0.4570000076293945,0.44827699661254883,Harry Kane,h,647,OpenPlay,2021,RightFoot,16673,Tottenham,West Ham,3,1,2022-03-20 16:30:00,Pierre-Emile Højbjerg,Throughball
464672,80,BlockedShot,0.8880000305175781,0.37900001525878907,0.09069550037384033,Matt Doherty,h,6852,OpenPlay,2021,RightFoot,16673,Tottenham,West Ham,3,1,2022-03-20 16:30:00,,None
464673,80,MissedShots,0.8,0.3920000076293945,0.037087101489305496,Rodrigo Bentancur,h,6108,OpenPlay,2021,LeftFoot,16673,Tottenham,West Ham,3,1,2022-03-20 16:30:00,,Rebound
464674,87,Goal,0.855999984741211,0.5220000076293946,0.31938299536705017,Son Heung-Min,h,453,OpenPlay,2021,RightFoot,16673,Tottenham,West Ham,3,1,2022-03-20 16:30:00,Harry Kane,HeadPass
464675,89,BlockedShot,0.9409999847412109,0.32799999237060545,0.0883696973323822,Dejan Kulusevski,h,6691,OpenPlay,2021,LeftFoot,16673,Tottenham,West Ham,3,1,2022-03-20 16:30:00,Emerson,Pass
464676,89,BlockedShot,0.7859999847412109,0.315,0.02505660057067871,Dejan Kulusevski,h,6691,OpenPlay,2021,LeftFoot,16673,Tottenham,West Ham,3,1,2022-03-20 16:30:00,,BallTouch
464677,94,MissedShots,0.924000015258789,0.4879999923706055,0.08212599903345108,Emerson,h,7430,OpenPlay,2021,Head,16673,Tottenham,West Ham,3,1,2022-03-20 16:30:00,Steven Bergwijn,Chipped
464654,8,OwnGoal,0.07099999904632569,0.5109999847412109,0,Kurt Zouma,a,935,OpenPlay,2021,LeftFoot,16673,Tottenham,West Ham,3,1,2022-03-20 16:30:00,,None
464655,9,MissedShots,0.9269999694824219,0.29600000381469727,0.04517669975757599,Michail Antonio,a,531,OpenPlay,2021,RightFoot,16673,Tottenham,West Ham,3,1,2022-03-20 16:30:00,,BallRecovery
464657,15,MissedShots,0.945,0.5829999923706055,0.0366532988846302,Michail Antonio,a,531,OpenPlay,2021,Head,16673,Tottenham,West Ham,3,1,2022-03-20 16:30:00,Said Benrahma,Aerial
464661,34,MissedShots,0.9,0.48900001525878906,0.02715820074081421,Craig Dawson,a,804,FromCorner,2021,Head,16673,Tottenham,West Ham,3,1,2022-03-20 16:30:00,,Aerial
464662,34,Goal,0.92,0.3940000152587891,0.34726300835609436,Said Benrahma,a,3585,FromCorner,2021,RightFoot,16673,Tottenham,West Ham,3,1,2022-03-20 16:30:00,Craig Dawson,Rebound
464665,55,MissedShots,0.914000015258789,0.3920000076293945,0.1001489982008934,Michail Antonio,a,531,OpenPlay,2021,RightFoot,16673,Tottenham,West Ham,3,1,2022-03-20 16:30:00,Aaron Cresswell,Pass
464666,60,MissedShots,0.975,0.6709999847412109,0.09799379855394363,Andriy Yarmolenko,a,6274,OpenPlay,2021,LeftFoot,16673,Tottenham,West Ham,3,1,2022-03-20 16:30:00,Pablo Fornals,Throughball
465989,4,BlockedShot,0.7959999847412109,0.3220000076293945,0.022122200578451157,Rodrigo Bentancur,h,6108,OpenPlay,2021,LeftFoot,16678,Tottenham,Newcastle United,5,1,2022-04-03 15:30:00,Emerson,Pass
465990,6,MissedShots,0.9530000305175781,0.6079999923706054,0.015754299238324165,Eric Dier,h,643,FromCorner,2021,Head,16678,Tottenham,Newcastle United,5,1,2022-04-03 15:30:00,Son Heung-Min,Aerial
465991,10,BlockedShot,0.7809999847412109,0.654000015258789,0.026516800746321678,Harry Kane,h,647,OpenPlay,2021,RightFoot,16678,Tottenham,Newcastle United,5,1,2022-04-03 15:30:00,Eric Dier,Pass
465992,13,MissedShots,0.8569999694824219,0.5270000076293946,0.10284899920225143,Harry Kane,h,647,OpenPlay,2021,RightFoot,16678,Tottenham,Newcastle United,5,1,2022-04-03 15:30:00,Dejan Kulusevski,Pass
465993,16,MissedShots,0.7430000305175781,0.40099998474121096,0.05384640023112297,Eric Dier,h,643,DirectFreekick,2021,RightFoot,16678,Tottenham,Newcastle United,5,1,2022-04-03 15:30:00,,Standard
465996,28,SavedShot,0.7930000305175782,0.3629999923706055,0.0299638994038105,Son Heung-Min,h,453,OpenPlay,2021,RightFoot,16678,Tottenham,Newcastle United,5,1,2022-04-03 15:30:00,Rodrigo Bentancur,Pass
465997,34,MissedShots,0.9530000305175781,0.5429999923706055,0.11419200152158737,Pierre-Emile Højbjerg,h,343,OpenPlay,2021,Head,16678,Tottenham,Newcastle United,5,1,2022-04-03 15:30:00,Dejan Kulusevski,Aerial
465999,42,Goal,0.9540000152587891,0.5179999923706055,0.4744119942188263,Ben Davies,h,660,FromCorner,2021,Head,16678,Tottenham,Newcastle United,5,1,2022-04-03 15:30:00,Son Heung-Min,Cross
466000,47,Goal,0.9569999694824218,0.52,0.5741490125656128,Matt Doherty,h,6852,OpenPlay,2021,Head,16678,Tottenham,Newcastle United,5,1,2022-04-03 15:30:00,Harry Kane,Cross
466002,53,Goal,0.9069999694824219,0.4879999923706055,0.4600830078125,Son Heung-Min,h,453,OpenPlay,2021,LeftFoot,16678,Tottenham,Newcastle United,5,1,2022-04-03 15:30:00,Dejan Kulusevski,Pass
466003,57,BlockedShot,0.9340000152587891,0.654000015258789,0.11282899975776672,Harry Kane,h,647,OpenPlay,2021,LeftFoot,16678,Tottenham,Newcastle United,5,1,2022-04-03 15:30:00,Son Heung-Min,Pass
466005,62,Goal,0.9590000152587891,0.5120000076293946,0.6642109751701355,Emerson,h,7430,OpenPlay,2021,RightFoot,16678,Tottenham,Newcastle United,5,1,2022-04-03 15:30:00,,None
466006,64,MissedShots,0.8780000305175781,0.6020000076293945,0.3187370002269745,Son Heung-Min,h,453,OpenPlay,2021,LeftFoot,16678,Tottenham,Newcastle United,5,1,2022-04-03 15:30:00,Harry Kane,Chipped
466008,69,BlockedShot,0.8880000305175781,0.3240000152587891,0.08908730000257492,Harry Kane,h,647,OpenPlay,2021,RightFoot,16678,Tottenham,Newcastle United,5,1,2022-04-03 15:30:00,Dejan Kulusevski,Pass
466010,78,MissedShots,0.735,0.59,0.017081700265407562,Harry Winks,h,971,OpenPlay,2021,RightFoot,16678,Tottenham,Newcastle United,5,1,2022-04-03 15:30:00,Son Heung-Min,Pass
466011,82,Goal,0.8619999694824219,0.49599998474121093,0.3508169949054718,Steven Bergwijn,h,8300,OpenPlay,2021,RightFoot,16678,Tottenham,Newcastle United,5,1,2022-04-03 15:30:00,Lucas Moura,Pass
466012,84,MissedShots,0.8959999847412109,0.265,0.08037649840116501,Steven Bergwijn,h,8300,OpenPlay,2021,RightFoot,16678,Tottenham,Newcastle United,5,1,2022-04-03 15:30:00,Pierre-Emile Højbjerg,Chipped
466013,87,BlockedShot,0.8569999694824219,0.6759999847412109,0.08211880177259445,Son Heung-Min,h,453,OpenPlay,2021,RightFoot,16678,Tottenham,Newcastle United,5,1,2022-04-03 15:30:00,Harry Kane,Chipped
466014,89,MissedShots,0.745999984741211,0.654000015258789,0.01894810050725937,Harry Kane,h,647,OpenPlay,2021,RightFoot,16678,Tottenham,Newcastle United,5,1,2022-04-03 15:30:00,Son Heung-Min,Pass
465988,0,BlockedShot,0.7290000152587891,0.675,0.011271299794316292,Jonjo Shelvey,a,769,OpenPlay,2021,RightFoot,16678,Tottenham,Newcastle United,5,1,2022-04-03 15:30:00,,None
465994,21,MissedShots,0.7219999694824218,0.44099998474121094,0.012908300384879112,Jonjo Shelvey,a,769,OpenPlay,2021,RightFoot,16678,Tottenham,Newcastle United,5,1,2022-04-03 15:30:00,,None
465995,21,BlockedShot,0.9030000305175782,0.4370000076293945,0.18054799735546112,Joe Willock,a,6630,OpenPlay,2021,LeftFoot,16678,Tottenham,Newcastle United,5,1,2022-04-03 15:30:00,,TakeOn
465998,38,Goal,0.8,0.649000015258789,0.08564180135726929,Fabian Schär,a,76,DirectFreekick,2021,RightFoot,16678,Tottenham,Newcastle United,5,1,2022-04-03 15:30:00,,Standard
466001,48,MissedShots,0.8640000152587891,0.4759999847412109,0.07478830218315125,Chris Wood,a,4456,OpenPlay,2021,RightFoot,16678,Tottenham,Newcastle United,5,1,2022-04-03 15:30:00,Jonjo Shelvey,Chipped
466004,59,BlockedShot,0.9530000305175781,0.44,0.060865599662065506,Dan Burn,a,7382,FromCorner,2021,Head,16678,Tottenham,Newcastle United,5,1,2022-04-03 15:30:00,Ryan Fraser,Aerial
466007,68,MissedShots,0.9209999847412109,0.47299999237060547,0.06949400156736374,Joe Willock,a,6630,OpenPlay,2021,Head,16678,Tottenham,Newcastle United,5,1,2022-04-03 15:30:00,Bruno Guimarães,Aerial
466009,72,BlockedShot,0.7969999694824219,0.5070000076293946,0.042634300887584686,Allan Saint-Maximin,a,101,OpenPlay,2021,RightFoot,16678,Tottenham,Newcastle United,5,1,2022-04-03 15:30:00,Jacob Murphy,BallRecovery
466862,13,SavedShot,0.740999984741211,0.34900001525878904,0.016270799562335014,Matthew Cash,h,8864,OpenPlay,2021,RightFoot,16694,Aston Villa,Tottenham,0,4,2022-04-09 16:30:00,Philippe Coutinho,Pass
466865,16,SavedShot,0.9209999847412109,0.6830000305175781,0.30837199091911316,Jacob Ramsey,h,8941,OpenPlay,2021,LeftFoot,16694,Aston Villa,Tottenham,0,4,2022-04-09 16:30:00,Douglas Luiz,TakeOn
466866,18,SavedShot,0.764000015258789,0.3160000038146973,0.01727229915559292,John McGinn,h,7723,FromCorner,2021,LeftFoot,16694,Aston Villa,Tottenham,0,4,2022-04-09 16:30:00,Lucas Digne,Pass
466867,27,SavedShot,0.9269999694824219,0.4209999847412109,0.33952200412750244,Danny Ings,h,986,SetPiece,2021,RightFoot,16694,Aston Villa,Tottenham,0,4,2022-04-09 16:30:00,Philippe Coutinho,Chipped
466868,31,MissedShots,0.94,0.46700000762939453,0.12280499935150146,Ollie Watkins,h,8865,OpenPlay,2021,Head,16694,Aston Villa,Tottenham,0,4,2022-04-09 16:30:00,Philippe Coutinho,Cross
466869,34,BlockedShot,0.855,0.40799999237060547,0.05337480083107948,Danny Ings,h,986,FromCorner,2021,RightFoot,16694,Aston Villa,Tottenham,0,4,2022-04-09 16:30:00,,None
466870,35,SavedShot,0.909000015258789,0.68,0.05985280126333237,Ollie Watkins,h,8865,OpenPlay,2021,LeftFoot,16694,Aston Villa,Tottenham,0,4,2022-04-09 16:30:00,Danny Ings,Pass
466871,36,MissedShots,0.955999984741211,0.605999984741211,0.09004180133342743,Danny Ings,h,986,FromCorner,2021,RightFoot,16694,Aston Villa,Tottenham,0,4,2022-04-09 16:30:00,Ollie Watkins,HeadPass
466872,39,BlockedShot,0.8419999694824218,0.615,0.05475449934601784,Danny Ings,h,986,OpenPlay,2021,RightFoot,16694,Aston Villa,Tottenham,0,4,2022-04-09 16:30:00,Douglas Luiz,Pass
466873,40,MissedShots,0.6980000305175781,0.41700000762939454,0.013701699674129486,Philippe Coutinho,h,488,OpenPlay,2021,RightFoot,16694,Aston Villa,Tottenham,0,4,2022-04-09 16:30:00,John McGinn,Pass
466876,47,SavedShot,0.905,0.2929999923706055,0.042587101459503174,Matthew Cash,h,8864,OpenPlay,2021,RightFoot,16694,Aston Villa,Tottenham,0,4,2022-04-09 16:30:00,,None
466877,48,BlockedShot,0.7959999847412109,0.575,0.025902800261974335,Philippe Coutinho,h,488,OpenPlay,2021,RightFoot,16694,Aston Villa,Tottenham,0,4,2022-04-09 16:30:00,Danny Ings,HeadPass
466878,49,SavedShot,0.9319999694824219,0.884000015258789,0.044098298996686935,Philippe Coutinho,h,488,DirectFreekick,2021,RightFoot,16694,Aston Villa,Tottenham,0,4,2022-04-09 16:30:00,,Standard
466879,49,BlockedShot,0.9690000152587891,0.555,0.12290500104427338,Danny Ings,h,986,SetPiece,2021,Head,16694,Aston Villa,Tottenham,0,4,2022-04-09 16:30:00,,Aerial
466882,57,BlockedShot,0.914000015258789,0.4329999923706055,0.04194119945168495,Ezri Konsa Ngoyo,h,7726,FromCorner,2021,OtherBodyPart,16694,Aston Villa,Tottenham,0,4,2022-04-09 16:30:00,Lucas Digne,Cross
466883,58,BlockedShot,0.884000015258789,0.38,0.013319499790668488,Ezri Konsa Ngoyo,h,7726,FromCorner,2021,Head,16694,Aston Villa,Tottenham,0,4,2022-04-09 16:30:00,Lucas Digne,Cross
466884,58,MissedShots,0.78,0.6559999847412109,0.028811300173401833,Danny Ings,h,986,FromCorner,2021,RightFoot,16694,Aston Villa,Tottenham,0,4,2022-04-09 16:30:00,Lucas Digne,Pass
466888,88,MissedShots,0.855,0.549000015258789,0.05511989817023277,Leon Bailey,h,5221,OpenPlay,2021,LeftFoot,16694,Aston Villa,Tottenham,0,4,2022-04-09 16:30:00,,None
466889,91,SavedShot,0.955,0.32,0.03647109866142273,Emiliano Buendía,h,2203,FromCorner,2021,LeftFoot,16694,Aston Villa,Tottenham,0,4,2022-04-09 16:30:00,Douglas Luiz,Cross
466860,2,MissedShots,0.8109999847412109,0.5279999923706055,0.050093598663806915,Harry Kane,a,647,OpenPlay,2021,RightFoot,16694,Aston Villa,Tottenham,0,4,2022-04-09 16:30:00,,None
466861,2,Goal,0.85,0.5029999923706054,0.06764789670705795,Son Heung-Min,a,453,OpenPlay,2021,LeftFoot,16694,Aston Villa,Tottenham,0,4,2022-04-09 16:30:00,,Rebound
466863,14,BlockedShot,0.8640000152587891,0.6530000305175782,0.07377990335226059,Matt Doherty,a,6852,OpenPlay,2021,RightFoot,16694,Aston Villa,Tottenham,0,4,2022-04-09 16:30:00,Harry Kane,Pass
466864,14,BlockedShot,0.750999984741211,0.6129999923706054,0.01916849985718727,Pierre-Emile Højbjerg,a,343,OpenPlay,2021,RightFoot,16694,Aston Villa,Tottenham,0,4,2022-04-09 16:30:00,,Rebound
466874,42,SavedShot,0.8480000305175781,0.6880000305175781,0.0510408990085125,Sergio Reguilón,a,7187,OpenPlay,2021,RightFoot,16694,Aston Villa,Tottenham,0,4,2022-04-09 16:30:00,Harry Kane,Pass
466875,43,BlockedShot,0.7719999694824219,0.555,0.020351899787783623,Pierre-Emile Højbjerg,a,343,FromCorner,2021,RightFoot,16694,Aston Villa,Tottenham,0,4,2022-04-09 16:30:00,,None
466880,49,BlockedShot,0.7909999847412109,0.40400001525878904,0.01589380018413067,Pierre-Emile Højbjerg,a,343,FromCorner,2021,RightFoot,16694,Aston Villa,Tottenham,0,4,2022-04-09 16:30:00,,Aerial
466881,49,Goal,0.9069999694824219,0.6819999694824219,0.07911650091409683,Dejan Kulusevski,a,6691,OpenPlay,2021,LeftFoot,16694,Aston Villa,Tottenham,0,4,2022-04-09 16:30:00,Harry Kane,HeadPass
466885,59,BlockedShot,0.93,0.34,0.10930799692869186,Harry Kane,a,647,OpenPlay,2021,RightFoot,16694,Aston Villa,Tottenham,0,4,2022-04-09 16:30:00,Emerson,Pass
466886,65,Goal,0.855999984741211,0.549000015258789,0.3804149925708771,Son Heung-Min,a,453,OpenPlay,2021,LeftFoot,16694,Aston Villa,Tottenham,0,4,2022-04-09 16:30:00,Harry Kane,HeadPass
466887,70,Goal,0.8619999694824219,0.4620000076293945,0.12158799916505814,Son Heung-Min,a,453,OpenPlay,2021,RightFoot,16694,Aston Villa,Tottenham,0,4,2022-04-09 16:30:00,Dejan Kulusevski,Pass
467921,0,MissedShots,0.7140000152587891,0.395,0.013279699720442295,Harry Kane,h,647,OpenPlay,2021,RightFoot,16699,Tottenham,Brighton,0,1,2022-04-16 11:30:00,Emerson,BallRecovery
467927,50,BlockedShot,0.8690000152587891,0.56,0.10183300077915192,Son Heung-Min,h,453,OpenPlay,2021,LeftFoot,16699,Tottenham,Brighton,0,1,2022-04-16 11:30:00,Harry Kane,Pass
467928,57,BlockedShot,0.88,0.5420000076293945,0.08684810250997543,Son Heung-Min,h,453,OpenPlay,2021,RightFoot,16699,Tottenham,Brighton,0,1,2022-04-16 11:30:00,,None
467929,57,MissedShots,0.7069999694824218,0.4909999847412109,0.01152770034968853,Rodrigo Bentancur,h,6108,OpenPlay,2021,RightFoot,16699,Tottenham,Brighton,0,1,2022-04-16 11:30:00,,None
467937,90,MissedShots,0.8919999694824219,0.534000015258789,0.37275201082229614,Steven Bergwijn,h,8300,OpenPlay,2021,RightFoot,16699,Tottenham,Brighton,0,1,2022-04-16 11:30:00,Harry Kane,HeadPass
467922,21,BlockedShot,0.860999984741211,0.4570000076293945,0.035447798669338226,Enock Mwepu,a,9734,SetPiece,2021,RightFoot,16699,Tottenham,Brighton,0,1,2022-04-16 11:30:00,,Aerial
467923,22,MissedShots,0.845,0.6229999923706054,0.03548770025372505,Marc Cucurella,a,7134,FromCorner,2021,LeftFoot,16699,Tottenham,Brighton,0,1,2022-04-16 11:30:00,Pascal Groß,Cross
467924,22,BlockedShot,0.8959999847412109,0.385,0.05884069949388504,Joël Veltman,a,8780,FromCorner,2021,RightFoot,16699,Tottenham,Brighton,0,1,2022-04-16 11:30:00,Pascal Groß,Pass
467925,28,BlockedShot,0.9309999847412109,0.585999984741211,0.021273000165820122,Joël Veltman,a,8780,FromCorner,2021,Head,16699,Tottenham,Brighton,0,1,2022-04-16 11:30:00,Pascal Groß,Aerial
467926,47,SavedShot,0.7240000152587891,0.515,0.017471499741077423,Enock Mwepu,a,9734,OpenPlay,2021,RightFoot,16699,Tottenham,Brighton,0,1,2022-04-16 11:30:00,Leandro Trossard,Pass
467930,58,MissedShots,0.904000015258789,0.675,0.0564240999519825,Danny Welbeck,a,501,OpenPlay,2021,RightFoot,16699,Tottenham,Brighton,0,1,2022-04-16 11:30:00,,None
467931,63,MissedShots,0.7909999847412109,0.624000015258789,0.030707500874996185,Alexis Mac Allister,a,8379,OpenPlay,2021,LeftFoot,16699,Tottenham,Brighton,0,1,2022-04-16 11:30:00,Leandro Trossard,Pass
467932,73,SavedShot,0.8169999694824219,0.2560000038146973,0.023292899131774902,Tariq Lamptey,a,8226,OpenPlay,2021,RightFoot,16699,Tottenham,Brighton,0,1,2022-04-16 11:30:00,Pascal Groß,Pass
467933,78,MissedShots,0.9209999847412109,0.46,0.057638898491859436,Danny Welbeck,a,501,OpenPlay,2021,Head,16699,Tottenham,Brighton,0,1,2022-04-16 11:30:00,Tariq Lamptey,Aerial
467934,82,SavedShot,0.875999984741211,0.5159999847412109,0.013802699744701385,Lewis Dunk,a,6048,FromCorner,2021,Head,16699,Tottenham,Brighton,0,1,2022-04-16 11:30:00,Pascal Groß,Aerial
467935,86,MissedShots,0.7930000305175782,0.6940000152587891,0.0249393992125988,Leandro Trossard,a,7698,OpenPlay,2021,RightFoot,16699,Tottenham,Brighton,0,1,2022-04-16 11:30:00,Danny Welbeck,Pass
467936,89,Goal,0.9359999847412109,0.6419999694824219,0.3358289897441864,Leandro Trossard,a,7698,OpenPlay,2021,RightFoot,16699,Tottenham,Brighton,0,1,2022-04-16 11:30:00,,BallTouch
470166,3,BlockedShot,0.8130000305175781,0.47099998474121096,0.05794930085539818,Bryan Mbeumo,h,6552,OpenPlay,2021,LeftFoot,16714,Brentford,Tottenham,0,0,2022-04-23 16:30:00,Mathias Jensen,CornerAwarded
470167,5,BlockedShot,0.965999984741211,0.605999984741211,0.026158999651670456,Bryan Mbeumo,h,6552,FromCorner,2021,Head,16714,Brentford,Tottenham,0,0,2022-04-23 16:30:00,Ivan Toney,CornerAwarded
470168,5,BlockedShot,0.895,0.3079999923706055,0.03369370102882385,Ivan Toney,h,998,FromCorner,2021,RightFoot,16714,Brentford,Tottenham,0,0,2022-04-23 16:30:00,Christian Eriksen,Cross
470169,5,MissedShots,0.8090000152587891,0.37900001525878907,0.03764519840478897,Ivan Toney,h,998,FromCorner,2021,LeftFoot,16714,Brentford,Tottenham,0,0,2022-04-23 16:30:00,,Rebound
470170,16,ShotOnPost,0.9280000305175782,0.500999984741211,0.11536599695682526,Ivan Toney,h,998,FromCorner,2021,Head,16714,Brentford,Tottenham,0,0,2022-04-23 16:30:00,Christian Eriksen,Cross
470171,21,BlockedShot,0.9069999694824219,0.30100000381469727,0.03336229920387268,Ivan Toney,h,998,FromCorner,2021,RightFoot,16714,Brentford,Tottenham,0,0,2022-04-23 16:30:00,Christian Eriksen,Cross
470174,45,BlockedShot,0.7919999694824219,0.6759999847412109,0.01984350010752678,Saman Ghoddos,h,7069,OpenPlay,2021,RightFoot,16714,Brentford,Tottenham,0,0,2022-04-23 16:30:00,Vitaly Janelt,Pass
470175,50,MissedShots,0.8769999694824219,0.44599998474121094,0.07798290252685547,Bryan Mbeumo,h,6552,OpenPlay,2021,LeftFoot,16714,Brentford,Tottenham,0,0,2022-04-23 16:30:00,Rico Henry,Cross
470180,62,BlockedShot,0.740999984741211,0.34200000762939453,0.04557010158896446,Christian Eriksen,h,646,DirectFreekick,2021,RightFoot,16714,Brentford,Tottenham,0,0,2022-04-23 16:30:00,,Standard
470181,64,BlockedShot,0.749000015258789,0.5170000076293946,0.02240060083568096,Christian Eriksen,h,646,OpenPlay,2021,LeftFoot,16714,Brentford,Tottenham,0,0,2022-04-23 16:30:00,Mathias Jensen,Pass
470182,65,BlockedShot,0.9219999694824219,0.48200000762939454,0.3008739948272705,Pontus Jansson,h,1801,FromCorner,2021,Head,16714,Brentford,Tottenham,0,0,2022-04-23 16:30:00,Mads Roerslev,Chipped
470183,65,SavedShot,0.9169999694824219,0.69,0.04580799862742424,Christian Eriksen,h,646,OpenPlay,2021,RightFoot,16714,Brentford,Tottenham,0,0,2022-04-23 16:30:00,,Rebound
470186,87,MissedShots,0.9319999694824219,0.40700000762939453,0.08247470110654831,Bryan Mbeumo,h,6552,OpenPlay,2021,Head,16714,Brentford,Tottenham,0,0,2022-04-23 16:30:00,Rico Henry,Cross
470187,90,ShotOnPost,0.895,0.5220000076293946,0.08365710079669952,Ivan Toney,h,998,SetPiece,2021,Head,16714,Brentford,Tottenham,0,0,2022-04-23 16:30:00,Christian Eriksen,Cross
470188,90,MissedShots,0.9680000305175781,0.395,0.37929901480674744,Bryan Mbeumo,h,6552,SetPiece,2021,RightFoot,16714,Brentford,Tottenham,0,0,2022-04-23 16:30:00,,Rebound
470172,27,MissedShots,0.6890000152587891,0.5920000076293945,0.012185500003397465,Rodrigo Bentancur,a,6108,OpenPlay,2021,RightFoot,16714,Brentford,Tottenham,0,0,2022-04-23 16:30:00,Ben Davies,Pass
470173,38,MissedShots,0.764000015258789,0.3110000038146973,0.01593869924545288,Harry Kane,a,647,OpenPlay,2021,RightFoot,16714,Brentford,Tottenham,0,0,2022-04-23 16:30:00,Son Heung-Min,Pass
470176,51,BlockedShot,0.8619999694824219,0.3890000152587891,0.08136879652738571,Harry Kane,a,647,OpenPlay,2021,RightFoot,16714,Brentford,Tottenham,0,0,2022-04-23 16:30:00,Cristian Romero,Pass
470177,54,BlockedShot,0.9180000305175782,0.43900001525878907,0.13663199543952942,Harry Kane,a,647,OpenPlay,2021,RightFoot,16714,Brentford,Tottenham,0,0,2022-04-23 16:30:00,Emerson,Pass
470178,54,BlockedShot,0.845,0.34599998474121096,0.03733709827065468,Dejan Kulusevski,a,6691,OpenPlay,2021,LeftFoot,16714,Brentford,Tottenham,0,0,2022-04-23 16:30:00,,Rebound
470179,54,BlockedShot,0.8580000305175781,0.5320000076293945,0.07334789633750916,Rodrigo Bentancur,a,6108,OpenPlay,2021,RightFoot,16714,Brentford,Tottenham,0,0,2022-04-23 16:30:00,,Rebound
470184,66,MissedShots,0.9640000152587891,0.575,0.10837399959564209,Rodrigo Bentancur,a,6108,FromCorner,2021,Head,16714,Brentford,Tottenham,0,0,2022-04-23 16:30:00,Son Heung-Min,Cross
470185,75,BlockedShot,0.9,0.46,0.04324660077691078,Dejan Kulusevski,a,6691,OpenPlay,2021,Head,16714,Brentford,Tottenham,0,0,2022-04-23 16:30:00,Pierre-Emile Højbjerg,Chipped
470189,91,MissedShots,0.9219999694824219,0.68,0.02681180089712143,Harry Kane,a,647,OpenPlay,2021,RightFoot,16714,Brentford,Tottenham,0,0,2022-04-23 16:30:00,Dejan Kulusevski,Cross
472039,2,MissedShots,0.9159999847412109,0.5529999923706055,0.026886500418186188,Eric Dier,h,643,FromCorner,2021,Head,16719,Tottenham,Leicester,3,1,2022-05-01 13:00:00,Son Heung-Min,Aerial
472042,20,BlockedShot,0.7630000305175781,0.54,0.022701000794768333,Lucas Moura,h,3293,OpenPlay,2021,RightFoot,16719,Tottenham,Leicester,3,1,2022-05-01 13:00:00,Son Heung-Min,Pass
472043,21,BlockedShot,0.88,0.5220000076293946,0.07039610296487808,Ben Davies,h,660,FromCorner,2021,LeftFoot,16719,Tottenham,Leicester,3,1,2022-05-01 13:00:00,,BallTouch
472044,21,Goal,0.9209999847412109,0.47900001525878905,0.31747400760650635,Harry Kane,h,647,FromCorner,2021,Head,16719,Tottenham,Leicester,3,1,2022-05-01 13:00:00,Son Heung-Min,Cross
472045,32,SavedShot,0.8730000305175781,0.4420000076293945,0.38364601135253906,Harry Kane,h,647,OpenPlay,2021,RightFoot,16719,Tottenham,Leicester,3,1,2022-05-01 13:00:00,,BallRecovery
472048,41,MissedShots,0.9259999847412109,0.36400001525878906,0.03492239862680435,Cristian Romero,h,7218,OpenPlay,2021,Head,16719,Tottenham,Leicester,3,1,2022-05-01 13:00:00,Rodrigo Bentancur,Cross
472049,44,MissedShots,0.9219999694824219,0.53,0.13355399668216705,Lucas Moura,h,3293,OpenPlay,2021,Head,16719,Tottenham,Leicester,3,1,2022-05-01 13:00:00,Ryan Sessegnon,Cross
472050,59,Goal,0.91,0.5579999923706055,0.14047600328922272,Son Heung-Min,h,453,OpenPlay,2021,LeftFoot,16719,Tottenham,Leicester,3,1,2022-05-01 13:00:00,Dejan Kulusevski,Pass
472051,63,SavedShot,0.9009999847412109,0.73,0.08316779881715775,Harry Kane,h,647,OpenPlay,2021,LeftFoot,16719,Tottenham,Leicester,3,1,2022-05-01 13:00:00,Ben Davies,Chipped
472052,65,SavedShot,0.9209999847412109,0.5690000152587891,0.29845499992370605,Son Heung-Min,h,453,OpenPlay,2021,Head,16719,Tottenham,Leicester,3,1,2022-05-01 13:00:00,Pierre-Emile Højbjerg,Cross
472053,70,SavedShot,0.91,0.519000015258789,0.031088199466466904,Eric Dier,h,643,FromCorner,2021,Head,16719,Tottenham,Leicester,3,1,2022-05-01 13:00:00,Son Heung-Min,Aerial
472054,78,Goal,0.78,0.295,0.01918870024383068,Son Heung-Min,h,453,OpenPlay,2021,LeftFoot,16719,Tottenham,Leicester,3,1,2022-05-01 13:00:00,Dejan Kulusevski,Pass
472057,91,MissedShots,0.8109999847412109,0.4540000152587891,0.09142190217971802,Harry Kane,h,647,OpenPlay,2021,RightFoot,16719,Tottenham,Leicester,3,1,2022-05-01 13:00:00,,TakeOn
472040,7,MissedShots,0.8630000305175781,0.7280000305175781,0.03225630149245262,Ayoze Pérez,a,770,OpenPlay,2021,RightFoot,16719,Tottenham,Leicester,3,1,2022-05-01 13:00:00,Luke Thomas,TakeOn
472041,13,SavedShot,0.86,0.49,0.07085250318050385,Patson Daka,a,9738,OpenPlay,2021,RightFoot,16719,Tottenham,Leicester,3,1,2022-05-01 13:00:00,Boubakary Soumare,Cross
472046,35,MissedShots,0.78,0.43900001525878907,0.034624598920345306,Kelechi Iheanacho,a,620,OpenPlay,2021,LeftFoot,16719,Tottenham,Leicester,3,1,2022-05-01 13:00:00,Patson Daka,Pass
472047,38,BlockedShot,0.7819999694824219,0.42200000762939455,0.03808550164103508,Ayoze Pérez,a,770,OpenPlay,2021,RightFoot,16719,Tottenham,Leicester,3,1,2022-05-01 13:00:00,,TakeOn
472055,88,MissedShots,0.8969999694824219,0.4520000076293945,0.08107239753007889,Jamie Vardy,a,755,OpenPlay,2021,Head,16719,Tottenham,Leicester,3,1,2022-05-01 13:00:00,Timothy Castagne,Cross
472056,90,Goal,0.7369999694824219,0.3890000152587891,0.01724199950695038,Kelechi Iheanacho,a,620,OpenPlay,2021,LeftFoot,16719,Tottenham,Leicester,3,1,2022-05-01 13:00:00,Youri Tielemans,Pass
473760,2,SavedShot,0.7030000305175781,0.41,0.00995028018951416,Sadio Mané,h,838,OpenPlay,2021,RightFoot,16728,Liverpool,Tottenham,1,1,2022-05-07 18:45:00,Mohamed Salah,LayOff
473762,10,BlockedShot,0.845999984741211,0.34900001525878904,0.07385410368442535,Mohamed Salah,h,1250,OpenPlay,2021,LeftFoot,16728,Liverpool,Tottenham,1,1,2022-05-07 18:45:00,Sadio Mané,Pass
473764,21,MissedShots,0.915,0.4329999923706055,0.06154229864478111,Virgil van Dijk,h,833,FromCorner,2021,Head,16728,Liverpool,Tottenham,1,1,2022-05-07 18:45:00,Andrew Robertson,Cross
473765,23,MissedShots,0.7830000305175782,0.24899999618530275,0.01777059957385063,Trent Alexander-Arnold,h,1791,OpenPlay,2021,RightFoot,16728,Liverpool,Tottenham,1,1,2022-05-07 18:45:00,Thiago Alcántara,Pass
473766,26,BlockedShot,0.8159999847412109,0.544000015258789,0.04911300167441368,Luis Díaz,h,10408,OpenPlay,2021,RightFoot,16728,Liverpool,Tottenham,1,1,2022-05-07 18:45:00,Andrew Robertson,TakeOn
473767,38,ShotOnPost,0.95,0.5029999923706054,0.08097779750823975,Virgil van Dijk,h,833,FromCorner,2021,Head,16728,Liverpool,Tottenham,1,1,2022-05-07 18:45:00,Trent Alexander-Arnold,Aerial
473768,40,BlockedShot,0.7809999847412109,0.32599998474121095,0.06327129900455475,Trent Alexander-Arnold,h,1791,DirectFreekick,2021,RightFoot,16728,Liverpool,Tottenham,1,1,2022-05-07 18:45:00,,Standard
473769,40,BlockedShot,0.7719999694824219,0.5879999923706055,0.021940499544143677,Thiago Alcántara,h,229,SetPiece,2021,RightFoot,16728,Liverpool,Tottenham,1,1,2022-05-07 18:45:00,,TakeOn
473770,40,BlockedShot,0.955,0.7230000305175781,0.043136801570653915,Virgil van Dijk,h,833,SetPiece,2021,LeftFoot,16728,Liverpool,Tottenham,1,1,2022-05-07 18:45:00,Sadio Mané,BallTouch
473771,41,BlockedShot,0.7880000305175782,0.4620000076293945,0.025168800726532936,Jordan Henderson,h,605,FromCorner,2021,RightFoot,16728,Liverpool,Tottenham,1,1,2022-05-07 18:45:00,,None
473772,41,SavedShot,0.7519999694824219,0.59,0.017438499256968498,Luis Díaz,h,10408,OpenPlay,2021,RightFoot,16728,Liverpool,Tottenham,1,1,2022-05-07 18:45:00,Sadio Mané,Pass
473774,48,BlockedShot,0.894000015258789,0.265,0.03833480179309845,Trent Alexander-Arnold,h,1791,OpenPlay,2021,RightFoot,16728,Liverpool,Tottenham,1,1,2022-05-07 18:45:00,,None
473775,49,BlockedShot,0.785,0.385,0.03066449984908104,Thiago Alcántara,h,229,OpenPlay,2021,RightFoot,16728,Liverpool,Tottenham,1,1,2022-05-07 18:45:00,,None
473779,58,MissedShots,0.9030000305175782,0.5370000076293945,0.09424660354852676,Ibrahima Konaté,h,6326,SetPiece,2021,Head,16728,Liverpool,Tottenham,1,1,2022-05-07 18:45:00,Andrew Robertson,Cross
473781,60,BlockedShot,0.799000015258789,0.35,0.020797399803996086,Jordan Henderson,h,605,FromCorner,2021,RightFoot,16728,Liverpool,Tottenham,1,1,2022-05-07 18:45:00,,None
473782,63,BlockedShot,0.9130000305175782,0.5159999847412109,0.11784200370311737,Luis Díaz,h,10408,FromCorner,2021,RightFoot,16728,Liverpool,Tottenham,1,1,2022-05-07 18:45:00,Virgil van Dijk,HeadPass
473783,66,MissedShots,0.9330000305175781,0.415,0.03157079964876175,Luis Díaz,h,10408,OpenPlay,2021,Head,16728,Liverpool,Tottenham,1,1,2022-05-07 18:45:00,Konstantinos Tsimikas,Aerial
473784,72,BlockedShot,0.8490000152587891,0.455,0.11960099637508392,Mohamed Salah,h,1250,OpenPlay,2021,LeftFoot,16728,Liverpool,Tottenham,1,1,2022-05-07 18:45:00,Thiago Alcántara,Pass
473785,72,BlockedShot,0.7909999847412109,0.3139999961853027,0.023497199639678,Trent Alexander-Arnold,h,1791,OpenPlay,2021,RightFoot,16728,Liverpool,Tottenham,1,1,2022-05-07 18:45:00,Fabinho,Pass
473786,73,Goal,0.769000015258789,0.539000015258789,0.02930610068142414,Luis Díaz,h,10408,OpenPlay,2021,RightFoot,16728,Liverpool,Tottenham,1,1,2022-05-07 18:45:00,Thiago Alcántara,Pass
473787,78,MissedShots,0.76,0.580999984741211,0.01757490076124668,Thiago Alcántara,h,229,FromCorner,2021,RightFoot,16728,Liverpool,Tottenham,1,1,2022-05-07 18:45:00,,None
473789,89,BlockedShot,0.8140000152587891,0.47900001525878905,0.06050030142068863,Mohamed Salah,h,1250,OpenPlay,2021,LeftFoot,16728,Liverpool,Tottenham,1,1,2022-05-07 18:45:00,Luis Díaz,Pass
473761,6,SavedShot,0.8059999847412109,0.5129999923706055,0.04685809835791588,Rodrigo Bentancur,a,6108,OpenPlay,2021,LeftFoot,16728,Liverpool,Tottenham,1,1,2022-05-07 18:45:00,,None
473763,11,BlockedShot,0.9069999694824219,0.6569999694824219,0.053338099271059036,Harry Kane,a,647,OpenPlay,2021,LeftFoot,16728,Liverpool,Tottenham,1,1,2022-05-07 18:45:00,Pierre-Emile Højbjerg,Chipped
473773,41,ShotOnPost,0.764000015258789,0.39099998474121095,0.022127799689769745,Pierre-Emile Højbjerg,a,343,OpenPlay,2021,RightFoot,16728,Liverpool,Tottenham,1,1,2022-05-07 18:45:00,Son Heung-Min,Pass
473776,51,BlockedShot,0.9280000305175782,0.2610000038146973,0.03417370095849037,Emerson,a,7430,OpenPlay,2021,RightFoot,16728,Liverpool,Tottenham,1,1,2022-05-07 18:45:00,Harry Kane,Chipped
473777,53,BlockedShot,0.865,0.6370000076293946,0.13214300572872162,Son Heung-Min,a,453,OpenPlay,2021,RightFoot,16728,Liverpool,Tottenham,1,1,2022-05-07 18:45:00,,TakeOn
473778,55,Goal,0.9319999694824219,0.47200000762939454,0.5734350085258484,Son Heung-Min,a,453,OpenPlay,2021,LeftFoot,16728,Liverpool,Tottenham,1,1,2022-05-07 18:45:00,Ryan Sessegnon,Pass
473780,59,SavedShot,0.754000015258789,0.524000015258789,0.03209879994392395,Dejan Kulusevski,a,6691,OpenPlay,2021,LeftFoot,16728,Liverpool,Tottenham,1,1,2022-05-07 18:45:00,Harry Kane,Pass
473788,86,MissedShots,0.955999984741211,0.6819999694824219,0.08846019953489304,Ben Davies,a,660,OpenPlay,2021,LeftFoot,16728,Liverpool,Tottenham,1,1,2022-05-07 18:45:00,Son Heung-Min,Pass
475373,21,Goal,0.885,0.5,0.7611690163612366,Harry Kane,h,647,Penalty,2021,RightFoot,16593,Tottenham,Arsenal,3,0,2022-05-12 18:45:00,,Standard
475374,26,BlockedShot,0.8690000152587891,0.41200000762939454,0.18147200345993042,Harry Kane,h,647,OpenPlay,2021,RightFoot,16593,Tottenham,Arsenal,3,0,2022-05-12 18:45:00,Son Heung-Min,TakeOn
475375,26,MissedShots,0.8680000305175781,0.3029999923706055,0.04436440020799637,Emerson,h,7430,OpenPlay,2021,RightFoot,16593,Tottenham,Arsenal,3,0,2022-05-12 18:45:00,,Rebound
475377,35,MissedShots,0.894000015258789,0.5940000152587891,0.04067410156130791,Harry Kane,h,647,SetPiece,2021,Head,16593,Tottenham,Arsenal,3,0,2022-05-12 18:45:00,Son Heung-Min,Cross
475378,36,MissedShots,0.9130000305175782,0.40900001525878904,0.038561198860406876,Rodrigo Bentancur,h,6108,FromCorner,2021,Head,16593,Tottenham,Arsenal,3,0,2022-05-12 18:45:00,Son Heung-Min,Cross
475379,36,Goal,0.9819999694824219,0.5420000076293945,0.623196005821228,Harry Kane,h,647,FromCorner,2021,Head,16593,Tottenham,Arsenal,3,0,2022-05-12 18:45:00,Rodrigo Bentancur,Rebound
475380,41,BlockedShot,0.8469999694824218,0.595999984741211,0.07999789714813232,Harry Kane,h,647,OpenPlay,2021,RightFoot,16593,Tottenham,Arsenal,3,0,2022-05-12 18:45:00,Ben Davies,BallTouch
475381,41,MissedShots,0.9530000305175781,0.41900001525878905,0.4286389946937561,Emerson,h,7430,OpenPlay,2021,LeftFoot,16593,Tottenham,Arsenal,3,0,2022-05-12 18:45:00,Ryan Sessegnon,Chipped
475384,46,Goal,0.874000015258789,0.5570000076293945,0.11082100123167038,Son Heung-Min,h,453,OpenPlay,2021,RightFoot,16593,Tottenham,Arsenal,3,0,2022-05-12 18:45:00,,Dispossessed
475386,58,SavedShot,0.895,0.46099998474121096,0.2959060072898865,Emerson,h,7430,OpenPlay,2021,Head,16593,Tottenham,Arsenal,3,0,2022-05-12 18:45:00,Harry Kane,Chipped
475387,61,SavedShot,0.6909999847412109,0.43900001525878907,0.021838199347257614,Harry Kane,h,647,OpenPlay,2021,RightFoot,16593,Tottenham,Arsenal,3,0,2022-05-12 18:45:00,Rodrigo Bentancur,Pass
475388,62,MissedShots,0.9130000305175782,0.509000015258789,0.5503339767456055,Son Heung-Min,h,453,OpenPlay,2021,LeftFoot,16593,Tottenham,Arsenal,3,0,2022-05-12 18:45:00,Ryan Sessegnon,Pass
475389,69,BlockedShot,0.8980000305175782,0.35400001525878905,0.0935622975230217,Harry Kane,h,647,OpenPlay,2021,RightFoot,16593,Tottenham,Arsenal,3,0,2022-05-12 18:45:00,Davinson Sánchez,Pass
475391,73,SavedShot,0.919000015258789,0.585999984741211,0.03185210004448891,Harry Kane,h,647,OpenPlay,2021,Head,16593,Tottenham,Arsenal,3,0,2022-05-12 18:45:00,,Aerial
475393,80,BlockedShot,0.9069999694824219,0.4929999923706055,0.10621900111436844,Ryan Sessegnon,h,6837,OpenPlay,2021,Head,16593,Tottenham,Arsenal,3,0,2022-05-12 18:45:00,Emerson,Cross
475394,83,BlockedShot,0.7830000305175782,0.5929999923706055,0.048692598938941956,Harry Kane,h,647,OpenPlay,2021,LeftFoot,16593,Tottenham,Arsenal,3,0,2022-05-12 18:45:00,Pierre-Emile Højbjerg,Pass
475371,3,SavedShot,0.7319999694824219,0.29,0.012536399997770786,Martin Odegaard,a,2517,OpenPlay,2021,LeftFoot,16593,Tottenham,Arsenal,3,0,2022-05-12 18:45:00,Cédric Soares,Pass
475372,8,BlockedShot,0.72,0.325,0.013657299801707268,Bukayo Saka,a,7322,OpenPlay,2021,LeftFoot,16593,Tottenham,Arsenal,3,0,2022-05-12 18:45:00,Cédric Soares,Pass
475376,28,MissedShots,0.7880000305175782,0.6719999694824219,0.026660200208425522,Granit Xhaka,a,204,OpenPlay,2021,LeftFoot,16593,Tottenham,Arsenal,3,0,2022-05-12 18:45:00,Martin Odegaard,Pass
475382,42,SavedShot,0.8540000152587891,0.6809999847412109,0.053390100598335266,Eddie Nketiah,a,6482,OpenPlay,2021,RightFoot,16593,Tottenham,Arsenal,3,0,2022-05-12 18:45:00,Bukayo Saka,Pass
475383,44,SavedShot,0.8080000305175781,0.515,0.06608620285987854,Martin Odegaard,a,2517,OpenPlay,2021,LeftFoot,16593,Tottenham,Arsenal,3,0,2022-05-12 18:45:00,Gabriel Martinelli,Pass
475385,50,BlockedShot,0.8869999694824219,0.59,0.10576599836349487,Bukayo Saka,a,7322,OpenPlay,2021,RightFoot,16593,Tottenham,Arsenal,3,0,2022-05-12 18:45:00,Gabriel Martinelli,Pass
475390,70,MissedShots,0.7040000152587891,0.48900001525878906,0.01575469970703125,Martin Odegaard,a,2517,SetPiece,2021,LeftFoot,16593,Tottenham,Arsenal,3,0,2022-05-12 18:45:00,Emile Smith-Rowe,Pass
475392,79,SavedShot,0.8590000152587891,0.48700000762939455,0.09359519928693771,Martin Odegaard,a,2517,OpenPlay,2021,LeftFoot,16593,Tottenham,Arsenal,3,0,2022-05-12 18:45:00,Nuno Tavares,Pass
476245,3,BlockedShot,0.7269999694824218,0.4259999847412109,0.0160227008163929,Davinson Sánchez,h,6249,OpenPlay,2021,RightFoot,16739,Tottenham,Burnley,1,0,2022-05-15 11:00:00,Son Heung-Min,Pass
476246,6,BlockedShot,0.865999984741211,0.505,0.029980499297380447,Ryan Sessegnon,h,6837,OpenPlay,2021,Head,16739,Tottenham,Burnley,1,0,2022-05-15 11:00:00,Lucas Moura,Cross
476247,9,BlockedShot,0.879000015258789,0.27700000762939453,0.038842301815748215,Emerson,h,7430,OpenPlay,2021,RightFoot,16739,Tottenham,Burnley,1,0,2022-05-15 11:00:00,Lucas Moura,Pass
476248,10,BlockedShot,0.7969999694824219,0.315,0.026722300797700882,Lucas Moura,h,3293,OpenPlay,2021,RightFoot,16739,Tottenham,Burnley,1,0,2022-05-15 11:00:00,Rodrigo Bentancur,Pass
476249,12,SavedShot,0.9209999847412109,0.5,0.1272049993276596,Harry Kane,h,647,OpenPlay,2021,Head,16739,Tottenham,Burnley,1,0,2022-05-15 11:00:00,Lucas Moura,Cross
476250,14,SavedShot,0.7819999694824219,0.6229999923706054,0.027274999767541885,Ben Davies,h,660,OpenPlay,2021,LeftFoot,16739,Tottenham,Burnley,1,0,2022-05-15 11:00:00,Rodrigo Bentancur,Pass
476251,16,BlockedShot,0.9519999694824218,0.43,0.3787379860877991,Harry Kane,h,647,OpenPlay,2021,Head,16739,Tottenham,Burnley,1,0,2022-05-15 11:00:00,Ryan Sessegnon,Cross
476252,16,SavedShot,0.68,0.5479999923706055,0.011921999976038933,Emerson,h,7430,FromCorner,2021,RightFoot,16739,Tottenham,Burnley,1,0,2022-05-15 11:00:00,,None
476254,32,MissedShots,0.909000015258789,0.57,0.06332889944314957,Lucas Moura,h,3293,OpenPlay,2021,OtherBodyPart,16739,Tottenham,Burnley,1,0,2022-05-15 11:00:00,Eric Dier,Cross
476255,37,MissedShots,0.8619999694824219,0.6630000305175782,0.06226060166954994,Ben Davies,h,660,OpenPlay,2021,LeftFoot,16739,Tottenham,Burnley,1,0,2022-05-15 11:00:00,Son Heung-Min,Pass
476256,45,MissedShots,0.7119999694824218,0.42200000762939455,0.01564829982817173,Harry Kane,h,647,OpenPlay,2021,RightFoot,16739,Tottenham,Burnley,1,0,2022-05-15 11:00:00,Lucas Moura,Pass
476257,46,MissedShots,0.735,0.545,0.02610190026462078,Rodrigo Bentancur,h,6108,OpenPlay,2021,LeftFoot,16739,Tottenham,Burnley,1,0,2022-05-15 11:00:00,Davinson Sánchez,TakeOn
476258,52,Goal,0.885,0.5,0.7611690163612366,Harry Kane,h,647,Penalty,2021,RightFoot,16739,Tottenham,Burnley,1,0,2022-05-15 11:00:00,,Standard
476261,55,BlockedShot,0.9109999847412109,0.3679999923706055,0.07255219668149948,Harry Kane,h,647,OpenPlay,2021,LeftFoot,16739,Tottenham,Burnley,1,0,2022-05-15 11:00:00,Ryan Sessegnon,Cross
476262,55,MissedShots,0.8730000305175781,0.6179999923706054,0.07534209638834,Ryan Sessegnon,h,6837,OpenPlay,2021,RightFoot,16739,Tottenham,Burnley,1,0,2022-05-15 11:00:00,,Rebound
476263,56,MissedShots,0.799000015258789,0.485,0.062213100492954254,Harry Kane,h,647,OpenPlay,2021,RightFoot,16739,Tottenham,Burnley,1,0,2022-05-15 11:00:00,Son Heung-Min,Pass
476266,63,SavedShot,0.93,0.39799999237060546,0.04225799813866615,Rodrigo Bentancur,h,6108,FromCorner,2021,Head,16739,Tottenham,Burnley,1,0,2022-05-15 11:00:00,Son Heung-Min,Cross
476267,64,SavedShot,0.9119999694824219,0.5929999923706055,0.3932499885559082,Son Heung-Min,h,453,OpenPlay,2021,LeftFoot,16739,Tottenham,Burnley,1,0,2022-05-15 11:00:00,Ryan Sessegnon,Pass
476268,66,BlockedShot,0.7069999694824218,0.5659999847412109,0.013076500035822392,Pierre-Emile Højbjerg,h,343,FromCorner,2021,RightFoot,16739,Tottenham,Burnley,1,0,2022-05-15 11:00:00,,None
476270,80,SavedShot,0.905,0.515,0.12585100531578064,Son Heung-Min,h,453,OpenPlay,2021,RightFoot,16739,Tottenham,Burnley,1,0,2022-05-15 11:00:00,Ryan Sessegnon,Cross
476271,81,MissedShots,0.794000015258789,0.2979999923706055,0.030195599421858788,Rodrigo Bentancur,h,6108,OpenPlay,2021,RightFoot,16739,Tottenham,Burnley,1,0,2022-05-15 11:00:00,Emerson,BallTouch
476253,27,SavedShot,0.8959999847412109,0.6819999694824219,0.31102898716926575,Maxwel Cornet,a,3278,OpenPlay,2021,LeftFoot,16739,Tottenham,Burnley,1,0,2022-05-15 11:00:00,Nathan Collins,Throughball
476259,47,MissedShots,0.8980000305175782,0.5459999847412109,0.02839919924736023,Kevin Long,a,1747,SetPiece,2021,Head,16739,Tottenham,Burnley,1,0,2022-05-15 11:00:00,Josh Brownhill,Aerial
476260,49,MissedShots,0.9630000305175781,0.4570000076293945,0.09144669771194458,Nathan Collins,a,9733,SetPiece,2021,Head,16739,Tottenham,Burnley,1,0,2022-05-15 11:00:00,Dwight McNeil,Aerial
476264,59,MissedShots,0.8669999694824219,0.46700000762939453,0.010387199930846691,Ashley Barnes,a,4422,SetPiece,2021,Head,16739,Tottenham,Burnley,1,0,2022-05-15 11:00:00,Dwight McNeil,Aerial
476265,61,ShotOnPost,0.750999984741211,0.49700000762939456,0.02150610089302063,Ashley Barnes,a,4422,OpenPlay,2021,RightFoot,16739,Tottenham,Burnley,1,0,2022-05-15 11:00:00,Dwight McNeil,Pass
476269,74,MissedShots,0.8519999694824218,0.355,0.04581790044903755,Maxwel Cornet,a,3278,OpenPlay,2021,LeftFoot,16739,Tottenham,Burnley,1,0,2022-05-15 11:00:00,,Dispossessed
476272,84,MissedShots,0.875999984741211,0.5220000076293946,0.07969679683446884,Kevin Long,a,1747,SetPiece,2021,RightFoot,16739,Tottenham,Burnley,1,0,2022-05-15 11:00:00,Wout Weghorst,HeadPass
476273,87,BlockedShot,0.909000015258789,0.705,0.041605301201343536,Dwight McNeil,a,6756,SetPiece,2021,LeftFoot,16739,Tottenham,Burnley,1,0,2022-05-15 11:00:00,,None
477967,22,MissedShots,0.8,0.5629999923706055,0.03725630044937134,Milot Rashica,h,6523,OpenPlay,2021,RightFoot,16755,Norwich,Tottenham,0,5,2022-05-22 15:00:00,,BallRecovery
477970,39,BlockedShot,0.8490000152587891,0.539000015258789,0.0835454985499382,Milot Rashica,h,6523,OpenPlay,2021,LeftFoot,16755,Norwich,Tottenham,0,5,2022-05-22 15:00:00,Teemu Pukki,Pass
477971,40,BlockedShot,0.785,0.62,0.031684499233961105,Teemu Pukki,h,7696,OpenPlay,2021,RightFoot,16755,Norwich,Tottenham,0,5,2022-05-22 15:00:00,Pierre Lees-Melou,Pass
477972,42,MissedShots,0.8859999847412109,0.565,0.013365199789404869,Grant Hanley,h,7690,FromCorner,2021,Head,16755,Norwich,Tottenham,0,5,2022-05-22 15:00:00,Milot Rashica,Aerial
477975,45,BlockedShot,0.8530000305175781,0.2979999923706055,0.034504301846027374,Teemu Pukki,h,7696,OpenPlay,2021,RightFoot,16755,Norwich,Tottenham,0,5,2022-05-22 15:00:00,,Dispossessed
477977,54,MissedShots,0.9159999847412109,0.46099998474121096,0.0545864999294281,Teemu Pukki,h,7696,OpenPlay,2021,Head,16755,Norwich,Tottenham,0,5,2022-05-22 15:00:00,Milot Rashica,Chipped
477978,56,BlockedShot,0.8569999694824219,0.315,0.031172700226306915,Max Aarons,h,7688,OpenPlay,2021,LeftFoot,16755,Norwich,Tottenham,0,5,2022-05-22 15:00:00,,None
477979,56,MissedShots,0.7680000305175781,0.5579999923706055,0.014910999685525894,Mathias Normann,h,7470,OpenPlay,2021,RightFoot,16755,Norwich,Tottenham,0,5,2022-05-22 15:00:00,,Rebound
477988,88,MissedShots,0.8590000152587891,0.544000015258789,0.010228299535810947,Christoph Zimmermann,h,7990,SetPiece,2021,Head,16755,Norwich,Tottenham,0,5,2022-05-22 15:00:00,Milot Rashica,Aerial
477961,2,BlockedShot,0.8290000152587891,0.6969999694824218,0.02781590074300766,Harry Kane,a,647,OpenPlay,2021,RightFoot,16755,Norwich,Tottenham,0,5,2022-05-22 15:00:00,Ryan Sessegnon,Pass
477962,6,MissedShots,0.895,0.5979999923706054,0.1388469934463501,Pierre-Emile Højbjerg,a,343,OpenPlay,2021,RightFoot,16755,Norwich,Tottenham,0,5,2022-05-22 15:00:00,Dejan Kulusevski,Pass
477963,8,SavedShot,0.8419999694824218,0.46900001525878904,0.06568039953708649,Harry Kane,a,647,OpenPlay,2021,LeftFoot,16755,Norwich,Tottenham,0,5,2022-05-22 15:00:00,,None
477964,10,SavedShot,0.9540000152587891,0.355,0.09794709831476212,Harry Kane,a,647,OpenPlay,2021,RightFoot,16755,Norwich,Tottenham,0,5,2022-05-22 15:00:00,Pierre-Emile Højbjerg,Pass
477965,11,BlockedShot,0.850999984741211,0.44299999237060544,0.051857899874448776,Harry Kane,a,647,FromCorner,2021,RightFoot,16755,Norwich,Tottenham,0,5,2022-05-22 15:00:00,Son Heung-Min,Pass
477966,15,Goal,0.894000015258789,0.5129999923706055,0.4261370003223419,Dejan Kulusevski,a,6691,OpenPlay,2021,LeftFoot,16755,Norwich,Tottenham,0,5,2022-05-22 15:00:00,Rodrigo Bentancur,Pass
477968,31,Goal,0.924000015258789,0.45799999237060546,0.37407800555229187,Harry Kane,a,647,OpenPlay,2021,Head,16755,Norwich,Tottenham,0,5,2022-05-22 15:00:00,Rodrigo Bentancur,Cross
477969,33,MissedShots,0.8219999694824218,0.5640000152587891,0.1367660015821457,Son Heung-Min,a,453,OpenPlay,2021,RightFoot,16755,Norwich,Tottenham,0,5,2022-05-22 15:00:00,Pierre-Emile Højbjerg,Chipped
477973,44,SavedShot,0.755,0.6509999847412109,0.02156209945678711,Ben Davies,a,660,OpenPlay,2021,LeftFoot,16755,Norwich,Tottenham,0,5,2022-05-22 15:00:00,Dejan Kulusevski,Pass
477974,45,SavedShot,0.904000015258789,0.41900001525878905,0.04855149984359741,Harry Kane,a,647,OpenPlay,2021,Head,16755,Norwich,Tottenham,0,5,2022-05-22 15:00:00,Ryan Sessegnon,Cross
477976,54,SavedShot,0.905,0.629000015258789,0.10405100136995316,Son Heung-Min,a,453,OpenPlay,2021,LeftFoot,16755,Norwich,Tottenham,0,5,2022-05-22 15:00:00,Harry Kane,Pass
477980,59,SavedShot,0.9330000305175781,0.49700000762939456,0.5705490112304688,Son Heung-Min,a,453,OpenPlay,2021,LeftFoot,16755,Norwich,Tottenham,0,5,2022-05-22 15:00:00,Harry Kane,Cross
477981,59,MissedShots,0.9669999694824218,0.5029999923706054,0.9027100205421448,Son Heung-Min,a,453,OpenPlay,2021,RightFoot,16755,Norwich,Tottenham,0,5,2022-05-22 15:00:00,,Rebound
477982,61,BlockedShot,0.9280000305175782,0.3579999923706055,0.5231279730796814,Dejan Kulusevski,a,6691,OpenPlay,2021,RightFoot,16755,Norwich,Tottenham,0,5,2022-05-22 15:00:00,Rodrigo Bentancur,TakeOn
477983,63,Goal,0.894000015258789,0.28899999618530275,0.07572239637374878,Dejan Kulusevski,a,6691,OpenPlay,2021,LeftFoot,16755,Norwich,Tottenham,0,5,2022-05-22 15:00:00,Harry Kane,TakeOn
477984,69,SavedShot,0.8519999694824218,0.48200000762939454,0.3328939974308014,Son Heung-Min,a,453,OpenPlay,2021,RightFoot,16755,Norwich,Tottenham,0,5,2022-05-22 15:00:00,Lucas Moura,Chipped
477985,69,Goal,0.865999984741211,0.47,0.3797439932823181,Son Heung-Min,a,453,OpenPlay,2021,RightFoot,16755,Norwich,Tottenham,0,5,2022-05-22 15:00:00,Lucas Moura,Pass
477986,74,Goal,0.78,0.645,0.011206399649381638,Son Heung-Min,a,453,SetPiece,2021,RightFoot,16755,Norwich,Tottenham,0,5,2022-05-22 15:00:00,,Aerial
477987,86,MissedShots,0.82,0.3390000152587891,0.04079670086503029,Harry Kane,a,647,OpenPlay,2021,RightFoot,16755,Norwich,Tottenham,0,5,2022-05-22 15:00:00,Steven Bergwijn,Pass
479324,20,Goal,0.950999984741211,0.54,0.39604800939559937,Ryan Sessegnon,h,6837,OpenPlay,2022,Head,18207,Tottenham,Southampton,4,1,2022-08-06 14:00:00,Dejan Kulusevski,Cross
479325,30,SavedShot,0.8980000305175782,0.6609999847412109,0.06032000109553337,Son Heung-Min,h,453,OpenPlay,2022,LeftFoot,18207,Tottenham,Southampton,4,1,2022-08-06 14:00:00,Pierre-Emile Højbjerg,Chipped
479326,30,Goal,0.8980000305175782,0.5990000152587891,0.030514199286699295,Eric Dier,h,643,FromCorner,2022,Head,18207,Tottenham,Southampton,4,1,2022-08-06 14:00:00,Son Heung-Min,Cross
479327,35,BlockedShot,0.8059999847412109,0.345,0.03142109885811806,Emerson,h,7430,OpenPlay,2022,LeftFoot,18207,Tottenham,Southampton,4,1,2022-08-06 14:00:00,Dejan Kulusevski,Pass
479328,37,SavedShot,0.769000015258789,0.63,0.0308097992092371,Ben Davies,h,660,OpenPlay,2022,LeftFoot,18207,Tottenham,Southampton,4,1,2022-08-06 14:00:00,Son Heung-Min,Pass
479329,42,BlockedShot,0.8730000305175781,0.3940000152587891,0.10708899796009064,Dejan Kulusevski,h,6691,OpenPlay,2022,LeftFoot,18207,Tottenham,Southampton,4,1,2022-08-06 14:00:00,Son Heung-Min,Pass
479330,44,MissedShots,0.8809999847412109,0.47200000762939454,0.10881800204515457,Son Heung-Min,h,453,OpenPlay,2022,RightFoot,18207,Tottenham,Southampton,4,1,2022-08-06 14:00:00,Pierre-Emile Højbjerg,Chipped
479331,46,SavedShot,0.9390000152587891,0.3940000152587891,0.1343490034341812,Harry Kane,h,647,OpenPlay,2022,RightFoot,18207,Tottenham,Southampton,4,1,2022-08-06 14:00:00,Emerson,Pass
479332,47,MissedShots,0.9569999694824218,0.4809999847412109,0.08518700301647186,Cristian Romero,h,7218,FromCorner,2022,Head,18207,Tottenham,Southampton,4,1,2022-08-06 14:00:00,Son Heung-Min,Aerial
479333,49,MissedShots,0.885,0.3189999961853027,0.010532399639487267,Emerson,h,7430,OpenPlay,2022,Head,18207,Tottenham,Southampton,4,1,2022-08-06 14:00:00,Ben Davies,Cross
479334,51,BlockedShot,0.9080000305175782,0.654000015258789,0.0809376984834671,Ryan Sessegnon,h,6837,OpenPlay,2022,LeftFoot,18207,Tottenham,Southampton,4,1,2022-08-06 14:00:00,,None
479337,62,Goal,0.9080000305175782,0.31,0.08027839660644531,Dejan Kulusevski,h,6691,OpenPlay,2022,LeftFoot,18207,Tottenham,Southampton,4,1,2022-08-06 14:00:00,Emerson,Pass
479340,67,BlockedShot,0.9169999694824219,0.47400001525878904,0.14832499623298645,Son Heung-Min,h,453,OpenPlay,2022,LeftFoot,18207,Tottenham,Southampton,4,1,2022-08-06 14:00:00,Dejan Kulusevski,Pass
479341,69,MissedShots,0.9359999847412109,0.3060000038146973,0.0399009995162487,Cristian Romero,h,7218,FromCorner,2022,RightFoot,18207,Tottenham,Southampton,4,1,2022-08-06 14:00:00,,None
479342,72,MissedShots,0.914000015258789,0.445,0.12479200214147568,Emerson,h,7430,OpenPlay,2022,RightFoot,18207,Tottenham,Southampton,4,1,2022-08-06 14:00:00,Harry Kane,HeadPass
479344,82,SavedShot,0.85,0.5870000076293945,0.12011899799108505,Son Heung-Min,h,453,OpenPlay,2022,RightFoot,18207,Tottenham,Southampton,4,1,2022-08-06 14:00:00,Harry Kane,Pass
479347,90,SavedShot,0.43200000762939456,0.445,0.008696340024471283,Harry Kane,h,647,OpenPlay,2022,RightFoot,18207,Tottenham,Southampton,4,1,2022-08-06 14:00:00,Yves Bissouma,BallRecovery
479348,92,MissedShots,0.7440000152587891,0.590999984741211,0.019063500687479973,Yves Bissouma,h,5609,OpenPlay,2022,RightFoot,18207,Tottenham,Southampton,4,1,2022-08-06 14:00:00,,None
479321,2,MissedShots,0.904000015258789,0.5159999847412109,0.04428980126976967,Mohammed Salisu,a,6923,SetPiece,2022,Head,18207,Tottenham,Southampton,4,1,2022-08-06 14:00:00,James Ward-Prowse,Aerial
479322,11,Goal,0.8469999694824218,0.45299999237060545,0.04496359825134277,James Ward-Prowse,a,843,OpenPlay,2022,RightFoot,18207,Tottenham,Southampton,4,1,2022-08-06 14:00:00,Moussa Djenepo,Chipped
479323,17,MissedShots,0.7880000305175782,0.4570000076293945,0.05157420039176941,Adam Armstrong,a,4419,OpenPlay,2022,RightFoot,18207,Tottenham,Southampton,4,1,2022-08-06 14:00:00,,Interception
479335,58,MissedShots,0.795,0.38599998474121094,0.012899099849164486,James Ward-Prowse,a,843,OpenPlay,2022,RightFoot,18207,Tottenham,Southampton,4,1,2022-08-06 14:00:00,Jan Bednarek,Aerial
479336,60,OwnGoal,0.017999999523162842,0.52,0,Mohammed Salisu,a,6923,OpenPlay,2022,LeftFoot,18207,Tottenham,Southampton,4,1,2022-08-06 14:00:00,,Tackle
479338,66,BlockedShot,0.805,0.32,0.018676400184631348,Romeo Lavia,a,10004,SetPiece,2022,RightFoot,18207,Tottenham,Southampton,4,1,2022-08-06 14:00:00,,None
479339,66,MissedShots,0.8969999694824219,0.624000015258789,0.08541289716959,Moussa Djenepo,a,7701,SetPiece,2022,RightFoot,18207,Tottenham,Southampton,4,1,2022-08-06 14:00:00,Jan Bednarek,Pass
479343,73,SavedShot,0.924000015258789,0.6719999694824219,0.04521220177412033,Joe Ayodele-Aribo,a,10766,OpenPlay,2022,LeftFoot,18207,Tottenham,Southampton,4,1,2022-08-06 14:00:00,Mohammed Salisu,Chipped
479345,84,MissedShots,0.93,0.6480000305175782,0.034294500946998596,Romain Perraud,a,6500,OpenPlay,2022,LeftFoot,18207,Tottenham,Southampton,4,1,2022-08-06 14:00:00,James Ward-Prowse,Cross
479346,89,BlockedShot,0.8090000152587891,0.48900001525878906,0.049223098903894424,Ibrahima Diallo,a,6736,OpenPlay,2022,RightFoot,18207,Tottenham,Southampton,4,1,2022-08-06 14:00:00,James Ward-Prowse,BallTouch
481001,7,BlockedShot,0.805,0.4929999923706055,0.04680800065398216,Marc Cucurella,h,7134,OpenPlay,2022,LeftFoot,18220,Chelsea,Tottenham,2,2,2022-08-14 15:30:00,,None
481002,15,BlockedShot,0.805,0.3160000038146973,0.025241900235414505,N&#039;Golo Kanté,h,751,OpenPlay,2022,RightFoot,18220,Chelsea,Tottenham,2,2,2022-08-14 15:30:00,,None
481003,17,MissedShots,0.7469999694824219,0.5220000076293946,0.019314199686050415,Kalidou Koulibaly,h,1376,OpenPlay,2022,LeftFoot,18220,Chelsea,Tottenham,2,2,2022-08-14 15:30:00,,None
481004,18,SavedShot,0.8809999847412109,0.3770000076293945,0.07828439772129059,Kai Havertz,h,5220,OpenPlay,2022,RightFoot,18220,Chelsea,Tottenham,2,2,2022-08-14 15:30:00,Raheem Sterling,Pass
481005,18,Goal,0.8809999847412109,0.4129999923706055,0.045428499579429626,Kalidou Koulibaly,h,1376,FromCorner,2022,RightFoot,18220,Chelsea,Tottenham,2,2,2022-08-14 15:30:00,Marc Cucurella,Cross
481007,26,MissedShots,0.8809999847412109,0.5629999923706055,0.07736030220985413,Kalidou Koulibaly,h,1376,FromCorner,2022,RightFoot,18220,Chelsea,Tottenham,2,2,2022-08-14 15:30:00,Thiago Silva,None
481008,29,BlockedShot,0.845,0.6530000305175782,0.06005999818444252,Raheem Sterling,h,618,OpenPlay,2022,RightFoot,18220,Chelsea,Tottenham,2,2,2022-08-14 15:30:00,Ruben Loftus-Cheek,Pass
481009,36,MissedShots,0.8330000305175781,0.6329999923706054,0.06708969920873642,Mason Mount,h,7768,OpenPlay,2022,RightFoot,18220,Chelsea,Tottenham,2,2,2022-08-14 15:30:00,Jorginho,Pass
481011,48,BlockedShot,0.8030000305175782,0.44299999237060544,0.06353220343589783,Reece James,h,8067,OpenPlay,2022,RightFoot,18220,Chelsea,Tottenham,2,2,2022-08-14 15:30:00,Jorginho,Pass
481012,54,BlockedShot,0.8730000305175781,0.495,0.0663255974650383,Marc Cucurella,h,7134,FromCorner,2022,RightFoot,18220,Chelsea,Tottenham,2,2,2022-08-14 15:30:00,Kai Havertz,BallTouch
481013,59,BlockedShot,0.8730000305175781,0.38299999237060545,0.10174699872732162,Ruben Loftus-Cheek,h,688,OpenPlay,2022,LeftFoot,18220,Chelsea,Tottenham,2,2,2022-08-14 15:30:00,Mason Mount,Pass
481014,60,MissedShots,0.895,0.4809999847412109,0.14204399287700653,Raheem Sterling,h,618,OpenPlay,2022,RightFoot,18220,Chelsea,Tottenham,2,2,2022-08-14 15:30:00,Ruben Loftus-Cheek,Pass
481016,62,BlockedShot,0.7980000305175782,0.47900001525878905,0.04808240011334419,Jorginho,h,1389,OpenPlay,2022,RightFoot,18220,Chelsea,Tottenham,2,2,2022-08-14 15:30:00,N&#039;Golo Kanté,Pass
481019,74,MissedShots,0.9359999847412109,0.485,0.4862920045852661,Kai Havertz,h,5220,OpenPlay,2022,LeftFoot,18220,Chelsea,Tottenham,2,2,2022-08-14 15:30:00,Reece James,Cross
481020,76,Goal,0.9,0.42700000762939455,0.4040229916572571,Reece James,h,8067,OpenPlay,2022,RightFoot,18220,Chelsea,Tottenham,2,2,2022-08-14 15:30:00,Raheem Sterling,Pass
481021,84,MissedShots,0.8630000305175781,0.5870000076293945,0.10781999677419662,Mason Mount,h,7768,OpenPlay,2022,RightFoot,18220,Chelsea,Tottenham,2,2,2022-08-14 15:30:00,Conor Gallagher,Pass
481000,3,BlockedShot,0.845999984741211,0.51,0.09700900316238403,Son Heung-Min,a,453,OpenPlay,2022,RightFoot,18220,Chelsea,Tottenham,2,2,2022-08-14 15:30:00,Harry Kane,Pass
481006,21,SavedShot,0.9069999694824219,0.6680000305175782,0.2670159935951233,Ryan Sessegnon,a,6837,SetPiece,2022,LeftFoot,18220,Chelsea,Tottenham,2,2,2022-08-14 15:30:00,Harry Kane,Chipped
481010,47,SavedShot,0.9430000305175781,0.6790000152587891,0.2544659972190857,Son Heung-Min,a,453,OpenPlay,2022,LeftFoot,18220,Chelsea,Tottenham,2,2,2022-08-14 15:30:00,Harry Kane,Chipped
481015,60,MissedShots,0.8540000152587891,0.4279999923706055,0.30983400344848633,Harry Kane,a,647,OpenPlay,2022,RightFoot,18220,Chelsea,Tottenham,2,2,2022-08-14 15:30:00,Pierre-Emile Højbjerg,Throughball
481017,64,BlockedShot,0.9009999847412109,0.385,0.013287300243973732,Eric Dier,a,643,FromCorner,2022,Head,18220,Chelsea,Tottenham,2,2,2022-08-14 15:30:00,Son Heung-Min,Aerial
481018,67,Goal,0.784000015258789,0.3679999923706055,0.026101399213075638,Pierre-Emile Højbjerg,a,343,OpenPlay,2022,RightFoot,18220,Chelsea,Tottenham,2,2,2022-08-14 15:30:00,Ben Davies,Pass
481022,90,MissedShots,0.95,0.63,0.031362999230623245,Harry Kane,a,647,OpenPlay,2022,Head,18220,Chelsea,Tottenham,2,2,2022-08-14 15:30:00,,None
481023,93,BlockedShot,0.81,0.500999984741211,0.04290119931101799,Yves Bissouma,a,5609,SetPiece,2022,RightFoot,18220,Chelsea,Tottenham,2,2,2022-08-14 15:30:00,,None
481024,93,SavedShot,0.92,0.4209999847412109,0.05664769932627678,Ben Davies,a,660,FromCorner,2022,Head,18220,Chelsea,Tottenham,2,2,2022-08-14 15:30:00,Ivan Perisic,Cross
481025,95,Goal,0.955999984741211,0.4779999923706055,0.4884519875049591,Harry Kane,a,647,FromCorner,2022,Head,18220,Chelsea,Tottenham,2,2,2022-08-14 15:30:00,Ivan Perisic,Cross
481627,44,SavedShot,0.88,0.5179999923706055,0.032299499958753586,Harry Kane,h,647,OpenPlay,2022,Head,18222,Tottenham,Wolverhampton Wanderers,1,0,2022-08-20 11:30:00,Ivan Perisic,Aerial
481631,47,MissedShots,0.960999984741211,0.47299999237060547,0.08714059740304947,Davinson Sánchez,h,6249,FromCorner,2022,Head,18222,Tottenham,Wolverhampton Wanderers,1,0,2022-08-20 11:30:00,Ivan Perisic,Aerial
481632,49,MissedShots,0.9109999847412109,0.445,0.09971430152654648,Son Heung-Min,h,453,OpenPlay,2022,Head,18222,Tottenham,Wolverhampton Wanderers,1,0,2022-08-20 11:30:00,Harry Kane,Cross
481633,50,ShotOnPost,0.8980000305175782,0.45099998474121095,0.2155500054359436,Harry Kane,h,647,OpenPlay,2022,Head,18222,Tottenham,Wolverhampton Wanderers,1,0,2022-08-20 11:30:00,Dejan Kulusevski,Cross
481634,50,SavedShot,0.8730000305175781,0.44599998474121094,0.08327759802341461,Son Heung-Min,h,453,OpenPlay,2022,LeftFoot,18222,Tottenham,Wolverhampton Wanderers,1,0,2022-08-20 11:30:00,,Rebound
481638,61,BlockedShot,0.8490000152587891,0.43,0.1194550022482872,Harry Kane,h,647,OpenPlay,2022,LeftFoot,18222,Tottenham,Wolverhampton Wanderers,1,0,2022-08-20 11:30:00,Dejan Kulusevski,Pass
481639,62,ShotOnPost,0.9590000152587891,0.34900001525878904,0.08540739864110947,Son Heung-Min,h,453,OpenPlay,2022,RightFoot,18222,Tottenham,Wolverhampton Wanderers,1,0,2022-08-20 11:30:00,Dejan Kulusevski,Pass
481640,63,Goal,0.9730000305175781,0.4759999847412109,0.5369009971618652,Harry Kane,h,647,FromCorner,2022,Head,18222,Tottenham,Wolverhampton Wanderers,1,0,2022-08-20 11:30:00,Ivan Perisic,HeadPass
481642,68,BlockedShot,0.914000015258789,0.5459999847412109,0.12158200144767761,Emerson,h,7430,OpenPlay,2022,RightFoot,18222,Tottenham,Wolverhampton Wanderers,1,0,2022-08-20 11:30:00,,None
481647,92,SavedShot,0.759000015258789,0.5970000076293945,0.028613200411200523,Pierre-Emile Højbjerg,h,343,OpenPlay,2022,RightFoot,18222,Tottenham,Wolverhampton Wanderers,1,0,2022-08-20 11:30:00,Harry Kane,Pass
481648,93,MissedShots,0.9,0.6659999847412109,0.07408630102872849,Richarlison,h,6026,OpenPlay,2022,RightFoot,18222,Tottenham,Wolverhampton Wanderers,1,0,2022-08-20 11:30:00,Yves Bissouma,None
481618,5,BlockedShot,0.92,0.35700000762939454,0.08669280260801315,Gonçalo Guedes,a,5682,OpenPlay,2022,RightFoot,18222,Tottenham,Wolverhampton Wanderers,1,0,2022-08-20 11:30:00,João Moutinho,Pass
481619,6,SavedShot,0.745,0.6990000152587891,0.017513899132609367,Rúben Neves,a,6853,FromCorner,2022,RightFoot,18222,Tottenham,Wolverhampton Wanderers,1,0,2022-08-20 11:30:00,Gonçalo Guedes,Cross
481620,10,MissedShots,0.755,0.6029999923706054,0.018151499330997467,Gonçalo Guedes,a,5682,OpenPlay,2022,RightFoot,18222,Tottenham,Wolverhampton Wanderers,1,0,2022-08-20 11:30:00,João Moutinho,None
481621,19,MissedShots,0.759000015258789,0.40900001525878904,0.02091990038752556,Rúben Neves,a,6853,OpenPlay,2022,RightFoot,18222,Tottenham,Wolverhampton Wanderers,1,0,2022-08-20 11:30:00,Pedro Neto,Pass
481622,31,MissedShots,0.865,0.4279999923706055,0.027766399085521698,Matheus Nunes,a,11000,SetPiece,2022,Head,18222,Tottenham,Wolverhampton Wanderers,1,0,2022-08-20 11:30:00,João Moutinho,Cross
481623,33,BlockedShot,0.7130000305175781,0.3120000076293945,0.015579800121486187,Pedro Neto,a,6382,OpenPlay,2022,LeftFoot,18222,Tottenham,Wolverhampton Wanderers,1,0,2022-08-20 11:30:00,Matheus Nunes,Pass
481624,33,MissedShots,0.8719999694824219,0.524000015258789,0.08877280354499817,Daniel Podence,a,8291,OpenPlay,2022,RightFoot,18222,Tottenham,Wolverhampton Wanderers,1,0,2022-08-20 11:30:00,,Rebound
481625,38,SavedShot,0.7769999694824219,0.49,0.032607000321149826,Gonçalo Guedes,a,5682,OpenPlay,2022,RightFoot,18222,Tottenham,Wolverhampton Wanderers,1,0,2022-08-20 11:30:00,Daniel Podence,Pass
481626,41,MissedShots,0.8930000305175781,0.44599998474121094,0.028872499242424965,Matheus Nunes,a,11000,OpenPlay,2022,Head,18222,Tottenham,Wolverhampton Wanderers,1,0,2022-08-20 11:30:00,Rúben Neves,Aerial
481628,45,MissedShots,0.805,0.40599998474121096,0.03681899979710579,Gonçalo Guedes,a,5682,OpenPlay,2022,RightFoot,18222,Tottenham,Wolverhampton Wanderers,1,0,2022-08-20 11:30:00,Pedro Neto,Pass
481629,47,BlockedShot,0.8819999694824219,0.34,0.05373169854283333,Matheus Nunes,a,11000,OpenPlay,2022,RightFoot,18222,Tottenham,Wolverhampton Wanderers,1,0,2022-08-20 11:30:00,Gonçalo Guedes,Pass
481630,47,MissedShots,0.8669999694824219,0.5159999847412109,0.013044900260865688,Max Kilman,a,7332,FromCorner,2022,Head,18222,Tottenham,Wolverhampton Wanderers,1,0,2022-08-20 11:30:00,João Moutinho,Aerial
481635,52,BlockedShot,0.7809999847412109,0.29399999618530276,0.017120899632573128,Jonny,a,2280,OpenPlay,2022,LeftFoot,18222,Tottenham,Wolverhampton Wanderers,1,0,2022-08-20 11:30:00,Pedro Neto,Pass
481636,53,SavedShot,0.9630000305175781,0.649000015258789,0.08239240199327469,Rayan Ait Nouri,a,6674,OpenPlay,2022,LeftFoot,18222,Tottenham,Wolverhampton Wanderers,1,0,2022-08-20 11:30:00,Daniel Podence,Pass
481637,61,BlockedShot,0.7719999694824219,0.6170000076293946,0.025815999135375023,Gonçalo Guedes,a,5682,OpenPlay,2022,RightFoot,18222,Tottenham,Wolverhampton Wanderers,1,0,2022-08-20 11:30:00,Rúben Neves,Pass
481641,65,BlockedShot,0.71,0.5640000152587891,0.015176399610936642,Matheus Nunes,a,11000,OpenPlay,2022,LeftFoot,18222,Tottenham,Wolverhampton Wanderers,1,0,2022-08-20 11:30:00,Leander Dendoncker,Pass
481643,71,BlockedShot,0.7909999847412109,0.67,0.02131900005042553,Nélson Semedo,a,6163,OpenPlay,2022,RightFoot,18222,Tottenham,Wolverhampton Wanderers,1,0,2022-08-20 11:30:00,Gonçalo Guedes,Pass
481644,72,MissedShots,0.735,0.40400001525878904,0.04978710040450096,Rúben Neves,a,6853,DirectFreekick,2022,RightFoot,18222,Tottenham,Wolverhampton Wanderers,1,0,2022-08-20 11:30:00,,Standard
481645,81,BlockedShot,0.735,0.4,0.018142400309443474,Jonny,a,2280,OpenPlay,2022,RightFoot,18222,Tottenham,Wolverhampton Wanderers,1,0,2022-08-20 11:30:00,Rúben Neves,Pass
481646,91,BlockedShot,0.7709999847412109,0.7480000305175781,0.01727999933063984,Hee-Chan Hwang,a,8845,OpenPlay,2022,RightFoot,18222,Tottenham,Wolverhampton Wanderers,1,0,2022-08-20 11:30:00,Nélson Semedo,Pass
484467,2,MissedShots,0.7380000305175781,0.585,0.015192200429737568,Morgan Gibbs-White,h,6857,OpenPlay,2022,RightFoot,18241,Nottingham Forest,Tottenham,0,2,2022-08-28 15:30:00,,None
484469,10,BlockedShot,0.789000015258789,0.35700000762939454,0.027403099462389946,Brennan Johnson,h,10760,OpenPlay,2022,RightFoot,18241,Nottingham Forest,Tottenham,0,2,2022-08-28 15:30:00,Jesse Lingard,Pass
484470,14,BlockedShot,0.7819999694824219,0.32599998474121095,0.019306499511003494,Ryan Yates,h,11003,OpenPlay,2022,LeftFoot,18241,Nottingham Forest,Tottenham,0,2,2022-08-28 15:30:00,Neco Williams,Pass
484473,17,BlockedShot,0.7380000305175781,0.615,0.017902500927448273,Jesse Lingard,h,558,OpenPlay,2022,RightFoot,18241,Nottingham Forest,Tottenham,0,2,2022-08-28 15:30:00,Lewis O&#039;Brien,Pass
484474,17,BlockedShot,0.7719999694824219,0.42900001525878906,0.026541199535131454,Ryan Yates,h,11003,OpenPlay,2022,RightFoot,18241,Nottingham Forest,Tottenham,0,2,2022-08-28 15:30:00,,None
484476,20,SavedShot,0.7180000305175781,0.565,0.015605499967932701,Lewis O&#039;Brien,h,10759,FromCorner,2022,LeftFoot,18241,Nottingham Forest,Tottenham,0,2,2022-08-28 15:30:00,,BallTouch
484478,33,MissedShots,0.9030000305175782,0.524000015258789,0.08139020204544067,Brennan Johnson,h,10760,OpenPlay,2022,Head,18241,Nottingham Forest,Tottenham,0,2,2022-08-28 15:30:00,Scott McKenna,Cross
484479,34,MissedShots,0.875999984741211,0.27700000762939453,0.03838780149817467,Neco Williams,h,8204,OpenPlay,2022,RightFoot,18241,Nottingham Forest,Tottenham,0,2,2022-08-28 15:30:00,Jesse Lingard,Pass
484480,41,MissedShots,0.85,0.62,0.061583198606967926,Morgan Gibbs-White,h,6857,OpenPlay,2022,RightFoot,18241,Nottingham Forest,Tottenham,0,2,2022-08-28 15:30:00,Jesse Lingard,LayOff
484482,50,MissedShots,0.86,0.4540000152587891,0.030526699498295784,Ryan Yates,h,11003,OpenPlay,2022,Head,18241,Nottingham Forest,Tottenham,0,2,2022-08-28 15:30:00,Morgan Gibbs-White,Chipped
484485,56,MissedShots,0.8919999694824219,0.4,0.09131520241498947,Neco Williams,h,8204,OpenPlay,2022,RightFoot,18241,Nottingham Forest,Tottenham,0,2,2022-08-28 15:30:00,Ryan Yates,Pass
484487,62,BlockedShot,0.9469999694824218,0.47,0.0808497965335846,Ryan Yates,h,11003,FromCorner,2022,Head,18241,Nottingham Forest,Tottenham,0,2,2022-08-28 15:30:00,Steve Cook,Aerial
484494,79,MissedShots,0.8690000152587891,0.615,0.0739360973238945,Emmanuel Dennis,h,9301,OpenPlay,2022,RightFoot,18241,Nottingham Forest,Tottenham,0,2,2022-08-28 15:30:00,Morgan Gibbs-White,Pass
484498,94,BlockedShot,0.8059999847412109,0.725999984741211,0.06215500086545944,Emmanuel Dennis,h,9301,DirectFreekick,2022,RightFoot,18241,Nottingham Forest,Tottenham,0,2,2022-08-28 15:30:00,,Standard
484499,96,MissedShots,0.8480000305175781,0.5479999923706055,0.047717299312353134,Remo Freuler,h,1488,FromCorner,2022,LeftFoot,18241,Nottingham Forest,Tottenham,0,2,2022-08-28 15:30:00,Scott McKenna,BallTouch
484500,96,MissedShots,0.9069999694824219,0.39799999237060546,0.08543000370264053,Joe Worrall,h,10756,FromCorner,2022,RightFoot,18241,Nottingham Forest,Tottenham,0,2,2022-08-28 15:30:00,Cheikhou Kouyaté,Rebound
484501,97,BlockedShot,0.8159999847412109,0.3129999923706055,0.030202800408005714,Neco Williams,h,8204,OpenPlay,2022,LeftFoot,18241,Nottingham Forest,Tottenham,0,2,2022-08-28 15:30:00,Taiwo Awoniyi,Pass
484468,4,Goal,0.8209999847412109,0.4329999923706055,0.06352510303258896,Harry Kane,a,647,OpenPlay,2022,RightFoot,18241,Nottingham Forest,Tottenham,0,2,2022-08-28 15:30:00,Dejan Kulusevski,Pass
484471,15,MissedShots,0.8190000152587891,0.54,0.06769959628582001,Ben Davies,a,660,OpenPlay,2022,RightFoot,18241,Nottingham Forest,Tottenham,0,2,2022-08-28 15:30:00,,None
484472,15,MissedShots,0.8109999847412109,0.654000015258789,0.034568000584840775,Son Heung-Min,a,453,OpenPlay,2022,RightFoot,18241,Nottingham Forest,Tottenham,0,2,2022-08-28 15:30:00,,Rebound
484475,17,MissedShots,0.8530000305175781,0.67,0.08643539994955063,Harry Kane,a,647,OpenPlay,2022,RightFoot,18241,Nottingham Forest,Tottenham,0,2,2022-08-28 15:30:00,Son Heung-Min,Pass
484477,30,BlockedShot,0.7819999694824219,0.41700000762939454,0.034032199531793594,Dejan Kulusevski,a,6691,OpenPlay,2022,LeftFoot,18241,Nottingham Forest,Tottenham,0,2,2022-08-28 15:30:00,Son Heung-Min,Pass
484481,48,BlockedShot,0.8130000305175781,0.44599998474121094,0.06092739850282669,Harry Kane,a,647,OpenPlay,2022,RightFoot,18241,Nottingham Forest,Tottenham,0,2,2022-08-28 15:30:00,Dejan Kulusevski,Pass
484483,51,MissedShots,0.895,0.6780000305175782,0.035703498870134354,Ivan Perisic,a,448,OpenPlay,2022,LeftFoot,18241,Nottingham Forest,Tottenham,0,2,2022-08-28 15:30:00,Harry Kane,Cross
484484,55,SavedShot,0.885,0.5,0.7611690163612366,Harry Kane,a,647,Penalty,2022,RightFoot,18241,Nottingham Forest,Tottenham,0,2,2022-08-28 15:30:00,,Standard
484486,60,SavedShot,0.9119999694824219,0.35700000762939454,0.08836700022220612,Son Heung-Min,a,453,OpenPlay,2022,LeftFoot,18241,Nottingham Forest,Tottenham,0,2,2022-08-28 15:30:00,,None
484488,63,MissedShots,0.919000015258789,0.3340000152587891,0.08475299924612045,Dejan Kulusevski,a,6691,OpenPlay,2022,RightFoot,18241,Nottingham Forest,Tottenham,0,2,2022-08-28 15:30:00,Son Heung-Min,Pass
484489,66,BlockedShot,0.8109999847412109,0.46099998474121096,0.06643089652061462,Dejan Kulusevski,a,6691,OpenPlay,2022,LeftFoot,18241,Nottingham Forest,Tottenham,0,2,2022-08-28 15:30:00,Pierre-Emile Højbjerg,Pass
484490,68,MissedShots,0.9069999694824219,0.2989999961853027,0.08797270059585571,Pierre-Emile Højbjerg,a,343,OpenPlay,2022,RightFoot,18241,Nottingham Forest,Tottenham,0,2,2022-08-28 15:30:00,Harry Kane,Pass
484491,69,BlockedShot,0.8490000152587891,0.3290000152587891,0.06058629974722862,Dejan Kulusevski,a,6691,OpenPlay,2022,LeftFoot,18241,Nottingham Forest,Tottenham,0,2,2022-08-28 15:30:00,Harry Kane,Pass
484492,77,SavedShot,0.355,0.5420000076293945,0.006248930003494024,Harry Kane,a,647,OpenPlay,2022,LeftFoot,18241,Nottingham Forest,Tottenham,0,2,2022-08-28 15:30:00,Pierre-Emile Højbjerg,Pass
484493,78,MissedShots,0.960999984741211,0.42400001525878905,0.1489419937133789,Richarlison,a,6026,OpenPlay,2022,RightFoot,18241,Nottingham Forest,Tottenham,0,2,2022-08-28 15:30:00,Dejan Kulusevski,Pass
484495,80,Goal,0.9490000152587891,0.45799999237060546,0.5086269974708557,Harry Kane,a,647,OpenPlay,2022,Head,18241,Nottingham Forest,Tottenham,0,2,2022-08-28 15:30:00,Richarlison,Cross
484496,91,SavedShot,0.9069999694824219,0.5670000076293945,0.1369750052690506,Richarlison,a,6026,OpenPlay,2022,RightFoot,18241,Nottingham Forest,Tottenham,0,2,2022-08-28 15:30:00,Pierre-Emile Højbjerg,Pass
484497,91,BlockedShot,0.9209999847412109,0.41,0.11410800367593765,Djed Spence,a,10764,OpenPlay,2022,LeftFoot,18241,Nottingham Forest,Tottenham,0,2,2022-08-28 15:30:00,,None
485271,5,MissedShots,0.874000015258789,0.3629999923706055,0.07693839818239212,Jarrod Bowen,h,1776,OpenPlay,2022,RightFoot,18249,West Ham,Tottenham,1,1,2022-08-31 18:45:00,Said Benrahma,Pass
485272,6,SavedShot,0.805,0.6680000305175782,0.029078800231218338,Pablo Fornals,h,2335,OpenPlay,2022,RightFoot,18249,West Ham,Tottenham,1,1,2022-08-31 18:45:00,Said Benrahma,Pass
485275,17,SavedShot,0.7880000305175782,0.39799999237060546,0.03372089937329292,Declan Rice,h,5553,OpenPlay,2022,LeftFoot,18249,West Ham,Tottenham,1,1,2022-08-31 18:45:00,Jarrod Bowen,BallTouch
485276,21,ShotOnPost,0.830999984741211,0.649000015258789,0.04901279881596565,Michail Antonio,h,531,OpenPlay,2022,RightFoot,18249,West Ham,Tottenham,1,1,2022-08-31 18:45:00,Said Benrahma,Pass
485279,33,OwnGoal,0.017000000476837158,0.4979999923706055,0,Thilo Kehrer,h,2674,OpenPlay,2022,LeftFoot,18249,West Ham,Tottenham,1,1,2022-08-31 18:45:00,,BallTouch
485280,35,SavedShot,0.7980000305175782,0.6630000305175782,0.03844369947910309,Said Benrahma,h,3585,OpenPlay,2022,RightFoot,18249,West Ham,Tottenham,1,1,2022-08-31 18:45:00,,TakeOn
485281,39,MissedShots,0.9159999847412109,0.49599998474121093,0.10578799992799759,Tomas Soucek,h,8288,OpenPlay,2022,Head,18249,West Ham,Tottenham,1,1,2022-08-31 18:45:00,Vladimir Coufal,Cross
485282,48,BlockedShot,0.779000015258789,0.6730000305175782,0.02245349995791912,Said Benrahma,h,3585,OpenPlay,2022,RightFoot,18249,West Ham,Tottenham,1,1,2022-08-31 18:45:00,Pablo Fornals,Pass
485285,54,Goal,0.9490000152587891,0.40299999237060546,0.4329499900341034,Tomas Soucek,h,8288,OpenPlay,2022,RightFoot,18249,West Ham,Tottenham,1,1,2022-08-31 18:45:00,Michail Antonio,Pass
485286,56,BlockedShot,0.74,0.524000015258789,0.018818799406290054,Declan Rice,h,5553,OpenPlay,2022,RightFoot,18249,West Ham,Tottenham,1,1,2022-08-31 18:45:00,Jarrod Bowen,Pass
485287,56,MissedShots,0.8930000305175781,0.46099998474121096,0.11244899779558182,Tomas Soucek,h,8288,OpenPlay,2022,RightFoot,18249,West Ham,Tottenham,1,1,2022-08-31 18:45:00,Declan Rice,Rebound
485289,66,MissedShots,0.9519999694824218,0.4,0.0918676033616066,Jarrod Bowen,h,1776,OpenPlay,2022,RightFoot,18249,West Ham,Tottenham,1,1,2022-08-31 18:45:00,,None
485292,75,MissedShots,0.88,0.5629999923706055,0.0828201025724411,Pablo Fornals,h,2335,OpenPlay,2022,RightFoot,18249,West Ham,Tottenham,1,1,2022-08-31 18:45:00,,None
485296,87,MissedShots,0.91,0.5129999923706055,0.0509319007396698,Kurt Zouma,h,935,SetPiece,2022,Head,18249,West Ham,Tottenham,1,1,2022-08-31 18:45:00,Vladimir Coufal,Aerial
485297,93,MissedShots,0.97,0.6020000076293945,0.37950998544692993,Jarrod Bowen,h,1776,OpenPlay,2022,LeftFoot,18249,West Ham,Tottenham,1,1,2022-08-31 18:45:00,Angelo Ogbonna,BallTouch
485270,2,SavedShot,0.750999984741211,0.22100000381469725,0.01492950040847063,Emerson,a,7430,OpenPlay,2022,RightFoot,18249,West Ham,Tottenham,1,1,2022-08-31 18:45:00,Pierre-Emile Højbjerg,Pass
485273,10,BlockedShot,0.9080000305175782,0.4279999923706055,0.061387501657009125,Harry Kane,a,647,OpenPlay,2022,Head,18249,West Ham,Tottenham,1,1,2022-08-31 18:45:00,Ivan Perisic,Cross
485274,15,BlockedShot,0.815,0.4420000076293945,0.04906009882688522,Dejan Kulusevski,a,6691,OpenPlay,2022,RightFoot,18249,West Ham,Tottenham,1,1,2022-08-31 18:45:00,,None
485277,24,SavedShot,0.7580000305175781,0.3559999847412109,0.01729089953005314,Pierre-Emile Højbjerg,a,343,OpenPlay,2022,RightFoot,18249,West Ham,Tottenham,1,1,2022-08-31 18:45:00,Dejan Kulusevski,Pass
485278,26,SavedShot,0.795,0.8230000305175781,0.017811400815844536,Harry Kane,a,647,OpenPlay,2022,RightFoot,18249,West Ham,Tottenham,1,1,2022-08-31 18:45:00,Ben Davies,Pass
485283,48,BlockedShot,0.885,0.34,0.12632499635219574,Dejan Kulusevski,a,6691,OpenPlay,2022,LeftFoot,18249,West Ham,Tottenham,1,1,2022-08-31 18:45:00,,Dispossessed
485284,48,BlockedShot,0.875999984741211,0.4620000076293945,0.10841099917888641,Son Heung-Min,a,453,OpenPlay,2022,RightFoot,18249,West Ham,Tottenham,1,1,2022-08-31 18:45:00,Dejan Kulusevski,Dispossessed
485288,58,BlockedShot,0.9130000305175782,0.48,0.11159899830818176,Harry Kane,a,647,OpenPlay,2022,Head,18249,West Ham,Tottenham,1,1,2022-08-31 18:45:00,Ben Davies,Cross
485290,72,BlockedShot,0.8580000305175781,0.6869999694824219,0.04423600062727928,Son Heung-Min,a,453,OpenPlay,2022,RightFoot,18249,West Ham,Tottenham,1,1,2022-08-31 18:45:00,Ivan Perisic,Chipped
485291,73,MissedShots,0.9519999694824218,0.40400001525878904,0.045487601310014725,Davinson Sánchez,a,6249,FromCorner,2022,RightFoot,18249,West Ham,Tottenham,1,1,2022-08-31 18:45:00,,Aerial
485293,76,BlockedShot,0.95,0.3160000038146973,0.06251309812068939,Harry Kane,a,647,OpenPlay,2022,RightFoot,18249,West Ham,Tottenham,1,1,2022-08-31 18:45:00,Richarlison,Pass
485294,80,MissedShots,0.9030000305175782,0.415,0.030977899208664894,Emerson,a,7430,OpenPlay,2022,Head,18249,West Ham,Tottenham,1,1,2022-08-31 18:45:00,Ivan Perisic,Aerial
485295,80,SavedShot,0.8469999694824218,0.495,0.033254899084568024,Harry Kane,a,647,OpenPlay,2022,RightFoot,18249,West Ham,Tottenham,1,1,2022-08-31 18:45:00,,Aerial
485881,6,SavedShot,0.8190000152587891,0.5270000076293946,0.06517340242862701,Harry Kane,h,647,OpenPlay,2022,RightFoot,18255,Tottenham,Fulham,2,1,2022-09-03 14:00:00,Rodrigo Bentancur,Pass
485882,7,MissedShots,0.7719999694824219,0.5770000076293945,0.014839700423181057,Rodrigo Bentancur,h,6108,FromCorner,2022,RightFoot,18255,Tottenham,Fulham,2,1,2022-09-03 14:00:00,,Aerial
485883,8,BlockedShot,0.9340000152587891,0.5179999923706055,0.0658155009150505,Richarlison,h,6026,FromCorner,2022,Head,18255,Tottenham,Fulham,2,1,2022-09-03 14:00:00,,None
485886,18,BlockedShot,0.7280000305175781,0.43900001525878907,0.04879250004887581,Eric Dier,h,643,DirectFreekick,2022,RightFoot,18255,Tottenham,Fulham,2,1,2022-09-03 14:00:00,,Standard
485887,18,SavedShot,0.7180000305175781,0.505,0.012252099812030792,Son Heung-Min,h,453,SetPiece,2022,RightFoot,18255,Tottenham,Fulham,2,1,2022-09-03 14:00:00,,Rebound
485888,21,BlockedShot,0.874000015258789,0.5640000152587891,0.09907589852809906,Son Heung-Min,h,453,OpenPlay,2022,LeftFoot,18255,Tottenham,Fulham,2,1,2022-09-03 14:00:00,Richarlison,Pass
485890,32,ShotOnPost,0.9490000152587891,0.55,0.44710901379585266,Son Heung-Min,h,453,OpenPlay,2022,LeftFoot,18255,Tottenham,Fulham,2,1,2022-09-03 14:00:00,Harry Kane,Chipped
485891,39,MissedShots,0.9630000305175781,0.6370000076293946,0.015104399994015694,Clement Lenglet,h,5050,FromCorner,2022,Head,18255,Tottenham,Fulham,2,1,2022-09-03 14:00:00,Son Heung-Min,Cross
485892,39,Goal,0.9130000305175782,0.4129999923706055,0.12728600203990936,Pierre-Emile Højbjerg,h,343,OpenPlay,2022,RightFoot,18255,Tottenham,Fulham,2,1,2022-09-03 14:00:00,Richarlison,Pass
485893,48,MissedShots,0.8880000305175781,0.67,0.08370020240545273,Ryan Sessegnon,h,6837,OpenPlay,2022,RightFoot,18255,Tottenham,Fulham,2,1,2022-09-03 14:00:00,Son Heung-Min,Pass
485894,48,BlockedShot,0.8490000152587891,0.5220000076293946,0.09492439776659012,Harry Kane,h,647,OpenPlay,2022,RightFoot,18255,Tottenham,Fulham,2,1,2022-09-03 14:00:00,Son Heung-Min,Pass
485895,49,MissedShots,0.92,0.4640000152587891,0.12748800218105316,Eric Dier,h,643,OpenPlay,2022,RightFoot,18255,Tottenham,Fulham,2,1,2022-09-03 14:00:00,Richarlison,Cross
485896,50,SavedShot,0.8419999694824218,0.38599998474121094,0.08129759877920151,Richarlison,h,6026,OpenPlay,2022,RightFoot,18255,Tottenham,Fulham,2,1,2022-09-03 14:00:00,Harry Kane,Pass
485898,57,SavedShot,0.89,0.620999984741211,0.09499490261077881,Ryan Sessegnon,h,6837,OpenPlay,2022,LeftFoot,18255,Tottenham,Fulham,2,1,2022-09-03 14:00:00,Richarlison,BallTouch
485899,57,MissedShots,0.799000015258789,0.5509999847412109,0.02869120053946972,Ryan Sessegnon,h,6837,FromCorner,2022,LeftFoot,18255,Tottenham,Fulham,2,1,2022-09-03 14:00:00,,None
485900,57,SavedShot,0.909000015258789,0.46700000762939453,0.12383099645376205,Cristian Romero,h,7218,FromCorner,2022,RightFoot,18255,Tottenham,Fulham,2,1,2022-09-03 14:00:00,Ryan Sessegnon,Rebound
485901,62,SavedShot,0.8619999694824219,0.5940000152587891,0.09060440212488174,Son Heung-Min,h,453,OpenPlay,2022,RightFoot,18255,Tottenham,Fulham,2,1,2022-09-03 14:00:00,Harry Kane,BallRecovery
485902,63,BlockedShot,0.7519999694824219,0.524000015258789,0.024941900745034218,Ryan Sessegnon,h,6837,FromCorner,2022,LeftFoot,18255,Tottenham,Fulham,2,1,2022-09-03 14:00:00,Rodrigo Bentancur,Pass
485904,66,SavedShot,0.9340000152587891,0.5820000076293945,0.06910870224237442,Cristian Romero,h,7218,FromCorner,2022,Head,18255,Tottenham,Fulham,2,1,2022-09-03 14:00:00,Son Heung-Min,Cross
485905,74,BlockedShot,0.8690000152587891,0.6919999694824219,0.05939109995961189,Ryan Sessegnon,h,6837,OpenPlay,2022,LeftFoot,18255,Tottenham,Fulham,2,1,2022-09-03 14:00:00,,None
485906,74,SavedShot,0.95,0.5879999923706055,0.42302900552749634,Ryan Sessegnon,h,6837,OpenPlay,2022,LeftFoot,18255,Tottenham,Fulham,2,1,2022-09-03 14:00:00,,Rebound
485907,74,Goal,0.9630000305175781,0.47299999237060547,0.718504011631012,Harry Kane,h,647,OpenPlay,2022,LeftFoot,18255,Tottenham,Fulham,2,1,2022-09-03 14:00:00,,Rebound
485909,81,ShotOnPost,0.860999984741211,0.5579999923706055,0.12011999636888504,Richarlison,h,6026,OpenPlay,2022,RightFoot,18255,Tottenham,Fulham,2,1,2022-09-03 14:00:00,Son Heung-Min,Pass
485884,11,MissedShots,0.6940000152587891,0.68,0.01123060006648302,Andreas Pereira,a,922,OpenPlay,2022,RightFoot,18255,Tottenham,Fulham,2,1,2022-09-03 14:00:00,Neeskens Kebano,Pass
485885,13,MissedShots,0.9,0.5729999923706055,0.03262820094823837,Aleksandar Mitrovic,a,773,OpenPlay,2022,Head,18255,Tottenham,Fulham,2,1,2022-09-03 14:00:00,Kenny Tete,Aerial
485889,23,MissedShots,0.9119999694824219,0.654000015258789,0.06366579979658127,Neeskens Kebano,a,6840,OpenPlay,2022,RightFoot,18255,Tottenham,Fulham,2,1,2022-09-03 14:00:00,,None
485897,53,SavedShot,0.784000015258789,0.385,0.03367789834737778,Aleksandar Mitrovic,a,773,OpenPlay,2022,RightFoot,18255,Tottenham,Fulham,2,1,2022-09-03 14:00:00,Harrison Reed,TakeOn
485903,64,MissedShots,0.9280000305175782,0.485,0.059831999242305756,Aleksandar Mitrovic,a,773,OpenPlay,2022,Head,18255,Tottenham,Fulham,2,1,2022-09-03 14:00:00,,None
485908,80,MissedShots,0.9769999694824218,0.3029999923706055,0.05429289862513542,Kenny Tete,a,5973,OpenPlay,2022,RightFoot,18255,Tottenham,Fulham,2,1,2022-09-03 14:00:00,Daniel James,Pass
485910,82,Goal,0.8690000152587891,0.6990000152587891,0.04582170024514198,Aleksandar Mitrovic,a,773,OpenPlay,2022,RightFoot,18255,Tottenham,Fulham,2,1,2022-09-03 14:00:00,Kenny Tete,TakeOn
485911,83,BlockedShot,0.8490000152587891,0.4329999923706055,0.06025569885969162,Tom Cairney,a,6835,OpenPlay,2022,LeftFoot,18255,Tottenham,Fulham,2,1,2022-09-03 14:00:00,Aleksandar Mitrovic,BallTouch
485912,87,SavedShot,0.7709999847412109,0.6709999847412109,0.020150700584053993,Aleksandar Mitrovic,a,773,OpenPlay,2022,RightFoot,18255,Tottenham,Fulham,2,1,2022-09-03 14:00:00,Tom Cairney,Pass
488926,7,Goal,0.9769999694824218,0.545,0.5270509719848633,Harry Kane,h,647,FromCorner,2022,Head,18278,Tottenham,Leicester,6,2,2022-09-17 16:30:00,Dejan Kulusevski,Cross
488927,12,BlockedShot,0.855999984741211,0.43599998474121093,0.0857527032494545,Ivan Perisic,h,448,OpenPlay,2022,LeftFoot,18278,Tottenham,Leicester,6,2,2022-09-17 16:30:00,Richarlison,Pass
488929,15,MissedShots,0.7419999694824219,0.5379999923706055,0.025871500372886658,Pierre-Emile Højbjerg,h,343,OpenPlay,2022,RightFoot,18278,Tottenham,Leicester,6,2,2022-09-17 16:30:00,,TakeOn
488932,20,Goal,0.9530000305175781,0.5609999847412109,0.06079690158367157,Eric Dier,h,643,FromCorner,2022,Head,18278,Tottenham,Leicester,6,2,2022-09-17 16:30:00,Ivan Perisic,Aerial
488934,30,BlockedShot,0.8480000305175781,0.5459999847412109,0.0913470983505249,Richarlison,h,6026,OpenPlay,2022,RightFoot,18278,Tottenham,Leicester,6,2,2022-09-17 16:30:00,Harry Kane,BallTouch
488940,42,SavedShot,0.8880000305175781,0.4759999847412109,0.021748999133706093,Davinson Sánchez,h,6249,SetPiece,2022,Head,18278,Tottenham,Leicester,6,2,2022-09-17 16:30:00,Ivan Perisic,Aerial
488944,46,Goal,0.8169999694824219,0.46799999237060547,0.30114099383354187,Rodrigo Bentancur,h,6108,OpenPlay,2022,RightFoot,18278,Tottenham,Leicester,6,2,2022-09-17 16:30:00,,BallRecovery
488945,49,MissedShots,0.8269999694824218,0.37900001525878907,0.06217940151691437,Dejan Kulusevski,h,6691,OpenPlay,2022,RightFoot,18278,Tottenham,Leicester,6,2,2022-09-17 16:30:00,,None
488946,51,SavedShot,0.9290000152587891,0.6569999694824219,0.012606400065124035,Eric Dier,h,643,FromCorner,2022,Head,18278,Tottenham,Leicester,6,2,2022-09-17 16:30:00,Ivan Perisic,Cross
488947,55,SavedShot,0.9080000305175782,0.3559999847412109,0.12635000050067902,Dejan Kulusevski,h,6691,OpenPlay,2022,RightFoot,18278,Tottenham,Leicester,6,2,2022-09-17 16:30:00,Harry Kane,Pass
488950,72,Goal,0.7619999694824219,0.445,0.05271470174193382,Son Heung-Min,h,453,OpenPlay,2022,RightFoot,18278,Tottenham,Leicester,6,2,2022-09-17 16:30:00,Rodrigo Bentancur,Pass
488952,78,SavedShot,0.860999984741211,0.5479999923706055,0.1288360059261322,Rodrigo Bentancur,h,6108,OpenPlay,2022,RightFoot,18278,Tottenham,Leicester,6,2,2022-09-17 16:30:00,,TakeOn
488953,82,BlockedShot,0.8319999694824218,0.3970000076293945,0.10917799919843674,Harry Kane,h,647,OpenPlay,2022,RightFoot,18278,Tottenham,Leicester,6,2,2022-09-17 16:30:00,Pierre-Emile Højbjerg,Pass
488954,83,Goal,0.7659999847412109,0.38299999237060545,0.032122399657964706,Son Heung-Min,h,453,OpenPlay,2022,LeftFoot,18278,Tottenham,Leicester,6,2,2022-09-17 16:30:00,Harry Kane,Pass
488955,84,SavedShot,0.795,0.425,0.05706709995865822,Son Heung-Min,h,453,OpenPlay,2022,RightFoot,18278,Tottenham,Leicester,6,2,2022-09-17 16:30:00,Rodrigo Bentancur,Pass
488956,85,Goal,0.8669999694824219,0.6170000076293946,0.2914249897003174,Son Heung-Min,h,453,OpenPlay,2022,RightFoot,18278,Tottenham,Leicester,6,2,2022-09-17 16:30:00,Pierre-Emile Højbjerg,Pass
488925,5,Goal,0.885,0.5,0.7611690163612366,Youri Tielemans,a,5956,Penalty,2022,RightFoot,18278,Tottenham,Leicester,6,2,2022-09-17 16:30:00,,Standard
488928,13,BlockedShot,0.745999984741211,0.6329999923706054,0.016800900921225548,Patson Daka,a,9738,OpenPlay,2022,RightFoot,18278,Tottenham,Leicester,6,2,2022-09-17 16:30:00,,BallRecovery
488930,17,BlockedShot,0.735,0.5690000152587891,0.015054400078952312,James Maddison,a,6818,OpenPlay,2022,RightFoot,18278,Tottenham,Leicester,6,2,2022-09-17 16:30:00,Patson Daka,Pass
488931,18,BlockedShot,0.7369999694824219,0.4490000152587891,0.019372500479221344,James Maddison,a,6818,OpenPlay,2022,RightFoot,18278,Tottenham,Leicester,6,2,2022-09-17 16:30:00,Kiernan Dewsbury-Hall,Pass
488933,28,SavedShot,0.754000015258789,0.435,0.020936600863933563,Patson Daka,a,9738,OpenPlay,2022,RightFoot,18278,Tottenham,Leicester,6,2,2022-09-17 16:30:00,Wout Faes,Pass
488935,33,MissedShots,0.8069999694824219,0.61,0.036538898944854736,Kiernan Dewsbury-Hall,a,9739,OpenPlay,2022,LeftFoot,18278,Tottenham,Leicester,6,2,2022-09-17 16:30:00,,None
488936,35,MissedShots,0.899000015258789,0.585999984741211,0.08192720264196396,Harvey Barnes,a,6681,OpenPlay,2022,RightFoot,18278,Tottenham,Leicester,6,2,2022-09-17 16:30:00,James Justin,Cross
488937,36,MissedShots,0.9130000305175782,0.6990000152587891,0.044897500425577164,Harvey Barnes,a,6681,OpenPlay,2022,RightFoot,18278,Tottenham,Leicester,6,2,2022-09-17 16:30:00,Kiernan Dewsbury-Hall,BallTouch
488938,37,MissedShots,0.715999984741211,0.63,0.01201349962502718,Wilfred Ndidi,a,5545,OpenPlay,2022,RightFoot,18278,Tottenham,Leicester,6,2,2022-09-17 16:30:00,,BallTouch
488939,40,Goal,0.875,0.425,0.062474001199007034,James Maddison,a,6818,OpenPlay,2022,RightFoot,18278,Tottenham,Leicester,6,2,2022-09-17 16:30:00,Timothy Castagne,Cross
488941,44,MissedShots,0.855,0.6079999923706054,0.08464329689741135,James Maddison,a,6818,OpenPlay,2022,RightFoot,18278,Tottenham,Leicester,6,2,2022-09-17 16:30:00,Kiernan Dewsbury-Hall,Pass
488942,44,BlockedShot,0.7090000152587891,0.47,0.015744399279356003,Youri Tielemans,a,5956,OpenPlay,2022,RightFoot,18278,Tottenham,Leicester,6,2,2022-09-17 16:30:00,Kiernan Dewsbury-Hall,Pass
488943,46,SavedShot,0.9330000305175781,0.3220000076293945,0.24644899368286133,James Maddison,a,6818,OpenPlay,2022,RightFoot,18278,Tottenham,Leicester,6,2,2022-09-17 16:30:00,Patson Daka,Pass
488948,57,SavedShot,0.91,0.475,0.04492010176181793,Patson Daka,a,9738,OpenPlay,2022,Head,18278,Tottenham,Leicester,6,2,2022-09-17 16:30:00,James Maddison,Aerial
488949,68,MissedShots,0.8830000305175781,0.4370000076293945,0.037541501224040985,Harvey Barnes,a,6681,OpenPlay,2022,OtherBodyPart,18278,Tottenham,Leicester,6,2,2022-09-17 16:30:00,James Maddison,Cross
488951,77,MissedShots,0.78,0.40400001525878904,0.030596399679780006,Wilfred Ndidi,a,5545,OpenPlay,2022,RightFoot,18278,Tottenham,Leicester,6,2,2022-09-17 16:30:00,James Maddison,Pass
488957,88,BlockedShot,0.750999984741211,0.4229999923706055,0.018862200900912285,James Maddison,a,6818,OpenPlay,2022,RightFoot,18278,Tottenham,Leicester,6,2,2022-09-17 16:30:00,Kelechi Iheanacho,Pass
488958,91,SavedShot,0.745,0.3509999847412109,0.014282099902629852,Youri Tielemans,a,5956,OpenPlay,2022,RightFoot,18278,Tottenham,Leicester,6,2,2022-09-17 16:30:00,James Maddison,Pass
488959,93,SavedShot,0.7719999694824219,0.48700000762939455,0.030270999297499657,James Maddison,a,6818,OpenPlay,2022,LeftFoot,18278,Tottenham,Leicester,6,2,2022-09-17 16:30:00,Kelechi Iheanacho,Pass
489829,2,SavedShot,0.9290000152587891,0.695,0.029694300144910812,Gabriel Martinelli,h,7752,OpenPlay,2022,RightFoot,18282,Arsenal,Tottenham,3,1,2022-10-01 11:30:00,Bukayo Saka,Cross
489830,3,MissedShots,0.9569999694824218,0.6630000305175782,0.032986801117658615,Granit Xhaka,h,204,OpenPlay,2022,LeftFoot,18282,Arsenal,Tottenham,3,1,2022-10-01 11:30:00,Bukayo Saka,Cross
489832,13,SavedShot,0.7769999694824219,0.34299999237060547,0.019670899957418442,Martin Odegaard,h,2517,OpenPlay,2022,LeftFoot,18282,Arsenal,Tottenham,3,1,2022-10-01 11:30:00,Bukayo Saka,Pass
489833,15,MissedShots,0.7669999694824219,0.27299999237060546,0.016584500670433044,Ben White,h,7298,OpenPlay,2022,RightFoot,18282,Arsenal,Tottenham,3,1,2022-10-01 11:30:00,Thomas Partey,Pass
489834,16,MissedShots,0.7290000152587891,0.6719999694824219,0.016309700906276703,Granit Xhaka,h,204,OpenPlay,2022,LeftFoot,18282,Arsenal,Tottenham,3,1,2022-10-01 11:30:00,Thomas Partey,Pass
489835,19,Goal,0.7669999694824219,0.40400001525878904,0.023805299773812294,Thomas Partey,h,2328,OpenPlay,2022,RightFoot,18282,Arsenal,Tottenham,3,1,2022-10-01 11:30:00,Ben White,Pass
489839,38,BlockedShot,0.865999984741211,0.7169999694824218,0.028574399650096893,Gabriel Martinelli,h,7752,OpenPlay,2022,RightFoot,18282,Arsenal,Tottenham,3,1,2022-10-01 11:30:00,Bukayo Saka,Pass
489840,42,SavedShot,0.9469999694824218,0.5609999847412109,0.25096699595451355,Gabriel Jesus,h,5543,OpenPlay,2022,RightFoot,18282,Arsenal,Tottenham,3,1,2022-10-01 11:30:00,Martin Odegaard,TakeOn
489841,44,MissedShots,0.875999984741211,0.44,0.09195929765701294,Bukayo Saka,h,7322,OpenPlay,2022,LeftFoot,18282,Arsenal,Tottenham,3,1,2022-10-01 11:30:00,Gabriel Jesus,BallTouch
489842,46,BlockedShot,0.8090000152587891,0.6079999923706054,0.03919599950313568,Martin Odegaard,h,2517,OpenPlay,2022,LeftFoot,18282,Arsenal,Tottenham,3,1,2022-10-01 11:30:00,Gabriel Martinelli,Pass
489843,47,BlockedShot,0.775,0.345,0.020349200814962387,Thomas Partey,h,2328,OpenPlay,2022,RightFoot,18282,Arsenal,Tottenham,3,1,2022-10-01 11:30:00,Bukayo Saka,Pass
489844,48,SavedShot,0.8590000152587891,0.30700000762939456,0.04306970164179802,Bukayo Saka,h,7322,OpenPlay,2022,LeftFoot,18282,Arsenal,Tottenham,3,1,2022-10-01 11:30:00,Thomas Partey,Pass
489845,48,Goal,0.98,0.500999984741211,0.8506600260734558,Gabriel Jesus,h,5543,OpenPlay,2022,LeftFoot,18282,Arsenal,Tottenham,3,1,2022-10-01 11:30:00,,None
489847,52,MissedShots,0.919000015258789,0.5379999923706055,0.32177799940109253,Gabriel Jesus,h,5543,OpenPlay,2022,Head,18282,Arsenal,Tottenham,3,1,2022-10-01 11:30:00,Ben White,Chipped
489849,59,SavedShot,0.8959999847412109,0.43099998474121093,0.04745100066065788,Gabriel Jesus,h,5543,OpenPlay,2022,Head,18282,Arsenal,Tottenham,3,1,2022-10-01 11:30:00,Granit Xhaka,Chipped
489850,64,MissedShots,0.7680000305175781,0.685,0.01409200020134449,Oleksandr Zinchenko,h,2958,OpenPlay,2022,LeftFoot,18282,Arsenal,Tottenham,3,1,2022-10-01 11:30:00,,Aerial
489851,65,MissedShots,0.8169999694824219,0.45799999237060546,0.0758000984787941,Bukayo Saka,h,7322,OpenPlay,2022,LeftFoot,18282,Arsenal,Tottenham,3,1,2022-10-01 11:30:00,Martin Odegaard,Pass
489852,66,Goal,0.875,0.580999984741211,0.3700900077819824,Granit Xhaka,h,204,OpenPlay,2022,LeftFoot,18282,Arsenal,Tottenham,3,1,2022-10-01 11:30:00,Gabriel Martinelli,BallTouch
489853,71,MissedShots,0.7909999847412109,0.5690000152587891,0.049310699105262756,Martin Odegaard,h,2517,OpenPlay,2022,LeftFoot,18282,Arsenal,Tottenham,3,1,2022-10-01 11:30:00,Thomas Partey,Pass
489855,89,SavedShot,0.7090000152587891,0.6840000152587891,0.01735050044953823,Kieran Tierney,h,8089,OpenPlay,2022,LeftFoot,18282,Arsenal,Tottenham,3,1,2022-10-01 11:30:00,Fábio Vieira,Pass
489856,91,BlockedShot,0.84,0.41200000762939454,0.07950130105018616,Fábio Vieira,h,11007,OpenPlay,2022,LeftFoot,18282,Arsenal,Tottenham,3,1,2022-10-01 11:30:00,,BallRecovery
489857,93,MissedShots,0.8690000152587891,0.850999984741211,0.04483319818973541,Gabriel Martinelli,h,7752,DirectFreekick,2022,RightFoot,18282,Arsenal,Tottenham,3,1,2022-10-01 11:30:00,,Standard
489831,12,SavedShot,0.9119999694824219,0.4909999847412109,0.46723100543022156,Richarlison,a,6026,SetPiece,2022,RightFoot,18282,Arsenal,Tottenham,3,1,2022-10-01 11:30:00,Eric Dier,BallTouch
489836,27,MissedShots,0.9,0.7140000152587891,0.04351779818534851,Ivan Perisic,a,448,OpenPlay,2022,LeftFoot,18282,Arsenal,Tottenham,3,1,2022-10-01 11:30:00,Son Heung-Min,Pass
489837,30,Goal,0.885,0.5,0.7611690163612366,Harry Kane,a,647,Penalty,2022,RightFoot,18282,Arsenal,Tottenham,3,1,2022-10-01 11:30:00,,Standard
489838,37,SavedShot,0.9180000305175782,0.4540000152587891,0.14809399843215942,Harry Kane,a,647,OpenPlay,2022,Head,18282,Arsenal,Tottenham,3,1,2022-10-01 11:30:00,Ivan Perisic,Cross
489846,50,BlockedShot,0.8059999847412109,0.3559999847412109,0.022790400311350822,Pierre-Emile Højbjerg,a,343,FromCorner,2022,RightFoot,18282,Arsenal,Tottenham,3,1,2022-10-01 11:30:00,,None
489848,58,MissedShots,0.8009999847412109,0.43599998474121093,0.039228301495313644,Pierre-Emile Højbjerg,a,343,OpenPlay,2022,RightFoot,18282,Arsenal,Tottenham,3,1,2022-10-01 11:30:00,Richarlison,Pass
489854,77,BlockedShot,0.7709999847412109,0.6769999694824219,0.020664799958467484,Harry Kane,a,647,SetPiece,2022,RightFoot,18282,Arsenal,Tottenham,3,1,2022-10-01 11:30:00,Eric Dier,Pass
491798,10,SavedShot,0.799000015258789,0.35400001525878905,0.029231300577521324,Alexis Mac Allister,h,8379,OpenPlay,2022,RightFoot,18294,Brighton,Tottenham,0,1,2022-10-08 16:30:00,Solly March,Pass
491801,16,MissedShots,0.8590000152587891,0.28,0.03060070052742958,Danny Welbeck,h,501,OpenPlay,2022,RightFoot,18294,Brighton,Tottenham,0,1,2022-10-08 16:30:00,Pascal Groß,Pass
491804,27,SavedShot,0.7430000305175781,0.41400001525878904,0.02073349989950657,Moisés Caicedo,h,9453,OpenPlay,2022,RightFoot,18294,Brighton,Tottenham,0,1,2022-10-08 16:30:00,Alexis Mac Allister,Pass
491805,31,BlockedShot,0.865999984741211,0.605999984741211,0.052212901413440704,Leandro Trossard,h,7698,SetPiece,2022,RightFoot,18294,Brighton,Tottenham,0,1,2022-10-08 16:30:00,Danny Welbeck,HeadPass
491806,35,MissedShots,0.935,0.5120000076293946,0.06446290016174316,Lewis Dunk,h,6048,FromCorner,2022,Head,18294,Brighton,Tottenham,0,1,2022-10-08 16:30:00,Pascal Groß,Aerial
491807,38,MissedShots,0.7859999847412109,0.40900001525878904,0.029696699231863022,Solly March,h,6049,OpenPlay,2022,LeftFoot,18294,Brighton,Tottenham,0,1,2022-10-08 16:30:00,Leandro Trossard,Pass
491808,41,BlockedShot,0.7859999847412109,0.40599998474121096,0.03254929929971695,Pascal Groß,h,239,OpenPlay,2022,RightFoot,18294,Brighton,Tottenham,0,1,2022-10-08 16:30:00,Moisés Caicedo,Pass
491809,43,SavedShot,0.8630000305175781,0.665,0.057923901826143265,Danny Welbeck,h,501,OpenPlay,2022,LeftFoot,18294,Brighton,Tottenham,0,1,2022-10-08 16:30:00,Moisés Caicedo,Pass
491810,48,MissedShots,0.8090000152587891,0.49200000762939455,0.05441189929842949,Alexis Mac Allister,h,8379,OpenPlay,2022,RightFoot,18294,Brighton,Tottenham,0,1,2022-10-08 16:30:00,Moisés Caicedo,Pass
491811,54,BlockedShot,0.8040000152587891,0.6719999694824219,0.03128949925303459,Adam Webster,h,7699,OpenPlay,2022,LeftFoot,18294,Brighton,Tottenham,0,1,2022-10-08 16:30:00,Moisés Caicedo,Pass
491813,67,BlockedShot,0.84,0.6580000305175782,0.049212999641895294,Kaoru Mitoma,h,10806,OpenPlay,2022,RightFoot,18294,Brighton,Tottenham,0,1,2022-10-08 16:30:00,Alexis Mac Allister,Pass
491814,68,SavedShot,0.980999984741211,0.629000015258789,0.3262839913368225,Kaoru Mitoma,h,10806,OpenPlay,2022,LeftFoot,18294,Brighton,Tottenham,0,1,2022-10-08 16:30:00,Adam Webster,TakeOn
491816,75,BlockedShot,0.8669999694824219,0.6419999694824219,0.0663297027349472,Leandro Trossard,h,7698,OpenPlay,2022,LeftFoot,18294,Brighton,Tottenham,0,1,2022-10-08 16:30:00,Kaoru Mitoma,Pass
491817,77,MissedShots,0.8540000152587891,0.595999984741211,0.054795000702142715,Danny Welbeck,h,501,OpenPlay,2022,LeftFoot,18294,Brighton,Tottenham,0,1,2022-10-08 16:30:00,Pascal Groß,BallRecovery
491796,3,SavedShot,0.7580000305175781,0.6659999847412109,0.05223720148205757,Son Heung-Min,a,453,DirectFreekick,2022,RightFoot,18294,Brighton,Tottenham,0,1,2022-10-08 16:30:00,,Standard
491797,8,BlockedShot,0.8209999847412109,0.3129999923706055,0.054584801197052,Harry Kane,a,647,OpenPlay,2022,LeftFoot,18294,Brighton,Tottenham,0,1,2022-10-08 16:30:00,Pierre-Emile Højbjerg,Pass
491799,10,MissedShots,0.8919999694824219,0.40099998474121096,0.06315340101718903,Matt Doherty,a,6852,OpenPlay,2022,LeftFoot,18294,Brighton,Tottenham,0,1,2022-10-08 16:30:00,Ryan Sessegnon,Cross
491800,12,MissedShots,0.7480000305175781,0.605,0.01283199992030859,Son Heung-Min,a,453,OpenPlay,2022,LeftFoot,18294,Brighton,Tottenham,0,1,2022-10-08 16:30:00,Harry Kane,TakeOn
491802,20,SavedShot,0.764000015258789,0.38799999237060545,0.02094840072095394,Rodrigo Bentancur,a,6108,OpenPlay,2022,RightFoot,18294,Brighton,Tottenham,0,1,2022-10-08 16:30:00,Son Heung-Min,Pass
491803,21,Goal,0.9309999847412109,0.4490000152587891,0.4680260121822357,Harry Kane,a,647,FromCorner,2022,OtherBodyPart,18294,Brighton,Tottenham,0,1,2022-10-08 16:30:00,Son Heung-Min,Pass
491812,61,MissedShots,0.8780000305175781,0.3870000076293945,0.08149109780788422,Harry Kane,a,647,OpenPlay,2022,RightFoot,18294,Brighton,Tottenham,0,1,2022-10-08 16:30:00,Cristian Romero,BallRecovery
491815,71,MissedShots,0.8680000305175781,0.3820000076293945,0.018368199467658997,Harry Kane,a,647,SetPiece,2022,Head,18294,Brighton,Tottenham,0,1,2022-10-08 16:30:00,Son Heung-Min,Cross
493262,4,MissedShots,0.9080000305175782,0.595999984741211,0.043293800204992294,Harry Kane,h,647,OpenPlay,2022,Head,18310,Tottenham,Everton,2,0,2022-10-15 16:30:00,Son Heung-Min,Cross
493263,5,MissedShots,0.919000015258789,0.42900001525878906,0.09426499903202057,Richarlison,h,6026,SetPiece,2022,Head,18310,Tottenham,Everton,2,0,2022-10-15 16:30:00,Ivan Perisic,Cross
493264,9,BlockedShot,0.7340000152587891,0.6029999923706054,0.0486132986843586,Son Heung-Min,h,453,DirectFreekick,2022,RightFoot,18310,Tottenham,Everton,2,0,2022-10-15 16:30:00,,Standard
493265,21,BlockedShot,0.799000015258789,0.664000015258789,0.027528900653123856,Harry Kane,h,647,OpenPlay,2022,RightFoot,18310,Tottenham,Everton,2,0,2022-10-15 16:30:00,Ben Davies,Pass
493267,24,MissedShots,0.7390000152587891,0.44299999237060544,0.016121700406074524,Pierre-Emile Højbjerg,h,343,OpenPlay,2022,RightFoot,18310,Tottenham,Everton,2,0,2022-10-15 16:30:00,,None
493270,30,SavedShot,0.9580000305175781,0.40900001525878904,0.2827030122280121,Harry Kane,h,647,OpenPlay,2022,LeftFoot,18310,Tottenham,Everton,2,0,2022-10-15 16:30:00,Ivan Perisic,TakeOn
493271,31,MissedShots,0.7759999847412109,0.32799999237060545,0.018525099381804466,Cristian Romero,h,7218,OpenPlay,2022,RightFoot,18310,Tottenham,Everton,2,0,2022-10-15 16:30:00,,None
493272,39,BlockedShot,0.7819999694824219,0.5,0.03596929833292961,Richarlison,h,6026,OpenPlay,2022,LeftFoot,18310,Tottenham,Everton,2,0,2022-10-15 16:30:00,Harry Kane,Pass
493274,44,BlockedShot,0.9519999694824218,0.6029999923706054,0.049740198999643326,Eric Dier,h,643,FromCorner,2022,Head,18310,Tottenham,Everton,2,0,2022-10-15 16:30:00,Son Heung-Min,Cross
493275,45,MissedShots,0.9059999847412109,0.5359999847412109,0.33138999342918396,Richarlison,h,6026,OpenPlay,2022,RightFoot,18310,Tottenham,Everton,2,0,2022-10-15 16:30:00,Harry Kane,Cross
493276,52,SavedShot,0.89,0.38,0.0763695016503334,Harry Kane,h,647,OpenPlay,2022,RightFoot,18310,Tottenham,Everton,2,0,2022-10-15 16:30:00,Ben Davies,Chipped
493277,52,MissedShots,0.875,0.6029999923706054,0.06867679953575134,Son Heung-Min,h,453,OpenPlay,2022,LeftFoot,18310,Tottenham,Everton,2,0,2022-10-15 16:30:00,,Rebound
493278,54,BlockedShot,0.8730000305175781,0.3060000038146973,0.04457860067486763,Matt Doherty,h,6852,SetPiece,2022,RightFoot,18310,Tottenham,Everton,2,0,2022-10-15 16:30:00,Harry Kane,HeadPass
493279,55,SavedShot,0.950999984741211,0.5370000076293945,0.09995199739933014,Son Heung-Min,h,453,OpenPlay,2022,Head,18310,Tottenham,Everton,2,0,2022-10-15 16:30:00,Ivan Perisic,Aerial
493280,57,SavedShot,0.89,0.3970000076293945,0.0649138018488884,Matt Doherty,h,6852,OpenPlay,2022,LeftFoot,18310,Tottenham,Everton,2,0,2022-10-15 16:30:00,Ivan Perisic,Cross
493281,58,Goal,0.885,0.5,0.7611690163612366,Harry Kane,h,647,Penalty,2022,RightFoot,18310,Tottenham,Everton,2,0,2022-10-15 16:30:00,,Standard
493282,64,BlockedShot,0.7040000152587891,0.5720000076293945,0.018617000430822372,Son Heung-Min,h,453,OpenPlay,2022,RightFoot,18310,Tottenham,Everton,2,0,2022-10-15 16:30:00,Yves Bissouma,TakeOn
493283,69,SavedShot,0.860999984741211,0.4640000152587891,0.11710900068283081,Harry Kane,h,647,OpenPlay,2022,LeftFoot,18310,Tottenham,Everton,2,0,2022-10-15 16:30:00,Cristian Romero,Pass
493284,73,BlockedShot,0.87,0.6840000152587891,0.08772650361061096,Harry Kane,h,647,OpenPlay,2022,LeftFoot,18310,Tottenham,Everton,2,0,2022-10-15 16:30:00,Yves Bissouma,Pass
493285,85,Goal,0.86,0.5179999923706055,0.1150600016117096,Pierre-Emile Højbjerg,h,343,OpenPlay,2022,RightFoot,18310,Tottenham,Everton,2,0,2022-10-15 16:30:00,Rodrigo Bentancur,Cross
493286,90,BlockedShot,0.9369999694824219,0.669000015258789,0.09701190143823624,Ivan Perisic,h,448,OpenPlay,2022,LeftFoot,18310,Tottenham,Everton,2,0,2022-10-15 16:30:00,Ben Davies,Chipped
493266,22,MissedShots,0.92,0.3290000152587891,0.11302500218153,Demarai Gray,a,762,OpenPlay,2022,RightFoot,18310,Tottenham,Everton,2,0,2022-10-15 16:30:00,Conor Coady,Chipped
493268,29,BlockedShot,0.7759999847412109,0.34,0.017977399751544,Seamus Coleman,a,585,SetPiece,2022,RightFoot,18310,Tottenham,Everton,2,0,2022-10-15 16:30:00,Amadou Onana,CornerAwarded
493269,29,MissedShots,0.9490000152587891,0.585,0.07718479633331299,James Tarkowski,a,1665,FromCorner,2022,Head,18310,Tottenham,Everton,2,0,2022-10-15 16:30:00,Dwight McNeil,Cross
493273,42,MissedShots,0.8730000305175781,0.5979999923706054,0.3518519997596741,Amadou Onana,a,9667,OpenPlay,2022,LeftFoot,18310,Tottenham,Everton,2,0,2022-10-15 16:30:00,,None
494498,3,BlockedShot,0.8040000152587891,0.33799999237060546,0.03010600060224533,Antony,h,11094,OpenPlay,2022,LeftFoot,18321,Manchester United,Tottenham,2,0,2022-10-19 19:15:00,Fred,Pass
494499,3,MissedShots,0.7869999694824219,0.41200000762939454,0.03341370075941086,Diogo Dalot,h,7281,OpenPlay,2022,LeftFoot,18321,Manchester United,Tottenham,2,0,2022-10-19 19:15:00,Casemiro,Pass
494501,6,SavedShot,0.7019999694824218,0.525,0.011309600435197353,Antony,h,11094,OpenPlay,2022,LeftFoot,18321,Manchester United,Tottenham,2,0,2022-10-19 19:15:00,,None
494502,6,SavedShot,0.7280000305175781,0.42900001525878906,0.021768899634480476,Fred,h,6817,FromCorner,2022,LeftFoot,18321,Manchester United,Tottenham,2,0,2022-10-19 19:15:00,Bruno Fernandes,Pass
494503,7,MissedShots,0.894000015258789,0.524000015258789,0.051335301250219345,Casemiro,h,2248,FromCorner,2022,Head,18321,Manchester United,Tottenham,2,0,2022-10-19 19:15:00,Bruno Fernandes,Cross
494504,9,ShotOnPost,0.79,0.28700000762939454,0.023196399211883545,Antony,h,11094,OpenPlay,2022,LeftFoot,18321,Manchester United,Tottenham,2,0,2022-10-19 19:15:00,Diogo Dalot,Pass
494507,19,BlockedShot,0.7330000305175781,0.6370000076293946,0.013786699622869492,Bruno Fernandes,h,1228,OpenPlay,2022,RightFoot,18321,Manchester United,Tottenham,2,0,2022-10-19 19:15:00,Luke Shaw,Pass
494508,20,SavedShot,0.885,0.38099998474121094,0.3287299871444702,Marcus Rashford,h,556,OpenPlay,2022,RightFoot,18321,Manchester United,Tottenham,2,0,2022-10-19 19:15:00,Fred,Throughball
494509,22,SavedShot,0.7380000305175781,0.49900001525878906,0.056583598256111145,Bruno Fernandes,h,1228,DirectFreekick,2022,RightFoot,18321,Manchester United,Tottenham,2,0,2022-10-19 19:15:00,,Standard
494510,22,BlockedShot,0.759000015258789,0.5559999847412109,0.022487299516797066,Marcus Rashford,h,556,FromCorner,2022,RightFoot,18321,Manchester United,Tottenham,2,0,2022-10-19 19:15:00,Bruno Fernandes,Pass
494511,23,SavedShot,0.9,0.7130000305175781,0.028957899659872055,Luke Shaw,h,1006,OpenPlay,2022,LeftFoot,18321,Manchester United,Tottenham,2,0,2022-10-19 19:15:00,Diogo Dalot,Cross
494512,24,BlockedShot,0.8159999847412109,0.47,0.01684739999473095,Fred,h,6817,FromCorner,2022,LeftFoot,18321,Manchester United,Tottenham,2,0,2022-10-19 19:15:00,Bruno Fernandes,Chipped
494513,25,MissedShots,0.7580000305175781,0.4209999847412109,0.023526299744844437,Bruno Fernandes,h,1228,OpenPlay,2022,RightFoot,18321,Manchester United,Tottenham,2,0,2022-10-19 19:15:00,Jadon Sancho,Pass
494514,28,MissedShots,0.7419999694824219,0.5209999847412109,0.01831120066344738,Casemiro,h,2248,OpenPlay,2022,LeftFoot,18321,Manchester United,Tottenham,2,0,2022-10-19 19:15:00,Bruno Fernandes,Pass
494516,33,MissedShots,0.7530000305175781,0.425,0.025265799835324287,Bruno Fernandes,h,1228,OpenPlay,2022,RightFoot,18321,Manchester United,Tottenham,2,0,2022-10-19 19:15:00,Raphael Varane,HeadPass
494517,36,BlockedShot,0.909000015258789,0.5279999923706055,0.13820500671863556,Fred,h,6817,OpenPlay,2022,LeftFoot,18321,Manchester United,Tottenham,2,0,2022-10-19 19:15:00,Bruno Fernandes,Pass
494518,36,BlockedShot,0.8930000305175781,0.66,0.07855380326509476,Fred,h,6817,OpenPlay,2022,LeftFoot,18321,Manchester United,Tottenham,2,0,2022-10-19 19:15:00,Jadon Sancho,Pass
494519,37,MissedShots,0.7380000305175781,0.45599998474121095,0.018988799303770065,Fred,h,6817,OpenPlay,2022,RightFoot,18321,Manchester United,Tottenham,2,0,2022-10-19 19:15:00,Casemiro,Pass
494520,37,BlockedShot,0.759000015258789,0.38799999237060545,0.02077610045671463,Diogo Dalot,h,7281,OpenPlay,2022,RightFoot,18321,Manchester United,Tottenham,2,0,2022-10-19 19:15:00,Jadon Sancho,Pass
494522,46,Goal,0.799000015258789,0.48700000762939455,0.044746700674295425,Fred,h,6817,OpenPlay,2022,LeftFoot,18321,Manchester United,Tottenham,2,0,2022-10-19 19:15:00,Jadon Sancho,Pass
494523,48,SavedShot,0.895,0.385,0.08405739814043045,Marcus Rashford,h,556,OpenPlay,2022,LeftFoot,18321,Manchester United,Tottenham,2,0,2022-10-19 19:15:00,Luke Shaw,Chipped
494526,54,MissedShots,0.86,0.3129999923706055,0.052396900951862335,Antony,h,11094,OpenPlay,2022,LeftFoot,18321,Manchester United,Tottenham,2,0,2022-10-19 19:15:00,Bruno Fernandes,Pass
494527,54,BlockedShot,0.8809999847412109,0.674000015258789,0.07681279629468918,Jadon Sancho,h,6345,OpenPlay,2022,RightFoot,18321,Manchester United,Tottenham,2,0,2022-10-19 19:15:00,Fred,Pass
494528,63,BlockedShot,0.8859999847412109,0.28,0.053959500044584274,Diogo Dalot,h,7281,OpenPlay,2022,LeftFoot,18321,Manchester United,Tottenham,2,0,2022-10-19 19:15:00,Raphael Varane,Pass
494530,68,Goal,0.845,0.5429999923706055,0.10971599817276001,Bruno Fernandes,h,1228,OpenPlay,2022,RightFoot,18321,Manchester United,Tottenham,2,0,2022-10-19 19:15:00,,TakeOn
494531,72,SavedShot,0.755,0.28899999618530275,0.016041699796915054,Bruno Fernandes,h,1228,OpenPlay,2022,RightFoot,18321,Manchester United,Tottenham,2,0,2022-10-19 19:15:00,Jadon Sancho,Pass
494532,73,SavedShot,0.8909999847412109,0.644000015258789,0.27268698811531067,Marcus Rashford,h,556,OpenPlay,2022,RightFoot,18321,Manchester United,Tottenham,2,0,2022-10-19 19:15:00,Bruno Fernandes,Pass
494533,73,MissedShots,0.9340000152587891,0.4329999923706055,0.03716240078210831,Diogo Dalot,h,7281,FromCorner,2022,Head,18321,Manchester United,Tottenham,2,0,2022-10-19 19:15:00,Bruno Fernandes,Aerial
494500,4,MissedShots,0.850999984741211,0.25,0.02746500074863434,Rodrigo Bentancur,a,6108,OpenPlay,2022,RightFoot,18321,Manchester United,Tottenham,2,0,2022-10-19 19:15:00,Matt Doherty,Pass
494505,14,BlockedShot,0.9169999694824219,0.605999984741211,0.03901759907603264,Rodrigo Bentancur,a,6108,OpenPlay,2022,Head,18321,Manchester United,Tottenham,2,0,2022-10-19 19:15:00,Ben Davies,Cross
494506,18,MissedShots,0.9169999694824219,0.2589999961853027,0.03435530140995979,Matt Doherty,a,6852,OpenPlay,2022,LeftFoot,18321,Manchester United,Tottenham,2,0,2022-10-19 19:15:00,Harry Kane,TakeOn
494515,32,MissedShots,0.749000015258789,0.46299999237060546,0.02294600009918213,Son Heung-Min,a,453,OpenPlay,2022,RightFoot,18321,Manchester United,Tottenham,2,0,2022-10-19 19:15:00,Cristian Romero,Pass
494521,44,SavedShot,0.9309999847412109,0.29600000381469727,0.053260598331689835,Harry Kane,a,647,OpenPlay,2022,RightFoot,18321,Manchester United,Tottenham,2,0,2022-10-19 19:15:00,Matt Doherty,Pass
494524,49,BlockedShot,0.8040000152587891,0.4779999923706055,0.01973690092563629,Harry Kane,a,647,OpenPlay,2022,RightFoot,18321,Manchester United,Tottenham,2,0,2022-10-19 19:15:00,Son Heung-Min,Aerial
494525,52,MissedShots,0.8640000152587891,0.5509999847412109,0.022756800055503845,Ivan Perisic,a,448,OpenPlay,2022,Head,18321,Manchester United,Tottenham,2,0,2022-10-19 19:15:00,Rodrigo Bentancur,Cross
494529,67,SavedShot,0.97,0.41900001525878905,0.4207319915294647,Harry Kane,a,647,OpenPlay,2022,RightFoot,18321,Manchester United,Tottenham,2,0,2022-10-19 19:15:00,Ben Davies,HeadPass
494534,94,MissedShots,0.950999984741211,0.3659999847412109,0.01825530081987381,Ryan Sessegnon,a,6837,FromCorner,2022,Head,18321,Manchester United,Tottenham,2,0,2022-10-19 19:15:00,Son Heung-Min,Cross
495764,0,SavedShot,0.8040000152587891,0.6780000305175782,0.06126689910888672,Son Heung-Min,h,453,OpenPlay,2022,LeftFoot,18329,Tottenham,Newcastle United,1,2,2022-10-23 15:30:00,Rodrigo Bentancur,BallRecovery
495765,2,MissedShots,0.794000015258789,0.5279999923706055,0.045679301023483276,Son Heung-Min,h,453,OpenPlay,2022,RightFoot,18329,Tottenham,Newcastle United,1,2,2022-10-23 15:30:00,Oliver Skipp,Pass
495767,7,MissedShots,0.735999984741211,0.515,0.018222900107502937,Son Heung-Min,h,453,OpenPlay,2022,LeftFoot,18329,Tottenham,Newcastle United,1,2,2022-10-23 15:30:00,Emerson,Pass
495768,10,BlockedShot,0.9259999847412109,0.3609999847412109,0.3310059905052185,Son Heung-Min,h,453,OpenPlay,2022,RightFoot,18329,Tottenham,Newcastle United,1,2,2022-10-23 15:30:00,Harry Kane,Throughball
495769,14,BlockedShot,0.915,0.549000015258789,0.05011089891195297,Harry Kane,h,647,OpenPlay,2022,Head,18329,Tottenham,Newcastle United,1,2,2022-10-23 15:30:00,Ryan Sessegnon,Aerial
495770,14,MissedShots,0.7719999694824219,0.6309999847412109,0.0121245002374053,Yves Bissouma,h,5609,OpenPlay,2022,RightFoot,18329,Tottenham,Newcastle United,1,2,2022-10-23 15:30:00,,Aerial
495772,22,BlockedShot,0.825999984741211,0.674000015258789,0.033727001398801804,Ryan Sessegnon,h,6837,OpenPlay,2022,LeftFoot,18329,Tottenham,Newcastle United,1,2,2022-10-23 15:30:00,Oliver Skipp,Pass
495773,22,BlockedShot,0.8530000305175781,0.539000015258789,0.06009399890899658,Rodrigo Bentancur,h,6108,OpenPlay,2022,RightFoot,18329,Tottenham,Newcastle United,1,2,2022-10-23 15:30:00,Oliver Skipp,Cross
495774,23,BlockedShot,0.8419999694824218,0.40299999237060546,0.03843560069799423,Eric Dier,h,643,FromCorner,2022,RightFoot,18329,Tottenham,Newcastle United,1,2,2022-10-23 15:30:00,,BallTouch
495776,27,BlockedShot,0.735,0.46700000762939453,0.019943300634622574,Harry Kane,h,647,OpenPlay,2022,LeftFoot,18329,Tottenham,Newcastle United,1,2,2022-10-23 15:30:00,Emerson,HeadPass
495777,28,SavedShot,0.9069999694824219,0.6480000305175782,0.12244299799203873,Harry Kane,h,647,OpenPlay,2022,LeftFoot,18329,Tottenham,Newcastle United,1,2,2022-10-23 15:30:00,Rodrigo Bentancur,BallRecovery
495778,29,BlockedShot,0.9619999694824218,0.575,0.06718680262565613,Ryan Sessegnon,h,6837,OpenPlay,2022,Head,18329,Tottenham,Newcastle United,1,2,2022-10-23 15:30:00,Davinson Sánchez,Aerial
495781,47,BlockedShot,0.8169999694824219,0.519000015258789,0.04811310023069382,Clement Lenglet,h,5050,OpenPlay,2022,LeftFoot,18329,Tottenham,Newcastle United,1,2,2022-10-23 15:30:00,Son Heung-Min,Pass
495787,53,Goal,0.9819999694824219,0.45099998474121095,0.5081639885902405,Harry Kane,h,647,FromCorner,2022,Head,18329,Tottenham,Newcastle United,1,2,2022-10-23 15:30:00,Clement Lenglet,HeadPass
495791,68,SavedShot,0.875,0.7069999694824218,0.039112601429224014,Ivan Perisic,h,448,OpenPlay,2022,RightFoot,18329,Tottenham,Newcastle United,1,2,2022-10-23 15:30:00,Harry Kane,Pass
495792,76,BlockedShot,0.9290000152587891,0.3770000076293945,0.08965089917182922,Son Heung-Min,h,453,OpenPlay,2022,RightFoot,18329,Tottenham,Newcastle United,1,2,2022-10-23 15:30:00,Harry Kane,Pass
495793,86,MissedShots,0.875,0.5379999923706055,0.019843900576233864,Harry Kane,h,647,OpenPlay,2022,Head,18329,Tottenham,Newcastle United,1,2,2022-10-23 15:30:00,Ivan Perisic,Aerial
495766,3,BlockedShot,0.835,0.35900001525878905,0.05064380168914795,Miguel Almirón,a,7420,OpenPlay,2022,LeftFoot,18329,Tottenham,Newcastle United,1,2,2022-10-23 15:30:00,,BallTouch
495771,19,MissedShots,0.7430000305175781,0.4109999847412109,0.015431500039994717,Miguel Almirón,a,7420,FromCorner,2022,LeftFoot,18329,Tottenham,Newcastle United,1,2,2022-10-23 15:30:00,,None
495775,24,SavedShot,0.8690000152587891,0.495,0.07711809873580933,Callum Wilson,a,468,SetPiece,2022,LeftFoot,18329,Tottenham,Newcastle United,1,2,2022-10-23 15:30:00,Sven Botman,HeadPass
495779,30,Goal,0.7330000305175781,0.3659999847412109,0.012480299919843674,Callum Wilson,a,468,OpenPlay,2022,LeftFoot,18329,Tottenham,Newcastle United,1,2,2022-10-23 15:30:00,,None
495780,39,Goal,0.975,0.3579999923706055,0.14042699337005615,Miguel Almirón,a,7420,OpenPlay,2022,LeftFoot,18329,Tottenham,Newcastle United,1,2,2022-10-23 15:30:00,Sean Longstaff,TakeOn
495782,47,BlockedShot,0.855,0.295,0.03824210166931152,Miguel Almirón,a,7420,OpenPlay,2022,LeftFoot,18329,Tottenham,Newcastle United,1,2,2022-10-23 15:30:00,,None
495783,47,BlockedShot,0.8780000305175781,0.3160000038146973,0.03241200000047684,Miguel Almirón,a,7420,OpenPlay,2022,LeftFoot,18329,Tottenham,Newcastle United,1,2,2022-10-23 15:30:00,,Rebound
495784,47,MissedShots,0.8690000152587891,0.3870000076293945,0.02878589928150177,Miguel Almirón,a,7420,FromCorner,2022,LeftFoot,18329,Tottenham,Newcastle United,1,2,2022-10-23 15:30:00,Dan Burn,HeadPass
495785,52,SavedShot,0.8969999694824219,0.315,0.03426549956202507,Fabian Schär,a,76,FromCorner,2022,RightFoot,18329,Tottenham,Newcastle United,1,2,2022-10-23 15:30:00,Kieran Trippier,Cross
495786,52,BlockedShot,0.9069999694824219,0.35200000762939454,0.12544499337673187,Callum Wilson,a,468,OpenPlay,2022,RightFoot,18329,Tottenham,Newcastle United,1,2,2022-10-23 15:30:00,Sean Longstaff,TakeOn
495788,56,BlockedShot,0.7919999694824219,0.6930000305175781,0.019579699262976646,Joe Willock,a,6630,OpenPlay,2022,RightFoot,18329,Tottenham,Newcastle United,1,2,2022-10-23 15:30:00,Callum Wilson,HeadPass
495789,56,MissedShots,0.91,0.51,0.4835599958896637,Callum Wilson,a,468,OpenPlay,2022,LeftFoot,18329,Tottenham,Newcastle United,1,2,2022-10-23 15:30:00,Joe Willock,None
495790,66,SavedShot,0.7859999847412109,0.49900001525878906,0.07224620133638382,Fabian Schär,a,76,OpenPlay,2022,RightFoot,18329,Tottenham,Newcastle United,1,2,2022-10-23 15:30:00,,TakeOn
496590,2,MissedShots,0.9330000305175781,0.38,0.012532999739050865,Kieffer Moore,h,10743,FromCorner,2022,Head,18333,Bournemouth,Tottenham,2,3,2022-10-29 14:00:00,Lewis Cook,Aerial
496591,3,SavedShot,0.8540000152587891,0.345,0.05381530150771141,Marcus Tavernier,h,10741,OpenPlay,2022,LeftFoot,18333,Bournemouth,Tottenham,2,3,2022-10-29 14:00:00,Lewis Cook,Chipped
496593,13,MissedShots,0.769000015258789,0.705999984741211,0.01467640046030283,Jefferson Lerma,h,2182,OpenPlay,2022,RightFoot,18333,Bournemouth,Tottenham,2,3,2022-10-29 14:00:00,Jordan Zemura,Pass
496595,21,Goal,0.8719999694824219,0.5429999923706055,0.3472360074520111,Kieffer Moore,h,10743,OpenPlay,2022,RightFoot,18333,Bournemouth,Tottenham,2,3,2022-10-29 14:00:00,Marcus Tavernier,Pass
496600,49,Goal,0.9359999847412109,0.524000015258789,0.44048699736595154,Kieffer Moore,h,10743,OpenPlay,2022,Head,18333,Bournemouth,Tottenham,2,3,2022-10-29 14:00:00,Adam Smith,Cross
496618,93,SavedShot,0.9269999694824219,0.37599998474121094,0.01878570020198822,Chris Mepham,h,7384,OpenPlay,2022,Head,18333,Bournemouth,Tottenham,2,3,2022-10-29 14:00:00,Jefferson Lerma,Aerial
496592,7,MissedShots,0.9359999847412109,0.565,0.09484019875526428,Harry Kane,a,647,FromCorner,2022,Head,18333,Bournemouth,Tottenham,2,3,2022-10-29 14:00:00,Son Heung-Min,Cross
496594,16,MissedShots,0.7290000152587891,0.73,0.013540499843657017,Ben Davies,a,660,OpenPlay,2022,LeftFoot,18333,Bournemouth,Tottenham,2,3,2022-10-29 14:00:00,Pierre-Emile Højbjerg,Pass
496596,35,SavedShot,0.919000015258789,0.3220000076293945,0.056078098714351654,Oliver Skipp,a,7198,OpenPlay,2022,RightFoot,18333,Bournemouth,Tottenham,2,3,2022-10-29 14:00:00,Emerson,Pass
496597,40,MissedShots,0.845999984741211,0.4179999923706055,0.05429660156369209,Emerson,a,7430,OpenPlay,2022,RightFoot,18333,Bournemouth,Tottenham,2,3,2022-10-29 14:00:00,,None
496598,47,SavedShot,0.8009999847412109,0.30700000762939456,0.020522400736808777,Son Heung-Min,a,453,OpenPlay,2022,LeftFoot,18333,Bournemouth,Tottenham,2,3,2022-10-29 14:00:00,Clement Lenglet,Pass
496599,47,MissedShots,0.7769999694824219,0.649000015258789,0.023248199373483658,Ben Davies,a,660,OpenPlay,2022,LeftFoot,18333,Bournemouth,Tottenham,2,3,2022-10-29 14:00:00,Harry Kane,Pass
496601,50,BlockedShot,0.7909999847412109,0.37799999237060544,0.02480890043079853,Pierre-Emile Højbjerg,a,343,OpenPlay,2022,RightFoot,18333,Bournemouth,Tottenham,2,3,2022-10-29 14:00:00,Son Heung-Min,Pass
496602,50,MissedShots,0.8180000305175781,0.4859999847412109,0.03373289853334427,Pierre-Emile Højbjerg,a,343,OpenPlay,2022,LeftFoot,18333,Bournemouth,Tottenham,2,3,2022-10-29 14:00:00,,Rebound
496603,54,BlockedShot,0.919000015258789,0.49,0.04505930095911026,Clement Lenglet,a,5050,FromCorner,2022,Head,18333,Bournemouth,Tottenham,2,3,2022-10-29 14:00:00,Son Heung-Min,Aerial
496604,56,Goal,0.9259999847412109,0.644000015258789,0.08986960351467133,Ryan Sessegnon,a,6837,OpenPlay,2022,LeftFoot,18333,Bournemouth,Tottenham,2,3,2022-10-29 14:00:00,Pierre-Emile Højbjerg,Throughball
496605,67,MissedShots,0.9290000152587891,0.62,0.07666029781103134,Ivan Perisic,a,448,FromCorner,2022,RightFoot,18333,Bournemouth,Tottenham,2,3,2022-10-29 14:00:00,,None
496606,69,BlockedShot,0.9,0.5220000076293946,0.06282679736614227,Clement Lenglet,a,5050,SetPiece,2022,Head,18333,Bournemouth,Tottenham,2,3,2022-10-29 14:00:00,Son Heung-Min,Chipped
496607,71,MissedShots,0.915,0.49400001525878906,0.04270470142364502,Harry Kane,a,647,OpenPlay,2022,Head,18333,Bournemouth,Tottenham,2,3,2022-10-29 14:00:00,Ryan Sessegnon,Aerial
496608,72,Goal,0.9640000152587891,0.555,0.4344019889831543,Ben Davies,a,660,FromCorner,2022,Head,18333,Bournemouth,Tottenham,2,3,2022-10-29 14:00:00,Ivan Perisic,Cross
496609,74,SavedShot,0.96,0.4879999923706055,0.46733999252319336,Harry Kane,a,647,FromCorner,2022,Head,18333,Bournemouth,Tottenham,2,3,2022-10-29 14:00:00,Son Heung-Min,Aerial
496610,76,SavedShot,0.9009999847412109,0.44,0.12857699394226074,Son Heung-Min,a,453,OpenPlay,2022,RightFoot,18333,Bournemouth,Tottenham,2,3,2022-10-29 14:00:00,Eric Dier,Pass
496611,78,MissedShots,0.89,0.5479999923706055,0.05469200015068054,Pierre-Emile Højbjerg,a,343,FromCorner,2022,Head,18333,Bournemouth,Tottenham,2,3,2022-10-29 14:00:00,Lucas Moura,Cross
496612,82,BlockedShot,0.7930000305175782,0.5,0.11625300347805023,Son Heung-Min,a,453,DirectFreekick,2022,RightFoot,18333,Bournemouth,Tottenham,2,3,2022-10-29 14:00:00,,Standard
496613,83,MissedShots,0.925,0.6859999847412109,0.022154899314045906,Pierre-Emile Højbjerg,a,343,OpenPlay,2022,RightFoot,18333,Bournemouth,Tottenham,2,3,2022-10-29 14:00:00,,Aerial
496614,85,BlockedShot,0.8969999694824219,0.42700000762939455,0.05653659999370575,Lucas Moura,a,3293,FromCorner,2022,RightFoot,18333,Bournemouth,Tottenham,2,3,2022-10-29 14:00:00,Ivan Perisic,Cross
496615,88,MissedShots,0.7780000305175782,0.4809999847412109,0.03680559992790222,Clement Lenglet,a,5050,OpenPlay,2022,LeftFoot,18333,Bournemouth,Tottenham,2,3,2022-10-29 14:00:00,Rodrigo Bentancur,Pass
496616,91,BlockedShot,0.945,0.5329999923706055,0.12691999971866608,Rodrigo Bentancur,a,6108,FromCorner,2022,Head,18333,Bournemouth,Tottenham,2,3,2022-10-29 14:00:00,Son Heung-Min,Cross
496617,91,Goal,0.9209999847412109,0.5259999847412109,0.11357100307941437,Rodrigo Bentancur,a,6108,FromCorner,2022,RightFoot,18333,Bournemouth,Tottenham,2,3,2022-10-29 14:00:00,,None
498837,14,SavedShot,0.9440000152587891,0.49599998474121093,0.41185200214385986,Ivan Perisic,h,448,OpenPlay,2022,Head,18349,Tottenham,Liverpool,1,2,2022-11-06 16:30:00,,None
498838,14,SavedShot,0.855999984741211,0.6120000076293945,0.07123520225286484,Pierre-Emile Højbjerg,h,343,OpenPlay,2022,RightFoot,18349,Tottenham,Liverpool,1,2,2022-11-06 16:30:00,Ivan Perisic,Pass
498840,34,BlockedShot,0.7290000152587891,0.5070000076293946,0.011623499915003777,Ryan Sessegnon,h,6837,SetPiece,2022,LeftFoot,18349,Tottenham,Liverpool,1,2,2022-11-06 16:30:00,,None
498846,45,BlockedShot,0.8780000305175781,0.6530000305175782,0.045492399483919144,Ryan Sessegnon,h,6837,OpenPlay,2022,LeftFoot,18349,Tottenham,Liverpool,1,2,2022-11-06 16:30:00,,None
498847,47,SavedShot,0.9280000305175782,0.46,0.10486599802970886,Eric Dier,h,643,FromCorner,2022,Head,18349,Tottenham,Liverpool,1,2,2022-11-06 16:30:00,Ivan Perisic,Cross
498848,48,ShotOnPost,0.9380000305175781,0.595999984741211,0.3457140028476715,Ivan Perisic,h,448,OpenPlay,2022,LeftFoot,18349,Tottenham,Liverpool,1,2,2022-11-06 16:30:00,Ryan Sessegnon,Pass
498849,50,MissedShots,0.815,0.605999984741211,0.03693469986319542,Ryan Sessegnon,h,6837,OpenPlay,2022,RightFoot,18349,Tottenham,Liverpool,1,2,2022-11-06 16:30:00,Harry Kane,Pass
498853,67,MissedShots,0.8830000305175781,0.63,0.01824679970741272,Harry Kane,h,647,SetPiece,2022,Head,18349,Tottenham,Liverpool,1,2,2022-11-06 16:30:00,Ivan Perisic,Cross
498854,69,Goal,0.9259999847412109,0.34799999237060547,0.08863569796085358,Harry Kane,h,647,OpenPlay,2022,RightFoot,18349,Tottenham,Liverpool,1,2,2022-11-06 16:30:00,Dejan Kulusevski,Pass
498855,78,MissedShots,0.945,0.525,0.2960759997367859,Clement Lenglet,h,5050,FromCorner,2022,Head,18349,Tottenham,Liverpool,1,2,2022-11-06 16:30:00,Ivan Perisic,Aerial
498856,80,BlockedShot,0.745999984741211,0.5970000076293945,0.01788870058953762,Yves Bissouma,h,5609,OpenPlay,2022,RightFoot,18349,Tottenham,Liverpool,1,2,2022-11-06 16:30:00,,None
498858,82,SavedShot,0.91,0.46599998474121096,0.29438599944114685,Rodrigo Bentancur,h,6108,OpenPlay,2022,Head,18349,Tottenham,Liverpool,1,2,2022-11-06 16:30:00,Eric Dier,Cross
498859,88,MissedShots,0.9009999847412109,0.5690000152587891,0.05549890175461769,Harry Kane,h,647,OpenPlay,2022,Head,18349,Tottenham,Liverpool,1,2,2022-11-06 16:30:00,Ivan Perisic,Cross
498860,92,MissedShots,0.8690000152587891,0.6469999694824219,0.018906399607658386,Ivan Perisic,h,448,OpenPlay,2022,LeftFoot,18349,Tottenham,Liverpool,1,2,2022-11-06 16:30:00,,Aerial
498834,2,SavedShot,0.899000015258789,0.6959999847412109,0.05035249888896942,Darwin Núñez,a,10720,OpenPlay,2022,RightFoot,18349,Tottenham,Liverpool,1,2,2022-11-06 16:30:00,Andrew Robertson,Chipped
498835,6,MissedShots,0.84,0.6990000152587891,0.029908200725913048,Darwin Núñez,a,10720,OpenPlay,2022,RightFoot,18349,Tottenham,Liverpool,1,2,2022-11-06 16:30:00,Trent Alexander-Arnold,Chipped
498836,10,Goal,0.874000015258789,0.46,0.11480200290679932,Mohamed Salah,a,1250,OpenPlay,2022,LeftFoot,18349,Tottenham,Liverpool,1,2,2022-11-06 16:30:00,Darwin Núñez,Pass
498839,31,BlockedShot,0.7480000305175781,0.595999984741211,0.025242099538445473,Thiago Alcántara,a,229,OpenPlay,2022,RightFoot,18349,Tottenham,Liverpool,1,2,2022-11-06 16:30:00,,None
498841,35,BlockedShot,0.8419999694824218,0.7519999694824219,0.03283340111374855,Roberto Firmino,a,482,OpenPlay,2022,RightFoot,18349,Tottenham,Liverpool,1,2,2022-11-06 16:30:00,Andrew Robertson,Pass
498842,39,Goal,0.899000015258789,0.5529999923706055,0.4605410099029541,Mohamed Salah,a,1250,OpenPlay,2022,LeftFoot,18349,Tottenham,Liverpool,1,2,2022-11-06 16:30:00,,None
498843,43,BlockedShot,0.7619999694824219,0.55,0.013813200406730175,Thiago Alcántara,a,229,OpenPlay,2022,RightFoot,18349,Tottenham,Liverpool,1,2,2022-11-06 16:30:00,,Aerial
498844,43,SavedShot,0.7440000152587891,0.615999984741211,0.022023199126124382,Harvey Elliott,a,7546,OpenPlay,2022,LeftFoot,18349,Tottenham,Liverpool,1,2,2022-11-06 16:30:00,Thiago Alcántara,Pass
498845,44,BlockedShot,0.74,0.3970000076293945,0.014922600239515305,Harvey Elliott,a,7546,FromCorner,2022,LeftFoot,18349,Tottenham,Liverpool,1,2,2022-11-06 16:30:00,,None
498850,53,SavedShot,0.8680000305175781,0.4620000076293945,0.42392799258232117,Mohamed Salah,a,1250,OpenPlay,2022,LeftFoot,18349,Tottenham,Liverpool,1,2,2022-11-06 16:30:00,Darwin Núñez,Pass
498851,56,SavedShot,0.8180000305175781,0.5259999847412109,0.11328399926424026,Darwin Núñez,a,10720,OpenPlay,2022,RightFoot,18349,Tottenham,Liverpool,1,2,2022-11-06 16:30:00,Fabinho,Pass
498852,62,MissedShots,0.735999984741211,0.5320000076293945,0.025366200134158134,Thiago Alcántara,a,229,OpenPlay,2022,RightFoot,18349,Tottenham,Liverpool,1,2,2022-11-06 16:30:00,Fabinho,Pass
498857,81,ShotOnPost,0.8590000152587891,0.5209999847412109,0.1384669989347458,Darwin Núñez,a,10720,OpenPlay,2022,LeftFoot,18349,Tottenham,Liverpool,1,2,2022-11-06 16:30:00,Thiago Alcántara,Throughball
500122,12,SavedShot,0.92,0.37,0.08955840021371841,Emerson,h,7430,OpenPlay,2022,RightFoot,18359,Tottenham,Leeds,4,3,2022-11-12 15:00:00,Dejan Kulusevski,Pass
500123,13,BlockedShot,0.9059999847412109,0.30100000381469727,0.03887069970369339,Dejan Kulusevski,h,6691,FromCorner,2022,LeftFoot,18359,Tottenham,Leeds,4,3,2022-11-12 15:00:00,Ben Davies,TakeOn
500124,17,MissedShots,0.9009999847412109,0.4379999923706055,0.39692598581314087,Emerson,h,7430,OpenPlay,2022,RightFoot,18359,Tottenham,Leeds,4,3,2022-11-12 15:00:00,Ben Davies,Pass
500126,24,Goal,0.9209999847412109,0.545,0.49036699533462524,Harry Kane,h,647,FromCorner,2022,RightFoot,18359,Tottenham,Leeds,4,3,2022-11-12 15:00:00,,None
500127,26,SavedShot,0.8930000305175781,0.634000015258789,0.304623007774353,Dejan Kulusevski,h,6691,OpenPlay,2022,LeftFoot,18359,Tottenham,Leeds,4,3,2022-11-12 15:00:00,Harry Kane,Pass
500128,31,BlockedShot,0.860999984741211,0.645,0.06692969799041748,Richarlison,h,6026,OpenPlay,2022,RightFoot,18359,Tottenham,Leeds,4,3,2022-11-12 15:00:00,Harry Kane,Pass
500132,44,SavedShot,0.92,0.3579999923706055,0.3455969989299774,Richarlison,h,6026,OpenPlay,2022,RightFoot,18359,Tottenham,Leeds,4,3,2022-11-12 15:00:00,,None
500133,50,BlockedShot,0.9119999694824219,0.45799999237060546,0.12213999778032303,Harry Kane,h,647,OpenPlay,2022,RightFoot,18359,Tottenham,Leeds,4,3,2022-11-12 15:00:00,Dejan Kulusevski,Pass
500134,50,Goal,0.8080000305175781,0.5420000076293945,0.042469900101423264,Ben Davies,h,660,OpenPlay,2022,LeftFoot,18359,Tottenham,Leeds,4,3,2022-11-12 15:00:00,,Rebound
500140,62,MissedShots,0.88,0.7069999694824218,0.11717599630355835,Dejan Kulusevski,h,6691,OpenPlay,2022,LeftFoot,18359,Tottenham,Leeds,4,3,2022-11-12 15:00:00,Richarlison,Throughball
500143,77,MissedShots,0.7680000305175781,0.32,0.017590900883078575,Yves Bissouma,h,5609,OpenPlay,2022,RightFoot,18359,Tottenham,Leeds,4,3,2022-11-12 15:00:00,,None
500144,80,Goal,0.8580000305175781,0.5359999847412109,0.03142879903316498,Rodrigo Bentancur,h,6108,OpenPlay,2022,RightFoot,18359,Tottenham,Leeds,4,3,2022-11-12 15:00:00,,Aerial
500145,82,Goal,0.9269999694824219,0.4370000076293945,0.4653159976005554,Rodrigo Bentancur,h,6108,OpenPlay,2022,LeftFoot,18359,Tottenham,Leeds,4,3,2022-11-12 15:00:00,Dejan Kulusevski,Pass
500146,84,BlockedShot,0.8240000152587891,0.38299999237060545,0.05665779858827591,Harry Kane,h,647,OpenPlay,2022,RightFoot,18359,Tottenham,Leeds,4,3,2022-11-12 15:00:00,Dejan Kulusevski,Pass
500121,9,Goal,0.9059999847412109,0.585,0.3740760087966919,Crysencio Summerville,a,9492,OpenPlay,2022,LeftFoot,18359,Tottenham,Leeds,4,3,2022-11-12 15:00:00,Brenden Aaronson,Pass
500125,19,SavedShot,0.8819999694824219,0.645,0.37050101161003113,Crysencio Summerville,a,9492,OpenPlay,2022,RightFoot,18359,Tottenham,Leeds,4,3,2022-11-12 15:00:00,Brenden Aaronson,Pass
500129,39,BlockedShot,0.8019999694824219,0.43099998474121093,0.12040700018405914,Rodrigo,a,2381,DirectFreekick,2022,LeftFoot,18359,Tottenham,Leeds,4,3,2022-11-12 15:00:00,,Standard
500130,39,SavedShot,0.7559999847412109,0.5770000076293945,0.01837339997291565,Marc Roca,a,5086,SetPiece,2022,RightFoot,18359,Tottenham,Leeds,4,3,2022-11-12 15:00:00,Rasmus Kristensen,BallTouch
500131,42,Goal,0.855999984741211,0.48700000762939455,0.3016290068626404,Rodrigo,a,2381,FromCorner,2022,LeftFoot,18359,Tottenham,Leeds,4,3,2022-11-12 15:00:00,Rasmus Kristensen,HeadPass
500135,53,BlockedShot,0.9430000305175781,0.3139999961853027,0.011341200210154057,Rasmus Kristensen,a,10750,SetPiece,2022,Head,18359,Tottenham,Leeds,4,3,2022-11-12 15:00:00,Sam Greenwood,Cross
500136,53,MissedShots,0.9,0.4470000076293945,0.019500700756907463,Brenden Aaronson,a,10751,SetPiece,2022,Head,18359,Tottenham,Leeds,4,3,2022-11-12 15:00:00,,Rebound
500137,59,MissedShots,0.8109999847412109,0.5870000076293945,0.12904800474643707,Sam Greenwood,a,9493,DirectFreekick,2022,RightFoot,18359,Tottenham,Leeds,4,3,2022-11-12 15:00:00,,Standard
500138,60,BlockedShot,0.8880000305175781,0.705999984741211,0.05196699872612953,Brenden Aaronson,a,10751,OpenPlay,2022,RightFoot,18359,Tottenham,Leeds,4,3,2022-11-12 15:00:00,Pascal Struijk,Pass
500139,61,BlockedShot,0.875,0.590999984741211,0.015999700874090195,Pascal Struijk,a,8717,FromCorner,2022,Head,18359,Tottenham,Leeds,4,3,2022-11-12 15:00:00,Sam Greenwood,Cross
500141,73,BlockedShot,0.8690000152587891,0.725999984741211,0.03394560143351555,Crysencio Summerville,a,9492,OpenPlay,2022,RightFoot,18359,Tottenham,Leeds,4,3,2022-11-12 15:00:00,Pascal Struijk,Pass
500142,75,Goal,0.885,0.68,0.27074700593948364,Rodrigo,a,2381,OpenPlay,2022,LeftFoot,18359,Tottenham,Leeds,4,3,2022-11-12 15:00:00,Marc Roca,Pass
500911,14,MissedShots,0.8640000152587891,0.3920000076293945,0.11842799931764603,Mathias Jensen,h,7166,OpenPlay,2022,RightFoot,18364,Brentford,Tottenham,2,2,2022-12-26 12:30:00,Bryan Mbeumo,Chipped
500912,14,Goal,0.960999984741211,0.5359999847412109,0.7576850056648254,Vitaly Janelt,h,9680,OpenPlay,2022,LeftFoot,18364,Brentford,Tottenham,2,2,2022-12-26 12:30:00,,Rebound
500913,17,SavedShot,0.9,0.55,0.04005200043320656,Ethan Pinnock,h,9678,FromCorner,2022,Head,18364,Brentford,Tottenham,2,2,2022-12-26 12:30:00,Ben Mee,None
500917,33,SavedShot,0.9619999694824218,0.34200000762939453,0.03715990111231804,Zanka,h,6030,OpenPlay,2022,RightFoot,18364,Brentford,Tottenham,2,2,2022-12-26 12:30:00,,Aerial
500920,53,BlockedShot,0.93,0.39,0.03264490142464638,Christian Nørgaard,h,7083,FromCorner,2022,Head,18364,Brentford,Tottenham,2,2,2022-12-26 12:30:00,Bryan Mbeumo,Cross
500921,53,Goal,0.975999984741211,0.5470000076293945,0.6827830076217651,Ivan Toney,h,998,FromCorner,2022,LeftFoot,18364,Brentford,Tottenham,2,2,2022-12-26 12:30:00,Christian Nørgaard,Rebound
500923,65,BlockedShot,0.7930000305175782,0.5420000076293945,0.051616501063108444,Ivan Toney,h,998,OpenPlay,2022,RightFoot,18364,Brentford,Tottenham,2,2,2022-12-26 12:30:00,Vitaly Janelt,Pass
500924,66,MissedShots,0.875999984741211,0.4159999847412109,0.07937119901180267,Bryan Mbeumo,h,6552,OpenPlay,2022,LeftFoot,18364,Brentford,Tottenham,2,2,2022-12-26 12:30:00,Rico Henry,Cross
500931,84,MissedShots,0.9490000152587891,0.545,0.5649129748344421,Ivan Toney,h,998,OpenPlay,2022,RightFoot,18364,Brentford,Tottenham,2,2,2022-12-26 12:30:00,Mads Roerslev,HeadPass
500910,11,BlockedShot,0.7519999694824219,0.455,0.06499409675598145,Harry Kane,a,647,DirectFreekick,2022,RightFoot,18364,Brentford,Tottenham,2,2,2022-12-26 12:30:00,,Standard
500914,24,SavedShot,0.730999984741211,0.5970000076293945,0.018767299130558968,Son Heung-Min,a,453,OpenPlay,2022,RightFoot,18364,Brentford,Tottenham,2,2,2022-12-26 12:30:00,Pierre-Emile Højbjerg,Pass
500915,25,SavedShot,0.9169999694824219,0.2589999961853027,0.042649898678064346,Dejan Kulusevski,a,6691,OpenPlay,2022,LeftFoot,18364,Brentford,Tottenham,2,2,2022-12-26 12:30:00,Matt Doherty,TakeOn
500916,29,SavedShot,0.735999984741211,0.5170000076293946,0.02057580091059208,Son Heung-Min,a,453,OpenPlay,2022,LeftFoot,18364,Brentford,Tottenham,2,2,2022-12-26 12:30:00,Eric Dier,Pass
500918,37,BlockedShot,0.750999984741211,0.6769999694824219,0.01760829985141754,Clement Lenglet,a,5050,OpenPlay,2022,LeftFoot,18364,Brentford,Tottenham,2,2,2022-12-26 12:30:00,Pierre-Emile Højbjerg,Pass
500919,46,BlockedShot,0.805,0.46900001525878904,0.04193489998579025,Pierre-Emile Højbjerg,a,343,OpenPlay,2022,RightFoot,18364,Brentford,Tottenham,2,2,2022-12-26 12:30:00,,None
500922,64,Goal,0.889000015258789,0.4540000152587891,0.040967199951410294,Harry Kane,a,647,OpenPlay,2022,Head,18364,Brentford,Tottenham,2,2,2022-12-26 12:30:00,Clement Lenglet,Aerial
500925,70,Goal,0.9019999694824219,0.4570000076293945,0.08392179757356644,Pierre-Emile Højbjerg,a,343,OpenPlay,2022,RightFoot,18364,Brentford,Tottenham,2,2,2022-12-26 12:30:00,,None
500926,72,MissedShots,0.9,0.545,0.09518200159072876,Harry Kane,a,647,OpenPlay,2022,Head,18364,Brentford,Tottenham,2,2,2022-12-26 12:30:00,Son Heung-Min,Cross
500927,76,MissedShots,0.9180000305175782,0.4909999847412109,0.11766400188207626,Harry Kane,a,647,OpenPlay,2022,RightFoot,18364,Brentford,Tottenham,2,2,2022-12-26 12:30:00,Matt Doherty,HeadPass
500928,79,MissedShots,0.95,0.45,0.14331500232219696,Matt Doherty,a,6852,OpenPlay,2022,Head,18364,Brentford,Tottenham,2,2,2022-12-26 12:30:00,Ivan Perisic,Cross
500929,82,SavedShot,0.7240000152587891,0.4209999847412109,0.00851523969322443,Davinson Sánchez,a,6249,OpenPlay,2022,RightFoot,18364,Brentford,Tottenham,2,2,2022-12-26 12:30:00,Dejan Kulusevski,Chipped
500930,83,SavedShot,0.924000015258789,0.5270000076293946,0.07126150280237198,Harry Kane,a,647,OpenPlay,2022,Head,18364,Brentford,Tottenham,2,2,2022-12-26 12:30:00,Clement Lenglet,Aerial
500932,86,BlockedShot,0.73,0.5329999923706055,0.016949700191617012,Pierre-Emile Højbjerg,a,343,FromCorner,2022,RightFoot,18364,Brentford,Tottenham,2,2,2022-12-26 12:30:00,Yves Bissouma,CornerAwarded
500933,91,BlockedShot,0.8919999694824219,0.534000015258789,0.03996200114488602,Eric Dier,a,643,OpenPlay,2022,Head,18364,Brentford,Tottenham,2,2,2022-12-26 12:30:00,Pierre-Emile Højbjerg,Aerial
500934,95,SavedShot,0.8180000305175781,0.44299999237060544,0.05951860174536705,Son Heung-Min,a,453,OpenPlay,2022,LeftFoot,18364,Brentford,Tottenham,2,2,2022-12-26 12:30:00,Dejan Kulusevski,Pass
501924,12,BlockedShot,0.955999984741211,0.35900001525878905,0.17880499362945557,Matt Doherty,h,6852,OpenPlay,2022,RightFoot,18379,Tottenham,Aston Villa,0,2,2023-01-01 14:00:00,Bryan Gil Salvatierra,TakeOn
501925,39,BlockedShot,0.905,0.5329999923706055,0.050187498331069946,Harry Kane,h,647,OpenPlay,2022,Head,18379,Tottenham,Aston Villa,0,2,2023-01-01 14:00:00,Ivan Perisic,Aerial
501926,43,SavedShot,0.885,0.8130000305175781,0.05923650041222572,Son Heung-Min,h,453,DirectFreekick,2022,RightFoot,18379,Tottenham,Aston Villa,0,2,2023-01-01 14:00:00,,Standard
501930,56,MissedShots,0.9009999847412109,0.649000015258789,0.19124099612236023,Ivan Perisic,h,448,SetPiece,2022,LeftFoot,18379,Tottenham,Aston Villa,0,2,2023-01-01 14:00:00,Yves Bissouma,Cross
501934,67,MissedShots,0.865999984741211,0.4470000076293945,0.06980709731578827,Harry Kane,h,647,OpenPlay,2022,LeftFoot,18379,Tottenham,Aston Villa,0,2,2023-01-01 14:00:00,Son Heung-Min,HeadPass
501938,86,BlockedShot,0.7959999847412109,0.715999984741211,0.020105600357055664,Son Heung-Min,h,453,OpenPlay,2022,RightFoot,18379,Tottenham,Aston Villa,0,2,2023-01-01 14:00:00,Pierre-Emile Højbjerg,Pass
501922,2,BlockedShot,0.725,0.3770000076293945,0.017509199678897858,Ashley Young,a,631,SetPiece,2022,RightFoot,18379,Tottenham,Aston Villa,0,2,2023-01-01 14:00:00,Douglas Luiz,Pass
501923,8,MissedShots,0.8469999694824218,0.5720000076293945,0.0621057003736496,Ollie Watkins,a,8865,OpenPlay,2022,RightFoot,18379,Tottenham,Aston Villa,0,2,2023-01-01 14:00:00,Lucas Digne,Chipped
501927,45,MissedShots,0.755,0.7140000152587891,0.016954099759459496,Emiliano Buendía,a,2203,OpenPlay,2022,RightFoot,18379,Tottenham,Aston Villa,0,2,2023-01-01 14:00:00,Ollie Watkins,Pass
501928,49,SavedShot,0.710999984741211,0.524000015258789,0.015269800089299679,Douglas Luiz,a,6122,OpenPlay,2022,RightFoot,18379,Tottenham,Aston Villa,0,2,2023-01-01 14:00:00,Boubacar Kamara,Pass
501929,49,Goal,0.8930000305175781,0.5970000076293945,0.10071399807929993,Emiliano Buendía,a,2203,OpenPlay,2022,RightFoot,18379,Tottenham,Aston Villa,0,2,2023-01-01 14:00:00,Ollie Watkins,Pass
501931,59,BlockedShot,0.6969999694824218,0.4779999923706055,0.03686109930276871,Douglas Luiz,a,6122,DirectFreekick,2022,RightFoot,18379,Tottenham,Aston Villa,0,2,2023-01-01 14:00:00,,Standard
501932,63,BlockedShot,0.88,0.590999984741211,0.11836399883031845,Ollie Watkins,a,8865,OpenPlay,2022,LeftFoot,18379,Tottenham,Aston Villa,0,2,2023-01-01 14:00:00,Emiliano Buendía,Pass
501933,63,BlockedShot,0.9540000152587891,0.6780000305175782,0.049205999821424484,Ollie Watkins,a,8865,OpenPlay,2022,LeftFoot,18379,Tottenham,Aston Villa,0,2,2023-01-01 14:00:00,Lucas Digne,Cross
501935,67,BlockedShot,0.76,0.47900001525878905,0.029771799221634865,Douglas Luiz,a,6122,OpenPlay,2022,RightFoot,18379,Tottenham,Aston Villa,0,2,2023-01-01 14:00:00,John McGinn,Pass
501936,72,Goal,0.9269999694824219,0.504000015258789,0.5804169774055481,Douglas Luiz,a,6122,OpenPlay,2022,RightFoot,18379,Tottenham,Aston Villa,0,2,2023-01-01 14:00:00,John McGinn,Throughball
501937,78,SavedShot,0.8059999847412109,0.48700000762939455,0.07063080370426178,Douglas Luiz,a,6122,OpenPlay,2022,LeftFoot,18379,Tottenham,Aston Villa,0,2,2023-01-01 14:00:00,Emiliano Buendía,Pass
501939,87,MissedShots,0.7630000305175781,0.49900001525878906,0.029245199635624886,Calum Chambers,a,508,OpenPlay,2022,RightFoot,18379,Tottenham,Aston Villa,0,2,2023-01-01 14:00:00,Ollie Watkins,Pass
501940,95,MissedShots,0.95,0.49700000762939456,0.09027650207281113,Ollie Watkins,a,8865,FromCorner,2022,Head,18379,Tottenham,Aston Villa,0,2,2023-01-01 14:00:00,,None
502542,22,BlockedShot,0.735,0.6270000076293946,0.015362399630248547,Cheick Oumar Doucoure,h,8666,OpenPlay,2022,RightFoot,18386,Crystal Palace,Tottenham,0,4,2023-01-04 20:00:00,Eberechi Eze,Pass
502543,22,MissedShots,0.7219999694824218,0.44299999237060544,0.01591690070927143,Michael Olise,h,9948,OpenPlay,2022,LeftFoot,18386,Crystal Palace,Tottenham,0,4,2023-01-04 20:00:00,Cheick Oumar Doucoure,Pass
502545,26,SavedShot,0.85,0.5579999923706055,0.09342920035123825,Jordan Ayew,h,672,OpenPlay,2022,RightFoot,18386,Crystal Palace,Tottenham,0,4,2023-01-04 20:00:00,Wilfried Zaha,Pass
502546,28,MissedShots,0.805,0.40200000762939453,0.027173100039362907,Cheick Oumar Doucoure,h,8666,FromCorner,2022,RightFoot,18386,Crystal Palace,Tottenham,0,4,2023-01-04 20:00:00,,None
502547,30,MissedShots,0.715,0.46,0.01400730013847351,Joachim Andersen,h,6314,OpenPlay,2022,LeftFoot,18386,Crystal Palace,Tottenham,0,4,2023-01-04 20:00:00,,None
502548,32,BlockedShot,0.8959999847412109,0.39799999237060546,0.07726450264453888,Eberechi Eze,h,8706,SetPiece,2022,LeftFoot,18386,Crystal Palace,Tottenham,0,4,2023-01-04 20:00:00,Michael Olise,Chipped
502549,32,BlockedShot,0.875999984741211,0.34200000762939453,0.057346001267433167,Michael Olise,h,9948,OpenPlay,2022,LeftFoot,18386,Crystal Palace,Tottenham,0,4,2023-01-04 20:00:00,,None
502550,33,BlockedShot,0.7240000152587891,0.67,0.015312699601054192,Eberechi Eze,h,8706,FromCorner,2022,RightFoot,18386,Crystal Palace,Tottenham,0,4,2023-01-04 20:00:00,Wilfried Zaha,Pass
502551,36,SavedShot,0.9119999694824219,0.515,0.043068598955869675,Joachim Andersen,h,6314,FromCorner,2022,OtherBodyPart,18386,Crystal Palace,Tottenham,0,4,2023-01-04 20:00:00,Michael Olise,Aerial
502553,45,BlockedShot,0.9569999694824218,0.6659999847412109,0.0850759968161583,Jordan Ayew,h,672,OpenPlay,2022,LeftFoot,18386,Crystal Palace,Tottenham,0,4,2023-01-04 20:00:00,,TakeOn
502554,45,BlockedShot,0.8680000305175781,0.32,0.04610950127243996,Joel Ward,h,510,FromCorner,2022,RightFoot,18386,Crystal Palace,Tottenham,0,4,2023-01-04 20:00:00,Cheick Oumar Doucoure,Pass
502557,51,MissedShots,0.749000015258789,0.33,0.015896499156951904,Cheick Oumar Doucoure,h,8666,OpenPlay,2022,RightFoot,18386,Crystal Palace,Tottenham,0,4,2023-01-04 20:00:00,Jordan Ayew,Pass
502559,62,MissedShots,0.8280000305175781,0.26600000381469724,0.025192299857735634,Michael Olise,h,9948,OpenPlay,2022,LeftFoot,18386,Crystal Palace,Tottenham,0,4,2023-01-04 20:00:00,Cheick Oumar Doucoure,Pass
502560,65,MissedShots,0.9169999694824219,0.534000015258789,0.05164390057325363,Jean-Philippe Mateta,h,5735,FromCorner,2022,Head,18386,Crystal Palace,Tottenham,0,4,2023-01-04 20:00:00,Eberechi Eze,HeadPass
502565,71,MissedShots,0.8209999847412109,0.6170000076293946,0.05643840134143829,Wilfried Zaha,h,522,OpenPlay,2022,RightFoot,18386,Crystal Palace,Tottenham,0,4,2023-01-04 20:00:00,Eberechi Eze,Pass
502567,79,SavedShot,0.8080000305175781,0.3220000076293945,0.025584999471902847,Jordan Ayew,h,672,OpenPlay,2022,RightFoot,18386,Crystal Palace,Tottenham,0,4,2023-01-04 20:00:00,Odsonne Edouard,Pass
502568,79,MissedShots,0.895,0.524000015258789,0.018156399950385094,Odsonne Edouard,h,3697,FromCorner,2022,Head,18386,Crystal Palace,Tottenham,0,4,2023-01-04 20:00:00,Will Hughes,Aerial
502569,80,SavedShot,0.9269999694824219,0.6409999847412109,0.09580700099468231,Wilfried Zaha,h,522,OpenPlay,2022,RightFoot,18386,Crystal Palace,Tottenham,0,4,2023-01-04 20:00:00,Odsonne Edouard,Pass
502570,85,MissedShots,0.6819999694824219,0.6040000152587891,0.008738909848034382,Cheick Oumar Doucoure,h,8666,OpenPlay,2022,RightFoot,18386,Crystal Palace,Tottenham,0,4,2023-01-04 20:00:00,,TakeOn
502539,3,BlockedShot,0.8930000305175781,0.28700000762939454,0.04890099912881851,Bryan Gil Salvatierra,a,7338,OpenPlay,2022,LeftFoot,18386,Crystal Palace,Tottenham,0,4,2023-01-04 20:00:00,Son Heung-Min,Pass
502540,7,SavedShot,0.825999984741211,0.26600000381469724,0.023564599454402924,Bryan Gil Salvatierra,a,7338,OpenPlay,2022,LeftFoot,18386,Crystal Palace,Tottenham,0,4,2023-01-04 20:00:00,Matt Doherty,TakeOn
502541,12,BlockedShot,0.8159999847412109,0.55,0.051136501133441925,Pierre-Emile Højbjerg,a,343,OpenPlay,2022,RightFoot,18386,Crystal Palace,Tottenham,0,4,2023-01-04 20:00:00,,None
502544,24,MissedShots,0.8590000152587891,0.5179999923706055,0.02351219952106476,Harry Kane,a,647,OpenPlay,2022,Head,18386,Crystal Palace,Tottenham,0,4,2023-01-04 20:00:00,Matt Doherty,Cross
502552,43,BlockedShot,0.7859999847412109,0.41900001525878905,0.031856101006269455,Harry Kane,a,647,OpenPlay,2022,RightFoot,18386,Crystal Palace,Tottenham,0,4,2023-01-04 20:00:00,,None
502555,46,MissedShots,0.925,0.3089999961853027,0.0584103986620903,Matt Doherty,a,6852,OpenPlay,2022,RightFoot,18386,Crystal Palace,Tottenham,0,4,2023-01-04 20:00:00,Harry Kane,Pass
502556,47,Goal,0.9790000152587891,0.43900001525878907,0.5544919967651367,Harry Kane,a,647,OpenPlay,2022,Head,18386,Crystal Palace,Tottenham,0,4,2023-01-04 20:00:00,Ivan Perisic,Cross
502558,52,Goal,0.919000015258789,0.3340000152587891,0.09467460215091705,Harry Kane,a,647,OpenPlay,2022,RightFoot,18386,Crystal Palace,Tottenham,0,4,2023-01-04 20:00:00,Bryan Gil Salvatierra,Pass
502561,66,SavedShot,0.8280000305175781,0.5070000076293946,0.3950420022010803,Son Heung-Min,a,453,OpenPlay,2022,RightFoot,18386,Crystal Palace,Tottenham,0,4,2023-01-04 20:00:00,Harry Kane,Throughball
502562,67,Goal,0.9130000305175782,0.4209999847412109,0.11823800206184387,Matt Doherty,a,6852,OpenPlay,2022,LeftFoot,18386,Crystal Palace,Tottenham,0,4,2023-01-04 20:00:00,,None
502563,70,BlockedShot,0.8980000305175782,0.3970000076293945,0.11937499791383743,Matt Doherty,a,6852,OpenPlay,2022,LeftFoot,18386,Crystal Palace,Tottenham,0,4,2023-01-04 20:00:00,Harry Kane,Chipped
502564,70,BlockedShot,0.905,0.33,0.04747379943728447,Matt Doherty,a,6852,OpenPlay,2022,RightFoot,18386,Crystal Palace,Tottenham,0,4,2023-01-04 20:00:00,,Rebound
502566,71,Goal,0.8430000305175781,0.565,0.07495909929275513,Son Heung-Min,a,453,OpenPlay,2022,LeftFoot,18386,Crystal Palace,Tottenham,0,4,2023-01-04 20:00:00,,None
502571,89,MissedShots,0.765,0.5279999923706055,0.029170900583267212,Pape Sarr,a,9021,OpenPlay,2022,LeftFoot,18386,Crystal Palace,Tottenham,0,4,2023-01-04 20:00:00,,None
504158,13,OwnGoal,0.017999999523162842,0.5370000076293945,0,Hugo Lloris,h,637,OpenPlay,2022,OtherBodyPart,18400,Tottenham,Arsenal,0,2,2023-01-15 16:30:00,,None
504159,17,SavedShot,0.9290000152587891,0.40400001525878904,0.41527700424194336,Son Heung-Min,h,453,OpenPlay,2022,RightFoot,18400,Tottenham,Arsenal,0,2,2023-01-15 16:30:00,Ryan Sessegnon,Throughball
504160,21,BlockedShot,0.715999984741211,0.629000015258789,0.015041399747133255,Pierre-Emile Højbjerg,h,343,OpenPlay,2022,RightFoot,18400,Tottenham,Arsenal,0,2,2023-01-15 16:30:00,Pape Sarr,Pass
504167,47,SavedShot,0.9259999847412109,0.47400001525878904,0.3293440043926239,Harry Kane,h,647,OpenPlay,2022,Head,18400,Tottenham,Arsenal,0,2,2023-01-15 16:30:00,Pierre-Emile Højbjerg,Cross
504168,47,MissedShots,0.8719999694824219,0.585,0.06519550085067749,Pierre-Emile Højbjerg,h,343,FromCorner,2022,RightFoot,18400,Tottenham,Arsenal,0,2,2023-01-15 16:30:00,,None
504169,48,MissedShots,0.8640000152587891,0.24700000762939453,0.0271099004894495,Dejan Kulusevski,h,6691,OpenPlay,2022,LeftFoot,18400,Tottenham,Arsenal,0,2,2023-01-15 16:30:00,Harry Kane,Pass
504170,49,SavedShot,0.835,0.3320000076293945,0.04928309842944145,Harry Kane,h,647,OpenPlay,2022,RightFoot,18400,Tottenham,Arsenal,0,2,2023-01-15 16:30:00,Dejan Kulusevski,Pass
504171,51,SavedShot,0.94,0.664000015258789,0.293491005897522,Ryan Sessegnon,h,6837,OpenPlay,2022,LeftFoot,18400,Tottenham,Arsenal,0,2,2023-01-15 16:30:00,Harry Kane,Throughball
504172,52,SavedShot,0.904000015258789,0.6020000076293945,0.0335954986512661,Harry Kane,h,647,OpenPlay,2022,Head,18400,Tottenham,Arsenal,0,2,2023-01-15 16:30:00,Pierre-Emile Højbjerg,Aerial
504173,55,MissedShots,0.875,0.24700000762939453,0.02833300083875656,Dejan Kulusevski,h,6691,OpenPlay,2022,LeftFoot,18400,Tottenham,Arsenal,0,2,2023-01-15 16:30:00,Harry Kane,Pass
504175,60,MissedShots,0.8909999847412109,0.6,0.06218419969081879,Ryan Sessegnon,h,6837,OpenPlay,2022,LeftFoot,18400,Tottenham,Arsenal,0,2,2023-01-15 16:30:00,,None
504176,65,BlockedShot,0.915,0.3729999923706055,0.09406740218400955,Harry Kane,h,647,OpenPlay,2022,RightFoot,18400,Tottenham,Arsenal,0,2,2023-01-15 16:30:00,Son Heung-Min,Pass
504181,81,BlockedShot,0.8590000152587891,0.37400001525878906,0.05743870139122009,Son Heung-Min,h,453,OpenPlay,2022,RightFoot,18400,Tottenham,Arsenal,0,2,2023-01-15 16:30:00,Clement Lenglet,BallTouch
504182,81,BlockedShot,0.7719999694824219,0.44299999237060544,0.030656300485134125,Son Heung-Min,h,453,OpenPlay,2022,LeftFoot,18400,Tottenham,Arsenal,0,2,2023-01-15 16:30:00,Yves Bissouma,Pass
504183,81,SavedShot,0.91,0.6430000305175781,0.052064199000597,Richarlison,h,6026,OpenPlay,2022,RightFoot,18400,Tottenham,Arsenal,0,2,2023-01-15 16:30:00,,Rebound
504184,83,BlockedShot,0.879000015258789,0.385,0.08439970016479492,Son Heung-Min,h,453,OpenPlay,2022,RightFoot,18400,Tottenham,Arsenal,0,2,2023-01-15 16:30:00,Harry Kane,Pass
504185,86,BlockedShot,0.8090000152587891,0.73,0.06235609948635101,Son Heung-Min,h,453,DirectFreekick,2022,RightFoot,18400,Tottenham,Arsenal,0,2,2023-01-15 16:30:00,,Standard
504186,87,SavedShot,0.7859999847412109,0.24899999618530275,0.012078800238668919,Dejan Kulusevski,h,6691,OpenPlay,2022,LeftFoot,18400,Tottenham,Arsenal,0,2,2023-01-15 16:30:00,Yves Bissouma,HeadPass
504155,3,BlockedShot,0.9,0.6220000076293946,0.11071000248193741,Gabriel Martinelli,a,7752,OpenPlay,2022,RightFoot,18400,Tottenham,Arsenal,0,2,2023-01-15 16:30:00,,TakeOn
504156,6,SavedShot,0.9309999847412109,0.545,0.3831709921360016,Eddie Nketiah,a,6482,OpenPlay,2022,LeftFoot,18400,Tottenham,Arsenal,0,2,2023-01-15 16:30:00,Gabriel Martinelli,Chipped
504157,10,MissedShots,0.899000015258789,0.49,0.03696110099554062,Thomas Partey,a,2328,SetPiece,2022,Head,18400,Tottenham,Arsenal,0,2,2023-01-15 16:30:00,Martin Odegaard,Aerial
504161,21,SavedShot,0.7559999847412109,0.3820000076293945,0.023701900616288185,Martin Odegaard,a,2517,OpenPlay,2022,LeftFoot,18400,Tottenham,Arsenal,0,2,2023-01-15 16:30:00,Bukayo Saka,Pass
504162,24,BlockedShot,0.95,0.4979999923706055,0.6351450085639954,Eddie Nketiah,a,6482,OpenPlay,2022,Head,18400,Tottenham,Arsenal,0,2,2023-01-15 16:30:00,Gabriel Martinelli,Aerial
504163,24,ShotOnPost,0.7709999847412109,0.46599998474121096,0.033520299941301346,Thomas Partey,a,2328,OpenPlay,2022,RightFoot,18400,Tottenham,Arsenal,0,2,2023-01-15 16:30:00,,Rebound
504164,28,MissedShots,0.8640000152587891,0.3340000152587891,0.07008080184459686,Bukayo Saka,a,7322,OpenPlay,2022,LeftFoot,18400,Tottenham,Arsenal,0,2,2023-01-15 16:30:00,Thomas Partey,Pass
504165,35,Goal,0.7469999694824219,0.49200000762939455,0.04554370045661926,Martin Odegaard,a,2517,OpenPlay,2022,LeftFoot,18400,Tottenham,Arsenal,0,2,2023-01-15 16:30:00,Bukayo Saka,Pass
504166,41,BlockedShot,0.7930000305175782,0.27,0.054961301386356354,Martin Odegaard,a,2517,DirectFreekick,2022,LeftFoot,18400,Tottenham,Arsenal,0,2,2023-01-15 16:30:00,,Standard
504174,57,SavedShot,0.8669999694824219,0.6509999847412109,0.08555330336093903,Eddie Nketiah,a,6482,OpenPlay,2022,RightFoot,18400,Tottenham,Arsenal,0,2,2023-01-15 16:30:00,Gabriel Martinelli,TakeOn
504177,67,MissedShots,0.7119999694824218,0.649000015258789,0.016082899644970894,Thomas Partey,a,2328,OpenPlay,2022,RightFoot,18400,Tottenham,Arsenal,0,2,2023-01-15 16:30:00,Gabriel Martinelli,Pass
504178,68,SavedShot,0.894000015258789,0.44,0.3817949891090393,Eddie Nketiah,a,6482,OpenPlay,2022,RightFoot,18400,Tottenham,Arsenal,0,2,2023-01-15 16:30:00,Granit Xhaka,Pass
504179,72,BlockedShot,0.9159999847412109,0.3840000152587891,0.08084700256586075,Eddie Nketiah,a,6482,SetPiece,2022,RightFoot,18400,Tottenham,Arsenal,0,2,2023-01-15 16:30:00,Martin Odegaard,Pass
504180,78,MissedShots,0.7930000305175782,0.43,0.10553599894046783,Granit Xhaka,a,204,DirectFreekick,2022,LeftFoot,18400,Tottenham,Arsenal,0,2,2023-01-15 16:30:00,,Standard
504347,11,BlockedShot,0.750999984741211,0.3940000152587891,0.05776510015130043,Riyad Mahrez,h,750,DirectFreekick,2022,LeftFoot,18267,Manchester City,Tottenham,4,2,2023-01-19 19:00:00,,Standard
504348,18,MissedShots,0.77,0.6840000152587891,0.015959899872541428,Ilkay Gündogan,h,314,OpenPlay,2022,RightFoot,18267,Manchester City,Tottenham,4,2,2023-01-19 19:00:00,Jack Grealish,Pass
504349,20,BlockedShot,0.875999984741211,0.539000015258789,0.06599230319261551,Julián Álvarez,h,10846,FromCorner,2022,LeftFoot,18267,Manchester City,Tottenham,4,2,2023-01-19 19:00:00,Jack Grealish,Pass
504351,27,BlockedShot,0.7469999694824219,0.4540000152587891,0.017952900379896164,Rodri,h,2496,OpenPlay,2022,RightFoot,18267,Manchester City,Tottenham,4,2,2023-01-19 19:00:00,,None
504354,38,SavedShot,0.755,0.4,0.021278399974107742,Rico Lewis,h,10847,OpenPlay,2022,RightFoot,18267,Manchester City,Tottenham,4,2,2023-01-19 19:00:00,Jack Grealish,Pass
504355,41,SavedShot,0.9,0.6509999847412109,0.12026099860668182,Erling Haaland,h,8260,OpenPlay,2022,LeftFoot,18267,Manchester City,Tottenham,4,2,2023-01-19 19:00:00,Nathan Aké,Throughball
504356,42,MissedShots,0.9169999694824219,0.5279999923706055,0.43265300989151,Erling Haaland,h,8260,OpenPlay,2022,Head,18267,Manchester City,Tottenham,4,2,2023-01-19 19:00:00,Rodri,Aerial
504360,47,MissedShots,0.7730000305175782,0.295,0.011076799593865871,Julián Álvarez,h,10846,OpenPlay,2022,RightFoot,18267,Manchester City,Tottenham,4,2,2023-01-19 19:00:00,,None
504361,50,BlockedShot,0.9519999694824218,0.4620000076293945,0.1262820065021515,Ilkay Gündogan,h,314,OpenPlay,2022,Head,18267,Manchester City,Tottenham,4,2,2023-01-19 19:00:00,Riyad Mahrez,Aerial
504362,50,Goal,0.9169999694824219,0.49,0.3992289900779724,Julián Álvarez,h,10846,OpenPlay,2022,RightFoot,18267,Manchester City,Tottenham,4,2,2023-01-19 19:00:00,,Rebound
504363,52,Goal,0.9680000305175781,0.5159999847412109,0.5429559946060181,Erling Haaland,h,8260,OpenPlay,2022,Head,18267,Manchester City,Tottenham,4,2,2023-01-19 19:00:00,Riyad Mahrez,HeadPass
504364,55,MissedShots,0.815,0.40700000762939453,0.04969580098986626,Riyad Mahrez,h,750,OpenPlay,2022,RightFoot,18267,Manchester City,Tottenham,4,2,2023-01-19 19:00:00,,BallRecovery
504367,62,Goal,0.9430000305175781,0.29200000762939454,0.03519120067358017,Riyad Mahrez,h,750,OpenPlay,2022,RightFoot,18267,Manchester City,Tottenham,4,2,2023-01-19 19:00:00,Rodri,Chipped
504369,81,BlockedShot,0.9669999694824218,0.6090000152587891,0.03432130068540573,Rodri,h,2496,FromCorner,2022,Head,18267,Manchester City,Tottenham,4,2,2023-01-19 19:00:00,Riyad Mahrez,Cross
504370,89,Goal,0.8569999694824219,0.549000015258789,0.35203298926353455,Riyad Mahrez,h,750,OpenPlay,2022,LeftFoot,18267,Manchester City,Tottenham,4,2,2023-01-19 19:00:00,,None
504371,91,MissedShots,0.870999984741211,0.6179999923706054,0.10942800343036652,Julián Álvarez,h,10846,OpenPlay,2022,LeftFoot,18267,Manchester City,Tottenham,4,2,2023-01-19 19:00:00,Jack Grealish,Pass
504350,26,MissedShots,0.7330000305175781,0.38799999237060545,0.018899399787187576,Emerson,a,7430,FromCorner,2022,RightFoot,18267,Manchester City,Tottenham,4,2,2023-01-19 19:00:00,Dejan Kulusevski,Pass
504352,35,SavedShot,0.9219999694824219,0.45099998474121095,0.05332709848880768,Son Heung-Min,a,453,OpenPlay,2022,Head,18267,Manchester City,Tottenham,4,2,2023-01-19 19:00:00,Ben Davies,Aerial
504353,36,BlockedShot,0.8859999847412109,0.37900001525878907,0.09746260195970535,Harry Kane,a,647,OpenPlay,2022,RightFoot,18267,Manchester City,Tottenham,4,2,2023-01-19 19:00:00,Dejan Kulusevski,Pass
504357,43,Goal,0.855999984741211,0.3890000152587891,0.06756729632616043,Dejan Kulusevski,a,6691,OpenPlay,2022,LeftFoot,18267,Manchester City,Tottenham,4,2,2023-01-19 19:00:00,,BallRecovery
504358,46,MissedShots,0.9830000305175781,0.30700000762939456,0.06782349944114685,Harry Kane,a,647,OpenPlay,2022,RightFoot,18267,Manchester City,Tottenham,4,2,2023-01-19 19:00:00,,Tackle
504359,46,Goal,0.9459999847412109,0.40400001525878904,0.30319100618362427,Emerson,a,7430,OpenPlay,2022,Head,18267,Manchester City,Tottenham,4,2,2023-01-19 19:00:00,,Rebound
504365,59,BlockedShot,0.9290000152587891,0.5370000076293945,0.533577024936676,Ivan Perisic,a,448,OpenPlay,2022,RightFoot,18267,Manchester City,Tottenham,4,2,2023-01-19 19:00:00,Dejan Kulusevski,Pass
504366,61,MissedShots,0.779000015258789,0.6719999694824219,0.02135859988629818,Harry Kane,a,647,OpenPlay,2022,LeftFoot,18267,Manchester City,Tottenham,4,2,2023-01-19 19:00:00,Dejan Kulusevski,Pass
504368,73,MissedShots,0.755,0.475,0.022352000698447227,Cristian Romero,a,7218,OpenPlay,2022,RightFoot,18267,Manchester City,Tottenham,4,2,2023-01-19 19:00:00,,None
505284,9,SavedShot,0.7280000305175781,0.41200000762939454,0.01762090064585209,Bobby Reid,h,6827,OpenPlay,2022,RightFoot,18405,Fulham,Tottenham,0,1,2023-01-23 20:00:00,Kenny Tete,Pass
505285,11,SavedShot,0.705,0.5109999847412109,0.03983519971370697,Andreas Pereira,h,922,DirectFreekick,2022,RightFoot,18405,Fulham,Tottenham,0,1,2023-01-23 20:00:00,,Standard
505288,18,SavedShot,0.915,0.46799999237060547,0.10545600205659866,Harrison Reed,h,910,OpenPlay,2022,RightFoot,18405,Fulham,Tottenham,0,1,2023-01-23 20:00:00,Andreas Pereira,Cross
505289,21,BlockedShot,0.8019999694824219,0.4209999847412109,0.04032360017299652,Harrison Reed,h,910,OpenPlay,2022,LeftFoot,18405,Fulham,Tottenham,0,1,2023-01-23 20:00:00,,None
505290,24,MissedShots,0.8680000305175781,0.45799999237060546,0.02992060035467148,Aleksandar Mitrovic,h,773,OpenPlay,2022,Head,18405,Fulham,Tottenham,0,1,2023-01-23 20:00:00,Kenny Tete,Cross
505293,40,SavedShot,0.874000015258789,0.7169999694824218,0.06467340141534805,Willian,h,700,OpenPlay,2022,LeftFoot,18405,Fulham,Tottenham,0,1,2023-01-23 20:00:00,Andreas Pereira,Pass
505294,41,MissedShots,0.955999984741211,0.514000015258789,0.5426409840583801,João Palhinha,h,10715,SetPiece,2022,Head,18405,Fulham,Tottenham,0,1,2023-01-23 20:00:00,Andreas Pereira,Cross
505298,49,MissedShots,0.950999984741211,0.4909999847412109,0.13012099266052246,João Palhinha,h,10715,SetPiece,2022,Head,18405,Fulham,Tottenham,0,1,2023-01-23 20:00:00,,Aerial
505301,74,MissedShots,0.94,0.4329999923706055,0.08538489788770676,Aleksandar Mitrovic,h,773,OpenPlay,2022,Head,18405,Fulham,Tottenham,0,1,2023-01-23 20:00:00,Tom Cairney,Cross
505303,88,SavedShot,0.825,0.6840000152587891,0.03741670027375221,Manor Solomon,h,10716,OpenPlay,2022,RightFoot,18405,Fulham,Tottenham,0,1,2023-01-23 20:00:00,Tom Cairney,Pass
505286,13,MissedShots,0.8730000305175781,0.6969999694824218,0.030474599450826645,Pierre-Emile Højbjerg,a,343,FromCorner,2022,LeftFoot,18405,Fulham,Tottenham,0,1,2023-01-23 20:00:00,,None
505287,13,MissedShots,0.9130000305175782,0.539000015258789,0.10715000331401825,Ben Davies,a,660,FromCorner,2022,LeftFoot,18405,Fulham,Tottenham,0,1,2023-01-23 20:00:00,Pierre-Emile Højbjerg,None
505291,32,MissedShots,0.725999984741211,0.3370000076293945,0.0185674000531435,Harry Kane,a,647,OpenPlay,2022,RightFoot,18405,Fulham,Tottenham,0,1,2023-01-23 20:00:00,Rodrigo Bentancur,Pass
505292,35,SavedShot,0.9069999694824219,0.295,0.05057670176029205,Emerson,a,7430,OpenPlay,2022,RightFoot,18405,Fulham,Tottenham,0,1,2023-01-23 20:00:00,Dejan Kulusevski,Pass
505295,43,BlockedShot,0.784000015258789,0.355,0.07317639887332916,Harry Kane,a,647,DirectFreekick,2022,RightFoot,18405,Fulham,Tottenham,0,1,2023-01-23 20:00:00,,Standard
505296,45,BlockedShot,0.9219999694824219,0.28700000762939454,0.0291437990963459,Dejan Kulusevski,a,6691,FromCorner,2022,LeftFoot,18405,Fulham,Tottenham,0,1,2023-01-23 20:00:00,Ivan Perisic,Pass
505297,45,Goal,0.815,0.5379999923706055,0.06552550196647644,Harry Kane,a,647,OpenPlay,2022,RightFoot,18405,Fulham,Tottenham,0,1,2023-01-23 20:00:00,Son Heung-Min,Pass
505299,56,SavedShot,0.96,0.48700000762939455,0.47570499777793884,Harry Kane,a,647,FromCorner,2022,Head,18405,Fulham,Tottenham,0,1,2023-01-23 20:00:00,Ben Davies,HeadPass
505300,59,BlockedShot,0.855999984741211,0.62,0.052334800362586975,Harry Kane,a,647,FromCorner,2022,RightFoot,18405,Fulham,Tottenham,0,1,2023-01-23 20:00:00,,TakeOn
505302,78,MissedShots,0.88,0.4370000076293945,0.09115099906921387,Harry Kane,a,647,OpenPlay,2022,RightFoot,18405,Fulham,Tottenham,0,1,2023-01-23 20:00:00,Eric Dier,HeadPass
507747,14,Goal,0.8880000305175781,0.4490000152587891,0.39588499069213867,Harry Kane,h,647,OpenPlay,2022,RightFoot,18420,Tottenham,Manchester City,1,0,2023-02-05 16:30:00,Pierre-Emile Højbjerg,Pass
507749,29,BlockedShot,0.7959999847412109,0.3770000076293945,0.046501901000738144,Dejan Kulusevski,h,6691,OpenPlay,2022,LeftFoot,18420,Tottenham,Manchester City,1,0,2023-02-05 16:30:00,Harry Kane,BallTouch
507752,42,BlockedShot,0.955999984741211,0.40900001525878904,0.07818569988012314,Eric Dier,h,643,FromCorner,2022,RightFoot,18420,Tottenham,Manchester City,1,0,2023-02-05 16:30:00,Ivan Perisic,Cross
507753,42,BlockedShot,0.915,0.42400001525878905,0.11002500355243683,Harry Kane,h,647,FromCorner,2022,RightFoot,18420,Tottenham,Manchester City,1,0,2023-02-05 16:30:00,,Rebound
507754,43,BlockedShot,0.9130000305175782,0.3940000152587891,0.08647719770669937,Eric Dier,h,643,FromCorner,2022,LeftFoot,18420,Tottenham,Manchester City,1,0,2023-02-05 16:30:00,,Rebound
507755,43,MissedShots,0.9480000305175781,0.3270000076293945,0.05531249940395355,Eric Dier,h,643,FromCorner,2022,RightFoot,18420,Tottenham,Manchester City,1,0,2023-02-05 16:30:00,,Rebound
507757,46,MissedShots,0.8690000152587891,0.455,0.0995313972234726,Harry Kane,h,647,OpenPlay,2022,LeftFoot,18420,Tottenham,Manchester City,1,0,2023-02-05 16:30:00,Emerson,Foul
507758,55,MissedShots,0.9490000152587891,0.40799999237060547,0.023219099268317223,Ben Davies,h,660,FromCorner,2022,Head,18420,Tottenham,Manchester City,1,0,2023-02-05 16:30:00,Ivan Perisic,Aerial
507763,68,MissedShots,0.860999984741211,0.2670000076293945,0.06754159927368164,Harry Kane,h,647,OpenPlay,2022,RightFoot,18420,Tottenham,Manchester City,1,0,2023-02-05 16:30:00,Rodrigo Bentancur,Pass
507764,69,SavedShot,0.919000015258789,0.5840000152587891,0.4549829959869385,Harry Kane,h,647,OpenPlay,2022,RightFoot,18420,Tottenham,Manchester City,1,0,2023-02-05 16:30:00,Son Heung-Min,TakeOn
507767,76,SavedShot,0.7319999694824219,0.509000015258789,0.022251199930906296,Son Heung-Min,h,453,OpenPlay,2022,LeftFoot,18420,Tottenham,Manchester City,1,0,2023-02-05 16:30:00,,None
507768,76,MissedShots,0.8009999847412109,0.38599998474121094,0.01976490020751953,Pierre-Emile Højbjerg,h,343,OpenPlay,2022,RightFoot,18420,Tottenham,Manchester City,1,0,2023-02-05 16:30:00,Harry Kane,Chipped
507744,4,BlockedShot,0.85,0.3029999923706055,0.0376259982585907,Riyad Mahrez,a,750,OpenPlay,2022,LeftFoot,18420,Tottenham,Manchester City,1,0,2023-02-05 16:30:00,,None
507745,4,SavedShot,0.9430000305175781,0.509000015258789,0.08759850263595581,Manuel Akanji,a,6490,FromCorner,2022,Head,18420,Tottenham,Manchester City,1,0,2023-02-05 16:30:00,,Aerial
507746,5,BlockedShot,0.8530000305175781,0.42700000762939455,0.02509460039436817,Julián Álvarez,a,10846,FromCorner,2022,RightFoot,18420,Tottenham,Manchester City,1,0,2023-02-05 16:30:00,,Aerial
507748,18,SavedShot,0.7709999847412109,0.59,0.025338899344205856,Bernardo Silva,a,3635,OpenPlay,2022,LeftFoot,18420,Tottenham,Manchester City,1,0,2023-02-05 16:30:00,Rodri,Pass
507750,40,SavedShot,0.8119999694824219,0.44299999237060544,0.04938130080699921,Rodri,a,2496,OpenPlay,2022,RightFoot,18420,Tottenham,Manchester City,1,0,2023-02-05 16:30:00,Julián Álvarez,Pass
507751,41,MissedShots,0.8690000152587891,0.649000015258789,0.06409379839897156,Jack Grealish,a,675,OpenPlay,2022,RightFoot,18420,Tottenham,Manchester City,1,0,2023-02-05 16:30:00,Erling Haaland,Pass
507756,45,ShotOnPost,0.91,0.3579999923706055,0.06012760102748871,Riyad Mahrez,a,750,OpenPlay,2022,LeftFoot,18420,Tottenham,Manchester City,1,0,2023-02-05 16:30:00,,None
507759,63,BlockedShot,0.8669999694824219,0.4490000152587891,0.09506720304489136,Julián Álvarez,a,10846,SetPiece,2022,RightFoot,18420,Tottenham,Manchester City,1,0,2023-02-05 16:30:00,Kevin De Bruyne,Pass
507760,64,BlockedShot,0.865999984741211,0.385,0.053080201148986816,Manuel Akanji,a,6490,FromCorner,2022,RightFoot,18420,Tottenham,Manchester City,1,0,2023-02-05 16:30:00,,None
507761,64,MissedShots,0.8209999847412109,0.575999984741211,0.04077399894595146,Kevin De Bruyne,a,447,FromCorner,2022,RightFoot,18420,Tottenham,Manchester City,1,0,2023-02-05 16:30:00,Manuel Akanji,Pass
507762,67,MissedShots,0.8319999694824218,0.3320000076293945,0.04118109866976738,Julián Álvarez,a,10846,OpenPlay,2022,RightFoot,18420,Tottenham,Manchester City,1,0,2023-02-05 16:30:00,Kevin De Bruyne,Pass
507765,72,MissedShots,0.9130000305175782,0.524000015258789,0.03409399837255478,Rodri,a,2496,FromCorner,2022,Head,18420,Tottenham,Manchester City,1,0,2023-02-05 16:30:00,Kevin De Bruyne,Aerial
507766,75,SavedShot,0.73,0.43,0.023933200165629387,Kyle Walker,a,638,FromCorner,2022,RightFoot,18420,Tottenham,Manchester City,1,0,2023-02-05 16:30:00,Rico Lewis,Pass
507769,88,BlockedShot,0.7169999694824218,0.6020000076293945,0.04114510118961334,Kevin De Bruyne,a,447,DirectFreekick,2022,RightFoot,18420,Tottenham,Manchester City,1,0,2023-02-05 16:30:00,,Standard
507770,92,SavedShot,0.97,0.46099998474121096,0.09521199762821198,Rodri,a,2496,OpenPlay,2022,Head,18420,Tottenham,Manchester City,1,0,2023-02-05 16:30:00,Jack Grealish,Aerial
508500,2,BlockedShot,0.87,0.6170000076293946,0.08941499888896942,Kelechi Iheanacho,h,620,OpenPlay,2022,LeftFoot,18427,Leicester,Tottenham,4,1,2023-02-11 15:00:00,Kiernan Dewsbury-Hall,TakeOn
508501,4,MissedShots,0.825,0.5870000076293945,0.051210399717092514,James Maddison,h,6818,SetPiece,2022,RightFoot,18427,Leicester,Tottenham,4,1,2023-02-11 15:00:00,Kiernan Dewsbury-Hall,Pass
508506,20,MissedShots,0.664000015258789,0.5209999847412109,0.0067840199917554855,Tetê,h,10536,OpenPlay,2022,LeftFoot,18427,Leicester,Tottenham,4,1,2023-02-11 15:00:00,Nampalys Mendy,TakeOn
508507,22,BlockedShot,0.9069999694824219,0.6419999694824219,0.012745000422000885,Timothy Castagne,h,6157,FromCorner,2022,Head,18427,Leicester,Tottenham,4,1,2023-02-11 15:00:00,James Maddison,Aerial
508508,22,Goal,0.845999984741211,0.285,0.03213160112500191,Nampalys Mendy,h,1785,FromCorner,2022,RightFoot,18427,Leicester,Tottenham,4,1,2023-02-11 15:00:00,,Rebound
508509,24,Goal,0.8880000305175781,0.5690000152587891,0.37902501225471497,James Maddison,h,6818,OpenPlay,2022,RightFoot,18427,Leicester,Tottenham,4,1,2023-02-11 15:00:00,Kelechi Iheanacho,Pass
508510,25,SavedShot,0.8969999694824219,0.285,0.053560901433229446,Kelechi Iheanacho,h,620,OpenPlay,2022,LeftFoot,18427,Leicester,Tottenham,4,1,2023-02-11 15:00:00,Kiernan Dewsbury-Hall,Chipped
508513,48,Goal,0.84,0.4640000152587891,0.07851459830999374,Kelechi Iheanacho,h,620,OpenPlay,2022,LeftFoot,18427,Leicester,Tottenham,4,1,2023-02-11 15:00:00,Harry Souttar,Chipped
508514,48,BlockedShot,0.9330000305175781,0.664000015258789,0.08544670045375824,Victor Kristiansen,h,11367,OpenPlay,2022,LeftFoot,18427,Leicester,Tottenham,4,1,2023-02-11 15:00:00,,BlockedPass
508515,48,MissedShots,0.8830000305175781,0.42400001525878905,0.0905648022890091,Tetê,h,10536,OpenPlay,2022,LeftFoot,18427,Leicester,Tottenham,4,1,2023-02-11 15:00:00,,Rebound
508516,49,MissedShots,0.9230000305175782,0.5629999923706055,0.06456580013036728,Harvey Barnes,h,6681,OpenPlay,2022,Head,18427,Leicester,Tottenham,4,1,2023-02-11 15:00:00,Victor Kristiansen,Chipped
508518,57,SavedShot,0.905,0.6840000152587891,0.09174829721450806,Harvey Barnes,h,6681,OpenPlay,2022,RightFoot,18427,Leicester,Tottenham,4,1,2023-02-11 15:00:00,Victor Kristiansen,Pass
508519,68,MissedShots,0.925,0.5670000076293945,0.23416699469089508,Kelechi Iheanacho,h,620,OpenPlay,2022,Head,18427,Leicester,Tottenham,4,1,2023-02-11 15:00:00,Harvey Barnes,Cross
508521,80,Goal,0.8169999694824219,0.5270000076293946,0.08393990248441696,Harvey Barnes,h,6681,OpenPlay,2022,RightFoot,18427,Leicester,Tottenham,4,1,2023-02-11 15:00:00,James Maddison,Pass
508522,82,MissedShots,0.875999984741211,0.685,0.06641270220279694,James Maddison,h,6818,OpenPlay,2022,RightFoot,18427,Leicester,Tottenham,4,1,2023-02-11 15:00:00,Kiernan Dewsbury-Hall,Pass
508499,1,MissedShots,0.8530000305175781,0.6079999923706054,0.0677763968706131,Rodrigo Bentancur,a,6108,OpenPlay,2022,RightFoot,18427,Leicester,Tottenham,4,1,2023-02-11 15:00:00,Ivan Perisic,Pass
508502,10,MissedShots,0.8590000152587891,0.7169999694824218,0.031408701092004776,Ivan Perisic,a,448,OpenPlay,2022,LeftFoot,18427,Leicester,Tottenham,4,1,2023-02-11 15:00:00,Harry Kane,Pass
508503,12,SavedShot,0.7609999847412109,0.28899999618530275,0.045715801417827606,Ivan Perisic,a,448,DirectFreekick,2022,LeftFoot,18427,Leicester,Tottenham,4,1,2023-02-11 15:00:00,,Standard
508504,13,MissedShots,0.9459999847412109,0.45099998474121095,0.06678249686956406,Ben Davies,a,660,FromCorner,2022,OtherBodyPart,18427,Leicester,Tottenham,4,1,2023-02-11 15:00:00,Ivan Perisic,Aerial
508505,13,Goal,0.9740000152587891,0.4620000076293945,0.7343930006027222,Rodrigo Bentancur,a,6108,FromCorner,2022,RightFoot,18427,Leicester,Tottenham,4,1,2023-02-11 15:00:00,,Rebound
508511,32,MissedShots,0.8980000305175782,0.365,0.02633490040898323,Dejan Kulusevski,a,6691,FromCorner,2022,LeftFoot,18427,Leicester,Tottenham,4,1,2023-02-11 15:00:00,,Aerial
508512,33,MissedShots,0.9469999694824218,0.6840000152587891,0.05733479931950569,Ivan Perisic,a,448,OpenPlay,2022,LeftFoot,18427,Leicester,Tottenham,4,1,2023-02-11 15:00:00,Harry Kane,Pass
508517,51,SavedShot,0.72,0.3609999847412109,0.010810500010848045,Rodrigo Bentancur,a,6108,OpenPlay,2022,RightFoot,18427,Leicester,Tottenham,4,1,2023-02-11 15:00:00,,BallRecovery
508520,75,BlockedShot,0.7580000305175781,0.7069999694824218,0.045234501361846924,Eric Dier,a,643,DirectFreekick,2022,RightFoot,18427,Leicester,Tottenham,4,1,2023-02-11 15:00:00,,Standard
508523,88,MissedShots,0.919000015258789,0.3160000038146973,0.027465900406241417,Son Heung-Min,a,453,OpenPlay,2022,RightFoot,18427,Leicester,Tottenham,4,1,2023-02-11 15:00:00,Arnaut Danjuma Groeneveld,Cross
508524,89,SavedShot,0.85,0.43599998474121093,0.05287560075521469,Harry Kane,a,647,OpenPlay,2022,RightFoot,18427,Leicester,Tottenham,4,1,2023-02-11 15:00:00,,None
510354,10,BlockedShot,0.825,0.49900001525878906,0.0575885996222496,Oliver Skipp,h,7198,OpenPlay,2022,RightFoot,18440,Tottenham,West Ham,2,0,2023-02-19 16:30:00,,None
510355,17,BlockedShot,0.7180000305175781,0.41200000762939454,0.013153700157999992,Harry Kane,h,647,OpenPlay,2022,RightFoot,18440,Tottenham,West Ham,2,0,2023-02-19 16:30:00,Dejan Kulusevski,Pass
510356,26,BlockedShot,0.7630000305175781,0.4570000076293945,0.02240999974310398,Emerson,h,7430,OpenPlay,2022,RightFoot,18440,Tottenham,West Ham,2,0,2023-02-19 16:30:00,Richarlison,Pass
510357,35,SavedShot,0.745,0.38,0.017160700634121895,Pierre-Emile Højbjerg,h,343,OpenPlay,2022,RightFoot,18440,Tottenham,West Ham,2,0,2023-02-19 16:30:00,Emerson,Pass
510359,45,SavedShot,0.96,0.6969999694824218,0.04828609898686409,Richarlison,h,6026,OpenPlay,2022,LeftFoot,18440,Tottenham,West Ham,2,0,2023-02-19 16:30:00,Harry Kane,Chipped
510360,46,MissedShots,0.8809999847412109,0.529000015258789,0.03178219869732857,Cristian Romero,h,7218,FromCorner,2022,Head,18440,Tottenham,West Ham,2,0,2023-02-19 16:30:00,Dejan Kulusevski,Cross
510361,47,MissedShots,0.7440000152587891,0.624000015258789,0.034091200679540634,Harry Kane,h,647,OpenPlay,2022,RightFoot,18440,Tottenham,West Ham,2,0,2023-02-19 16:30:00,,TakeOn
510362,47,SavedShot,0.8380000305175781,0.47,0.07625079900026321,Richarlison,h,6026,OpenPlay,2022,RightFoot,18440,Tottenham,West Ham,2,0,2023-02-19 16:30:00,Dejan Kulusevski,Pass
510363,48,MissedShots,0.91,0.32599998474121095,0.31053200364112854,Harry Kane,h,647,OpenPlay,2022,RightFoot,18440,Tottenham,West Ham,2,0,2023-02-19 16:30:00,,None
510364,55,Goal,0.8530000305175781,0.4620000076293945,0.31515398621559143,Emerson,h,7430,OpenPlay,2022,RightFoot,18440,Tottenham,West Ham,2,0,2023-02-19 16:30:00,Ben Davies,Pass
510366,58,SavedShot,0.795,0.28299999237060547,0.02772429957985878,Dejan Kulusevski,h,6691,OpenPlay,2022,LeftFoot,18440,Tottenham,West Ham,2,0,2023-02-19 16:30:00,Emerson,Pass
510367,69,BlockedShot,0.71,0.639000015258789,0.015292099677026272,Clement Lenglet,h,5050,OpenPlay,2022,LeftFoot,18440,Tottenham,West Ham,2,0,2023-02-19 16:30:00,Son Heung-Min,Pass
510368,70,BlockedShot,0.865999984741211,0.31799999237060544,0.06647010147571564,Dejan Kulusevski,h,6691,OpenPlay,2022,LeftFoot,18440,Tottenham,West Ham,2,0,2023-02-19 16:30:00,Son Heung-Min,Pass
510369,70,BlockedShot,0.750999984741211,0.53,0.022241899743676186,Pierre-Emile Højbjerg,h,343,OpenPlay,2022,RightFoot,18440,Tottenham,West Ham,2,0,2023-02-19 16:30:00,,Rebound
510370,71,Goal,0.8590000152587891,0.5709999847412109,0.33729299902915955,Son Heung-Min,h,453,OpenPlay,2022,RightFoot,18440,Tottenham,West Ham,2,0,2023-02-19 16:30:00,Harry Kane,Pass
510372,76,MissedShots,0.9640000152587891,0.765,0.0364718995988369,Ben Davies,h,660,OpenPlay,2022,LeftFoot,18440,Tottenham,West Ham,2,0,2023-02-19 16:30:00,Oliver Skipp,None
510353,0,MissedShots,0.8019999694824219,0.5120000076293946,0.04605010151863098,Jarrod Bowen,a,1776,OpenPlay,2022,LeftFoot,18440,Tottenham,West Ham,2,0,2023-02-19 16:30:00,Tomas Soucek,Pass
510358,42,MissedShots,0.9030000305175782,0.5109999847412109,0.046490199863910675,Tomas Soucek,a,8288,SetPiece,2022,Head,18440,Tottenham,West Ham,2,0,2023-02-19 16:30:00,Jarrod Bowen,Aerial
510365,57,SavedShot,0.8730000305175781,0.5940000152587891,0.06344129890203476,Jarrod Bowen,a,1776,OpenPlay,2022,LeftFoot,18440,Tottenham,West Ham,2,0,2023-02-19 16:30:00,Michail Antonio,BallTouch
510371,74,MissedShots,0.79,0.3529999923706055,0.07743889838457108,Said Benrahma,a,3585,DirectFreekick,2022,RightFoot,18440,Tottenham,West Ham,2,0,2023-02-19 16:30:00,,Standard
510373,78,MissedShots,0.9069999694824219,0.3659999847412109,0.08363489806652069,Said Benrahma,a,3585,OpenPlay,2022,RightFoot,18440,Tottenham,West Ham,2,0,2023-02-19 16:30:00,Jarrod Bowen,Pass
510374,86,BlockedShot,0.87,0.63,0.048117898404598236,Danny Ings,a,986,OpenPlay,2022,RightFoot,18440,Tottenham,West Ham,2,0,2023-02-19 16:30:00,,None
511218,19,MissedShots,0.7869999694824219,0.629000015258789,0.02397329919040203,Harry Kane,h,647,OpenPlay,2022,LeftFoot,18450,Tottenham,Chelsea,2,0,2023-02-26 13:30:00,Ben Davies,HeadPass
511220,26,BlockedShot,0.8130000305175781,0.48700000762939455,0.06470280140638351,Pierre-Emile Højbjerg,h,343,OpenPlay,2022,RightFoot,18450,Tottenham,Chelsea,2,0,2023-02-26 13:30:00,Richarlison,Pass
511221,40,MissedShots,0.8969999694824219,0.7190000152587891,0.046657100319862366,Richarlison,h,6026,OpenPlay,2022,RightFoot,18450,Tottenham,Chelsea,2,0,2023-02-26 13:30:00,,BallRecovery
511222,45,SavedShot,0.9119999694824219,0.355,0.09693209826946259,Emerson,h,7430,OpenPlay,2022,RightFoot,18450,Tottenham,Chelsea,2,0,2023-02-26 13:30:00,Dejan Kulusevski,Pass
511223,45,Goal,0.774000015258789,0.35400001525878905,0.022744599729776382,Oliver Skipp,h,7198,OpenPlay,2022,RightFoot,18450,Tottenham,Chelsea,2,0,2023-02-26 13:30:00,,BallRecovery
511227,74,MissedShots,0.789000015258789,0.325,0.030670300126075745,Richarlison,h,6026,OpenPlay,2022,RightFoot,18450,Tottenham,Chelsea,2,0,2023-02-26 13:30:00,Emerson,Pass
511229,81,MissedShots,0.93,0.4570000076293945,0.10633700340986252,Eric Dier,h,643,FromCorner,2022,Head,18450,Tottenham,Chelsea,2,0,2023-02-26 13:30:00,Son Heung-Min,Cross
511230,81,Goal,0.9669999694824218,0.5529999923706055,0.5978720188140869,Harry Kane,h,647,FromCorner,2022,RightFoot,18450,Tottenham,Chelsea,2,0,2023-02-26 13:30:00,Eric Dier,Rebound
511215,1,MissedShots,0.759000015258789,0.639000015258789,0.019673600792884827,João Félix,a,7892,OpenPlay,2022,RightFoot,18450,Tottenham,Chelsea,2,0,2023-02-26 13:30:00,,BallRecovery
511216,11,BlockedShot,0.8180000305175781,0.23899999618530274,0.01571819931268692,Hakim Ziyech,a,8992,OpenPlay,2022,LeftFoot,18450,Tottenham,Chelsea,2,0,2023-02-26 13:30:00,Kai Havertz,Pass
511217,17,SavedShot,0.7930000305175782,0.47900001525878905,0.04438529908657074,João Félix,a,7892,OpenPlay,2022,LeftFoot,18450,Tottenham,Chelsea,2,0,2023-02-26 13:30:00,Kai Havertz,Pass
511219,24,BlockedShot,0.81,0.47,0.055946800857782364,Enzo Fernández,a,11356,OpenPlay,2022,RightFoot,18450,Tottenham,Chelsea,2,0,2023-02-26 13:30:00,Ruben Loftus-Cheek,Pass
511224,51,MissedShots,0.799000015258789,0.24799999237060547,0.009823529981076717,Hakim Ziyech,a,8992,OpenPlay,2022,LeftFoot,18450,Tottenham,Chelsea,2,0,2023-02-26 13:30:00,Ben Chilwell,Chipped
511225,59,BlockedShot,0.755,0.38,0.023752599954605103,João Félix,a,7892,OpenPlay,2022,RightFoot,18450,Tottenham,Chelsea,2,0,2023-02-26 13:30:00,Kai Havertz,LayOff
511226,69,SavedShot,0.9159999847412109,0.3940000152587891,0.037963200360536575,Raheem Sterling,a,618,OpenPlay,2022,Head,18450,Tottenham,Chelsea,2,0,2023-02-26 13:30:00,Enzo Fernández,Chipped
511228,77,MissedShots,0.7230000305175781,0.41900001525878905,0.013928200118243694,Reece James,a,8067,FromCorner,2022,RightFoot,18450,Tottenham,Chelsea,2,0,2023-02-26 13:30:00,,None
511231,85,MissedShots,0.755,0.535,0.02119790017604828,Mykhailo Mudryk,a,11305,OpenPlay,2022,RightFoot,18450,Tottenham,Chelsea,2,0,2023-02-26 13:30:00,Denis Zakaria,BallRecovery
511232,91,MissedShots,0.8180000305175781,0.4570000076293945,0.01989150047302246,Ben Chilwell,a,782,OpenPlay,2022,RightFoot,18450,Tottenham,Chelsea,2,0,2023-02-26 13:30:00,,Aerial
512137,54,SavedShot,0.919000015258789,0.485,0.12441399693489075,Raúl Jiménez,h,4105,OpenPlay,2022,Head,18461,Wolverhampton Wanderers,Tottenham,1,0,2023-03-04 15:00:00,Adama Traoré,Cross
512141,68,SavedShot,0.68,0.28899999618530275,0.01007699966430664,Rúben Neves,h,6853,OpenPlay,2022,RightFoot,18461,Wolverhampton Wanderers,Tottenham,1,0,2023-03-04 15:00:00,,BallRecovery
512142,68,SavedShot,0.7130000305175781,0.47299999237060547,0.01460960041731596,Rúben Neves,h,6853,OpenPlay,2022,RightFoot,18461,Wolverhampton Wanderers,Tottenham,1,0,2023-03-04 15:00:00,João Moutinho,Pass
512143,69,MissedShots,0.7780000305175782,0.6029999923706054,0.014870500192046165,Rúben Neves,h,6853,FromCorner,2022,RightFoot,18461,Wolverhampton Wanderers,Tottenham,1,0,2023-03-04 15:00:00,,Aerial
512144,72,MissedShots,0.925,0.3390000152587891,0.2293429970741272,Matheus Cunha,h,7080,OpenPlay,2022,RightFoot,18461,Wolverhampton Wanderers,Tottenham,1,0,2023-03-04 15:00:00,Raúl Jiménez,Pass
512148,81,SavedShot,0.805,0.35400001525878905,0.029713500291109085,Raúl Jiménez,h,4105,OpenPlay,2022,RightFoot,18461,Wolverhampton Wanderers,Tottenham,1,0,2023-03-04 15:00:00,João Moutinho,TakeOn
512149,81,Goal,0.855,0.4779999923706055,0.07160189747810364,Adama Traoré,h,900,OpenPlay,2022,RightFoot,18461,Wolverhampton Wanderers,Tottenham,1,0,2023-03-04 15:00:00,,Rebound
512152,88,MissedShots,0.8619999694824219,0.35,0.06997519731521606,Nélson Semedo,h,6163,OpenPlay,2022,RightFoot,18461,Wolverhampton Wanderers,Tottenham,1,0,2023-03-04 15:00:00,,None
512123,1,MissedShots,0.7930000305175782,0.4209999847412109,0.025942999869585037,Dejan Kulusevski,a,6691,OpenPlay,2022,LeftFoot,18461,Wolverhampton Wanderers,Tottenham,1,0,2023-03-04 15:00:00,Ivan Perisic,Cross
512124,1,MissedShots,0.875,0.3509999847412109,0.050501499325037,Pedro Porro,a,6912,OpenPlay,2022,RightFoot,18461,Wolverhampton Wanderers,Tottenham,1,0,2023-03-04 15:00:00,,Rebound
512125,4,SavedShot,0.8059999847412109,0.3220000076293945,0.023315899074077606,Son Heung-Min,a,453,OpenPlay,2022,LeftFoot,18461,Wolverhampton Wanderers,Tottenham,1,0,2023-03-04 15:00:00,Dejan Kulusevski,Pass
512126,16,BlockedShot,0.8090000152587891,0.4929999923706055,0.04288319870829582,Dejan Kulusevski,a,6691,OpenPlay,2022,LeftFoot,18461,Wolverhampton Wanderers,Tottenham,1,0,2023-03-04 15:00:00,Harry Kane,Pass
512127,16,BlockedShot,0.7869999694824219,0.35900001525878905,0.021874500438570976,Oliver Skipp,a,7198,OpenPlay,2022,RightFoot,18461,Wolverhampton Wanderers,Tottenham,1,0,2023-03-04 15:00:00,,Rebound
512128,18,SavedShot,0.889000015258789,0.29399999618530276,0.05077949911355972,Dejan Kulusevski,a,6691,OpenPlay,2022,LeftFoot,18461,Wolverhampton Wanderers,Tottenham,1,0,2023-03-04 15:00:00,Son Heung-Min,Pass
512129,19,MissedShots,0.755,0.3370000076293945,0.014812299981713295,Oliver Skipp,a,7198,FromCorner,2022,RightFoot,18461,Wolverhampton Wanderers,Tottenham,1,0,2023-03-04 15:00:00,,None
512130,19,BlockedShot,0.720999984741211,0.529000015258789,0.014113100245594978,Ben Davies,a,660,OpenPlay,2022,LeftFoot,18461,Wolverhampton Wanderers,Tottenham,1,0,2023-03-04 15:00:00,,None
512131,40,SavedShot,0.9590000152587891,0.6179999923706054,0.19732700288295746,Ivan Perisic,a,448,SetPiece,2022,Head,18461,Wolverhampton Wanderers,Tottenham,1,0,2023-03-04 15:00:00,Son Heung-Min,Chipped
512132,50,ShotOnPost,0.7880000305175782,0.6179999923706054,0.08475639671087265,Pedro Porro,a,6912,DirectFreekick,2022,RightFoot,18461,Wolverhampton Wanderers,Tottenham,1,0,2023-03-04 15:00:00,,Standard
512133,50,BlockedShot,0.8919999694824219,0.34599998474121096,0.053683798760175705,Dejan Kulusevski,a,6691,SetPiece,2022,LeftFoot,18461,Wolverhampton Wanderers,Tottenham,1,0,2023-03-04 15:00:00,,Rebound
512134,46,BlockedShot,0.92,0.6609999847412109,0.0835753008723259,Son Heung-Min,a,453,OpenPlay,2022,LeftFoot,18461,Wolverhampton Wanderers,Tottenham,1,0,2023-03-04 15:00:00,Harry Kane,Pass
512135,52,BlockedShot,0.78,0.5329999923706055,0.09420890361070633,Harry Kane,a,647,DirectFreekick,2022,RightFoot,18461,Wolverhampton Wanderers,Tottenham,1,0,2023-03-04 15:00:00,,Standard
512136,52,BlockedShot,0.7680000305175781,0.43099998474121093,0.017507700249552727,Pedro Porro,a,6912,SetPiece,2022,RightFoot,18461,Wolverhampton Wanderers,Tottenham,1,0,2023-03-04 15:00:00,,Rebound
512138,58,SavedShot,0.899000015258789,0.5270000076293946,0.21825100481510162,Clement Lenglet,a,5050,FromCorner,2022,Head,18461,Wolverhampton Wanderers,Tottenham,1,0,2023-03-04 15:00:00,Dejan Kulusevski,Cross
512139,59,SavedShot,0.7390000152587891,0.3160000038146973,0.014317699708044529,Son Heung-Min,a,453,OpenPlay,2022,LeftFoot,18461,Wolverhampton Wanderers,Tottenham,1,0,2023-03-04 15:00:00,Pedro Porro,Pass
512140,63,SavedShot,0.749000015258789,0.3110000038146973,0.01623460091650486,Pedro Porro,a,6912,OpenPlay,2022,RightFoot,18461,Wolverhampton Wanderers,Tottenham,1,0,2023-03-04 15:00:00,Dejan Kulusevski,Pass
512145,75,MissedShots,0.8209999847412109,0.38299999237060545,0.050071798264980316,Harry Kane,a,647,OpenPlay,2022,RightFoot,18461,Wolverhampton Wanderers,Tottenham,1,0,2023-03-04 15:00:00,Pedro Porro,Pass
512146,79,BlockedShot,0.9640000152587891,0.41,0.10525800287723541,Harry Kane,a,647,OpenPlay,2022,RightFoot,18461,Wolverhampton Wanderers,Tottenham,1,0,2023-03-04 15:00:00,Lucas Moura,Chipped
512147,79,MissedShots,0.8019999694824219,0.6179999923706054,0.017868399620056152,Ivan Perisic,a,448,FromCorner,2022,RightFoot,18461,Wolverhampton Wanderers,Tottenham,1,0,2023-03-04 15:00:00,Oliver Skipp,HeadPass
512150,87,BlockedShot,0.7809999847412109,0.38,0.03081969916820526,Son Heung-Min,a,453,FromCorner,2022,LeftFoot,18461,Wolverhampton Wanderers,Tottenham,1,0,2023-03-04 15:00:00,Lucas Moura,Pass
512151,87,MissedShots,0.9390000152587891,0.38599998474121094,0.03622699901461601,Harry Kane,a,647,FromCorner,2022,Head,18461,Wolverhampton Wanderers,Tottenham,1,0,2023-03-04 15:00:00,,None
513491,12,MissedShots,0.915,0.425,0.08510100096464157,Cristian Romero,h,7218,SetPiece,2022,Head,18470,Tottenham,Nottingham Forest,3,1,2023-03-11 15:00:00,Son Heung-Min,Cross
513492,18,Goal,0.905,0.5520000076293945,0.04760200157761574,Harry Kane,h,647,OpenPlay,2022,Head,18470,Tottenham,Nottingham Forest,3,1,2023-03-11 15:00:00,Pedro Porro,Aerial
513493,23,BlockedShot,0.740999984741211,0.65,0.013311999849975109,Oliver Skipp,h,7198,OpenPlay,2022,LeftFoot,18470,Tottenham,Nottingham Forest,3,1,2023-03-11 15:00:00,,Aerial
513494,28,SavedShot,0.8880000305175781,0.41900001525878905,0.07920689880847931,Harry Kane,h,647,SetPiece,2022,RightFoot,18470,Tottenham,Nottingham Forest,3,1,2023-03-11 15:00:00,Son Heung-Min,Chipped
513495,29,BlockedShot,0.7290000152587891,0.5720000076293945,0.02098589949309826,Son Heung-Min,h,453,OpenPlay,2022,RightFoot,18470,Tottenham,Nottingham Forest,3,1,2023-03-11 15:00:00,Ben Davies,Pass
513496,29,MissedShots,0.905,0.5729999923706055,0.04037249833345413,Ben Davies,h,660,OpenPlay,2022,Head,18470,Tottenham,Nottingham Forest,3,1,2023-03-11 15:00:00,Pierre-Emile Højbjerg,Aerial
513497,34,Goal,0.885,0.5,0.7611690163612366,Harry Kane,h,647,Penalty,2022,RightFoot,18470,Tottenham,Nottingham Forest,3,1,2023-03-11 15:00:00,,Standard
513498,43,MissedShots,0.96,0.42200000762939455,0.059513699263334274,Harry Kane,h,647,OpenPlay,2022,Head,18470,Tottenham,Nottingham Forest,3,1,2023-03-11 15:00:00,Pedro Porro,Aerial
513500,45,BlockedShot,0.9119999694824219,0.615,0.13882699608802795,Richarlison,h,6026,OpenPlay,2022,LeftFoot,18470,Tottenham,Nottingham Forest,3,1,2023-03-11 15:00:00,Son Heung-Min,Throughball
513502,56,BlockedShot,0.8590000152587891,0.4520000076293945,0.11854399740695953,Son Heung-Min,h,453,OpenPlay,2022,RightFoot,18470,Tottenham,Nottingham Forest,3,1,2023-03-11 15:00:00,Richarlison,Pass
513505,61,Goal,0.9130000305175782,0.5590000152587891,0.13387200236320496,Son Heung-Min,h,453,OpenPlay,2022,LeftFoot,18470,Tottenham,Nottingham Forest,3,1,2023-03-11 15:00:00,Richarlison,Chipped
513506,74,SavedShot,0.914000015258789,0.395,0.014178100042045116,Clement Lenglet,h,5050,FromCorner,2022,Head,18470,Tottenham,Nottingham Forest,3,1,2023-03-11 15:00:00,Son Heung-Min,Aerial
513509,78,SavedShot,0.8719999694824219,0.545,0.036447200924158096,Ben Davies,h,660,OpenPlay,2022,Head,18470,Tottenham,Nottingham Forest,3,1,2023-03-11 15:00:00,Son Heung-Min,Cross
513510,79,SavedShot,0.8680000305175781,0.44299999237060544,0.09533700346946716,Son Heung-Min,h,453,OpenPlay,2022,LeftFoot,18470,Tottenham,Nottingham Forest,3,1,2023-03-11 15:00:00,,None
513512,90,BlockedShot,0.92,0.37099998474121093,0.09035369753837585,Dejan Kulusevski,h,6691,OpenPlay,2022,LeftFoot,18470,Tottenham,Nottingham Forest,3,1,2023-03-11 15:00:00,Pedro Porro,TakeOn
513499,46,BlockedShot,0.78,0.37,0.026707900688052177,Jonjo Shelvey,a,769,OpenPlay,2022,LeftFoot,18470,Tottenham,Nottingham Forest,3,1,2023-03-11 15:00:00,Brennan Johnson,Pass
513501,55,MissedShots,0.7609999847412109,0.5029999923706054,0.018879100680351257,Jonjo Shelvey,a,769,FromCorner,2022,LeftFoot,18470,Tottenham,Nottingham Forest,3,1,2023-03-11 15:00:00,,None
513503,58,MissedShots,0.9130000305175782,0.3940000152587891,0.08288080245256424,Felipe,a,7921,SetPiece,2022,RightFoot,18470,Tottenham,Nottingham Forest,3,1,2023-03-11 15:00:00,Joe Worrall,BallTouch
513504,60,SavedShot,0.86,0.3320000076293945,0.054831501096487045,Brennan Johnson,a,10760,OpenPlay,2022,RightFoot,18470,Tottenham,Nottingham Forest,3,1,2023-03-11 15:00:00,Morgan Gibbs-White,Pass
513507,75,SavedShot,0.9390000152587891,0.5690000152587891,0.09363839775323868,Serge Aurier,a,3600,FromCorner,2022,Head,18470,Tottenham,Nottingham Forest,3,1,2023-03-11 15:00:00,Morgan Gibbs-White,Cross
513508,76,SavedShot,0.9740000152587891,0.625,0.04801839962601662,Emmanuel Dennis,a,9301,FromCorner,2022,RightFoot,18470,Tottenham,Nottingham Forest,3,1,2023-03-11 15:00:00,Serge Aurier,Chipped
513511,80,Goal,0.9730000305175781,0.4520000076293945,0.5187739729881287,Joe Worrall,a,10756,FromCorner,2022,Head,18470,Tottenham,Nottingham Forest,3,1,2023-03-11 15:00:00,Felipe,Pass
513513,91,BlockedShot,0.895,0.6559999847412109,0.023154299706220627,Felipe,a,7921,SetPiece,2022,Head,18470,Tottenham,Nottingham Forest,3,1,2023-03-11 15:00:00,Jonjo Shelvey,Chipped
513514,95,SavedShot,0.885,0.5,0.7611690163612366,André Ayew,a,713,Penalty,2022,RightFoot,18470,Tottenham,Nottingham Forest,3,1,2023-03-11 15:00:00,,Standard
514994,2,BlockedShot,0.885,0.40200000762939453,0.10296999663114548,Stuart Armstrong,h,6893,OpenPlay,2022,RightFoot,18480,Southampton,Tottenham,3,3,2023-03-18 15:00:00,Romain Perraud,Pass
514995,2,MissedShots,0.8130000305175781,0.455,0.039395399391651154,James Ward-Prowse,h,843,OpenPlay,2022,RightFoot,18480,Southampton,Tottenham,3,3,2023-03-18 15:00:00,,Rebound
514996,2,MissedShots,0.9459999847412109,0.5670000076293945,0.1479160040616989,Che Adams,h,7700,OpenPlay,2022,LeftFoot,18480,Southampton,Tottenham,3,3,2023-03-18 15:00:00,James Ward-Prowse,Rebound
514997,9,MissedShots,0.8040000152587891,0.365,0.031143000349402428,James Ward-Prowse,h,843,OpenPlay,2022,LeftFoot,18480,Southampton,Tottenham,3,3,2023-03-18 15:00:00,Che Adams,Pass
515004,39,MissedShots,0.8580000305175781,0.56,0.017935700714588165,Mohammed Salisu,h,6923,FromCorner,2022,Head,18480,Southampton,Tottenham,3,3,2023-03-18 15:00:00,James Ward-Prowse,Cross
515005,40,MissedShots,0.9009999847412109,0.5879999923706055,0.030912399291992188,Mohammed Salisu,h,6923,FromCorner,2022,Head,18480,Southampton,Tottenham,3,3,2023-03-18 15:00:00,James Ward-Prowse,Cross
515008,48,MissedShots,0.7880000305175782,0.7169999694824218,0.01901780068874359,Kyle Walker-Peters,h,885,FromCorner,2022,RightFoot,18480,Southampton,Tottenham,3,3,2023-03-18 15:00:00,Stuart Armstrong,Pass
515009,49,BlockedShot,0.779000015258789,0.6359999847412109,0.026759399101138115,Mohamed Elyounoussi,h,6894,OpenPlay,2022,RightFoot,18480,Southampton,Tottenham,3,3,2023-03-18 15:00:00,Romeo Lavia,Pass
515010,45,Goal,0.9540000152587891,0.48400001525878905,0.619858980178833,Che Adams,h,7700,OpenPlay,2022,RightFoot,18480,Southampton,Tottenham,3,3,2023-03-18 15:00:00,Theo Walcott,Pass
515011,50,MissedShots,0.710999984741211,0.5570000076293945,0.04117700085043907,James Ward-Prowse,h,843,DirectFreekick,2022,RightFoot,18480,Southampton,Tottenham,3,3,2023-03-18 15:00:00,,Standard
515016,62,BlockedShot,0.8569999694824219,0.5870000076293945,0.08840540051460266,Che Adams,h,7700,OpenPlay,2022,RightFoot,18480,Southampton,Tottenham,3,3,2023-03-18 15:00:00,Mohamed Elyounoussi,Pass
515018,68,SavedShot,0.6980000305175781,0.6619999694824219,0.012768000364303589,James Ward-Prowse,h,843,OpenPlay,2022,RightFoot,18480,Southampton,Tottenham,3,3,2023-03-18 15:00:00,Romeo Lavia,Pass
515019,71,SavedShot,0.7680000305175781,0.7380000305175781,0.015012499876320362,Romain Perraud,h,6500,OpenPlay,2022,LeftFoot,18480,Southampton,Tottenham,3,3,2023-03-18 15:00:00,Kamaldeen Sulemana,Pass
515021,76,SavedShot,0.7280000305175781,0.47,0.013740300200879574,Ainsley Maitland-Niles,h,1750,OpenPlay,2022,RightFoot,18480,Southampton,Tottenham,3,3,2023-03-18 15:00:00,James Ward-Prowse,Pass
515022,76,Goal,0.9230000305175782,0.4879999923706055,0.4590030014514923,Theo Walcott,h,503,FromCorner,2022,LeftFoot,18480,Southampton,Tottenham,3,3,2023-03-18 15:00:00,Sékou Mara,HeadPass
515023,78,SavedShot,0.8680000305175781,0.5979999923706054,0.07725659757852554,Sékou Mara,h,8970,OpenPlay,2022,LeftFoot,18480,Southampton,Tottenham,3,3,2023-03-18 15:00:00,Kamaldeen Sulemana,Pass
515024,89,BlockedShot,0.845,0.42200000762939455,0.021550200879573822,Carlos Alcaraz,h,11297,OpenPlay,2022,RightFoot,18480,Southampton,Tottenham,3,3,2023-03-18 15:00:00,,Aerial
515025,89,BlockedShot,0.9059999847412109,0.615999984741211,0.01929529942572117,Mohammed Salisu,h,6923,FromCorner,2022,Head,18480,Southampton,Tottenham,3,3,2023-03-18 15:00:00,James Ward-Prowse,Cross
515026,92,Goal,0.885,0.5,0.7611690163612366,James Ward-Prowse,h,843,Penalty,2022,RightFoot,18480,Southampton,Tottenham,3,3,2023-03-18 15:00:00,,Standard
514993,1,MissedShots,0.925,0.5729999923706055,0.10881000012159348,Son Heung-Min,a,453,OpenPlay,2022,LeftFoot,18480,Southampton,Tottenham,3,3,2023-03-18 15:00:00,Pedro Porro,Chipped
514998,16,MissedShots,0.8580000305175781,0.39299999237060546,0.0801554024219513,Pedro Porro,a,6912,OpenPlay,2022,LeftFoot,18480,Southampton,Tottenham,3,3,2023-03-18 15:00:00,Dejan Kulusevski,Pass
514999,18,MissedShots,0.925,0.49599998474121093,0.10902400314807892,Eric Dier,a,643,FromCorner,2022,Head,18480,Southampton,Tottenham,3,3,2023-03-18 15:00:00,Dejan Kulusevski,Cross
515000,23,BlockedShot,0.9169999694824219,0.3579999923706055,0.11251699924468994,Harry Kane,a,647,OpenPlay,2022,LeftFoot,18480,Southampton,Tottenham,3,3,2023-03-18 15:00:00,Dejan Kulusevski,Pass
515001,24,MissedShots,0.8830000305175781,0.38799999237060545,0.09262330085039139,Pedro Porro,a,6912,OpenPlay,2022,LeftFoot,18480,Southampton,Tottenham,3,3,2023-03-18 15:00:00,Son Heung-Min,Pass
515002,31,BlockedShot,0.875,0.45599998474121095,0.0812373012304306,Harry Kane,a,647,OpenPlay,2022,RightFoot,18480,Southampton,Tottenham,3,3,2023-03-18 15:00:00,Ben Davies,Cross
515003,36,MissedShots,0.774000015258789,0.700999984741211,0.019920699298381805,Son Heung-Min,a,453,OpenPlay,2022,LeftFoot,18480,Southampton,Tottenham,3,3,2023-03-18 15:00:00,Oliver Skipp,Pass
515006,42,BlockedShot,0.7959999847412109,0.27700000762939453,0.02153870090842247,Dejan Kulusevski,a,6691,OpenPlay,2022,LeftFoot,18480,Southampton,Tottenham,3,3,2023-03-18 15:00:00,Pedro Porro,Pass
515007,45,Goal,0.9269999694824219,0.3559999847412109,0.31550800800323486,Pedro Porro,a,6912,OpenPlay,2022,RightFoot,18480,Southampton,Tottenham,3,3,2023-03-18 15:00:00,Son Heung-Min,Throughball
515012,53,BlockedShot,0.8240000152587891,0.5690000152587891,0.06692340224981308,Ivan Perisic,a,448,OpenPlay,2022,RightFoot,18480,Southampton,Tottenham,3,3,2023-03-18 15:00:00,Son Heung-Min,Pass
515013,53,MissedShots,0.9130000305175782,0.575999984741211,0.0937798023223877,Ivan Perisic,a,448,OpenPlay,2022,RightFoot,18480,Southampton,Tottenham,3,3,2023-03-18 15:00:00,Pedro Porro,Cross
515014,59,MissedShots,0.7930000305175782,0.3990000152587891,0.05986339971423149,Harry Kane,a,647,OpenPlay,2022,RightFoot,18480,Southampton,Tottenham,3,3,2023-03-18 15:00:00,Pierre-Emile Højbjerg,Pass
515015,61,BlockedShot,0.8140000152587891,0.26299999237060545,0.0240727998316288,Dejan Kulusevski,a,6691,OpenPlay,2022,LeftFoot,18480,Southampton,Tottenham,3,3,2023-03-18 15:00:00,Oliver Skipp,Pass
515017,64,Goal,0.9569999694824218,0.534000015258789,0.5301960110664368,Harry Kane,a,647,OpenPlay,2022,Head,18480,Southampton,Tottenham,3,3,2023-03-18 15:00:00,Dejan Kulusevski,Aerial
515020,73,Goal,0.84,0.5420000076293945,0.0239058006554842,Ivan Perisic,a,448,FromCorner,2022,LeftFoot,18480,Southampton,Tottenham,3,3,2023-03-18 15:00:00,,Aerial
515027,96,MissedShots,0.769000015258789,0.5359999847412109,0.027085399255156517,Pape Sarr,a,9021,OpenPlay,2022,RightFoot,18480,Southampton,Tottenham,3,3,2023-03-18 15:00:00,,None
515028,98,MissedShots,0.92,0.55,0.11756400018930435,Clement Lenglet,a,5050,SetPiece,2022,Head,18480,Southampton,Tottenham,3,3,2023-03-18 15:00:00,Ivan Perisic,Cross
517361,1,MissedShots,0.8519999694824218,0.6759999847412109,0.04645029827952385,Demarai Gray,h,762,OpenPlay,2022,RightFoot,18487,Everton,Tottenham,1,1,2023-04-03 19:00:00,Alex Iwobi,Pass
517364,9,MissedShots,0.8530000305175781,0.555,0.06768610328435898,Michael Keane,h,1653,SetPiece,2022,RightFoot,18487,Everton,Tottenham,1,1,2023-04-03 19:00:00,Abdoulaye Doucouré,Pass
517366,16,BlockedShot,0.754000015258789,0.4759999847412109,0.021172400563955307,Amadou Onana,h,9667,OpenPlay,2022,RightFoot,18487,Everton,Tottenham,1,1,2023-04-03 19:00:00,,None
517367,23,BlockedShot,0.8580000305175781,0.62,0.06268519908189774,Ben Godfrey,h,7689,OpenPlay,2022,RightFoot,18487,Everton,Tottenham,1,1,2023-04-03 19:00:00,Amadou Onana,Pass
517368,30,MissedShots,0.9069999694824219,0.5379999923706055,0.23025700449943542,Abdoulaye Doucouré,h,1726,SetPiece,2022,Head,18487,Everton,Tottenham,1,1,2023-04-03 19:00:00,Alex Iwobi,Cross
517369,37,SavedShot,0.7119999694824218,0.4329999923706055,0.014630899764597416,Amadou Onana,h,9667,OpenPlay,2022,LeftFoot,18487,Everton,Tottenham,1,1,2023-04-03 19:00:00,Idrissa Gueye,Pass
517370,46,MissedShots,0.835999984741211,0.42900001525878906,0.06442809849977493,Idrissa Gueye,h,668,OpenPlay,2022,RightFoot,18487,Everton,Tottenham,1,1,2023-04-03 19:00:00,Amadou Onana,BallRecovery
517372,51,SavedShot,0.774000015258789,0.345,0.0175378005951643,Amadou Onana,h,9667,OpenPlay,2022,RightFoot,18487,Everton,Tottenham,1,1,2023-04-03 19:00:00,Demarai Gray,Pass
517373,63,MissedShots,0.8769999694824219,0.29200000762939454,0.040366899222135544,Alex Iwobi,h,500,OpenPlay,2022,RightFoot,18487,Everton,Tottenham,1,1,2023-04-03 19:00:00,,TakeOn
517375,72,SavedShot,0.8590000152587891,0.6880000305175781,0.04205109924077988,Demarai Gray,h,762,OpenPlay,2022,LeftFoot,18487,Everton,Tottenham,1,1,2023-04-03 19:00:00,James Tarkowski,Pass
517377,74,SavedShot,0.8090000152587891,0.47299999237060547,0.048120900988578796,Idrissa Gueye,h,668,OpenPlay,2022,RightFoot,18487,Everton,Tottenham,1,1,2023-04-03 19:00:00,Demarai Gray,Pass
517378,75,SavedShot,0.9219999694824219,0.5640000152587891,0.02680090069770813,Michael Keane,h,1653,FromCorner,2022,Head,18487,Everton,Tottenham,1,1,2023-04-03 19:00:00,Dwight McNeil,Aerial
517379,79,BlockedShot,0.865999984741211,0.675,0.051030199974775314,Vitalii Mykolenko,h,10291,OpenPlay,2022,LeftFoot,18487,Everton,Tottenham,1,1,2023-04-03 19:00:00,Dwight McNeil,Pass
517380,89,Goal,0.7219999694824218,0.4779999923706055,0.01713469997048378,Michael Keane,h,1653,OpenPlay,2022,RightFoot,18487,Everton,Tottenham,1,1,2023-04-03 19:00:00,Ben Godfrey,Pass
517382,93,BlockedShot,0.9130000305175782,0.3629999923706055,0.07301229983568192,James Tarkowski,h,1665,SetPiece,2022,LeftFoot,18487,Everton,Tottenham,1,1,2023-04-03 19:00:00,,BallTouch
517362,6,MissedShots,0.73,0.774000015258789,0.009084179997444153,Ivan Perisic,a,448,OpenPlay,2022,RightFoot,18487,Everton,Tottenham,1,1,2023-04-03 19:00:00,Clement Lenglet,Chipped
517363,8,BlockedShot,0.8859999847412109,0.46799999237060547,0.1394129991531372,Harry Kane,a,647,OpenPlay,2022,RightFoot,18487,Everton,Tottenham,1,1,2023-04-03 19:00:00,,BlockedPass
517365,15,MissedShots,0.9080000305175782,0.48400001525878905,0.2949239909648895,Harry Kane,a,647,OpenPlay,2022,Head,18487,Everton,Tottenham,1,1,2023-04-03 19:00:00,Ivan Perisic,Cross
517371,49,MissedShots,0.78,0.3129999923706055,0.015693599358201027,Pedro Porro,a,6912,FromCorner,2022,RightFoot,18487,Everton,Tottenham,1,1,2023-04-03 19:00:00,Dejan Kulusevski,TakeOn
517374,67,Goal,0.885,0.5,0.7611690163612366,Harry Kane,a,647,Penalty,2022,RightFoot,18487,Everton,Tottenham,1,1,2023-04-03 19:00:00,,Standard
517376,73,MissedShots,0.965,0.23899999618530274,0.04046750068664551,Pedro Porro,a,6912,OpenPlay,2022,RightFoot,18487,Everton,Tottenham,1,1,2023-04-03 19:00:00,Son Heung-Min,Chipped
517381,91,MissedShots,0.9119999694824219,0.68,0.05856560170650482,Ivan Perisic,a,448,OpenPlay,2022,RightFoot,18487,Everton,Tottenham,1,1,2023-04-03 19:00:00,Pierre-Emile Højbjerg,Chipped
517383,95,BlockedShot,0.884000015258789,0.335,0.0724513977766037,Dejan Kulusevski,a,6691,OpenPlay,2022,LeftFoot,18487,Everton,Tottenham,1,1,2023-04-03 19:00:00,Pedro Porro,Pass
518021,9,Goal,0.7930000305175782,0.69,0.020935000851750374,Son Heung-Min,h,453,OpenPlay,2022,RightFoot,18500,Tottenham,Brighton,2,1,2023-04-08 14:00:00,Ivan Perisic,Pass
518024,15,MissedShots,0.9369999694824219,0.3609999847412109,0.09177599847316742,Harry Kane,h,647,OpenPlay,2022,RightFoot,18500,Tottenham,Brighton,2,1,2023-04-08 14:00:00,,None
518029,28,BlockedShot,0.9030000305175782,0.62,0.11502499878406525,Pierre-Emile Højbjerg,h,343,OpenPlay,2022,LeftFoot,18500,Tottenham,Brighton,2,1,2023-04-08 14:00:00,Son Heung-Min,Pass
518033,42,MissedShots,0.97,0.40599998474121096,0.0944615975022316,Pedro Porro,h,6912,OpenPlay,2022,Head,18500,Tottenham,Brighton,2,1,2023-04-08 14:00:00,Ivan Perisic,Cross
518034,51,SavedShot,0.8730000305175781,0.6170000076293946,0.0647616982460022,Ivan Perisic,h,448,OpenPlay,2022,LeftFoot,18500,Tottenham,Brighton,2,1,2023-04-08 14:00:00,Harry Kane,Chipped
518036,63,MissedShots,0.8780000305175781,0.6580000305175782,0.06718769669532776,Harry Kane,h,647,OpenPlay,2022,RightFoot,18500,Tottenham,Brighton,2,1,2023-04-08 14:00:00,Ivan Perisic,Pass
518037,64,MissedShots,0.865,0.2989999961853027,0.03900609910488129,Dejan Kulusevski,h,6691,OpenPlay,2022,LeftFoot,18500,Tottenham,Brighton,2,1,2023-04-08 14:00:00,Harry Kane,Pass
518039,73,BlockedShot,0.8130000305175781,0.3110000038146973,0.022702399641275406,Pedro Porro,h,6912,SetPiece,2022,RightFoot,18500,Tottenham,Brighton,2,1,2023-04-08 14:00:00,Dejan Kulusevski,Pass
518040,78,Goal,0.8340000152587891,0.48200000762939454,0.07828450202941895,Harry Kane,h,647,OpenPlay,2022,RightFoot,18500,Tottenham,Brighton,2,1,2023-04-08 14:00:00,Pierre-Emile Højbjerg,Pass
518020,4,MissedShots,0.9740000152587891,0.5420000076293945,0.5323200225830078,Kaoru Mitoma,a,10806,FromCorner,2022,RightFoot,18500,Tottenham,Brighton,2,1,2023-04-08 14:00:00,Solly March,Cross
518022,14,BlockedShot,0.9159999847412109,0.4570000076293945,0.04319629818201065,Danny Welbeck,a,501,OpenPlay,2022,Head,18500,Tottenham,Brighton,2,1,2023-04-08 14:00:00,Estupiñán,Aerial
518023,15,BlockedShot,0.8019999694824219,0.2570000076293945,0.02139960043132305,Pascal Groß,a,239,OpenPlay,2022,RightFoot,18500,Tottenham,Brighton,2,1,2023-04-08 14:00:00,Moisés Caicedo,Pass
518025,22,SavedShot,0.740999984741211,0.41,0.019540300592780113,Alexis Mac Allister,a,8379,OpenPlay,2022,RightFoot,18500,Tottenham,Brighton,2,1,2023-04-08 14:00:00,Joël Veltman,Pass
518026,25,SavedShot,0.789000015258789,0.3609999847412109,0.04277820140123367,Alexis Mac Allister,a,8379,OpenPlay,2022,RightFoot,18500,Tottenham,Brighton,2,1,2023-04-08 14:00:00,Danny Welbeck,LayOff
518027,25,SavedShot,0.74,0.4859999847412109,0.017489999532699585,Moisés Caicedo,a,9453,OpenPlay,2022,RightFoot,18500,Tottenham,Brighton,2,1,2023-04-08 14:00:00,Alexis Mac Allister,BallRecovery
518028,25,BlockedShot,0.7280000305175781,0.4829999923706055,0.0193805992603302,Alexis Mac Allister,a,8379,OpenPlay,2022,RightFoot,18500,Tottenham,Brighton,2,1,2023-04-08 14:00:00,Moisés Caicedo,Pass
518030,33,Goal,0.9680000305175781,0.5770000076293945,0.28477799892425537,Lewis Dunk,a,6048,FromCorner,2022,Head,18500,Tottenham,Brighton,2,1,2023-04-08 14:00:00,Solly March,Cross
518031,35,BlockedShot,0.8919999694824219,0.40200000762939453,0.10740900039672852,Kaoru Mitoma,a,10806,OpenPlay,2022,RightFoot,18500,Tottenham,Brighton,2,1,2023-04-08 14:00:00,Alexis Mac Allister,Pass
518032,37,MissedShots,0.8440000152587891,0.35,0.05596910044550896,Solly March,a,6049,OpenPlay,2022,LeftFoot,18500,Tottenham,Brighton,2,1,2023-04-08 14:00:00,Pascal Groß,Pass
518035,54,BlockedShot,0.8440000152587891,0.45299999237060545,0.09162610024213791,Danny Welbeck,a,501,OpenPlay,2022,LeftFoot,18500,Tottenham,Brighton,2,1,2023-04-08 14:00:00,Solly March,Pass
518038,68,MissedShots,0.8669999694824219,0.5559999847412109,0.027244899421930313,Joël Veltman,a,8780,SetPiece,2022,Head,18500,Tottenham,Brighton,2,1,2023-04-08 14:00:00,Pascal Groß,Cross
518041,80,BlockedShot,0.860999984741211,0.6320000076293946,0.04739750176668167,Evan Ferguson,a,10177,OpenPlay,2022,LeftFoot,18500,Tottenham,Brighton,2,1,2023-04-08 14:00:00,Kaoru Mitoma,HeadPass
518042,81,MissedShots,0.9230000305175782,0.6129999923706054,0.028612500056624413,Lewis Dunk,a,6048,FromCorner,2022,Head,18500,Tottenham,Brighton,2,1,2023-04-08 14:00:00,Solly March,Cross
518043,90,BlockedShot,0.895,0.47900001525878905,0.0692925974726677,Julio Enciso,a,11058,OpenPlay,2022,Head,18500,Tottenham,Brighton,2,1,2023-04-08 14:00:00,Solly March,Cross
518044,95,BlockedShot,0.8590000152587891,0.4620000076293945,0.013903499580919743,Alexis Mac Allister,a,8379,OpenPlay,2022,Head,18500,Tottenham,Brighton,2,1,2023-04-08 14:00:00,Lewis Dunk,Aerial
518045,96,MissedShots,0.9330000305175781,0.5429999923706055,0.053148601204156876,Kaoru Mitoma,a,10806,OpenPlay,2022,Head,18500,Tottenham,Brighton,2,1,2023-04-08 14:00:00,Solly March,Aerial
519516,7,BlockedShot,0.8059999847412109,0.40200000762939453,0.04038950055837631,Dejan Kulusevski,h,6691,OpenPlay,2022,LeftFoot,18509,Tottenham,Bournemouth,2,3,2023-04-15 14:00:00,,None
519517,10,BlockedShot,0.82,0.445,0.06650049984455109,Dejan Kulusevski,h,6691,OpenPlay,2022,LeftFoot,18509,Tottenham,Bournemouth,2,3,2023-04-15 14:00:00,Ivan Perisic,Pass
519518,11,BlockedShot,0.8669999694824219,0.37200000762939456,0.04951959848403931,Dejan Kulusevski,h,6691,FromCorner,2022,LeftFoot,18509,Tottenham,Bournemouth,2,3,2023-04-15 14:00:00,,None
519519,13,Goal,0.92,0.5629999923706055,0.46347200870513916,Son Heung-Min,h,453,OpenPlay,2022,LeftFoot,18509,Tottenham,Bournemouth,2,3,2023-04-15 14:00:00,Ivan Perisic,Pass
519520,15,MissedShots,0.7319999694824219,0.37599998474121094,0.02402539923787117,Harry Kane,h,647,OpenPlay,2022,RightFoot,18509,Tottenham,Bournemouth,2,3,2023-04-15 14:00:00,Cristian Romero,Pass
519522,20,SavedShot,0.9380000305175781,0.6680000305175782,0.19991399347782135,Son Heung-Min,h,453,OpenPlay,2022,LeftFoot,18509,Tottenham,Bournemouth,2,3,2023-04-15 14:00:00,Oliver Skipp,TakeOn
519523,22,SavedShot,0.889000015258789,0.425,0.14060699939727783,Harry Kane,h,647,OpenPlay,2022,RightFoot,18509,Tottenham,Bournemouth,2,3,2023-04-15 14:00:00,Son Heung-Min,Throughball
519526,36,MissedShots,0.7769999694824219,0.5670000076293945,0.0316913016140461,Harry Kane,h,647,OpenPlay,2022,RightFoot,18509,Tottenham,Bournemouth,2,3,2023-04-15 14:00:00,Son Heung-Min,Pass
519528,47,BlockedShot,0.8330000305175781,0.655,0.033757198601961136,Dejan Kulusevski,h,6691,SetPiece,2022,LeftFoot,18509,Tottenham,Bournemouth,2,3,2023-04-15 14:00:00,,None
519529,47,SavedShot,0.8809999847412109,0.61,0.07071390002965927,Son Heung-Min,h,453,SetPiece,2022,RightFoot,18509,Tottenham,Bournemouth,2,3,2023-04-15 14:00:00,,Rebound
519531,60,MissedShots,0.89,0.5520000076293945,0.08209770172834396,Ivan Perisic,h,448,FromCorner,2022,RightFoot,18509,Tottenham,Bournemouth,2,3,2023-04-15 14:00:00,Pierre-Emile Højbjerg,HeadPass
519532,62,BlockedShot,0.865999984741211,0.5520000076293945,0.026811499148607254,Ivan Perisic,h,448,OpenPlay,2022,Head,18509,Tottenham,Bournemouth,2,3,2023-04-15 14:00:00,Pedro Porro,Cross
519533,62,SavedShot,0.9230000305175782,0.3609999847412109,0.07125210016965866,Arnaut Danjuma Groeneveld,h,8066,OpenPlay,2022,RightFoot,18509,Tottenham,Bournemouth,2,3,2023-04-15 14:00:00,Harry Kane,Pass
519534,63,BlockedShot,0.8080000305175781,0.48700000762939455,0.055247899144887924,Son Heung-Min,h,453,OpenPlay,2022,RightFoot,18509,Tottenham,Bournemouth,2,3,2023-04-15 14:00:00,Harry Kane,Pass
519535,63,SavedShot,0.7709999847412109,0.6730000305175782,0.021498799324035645,Oliver Skipp,h,7198,OpenPlay,2022,RightFoot,18509,Tottenham,Bournemouth,2,3,2023-04-15 14:00:00,,Rebound
519536,69,MissedShots,0.924000015258789,0.49200000762939455,0.33647701144218445,Harry Kane,h,647,OpenPlay,2022,Head,18509,Tottenham,Bournemouth,2,3,2023-04-15 14:00:00,Pedro Porro,Cross
519537,71,MissedShots,0.8769999694824219,0.40400001525878904,0.015389700420200825,Pierre-Emile Højbjerg,h,343,FromCorner,2022,Head,18509,Tottenham,Bournemouth,2,3,2023-04-15 14:00:00,Pedro Porro,Cross
519539,75,BlockedShot,0.9159999847412109,0.55,0.039710499346256256,Harry Kane,h,647,OpenPlay,2022,Head,18509,Tottenham,Bournemouth,2,3,2023-04-15 14:00:00,Dejan Kulusevski,Aerial
519540,75,BlockedShot,0.87,0.555,0.06719779968261719,Arnaut Danjuma Groeneveld,h,8066,OpenPlay,2022,RightFoot,18509,Tottenham,Bournemouth,2,3,2023-04-15 14:00:00,,None
519541,75,SavedShot,0.7180000305175781,0.5159999847412109,0.0176084004342556,Harry Kane,h,647,OpenPlay,2022,RightFoot,18509,Tottenham,Bournemouth,2,3,2023-04-15 14:00:00,Pierre-Emile Højbjerg,Pass
519542,80,MissedShots,0.7319999694824219,0.3659999847412109,0.044537998735904694,Ivan Perisic,h,448,DirectFreekick,2022,LeftFoot,18509,Tottenham,Bournemouth,2,3,2023-04-15 14:00:00,,Standard
519543,84,MissedShots,0.7440000152587891,0.3079999923706055,0.015898900106549263,Pedro Porro,h,6912,OpenPlay,2022,RightFoot,18509,Tottenham,Bournemouth,2,3,2023-04-15 14:00:00,Pierre-Emile Højbjerg,Pass
519545,87,Goal,0.8490000152587891,0.5259999847412109,0.027862299233675003,Arnaut Danjuma Groeneveld,h,8066,OpenPlay,2022,LeftFoot,18509,Tottenham,Bournemouth,2,3,2023-04-15 14:00:00,,Aerial
519546,93,MissedShots,0.9309999847412109,0.4829999923706055,0.3674370050430298,Richarlison,h,6026,FromCorner,2022,Head,18509,Tottenham,Bournemouth,2,3,2023-04-15 14:00:00,Ivan Perisic,Cross
519515,1,BlockedShot,0.845999984741211,0.3290000152587891,0.07677090167999268,Marcus Tavernier,a,10741,OpenPlay,2022,LeftFoot,18509,Tottenham,Bournemouth,2,3,2023-04-15 14:00:00,Ryan Christie,Pass
519521,15,MissedShots,0.8430000305175781,0.5370000076293945,0.06838960200548172,Ryan Christie,a,10744,OpenPlay,2022,LeftFoot,18509,Tottenham,Bournemouth,2,3,2023-04-15 14:00:00,Matias Viña,Pass
519524,25,MissedShots,0.6519999694824219,0.5259999847412109,0.010928199626505375,Jefferson Lerma,a,2182,OpenPlay,2022,RightFoot,18509,Tottenham,Bournemouth,2,3,2023-04-15 14:00:00,Lloyd Kelly,Pass
519525,28,SavedShot,0.8,0.35200000762939454,0.03051609918475151,Marcus Tavernier,a,10741,OpenPlay,2022,LeftFoot,18509,Tottenham,Bournemouth,2,3,2023-04-15 14:00:00,Ryan Christie,Pass
519527,37,Goal,0.8919999694824219,0.61,0.35486799478530884,Matias Viña,a,9892,OpenPlay,2022,LeftFoot,18509,Tottenham,Bournemouth,2,3,2023-04-15 14:00:00,Dominic Solanke,Throughball
519530,50,Goal,0.9119999694824219,0.5770000076293945,0.3787600100040436,Dominic Solanke,a,1679,OpenPlay,2022,LeftFoot,18509,Tottenham,Bournemouth,2,3,2023-04-15 14:00:00,,TakeOn
519538,73,SavedShot,0.9330000305175781,0.7069999694824218,0.06777430325746536,Jaidon Anthony,a,10746,OpenPlay,2022,RightFoot,18509,Tottenham,Bournemouth,2,3,2023-04-15 14:00:00,,TakeOn
519544,86,SavedShot,0.7959999847412109,0.3659999847412109,0.0336868017911911,Jefferson Lerma,a,2182,OpenPlay,2022,RightFoot,18509,Tottenham,Bournemouth,2,3,2023-04-15 14:00:00,Dango Ouattara,Pass
519547,94,Goal,0.8880000305175781,0.6079999923706054,0.18428200483322144,Dango Ouattara,a,9662,OpenPlay,2022,RightFoot,18509,Tottenham,Bournemouth,2,3,2023-04-15 14:00:00,Dominic Solanke,TakeOn
521477,1,SavedShot,0.8580000305175781,0.54,0.1701515167951584,Joelinton,h,87,OpenPlay,2022,RightFoot,18521,Newcastle United,Tottenham,6,1,2023-04-23 13:00:00,Bruno Guimarães,TakeOn
521478,1,Goal,0.9880000305175781,0.4209999847412109,0.3728915750980377,Jacob Murphy,h,6063,OpenPlay,2022,RightFoot,18521,Newcastle United,Tottenham,6,1,2023-04-23 13:00:00,,Rebound
521479,3,BlockedShot,0.9230000305175782,0.32599998474121095,0.09263338148593903,Alexander Isak,h,5232,OpenPlay,2022,RightFoot,18521,Newcastle United,Tottenham,6,1,2023-04-23 13:00:00,Jacob Murphy,TakeOn
521480,4,MissedShots,0.8969999694824219,0.4570000076293945,0.01751370169222355,Fabian Schär,h,76,FromCorner,2022,Head,18521,Newcastle United,Tottenham,6,1,2023-04-23 13:00:00,Kieran Trippier,Aerial
521481,5,Goal,0.93,0.40799999237060547,0.6054639220237732,Joelinton,h,87,OpenPlay,2022,RightFoot,18521,Newcastle United,Tottenham,6,1,2023-04-23 13:00:00,Fabian Schär,TakeOn
521482,8,Goal,0.73,0.3990000152587891,0.017096366733312607,Jacob Murphy,h,6063,OpenPlay,2022,RightFoot,18521,Newcastle United,Tottenham,6,1,2023-04-23 13:00:00,Fabian Schär,BallRecovery
521484,16,BlockedShot,0.9030000305175782,0.5840000152587891,0.014285560697317123,Sven Botman,h,8635,FromCorner,2022,Head,18521,Newcastle United,Tottenham,6,1,2023-04-23 13:00:00,Kieran Trippier,Aerial
521485,18,Goal,0.8680000305175781,0.41900001525878905,0.4505097568035126,Alexander Isak,h,5232,OpenPlay,2022,RightFoot,18521,Newcastle United,Tottenham,6,1,2023-04-23 13:00:00,Joe Willock,Chipped
521486,20,Goal,0.9330000305175781,0.3060000038146973,0.08057383447885513,Alexander Isak,h,5232,OpenPlay,2022,RightFoot,18521,Newcastle United,Tottenham,6,1,2023-04-23 13:00:00,Sean Longstaff,Pass
521490,38,MissedShots,0.855999984741211,0.46,0.40647298097610474,Joe Willock,h,6630,OpenPlay,2022,RightFoot,18521,Newcastle United,Tottenham,6,1,2023-04-23 13:00:00,Sean Longstaff,BallTouch
521491,40,BlockedShot,0.7669999694824219,0.629000015258789,0.033404700458049774,Joe Willock,h,6630,OpenPlay,2022,RightFoot,18521,Newcastle United,Tottenham,6,1,2023-04-23 13:00:00,Joelinton,TakeOn
521492,42,MissedShots,0.904000015258789,0.49,0.10587695240974426,Dan Burn,h,7382,OpenPlay,2022,Head,18521,Newcastle United,Tottenham,6,1,2023-04-23 13:00:00,Kieran Trippier,Cross
521493,42,BlockedShot,0.8159999847412109,0.51,0.07279805094003677,Sean Longstaff,h,7078,OpenPlay,2022,RightFoot,18521,Newcastle United,Tottenham,6,1,2023-04-23 13:00:00,Joe Willock,Pass
521494,46,MissedShots,0.7980000305175782,0.3920000076293945,0.051093678921461105,Jacob Murphy,h,6063,OpenPlay,2022,LeftFoot,18521,Newcastle United,Tottenham,6,1,2023-04-23 13:00:00,Bruno Guimarães,TakeOn
521495,46,BlockedShot,0.8919999694824219,0.455,0.08711646497249603,Sean Longstaff,h,7078,OpenPlay,2022,LeftFoot,18521,Newcastle United,Tottenham,6,1,2023-04-23 13:00:00,,Aerial
521496,46,MissedShots,0.955999984741211,0.5729999923706055,0.11557651311159134,Alexander Isak,h,5232,OpenPlay,2022,Head,18521,Newcastle United,Tottenham,6,1,2023-04-23 13:00:00,Bruno Guimarães,Cross
521499,51,BlockedShot,0.9159999847412109,0.3579999923706055,0.09901563823223114,Sean Longstaff,h,7078,OpenPlay,2022,RightFoot,18521,Newcastle United,Tottenham,6,1,2023-04-23 13:00:00,Bruno Guimarães,Pass
521500,52,BlockedShot,0.9169999694824219,0.4859999847412109,0.09458758682012558,Dan Burn,h,7382,FromCorner,2022,Head,18521,Newcastle United,Tottenham,6,1,2023-04-23 13:00:00,Kieran Trippier,Cross
521505,66,BlockedShot,0.8590000152587891,0.33599998474121096,0.07963881641626358,Miguel Almirón,h,7420,OpenPlay,2022,LeftFoot,18521,Newcastle United,Tottenham,6,1,2023-04-23 13:00:00,Kieran Trippier,Pass
521506,66,Goal,0.9169999694824219,0.5379999923706055,0.5383685231208801,Callum Wilson,h,468,OpenPlay,2022,RightFoot,18521,Newcastle United,Tottenham,6,1,2023-04-23 13:00:00,,Rebound
521507,69,BlockedShot,0.8240000152587891,0.5790000152587891,0.07562457025051117,Joelinton,h,87,OpenPlay,2022,LeftFoot,18521,Newcastle United,Tottenham,6,1,2023-04-23 13:00:00,Callum Wilson,Pass
521508,78,SavedShot,0.915,0.629000015258789,0.31798574328422546,Anthony Gordon,h,8150,OpenPlay,2022,RightFoot,18521,Newcastle United,Tottenham,6,1,2023-04-23 13:00:00,Joe Willock,Pass
521509,79,BlockedShot,0.905,0.44,0.05401209369301796,Jamaal Lascelles,h,766,FromCorner,2022,Head,18521,Newcastle United,Tottenham,6,1,2023-04-23 13:00:00,Anthony Gordon,Cross
521510,79,BlockedShot,0.865,0.48200000762939454,0.06041944399476051,Joelinton,h,87,FromCorner,2022,RightFoot,18521,Newcastle United,Tottenham,6,1,2023-04-23 13:00:00,,BallTouch
521512,90,BlockedShot,0.8130000305175781,0.5279999923706055,0.0785289853811264,Joe Willock,h,6630,OpenPlay,2022,RightFoot,18521,Newcastle United,Tottenham,6,1,2023-04-23 13:00:00,Miguel Almirón,Pass
521483,12,MissedShots,0.8630000305175781,0.41200000762939454,0.0846855416893959,Harry Kane,a,647,OpenPlay,2022,RightFoot,18521,Newcastle United,Tottenham,6,1,2023-04-23 13:00:00,Oliver Skipp,Pass
521487,25,MissedShots,0.899000015258789,0.3110000038146973,0.06154363974928856,Dejan Kulusevski,a,6691,FromCorner,2022,LeftFoot,18521,Newcastle United,Tottenham,6,1,2023-04-23 13:00:00,Pedro Porro,TakeOn
521488,29,MissedShots,0.7909999847412109,0.34599998474121096,0.0597093403339386,Son Heung-Min,a,453,OpenPlay,2022,RightFoot,18521,Newcastle United,Tottenham,6,1,2023-04-23 13:00:00,Pedro Porro,Pass
521489,29,SavedShot,0.8980000305175782,0.495,0.1604461818933487,Harry Kane,a,647,OpenPlay,2022,LeftFoot,18521,Newcastle United,Tottenham,6,1,2023-04-23 13:00:00,Son Heung-Min,Rebound
521497,48,Goal,0.9290000152587891,0.6840000152587891,0.267749547958374,Harry Kane,a,647,OpenPlay,2022,LeftFoot,18521,Newcastle United,Tottenham,6,1,2023-04-23 13:00:00,Pierre-Emile Højbjerg,TakeOn
521498,50,MissedShots,0.8119999694824219,0.725,0.02145128697156906,Ivan Perisic,a,448,OpenPlay,2022,RightFoot,18521,Newcastle United,Tottenham,6,1,2023-04-23 13:00:00,Son Heung-Min,Pass
521501,53,BlockedShot,0.860999984741211,0.265,0.030473681166768074,Pedro Porro,a,6912,OpenPlay,2022,RightFoot,18521,Newcastle United,Tottenham,6,1,2023-04-23 13:00:00,Dejan Kulusevski,Pass
521502,60,BlockedShot,0.7659999847412109,0.34200000762939453,0.020353125408291817,Son Heung-Min,a,453,OpenPlay,2022,LeftFoot,18521,Newcastle United,Tottenham,6,1,2023-04-23 13:00:00,Cristian Romero,Pass
521503,63,BlockedShot,0.855999984741211,0.56,0.08306466788053513,Son Heung-Min,a,453,OpenPlay,2022,RightFoot,18521,Newcastle United,Tottenham,6,1,2023-04-23 13:00:00,Ivan Perisic,Pass
521504,63,MissedShots,0.9059999847412109,0.31799999237060544,0.03290746361017227,Pedro Porro,a,6912,OpenPlay,2022,RightFoot,18521,Newcastle United,Tottenham,6,1,2023-04-23 13:00:00,,Rebound
521511,87,SavedShot,0.895,0.46099998474121096,0.07292979210615158,Arnaut Danjuma Groeneveld,a,8066,OpenPlay,2022,RightFoot,18521,Newcastle United,Tottenham,6,1,2023-04-23 13:00:00,Richarlison,Cross
522363,12,SavedShot,0.879000015258789,0.629000015258789,0.10819130390882492,Richarlison,h,6026,OpenPlay,2022,RightFoot,18525,Tottenham,Manchester United,2,2,2023-04-27 19:15:00,Son Heung-Min,Throughball
522366,20,MissedShots,0.7169999694824218,0.3189999961853027,0.014067668467760086,Pedro Porro,h,6912,OpenPlay,2022,RightFoot,18525,Tottenham,Manchester United,2,2,2023-04-27 19:15:00,Harry Kane,Pass
522369,27,SavedShot,0.9590000152587891,0.6409999847412109,0.014362333342432976,Ivan Perisic,h,448,FromCorner,2022,Head,18525,Tottenham,Manchester United,2,2,2023-04-27 19:15:00,Pedro Porro,Cross
522370,28,BlockedShot,0.8719999694824219,0.32099998474121094,0.0462053082883358,Son Heung-Min,h,453,FromCorner,2022,RightFoot,18525,Tottenham,Manchester United,2,2,2023-04-27 19:15:00,,Rebound
522373,39,MissedShots,0.9730000305175781,0.664000015258789,0.06256172806024551,Harry Kane,h,647,OpenPlay,2022,LeftFoot,18525,Tottenham,Manchester United,2,2,2023-04-27 19:15:00,Pierre-Emile Højbjerg,Pass
522376,42,SavedShot,0.8859999847412109,0.66,0.2593722641468048,Ivan Perisic,h,448,OpenPlay,2022,LeftFoot,18525,Tottenham,Manchester United,2,2,2023-04-27 19:15:00,Harry Kane,Chipped
522378,47,BlockedShot,0.895,0.34200000762939453,0.0491289459168911,Pedro Porro,h,6912,OpenPlay,2022,RightFoot,18525,Tottenham,Manchester United,2,2,2023-04-27 19:15:00,,None
522379,49,MissedShots,0.6830000305175781,0.4640000152587891,0.010762826539576054,Pierre-Emile Højbjerg,h,343,OpenPlay,2022,RightFoot,18525,Tottenham,Manchester United,2,2,2023-04-27 19:15:00,Ivan Perisic,Pass
522380,55,BlockedShot,0.9369999694824219,0.42400001525878905,0.08331173658370972,Harry Kane,h,647,OpenPlay,2022,LeftFoot,18525,Tottenham,Manchester United,2,2,2023-04-27 19:15:00,,None
522381,55,Goal,0.8640000152587891,0.4209999847412109,0.05501961335539818,Pedro Porro,h,6912,OpenPlay,2022,RightFoot,18525,Tottenham,Manchester United,2,2,2023-04-27 19:15:00,,Rebound
522385,59,MissedShots,0.7780000305175782,0.5640000152587891,0.021406281739473343,Pierre-Emile Højbjerg,h,343,FromCorner,2022,RightFoot,18525,Tottenham,Manchester United,2,2,2023-04-27 19:15:00,,None
522386,61,BlockedShot,0.789000015258789,0.615,0.027267901226878166,Harry Kane,h,647,OpenPlay,2022,LeftFoot,18525,Tottenham,Manchester United,2,2,2023-04-27 19:15:00,Ivan Perisic,Pass
522387,62,SavedShot,0.7780000305175782,0.47,0.022379783913493156,Pierre-Emile Højbjerg,h,343,FromCorner,2022,RightFoot,18525,Tottenham,Manchester United,2,2,2023-04-27 19:15:00,,None
522388,65,MissedShots,0.9009999847412109,0.5820000076293945,0.43265074491500854,Son Heung-Min,h,453,OpenPlay,2022,RightFoot,18525,Tottenham,Manchester United,2,2,2023-04-27 19:15:00,Harry Kane,Cross
522389,66,MissedShots,0.899000015258789,0.28899999618530275,0.04466482251882553,Dejan Kulusevski,h,6691,OpenPlay,2022,RightFoot,18525,Tottenham,Manchester United,2,2,2023-04-27 19:15:00,Harry Kane,Pass
522390,68,MissedShots,0.9409999847412109,0.4929999923706055,0.4645386040210724,Eric Dier,h,643,OpenPlay,2022,Head,18525,Tottenham,Manchester United,2,2,2023-04-27 19:15:00,Ivan Perisic,Cross
522391,74,SavedShot,0.8059999847412109,0.34200000762939453,0.026250017806887627,Harry Kane,h,647,OpenPlay,2022,RightFoot,18525,Tottenham,Manchester United,2,2,2023-04-27 19:15:00,Cristian Romero,Pass
522392,78,Goal,0.965,0.54,0.6354934573173523,Son Heung-Min,h,453,OpenPlay,2022,RightFoot,18525,Tottenham,Manchester United,2,2,2023-04-27 19:15:00,Harry Kane,Pass
522361,6,Goal,0.8619999694824219,0.6659999847412109,0.05967937782406807,Jadon Sancho,a,6345,OpenPlay,2022,RightFoot,18525,Tottenham,Manchester United,2,2,2023-04-27 19:15:00,Marcus Rashford,Pass
522362,12,MissedShots,0.7040000152587891,0.44599998474121094,0.03861198574304581,Marcus Rashford,a,556,DirectFreekick,2022,RightFoot,18525,Tottenham,Manchester United,2,2,2023-04-27 19:15:00,,Standard
522364,18,BlockedShot,0.8969999694824219,0.6469999694824219,0.10051515698432922,Jadon Sancho,a,6345,OpenPlay,2022,RightFoot,18525,Tottenham,Manchester United,2,2,2023-04-27 19:15:00,Bruno Fernandes,Pass
522365,18,BlockedShot,0.8959999847412109,0.6170000076293946,0.09086915850639343,Jadon Sancho,a,6345,OpenPlay,2022,RightFoot,18525,Tottenham,Manchester United,2,2,2023-04-27 19:15:00,,Rebound
522367,23,BlockedShot,0.919000015258789,0.32799999237060545,0.09129045903682709,Bruno Fernandes,a,1228,OpenPlay,2022,RightFoot,18525,Tottenham,Manchester United,2,2,2023-04-27 19:15:00,Antony,Pass
522368,24,SavedShot,0.7130000305175781,0.6869999694824219,0.014636684209108353,Bruno Fernandes,a,1228,OpenPlay,2022,LeftFoot,18525,Tottenham,Manchester United,2,2,2023-04-27 19:15:00,Casemiro,TakeOn
522371,32,BlockedShot,0.8680000305175781,0.575,0.117135189473629,Bruno Fernandes,a,1228,OpenPlay,2022,RightFoot,18525,Tottenham,Manchester United,2,2,2023-04-27 19:15:00,Antony,Pass
522372,38,SavedShot,0.9569999694824218,0.4209999847412109,0.34616976976394653,Marcus Rashford,a,556,OpenPlay,2022,RightFoot,18525,Tottenham,Manchester United,2,2,2023-04-27 19:15:00,Bruno Fernandes,Chipped
522374,40,SavedShot,0.8490000152587891,0.705999984741211,0.04691410809755325,Marcus Rashford,a,556,OpenPlay,2022,LeftFoot,18525,Tottenham,Manchester United,2,2,2023-04-27 19:15:00,Christian Eriksen,Chipped
522375,41,MissedShots,0.710999984741211,0.500999984741211,0.04230822995305061,Christian Eriksen,a,646,DirectFreekick,2022,RightFoot,18525,Tottenham,Manchester United,2,2,2023-04-27 19:15:00,,Standard
522377,43,Goal,0.905,0.624000015258789,0.35125067830085754,Marcus Rashford,a,556,OpenPlay,2022,LeftFoot,18525,Tottenham,Manchester United,2,2,2023-04-27 19:15:00,Bruno Fernandes,Chipped
522382,56,ShotOnPost,0.9230000305175782,0.5070000076293946,0.5273982882499695,Bruno Fernandes,a,1228,OpenPlay,2022,RightFoot,18525,Tottenham,Manchester United,2,2,2023-04-27 19:15:00,Christian Eriksen,TakeOn
522383,56,SavedShot,0.9,0.5609999847412109,0.029400043189525604,Aaron Wan-Bissaka,a,5584,OpenPlay,2022,Head,18525,Tottenham,Manchester United,2,2,2023-04-27 19:15:00,,Rebound
522384,57,SavedShot,0.7619999694824219,0.40599998474121096,0.017504088580608368,Antony,a,11094,FromCorner,2022,LeftFoot,18525,Tottenham,Manchester United,2,2,2023-04-27 19:15:00,,None
522393,83,MissedShots,0.7480000305175781,0.6090000152587891,0.016246773302555084,Marcus Rashford,a,556,OpenPlay,2022,RightFoot,18525,Tottenham,Manchester United,2,2,2023-04-27 19:15:00,,None
522394,92,MissedShots,0.9259999847412109,0.44599998474121094,0.055167850106954575,Casemiro,a,2248,OpenPlay,2022,Head,18525,Tottenham,Manchester United,2,2,2023-04-27 19:15:00,Luke Shaw,Aerial
522395,93,BlockedShot,0.8109999847412109,0.495,0.04461640492081642,Fred,a,6817,OpenPlay,2022,RightFoot,18525,Tottenham,Manchester United,2,2,2023-04-27 19:15:00,Wout Weghorst,Pass
523432,2,Goal,0.95,0.5990000152587891,0.3017379641532898,Curtis Jones,h,6665,OpenPlay,2022,LeftFoot,18539,Liverpool,Tottenham,4,3,2023-04-30 15:30:00,Trent Alexander-Arnold,Cross
523433,4,Goal,0.9519999694824218,0.4570000076293945,0.621370255947113,Luis Díaz,h,10408,OpenPlay,2022,RightFoot,18539,Liverpool,Tottenham,4,3,2023-04-30 15:30:00,Cody Gakpo,Pass
523434,14,Goal,0.885,0.5,0.7611688375473022,Mohamed Salah,h,1250,Penalty,2022,LeftFoot,18539,Liverpool,Tottenham,4,3,2023-04-30 15:30:00,,Standard
523435,17,BlockedShot,0.835,0.595999984741211,0.08405257016420364,Cody Gakpo,h,11296,OpenPlay,2022,RightFoot,18539,Liverpool,Tottenham,4,3,2023-04-30 15:30:00,Trent Alexander-Arnold,Pass
523436,21,MissedShots,0.84,0.4640000152587891,0.09057609736919403,Mohamed Salah,h,1250,OpenPlay,2022,LeftFoot,18539,Liverpool,Tottenham,4,3,2023-04-30 15:30:00,Luis Díaz,Pass
523438,31,MissedShots,0.9219999694824219,0.47,0.05508621782064438,Harvey Elliott,h,7546,OpenPlay,2022,Head,18539,Liverpool,Tottenham,4,3,2023-04-30 15:30:00,Andrew Robertson,Aerial
523442,47,BlockedShot,0.955999984741211,0.5540000152587891,0.06796859949827194,Virgil van Dijk,h,833,FromCorner,2022,Head,18539,Liverpool,Tottenham,4,3,2023-04-30 15:30:00,Andrew Robertson,Aerial
523445,54,BlockedShot,0.8830000305175781,0.28,0.0645500123500824,Mohamed Salah,h,1250,OpenPlay,2022,LeftFoot,18539,Liverpool,Tottenham,4,3,2023-04-30 15:30:00,Harvey Elliott,Pass
523447,64,MissedShots,0.9540000152587891,0.6170000076293946,0.018506107851862907,Diogo Jota,h,6854,OpenPlay,2022,Head,18539,Liverpool,Tottenham,4,3,2023-04-30 15:30:00,Jordan Henderson,Aerial
523448,69,BlockedShot,0.740999984741211,0.519000015258789,0.021701630204916,Trent Alexander-Arnold,h,1791,OpenPlay,2022,RightFoot,18539,Liverpool,Tottenham,4,3,2023-04-30 15:30:00,Curtis Jones,Pass
523449,72,MissedShots,0.6890000152587891,0.6309999847412109,0.013736872933804989,Virgil van Dijk,h,833,OpenPlay,2022,RightFoot,18539,Liverpool,Tottenham,4,3,2023-04-30 15:30:00,Fabinho,Pass
523453,93,Goal,0.9030000305175782,0.65,0.3286519944667816,Diogo Jota,h,6854,OpenPlay,2022,LeftFoot,18539,Liverpool,Tottenham,4,3,2023-04-30 15:30:00,,None
523437,28,SavedShot,0.44599998474121094,0.09899999618530274,0.005215468816459179,Pedro Porro,a,6912,OpenPlay,2022,RightFoot,18539,Liverpool,Tottenham,4,3,2023-04-30 15:30:00,,BallRecovery
523439,38,BlockedShot,0.8730000305175781,0.565,0.27350449562072754,Son Heung-Min,a,453,OpenPlay,2022,RightFoot,18539,Liverpool,Tottenham,4,3,2023-04-30 15:30:00,Harry Kane,BallRecovery
523440,39,Goal,0.9230000305175782,0.45599998474121095,0.2949172258377075,Harry Kane,a,647,OpenPlay,2022,RightFoot,18539,Liverpool,Tottenham,4,3,2023-04-30 15:30:00,Ivan Perisic,Chipped
523441,40,SavedShot,0.8490000152587891,0.46599998474121096,0.06747036427259445,Dejan Kulusevski,a,6691,OpenPlay,2022,LeftFoot,18539,Liverpool,Tottenham,4,3,2023-04-30 15:30:00,,BallRecovery
523443,53,ShotOnPost,0.8040000152587891,0.465,0.057523272931575775,Son Heung-Min,a,453,OpenPlay,2022,RightFoot,18539,Liverpool,Tottenham,4,3,2023-04-30 15:30:00,Dejan Kulusevski,Pass
523444,53,ShotOnPost,0.919000015258789,0.46599998474121096,0.0903342068195343,Cristian Romero,a,7218,OpenPlay,2022,RightFoot,18539,Liverpool,Tottenham,4,3,2023-04-30 15:30:00,Harry Kane,Chipped
523446,56,SavedShot,0.7809999847412109,0.21700000762939453,0.008393342606723309,Pedro Porro,a,6912,OpenPlay,2022,RightFoot,18539,Liverpool,Tottenham,4,3,2023-04-30 15:30:00,Ivan Perisic,Chipped
523450,76,Goal,0.8440000152587891,0.5709999847412109,0.29098013043403625,Son Heung-Min,a,453,OpenPlay,2022,RightFoot,18539,Liverpool,Tottenham,4,3,2023-04-30 15:30:00,Cristian Romero,Throughball
523451,78,MissedShots,0.91,0.5179999923706055,0.08228716999292374,Pierre-Emile Højbjerg,a,343,OpenPlay,2022,Head,18539,Liverpool,Tottenham,4,3,2023-04-30 15:30:00,Pedro Porro,Cross
523452,92,Goal,0.915,0.48,0.27864351868629456,Richarlison,a,6026,SetPiece,2022,Head,18539,Liverpool,Tottenham,4,3,2023-04-30 15:30:00,Son Heung-Min,Cross
524665,16,ShotOnPost,0.9540000152587891,0.5609999847412109,0.24006803333759308,Cristian Romero,h,7218,FromCorner,2022,Head,18549,Tottenham,Crystal Palace,1,0,2023-05-06 14:00:00,Pedro Porro,Aerial
524666,22,MissedShots,0.870999984741211,0.36400001525878906,0.12081689387559891,Pierre-Emile Højbjerg,h,343,OpenPlay,2022,RightFoot,18549,Tottenham,Crystal Palace,1,0,2023-05-06 14:00:00,Harry Kane,Throughball
524669,31,BlockedShot,0.925,0.509000015258789,0.05347374081611633,Cristian Romero,h,7218,FromCorner,2022,Head,18549,Tottenham,Crystal Palace,1,0,2023-05-06 14:00:00,Pedro Porro,Aerial
524671,45,Goal,0.935,0.565,0.3393673300743103,Harry Kane,h,647,OpenPlay,2022,Head,18549,Tottenham,Crystal Palace,1,0,2023-05-06 14:00:00,Pedro Porro,Cross
524674,55,BlockedShot,0.8530000305175781,0.43599998474121093,0.020447872579097748,Clement Lenglet,h,5050,SetPiece,2022,Head,18549,Tottenham,Crystal Palace,1,0,2023-05-06 14:00:00,Pedro Porro,Cross
524675,56,MissedShots,0.8290000152587891,0.31,0.04310106858611107,Pedro Porro,h,6912,OpenPlay,2022,LeftFoot,18549,Tottenham,Crystal Palace,1,0,2023-05-06 14:00:00,Richarlison,Pass
524677,60,SavedShot,0.875999984741211,0.25799999237060545,0.03412604704499245,Pedro Porro,h,6912,OpenPlay,2022,RightFoot,18549,Tottenham,Crystal Palace,1,0,2023-05-06 14:00:00,Ben Davies,Chipped
524679,75,SavedShot,0.905,0.40200000762939453,0.305248886346817,Son Heung-Min,h,453,OpenPlay,2022,RightFoot,18549,Tottenham,Crystal Palace,1,0,2023-05-06 14:00:00,Cristian Romero,Chipped
524667,26,BlockedShot,0.7519999694824219,0.720999984741211,0.04095197841525078,Eberechi Eze,a,8706,DirectFreekick,2022,RightFoot,18549,Tottenham,Crystal Palace,1,0,2023-05-06 14:00:00,,Standard
524668,27,SavedShot,0.8630000305175781,0.28299999237060547,0.03914366662502289,Michael Olise,a,9948,OpenPlay,2022,LeftFoot,18549,Tottenham,Crystal Palace,1,0,2023-05-06 14:00:00,Jordan Ayew,Pass
524670,36,MissedShots,0.9630000305175781,0.40200000762939453,0.0656389519572258,Joachim Andersen,a,6314,OpenPlay,2022,RightFoot,18549,Tottenham,Crystal Palace,1,0,2023-05-06 14:00:00,Michael Olise,Aerial
524672,49,MissedShots,0.889000015258789,0.705,0.029129358008503914,Wilfried Zaha,a,522,OpenPlay,2022,RightFoot,18549,Tottenham,Crystal Palace,1,0,2023-05-06 14:00:00,Michael Olise,Chipped
524673,52,MissedShots,0.8590000152587891,0.3970000076293945,0.07462955266237259,Eberechi Eze,a,8706,OpenPlay,2022,RightFoot,18549,Tottenham,Crystal Palace,1,0,2023-05-06 14:00:00,Wilfried Zaha,Pass
524676,58,SavedShot,0.8730000305175781,0.25,0.020765047520399094,Cheick Oumar Doucoure,a,8666,FromCorner,2022,RightFoot,18549,Tottenham,Crystal Palace,1,0,2023-05-06 14:00:00,,None
524678,73,BlockedShot,0.8590000152587891,0.715,0.03641005977988243,Wilfried Zaha,a,522,OpenPlay,2022,RightFoot,18549,Tottenham,Crystal Palace,1,0,2023-05-06 14:00:00,Cheick Oumar Doucoure,Pass
525957,7,Goal,0.9169999694824219,0.45099998474121095,0.46387121081352234,Jacob Ramsey,h,8941,OpenPlay,2022,RightFoot,18553,Aston Villa,Tottenham,2,1,2023-05-13 14:00:00,Leon Bailey,Pass
525958,31,SavedShot,0.9059999847412109,0.525,0.48730847239494324,Leon Bailey,h,5221,OpenPlay,2022,LeftFoot,18553,Aston Villa,Tottenham,2,1,2023-05-13 14:00:00,Ollie Watkins,Pass
525959,40,MissedShots,0.9490000152587891,0.5320000076293945,0.5407993197441101,Ollie Watkins,h,8865,OpenPlay,2022,Head,18553,Aston Villa,Tottenham,2,1,2023-05-13 14:00:00,Álex Moreno,Cross
525960,42,ShotOnPost,0.8490000152587891,0.5920000076293945,0.09425333887338638,Emiliano Buendía,h,2203,OpenPlay,2022,LeftFoot,18553,Aston Villa,Tottenham,2,1,2023-05-13 14:00:00,Jacob Ramsey,Pass
525961,46,MissedShots,0.899000015258789,0.3840000152587891,0.04454781860113144,Ashley Young,h,631,FromCorner,2022,RightFoot,18553,Aston Villa,Tottenham,2,1,2023-05-13 14:00:00,Douglas Luiz,Cross
525962,48,MissedShots,0.7780000305175782,0.365,0.02736631967127323,John McGinn,h,7723,OpenPlay,2022,LeftFoot,18553,Aston Villa,Tottenham,2,1,2023-05-13 14:00:00,Leon Bailey,Pass
525963,50,SavedShot,0.8540000152587891,0.34900001525878904,0.0668274462223053,Emiliano Buendía,h,2203,OpenPlay,2022,LeftFoot,18553,Aston Villa,Tottenham,2,1,2023-05-13 14:00:00,Leon Bailey,Pass
525966,71,Goal,0.7619999694824219,0.4779999923706055,0.07489357143640518,Douglas Luiz,h,6122,DirectFreekick,2022,RightFoot,18553,Aston Villa,Tottenham,2,1,2023-05-13 14:00:00,,Standard
525964,51,SavedShot,0.8480000305175781,0.524000015258789,0.29170680046081543,Harry Kane,a,647,OpenPlay,2022,RightFoot,18553,Aston Villa,Tottenham,2,1,2023-05-13 14:00:00,Pierre-Emile Højbjerg,BallRecovery
525965,64,MissedShots,0.9469999694824218,0.33099998474121095,0.07223339378833771,Dejan Kulusevski,a,6691,OpenPlay,2022,LeftFoot,18553,Aston Villa,Tottenham,2,1,2023-05-13 14:00:00,Pedro Porro,TakeOn
525967,89,Goal,0.885,0.5,0.7611688375473022,Harry Kane,a,647,Penalty,2022,RightFoot,18553,Aston Villa,Tottenham,2,1,2023-05-13 14:00:00,,Standard
525968,92,BlockedShot,0.8369999694824218,0.67,0.03706097975373268,Arnaut Danjuma Groeneveld,a,8066,OpenPlay,2022,RightFoot,18553,Aston Villa,Tottenham,2,1,2023-05-13 14:00:00,,None
525969,93,MissedShots,0.8090000152587891,0.35900001525878905,0.02287699468433857,Dejan Kulusevski,a,6691,OpenPlay,2022,LeftFoot,18553,Aston Villa,Tottenham,2,1,2023-05-13 14:00:00,Ivan Perisic,Cross
527173,4,SavedShot,0.855999984741211,0.66,0.057910557836294174,Harry Kane,h,647,OpenPlay,2022,RightFoot,18569,Tottenham,Brentford,1,3,2023-05-20 11:30:00,Dejan Kulusevski,Pass
527174,7,Goal,0.759000015258789,0.5129999923706055,0.023318633437156677,Harry Kane,h,647,SetPiece,2022,RightFoot,18569,Tottenham,Brentford,1,3,2023-05-20 11:30:00,Dejan Kulusevski,Pass
527175,10,SavedShot,0.8580000305175781,0.625999984741211,0.3036142885684967,Son Heung-Min,h,453,OpenPlay,2022,LeftFoot,18569,Tottenham,Brentford,1,3,2023-05-20 11:30:00,Harry Kane,Pass
527176,23,BlockedShot,0.905,0.40400001525878904,0.048910003155469894,Emerson,h,7430,OpenPlay,2022,Head,18569,Tottenham,Brentford,1,3,2023-05-20 11:30:00,Son Heung-Min,Cross
527177,23,MissedShots,0.9309999847412109,0.5220000076293946,0.057943910360336304,Davinson Sánchez,h,6249,FromCorner,2022,Head,18569,Tottenham,Brentford,1,3,2023-05-20 11:30:00,Dejan Kulusevski,Aerial
527181,42,MissedShots,0.915,0.46599998474121096,0.34711191058158875,Arnaut Danjuma Groeneveld,h,8066,OpenPlay,2022,Head,18569,Tottenham,Brentford,1,3,2023-05-20 11:30:00,Son Heung-Min,Cross
527182,45,BlockedShot,0.9059999847412109,0.5579999923706055,0.1372877061367035,Son Heung-Min,h,453,OpenPlay,2022,RightFoot,18569,Tottenham,Brentford,1,3,2023-05-20 11:30:00,Dejan Kulusevski,Pass
527183,48,BlockedShot,0.765,0.6309999847412109,0.029527751728892326,Dejan Kulusevski,h,6691,OpenPlay,2022,RightFoot,18569,Tottenham,Brentford,1,3,2023-05-20 11:30:00,Son Heung-Min,Pass
527184,48,SavedShot,0.9130000305175782,0.700999984741211,0.06943370401859283,Dejan Kulusevski,h,6691,OpenPlay,2022,LeftFoot,18569,Tottenham,Brentford,1,3,2023-05-20 11:30:00,Ben Davies,Pass
527186,52,BlockedShot,0.745,0.34200000762939453,0.014217809773981571,Emerson,h,7430,FromCorner,2022,RightFoot,18569,Tottenham,Brentford,1,3,2023-05-20 11:30:00,,None
527188,56,MissedShots,0.8169999694824219,0.3629999923706055,0.040158580988645554,Harry Kane,h,647,OpenPlay,2022,RightFoot,18569,Tottenham,Brentford,1,3,2023-05-20 11:30:00,Dejan Kulusevski,Pass
527193,79,MissedShots,0.8030000305175782,0.34,0.023193582892417908,Harry Kane,h,647,OpenPlay,2022,LeftFoot,18569,Tottenham,Brentford,1,3,2023-05-20 11:30:00,Richarlison,Pass
527194,81,SavedShot,0.915,0.46700000762939453,0.04036474972963333,Richarlison,h,6026,OpenPlay,2022,Head,18569,Tottenham,Brentford,1,3,2023-05-20 11:30:00,Lucas Moura,Aerial
527195,84,BlockedShot,0.9330000305175781,0.44299999237060544,0.04420556500554085,Lucas Moura,h,3293,FromCorner,2022,Head,18569,Tottenham,Brentford,1,3,2023-05-20 11:30:00,Pedro Porro,Aerial
527197,90,SavedShot,0.9369999694824219,0.565,0.06657063215970993,Richarlison,h,6026,OpenPlay,2022,Head,18569,Tottenham,Brentford,1,3,2023-05-20 11:30:00,Son Heung-Min,Aerial
527198,91,SavedShot,0.9690000152587891,0.590999984741211,0.055394161492586136,Richarlison,h,6026,OpenPlay,2022,Head,18569,Tottenham,Brentford,1,3,2023-05-20 11:30:00,,Aerial
527199,91,BlockedShot,0.8340000152587891,0.495,0.0508897565305233,Son Heung-Min,h,453,FromCorner,2022,LeftFoot,18569,Tottenham,Brentford,1,3,2023-05-20 11:30:00,,None
527200,91,MissedShots,0.8819999694824219,0.44299999237060544,0.08615077286958694,Lucas Moura,h,3293,FromCorner,2022,RightFoot,18569,Tottenham,Brentford,1,3,2023-05-20 11:30:00,,Rebound
527201,94,BlockedShot,0.905,0.3990000152587891,0.0536218136548996,Pedro Porro,h,6912,OpenPlay,2022,RightFoot,18569,Tottenham,Brentford,1,3,2023-05-20 11:30:00,,Aerial
527202,94,BlockedShot,0.774000015258789,0.3679999923706055,0.017801951617002487,Pedro Porro,h,6912,FromCorner,2022,LeftFoot,18569,Tottenham,Brentford,1,3,2023-05-20 11:30:00,,None
527203,95,BlockedShot,0.9209999847412109,0.5,0.053425129503011703,Clement Lenglet,h,5050,FromCorner,2022,Head,18569,Tottenham,Brentford,1,3,2023-05-20 11:30:00,Pedro Porro,Aerial
527172,3,MissedShots,0.8530000305175781,0.36700000762939455,0.05437915772199631,Bryan Mbeumo,a,6552,OpenPlay,2022,LeftFoot,18569,Tottenham,Brentford,1,3,2023-05-20 11:30:00,Yoane Wissa,None
527178,28,MissedShots,0.8880000305175781,0.4620000076293945,0.03636685013771057,Bryan Mbeumo,a,6552,OpenPlay,2022,Head,18569,Tottenham,Brentford,1,3,2023-05-20 11:30:00,,None
527179,31,BlockedShot,0.855,0.515,0.062114182859659195,Yoane Wissa,a,5786,OpenPlay,2022,RightFoot,18569,Tottenham,Brentford,1,3,2023-05-20 11:30:00,Rico Henry,Cross
527180,34,MissedShots,0.784000015258789,0.62,0.023194488137960434,Mathias Jensen,a,7166,OpenPlay,2022,RightFoot,18569,Tottenham,Brentford,1,3,2023-05-20 11:30:00,Frank Onyeka,Pass
527185,49,Goal,0.8530000305175781,0.3659999847412109,0.05989361181855202,Bryan Mbeumo,a,6552,OpenPlay,2022,LeftFoot,18569,Tottenham,Brentford,1,3,2023-05-20 11:30:00,Yoane Wissa,Pass
527187,55,SavedShot,0.835,0.3509999847412109,0.017256086692214012,Bryan Mbeumo,a,6552,OpenPlay,2022,LeftFoot,18569,Tottenham,Brentford,1,3,2023-05-20 11:30:00,,Aerial
527189,58,MissedShots,0.9319999694824219,0.455,0.0707317516207695,Bryan Mbeumo,a,6552,OpenPlay,2022,Head,18569,Tottenham,Brentford,1,3,2023-05-20 11:30:00,,None
527190,60,MissedShots,0.715,0.5129999923706055,0.01249968446791172,Mathias Jensen,a,7166,OpenPlay,2022,RightFoot,18569,Tottenham,Brentford,1,3,2023-05-20 11:30:00,,None
527191,61,Goal,0.9309999847412109,0.32599998474121095,0.3043600916862488,Bryan Mbeumo,a,6552,OpenPlay,2022,LeftFoot,18569,Tottenham,Brentford,1,3,2023-05-20 11:30:00,Aaron Hickey,Throughball
527192,75,MissedShots,0.7480000305175781,0.5670000076293945,0.016321567818522453,Rico Henry,a,9679,FromCorner,2022,LeftFoot,18569,Tottenham,Brentford,1,3,2023-05-20 11:30:00,,None
527196,87,Goal,0.914000015258789,0.49599998474121093,0.49632692337036133,Yoane Wissa,a,5786,OpenPlay,2022,LeftFoot,18569,Tottenham,Brentford,1,3,2023-05-20 11:30:00,Bryan Mbeumo,Throughball
529809,6,MissedShots,0.919000015258789,0.49599998474121093,0.258273720741272,Robin Koch,h,6273,OpenPlay,2022,Head,18578,Leeds,Tottenham,1,4,2023-05-28 15:30:00,Rodrigo,Cross
529810,8,BlockedShot,0.8690000152587891,0.4909999847412109,0.0702376440167427,Pascal Struijk,h,8717,OpenPlay,2022,LeftFoot,18578,Leeds,Tottenham,1,4,2023-05-28 15:30:00,,None
529811,8,BlockedShot,0.93,0.5529999923706055,0.043198153376579285,Weston McKennie,h,5360,FromCorner,2022,Head,18578,Leeds,Tottenham,1,4,2023-05-28 15:30:00,Adam Forshaw,Aerial
529812,20,BlockedShot,0.7680000305175781,0.325,0.01066362950950861,Adam Forshaw,h,1711,OpenPlay,2022,RightFoot,18578,Leeds,Tottenham,1,4,2023-05-28 15:30:00,,Aerial
529815,34,MissedShots,0.730999984741211,0.4759999847412109,0.015885787084698677,Weston McKennie,h,5360,OpenPlay,2022,RightFoot,18578,Leeds,Tottenham,1,4,2023-05-28 15:30:00,Robin Koch,BallRecovery
529816,36,SavedShot,0.9309999847412109,0.5409999847412109,0.05087553337216377,Maximilian Wöber,h,7366,FromCorner,2022,Head,18578,Leeds,Tottenham,1,4,2023-05-28 15:30:00,Adam Forshaw,Aerial
529818,38,MissedShots,0.8690000152587891,0.539000015258789,0.036383889615535736,Robin Koch,h,6273,OpenPlay,2022,Head,18578,Leeds,Tottenham,1,4,2023-05-28 15:30:00,Adam Forshaw,Cross
529819,45,MissedShots,0.899000015258789,0.485,0.0348360538482666,Rodrigo,h,2381,OpenPlay,2022,Head,18578,Leeds,Tottenham,1,4,2023-05-28 15:30:00,,None
529820,46,MissedShots,0.9069999694824219,0.5590000152587891,0.09790726751089096,Rasmus Kristensen,h,10750,FromCorner,2022,RightFoot,18578,Leeds,Tottenham,1,4,2023-05-28 15:30:00,,None
529823,53,BlockedShot,0.7969999694824219,0.7169999694824218,0.01335798017680645,Pascal Struijk,h,8717,OpenPlay,2022,LeftFoot,18578,Leeds,Tottenham,1,4,2023-05-28 15:30:00,,None
529824,53,BlockedShot,0.91,0.3820000076293945,0.05417357385158539,Luke Ayling,h,8716,OpenPlay,2022,RightFoot,18578,Leeds,Tottenham,1,4,2023-05-28 15:30:00,Maximilian Wöber,Cross
529825,53,BlockedShot,0.95,0.415,0.1320619285106659,Luke Ayling,h,8716,OpenPlay,2022,RightFoot,18578,Leeds,Tottenham,1,4,2023-05-28 15:30:00,,Rebound
529826,54,BlockedShot,0.764000015258789,0.4159999847412109,0.017439337447285652,Luke Ayling,h,8716,OpenPlay,2022,RightFoot,18578,Leeds,Tottenham,1,4,2023-05-28 15:30:00,,None
529827,58,BlockedShot,0.9030000305175782,0.6790000152587891,0.054101720452308655,Maximilian Wöber,h,7366,OpenPlay,2022,RightFoot,18578,Leeds,Tottenham,1,4,2023-05-28 15:30:00,Jack Harrison,BallTouch
529828,61,MissedShots,0.914000015258789,0.46599998474121096,0.11924144625663757,Rodrigo,h,2381,OpenPlay,2022,Head,18578,Leeds,Tottenham,1,4,2023-05-28 15:30:00,Adam Forshaw,Cross
529829,66,Goal,0.8640000152587891,0.34799999237060547,0.0694752112030983,Jack Harrison,h,8720,OpenPlay,2022,RightFoot,18578,Leeds,Tottenham,1,4,2023-05-28 15:30:00,Georginio Rutter,Pass
529831,71,BlockedShot,0.735,0.32799999237060545,0.009885727427899837,Jack Harrison,h,8720,OpenPlay,2022,LeftFoot,18578,Leeds,Tottenham,1,4,2023-05-28 15:30:00,Rasmus Kristensen,Pass
529832,72,BlockedShot,0.8919999694824219,0.5270000076293946,0.06370791047811508,Júnior Firpo,h,6485,OpenPlay,2022,Head,18578,Leeds,Tottenham,1,4,2023-05-28 15:30:00,Jack Harrison,Cross
529834,79,MissedShots,0.87,0.445,0.04695407673716545,Georginio Rutter,h,6937,OpenPlay,2022,LeftFoot,18578,Leeds,Tottenham,1,4,2023-05-28 15:30:00,Robin Koch,Aerial
529808,1,Goal,0.8640000152587891,0.5570000076293945,0.3619548976421356,Harry Kane,a,647,OpenPlay,2022,RightFoot,18578,Leeds,Tottenham,1,4,2023-05-28 15:30:00,Son Heung-Min,Pass
529813,25,SavedShot,0.85,0.45099998474121095,0.10833141207695007,Harry Kane,a,647,OpenPlay,2022,LeftFoot,18578,Leeds,Tottenham,1,4,2023-05-28 15:30:00,Dejan Kulusevski,Pass
529814,30,MissedShots,0.885,0.4490000152587891,0.08339693397283554,Davinson Sánchez,a,6249,SetPiece,2022,RightFoot,18578,Leeds,Tottenham,1,4,2023-05-28 15:30:00,Son Heung-Min,Chipped
529817,37,MissedShots,0.7430000305175781,0.3390000152587891,0.019890833646059036,Yves Bissouma,a,5609,OpenPlay,2022,RightFoot,18578,Leeds,Tottenham,1,4,2023-05-28 15:30:00,Oliver Skipp,Pass
529821,46,Goal,0.9169999694824219,0.3240000152587891,0.07437723129987717,Pedro Porro,a,6912,OpenPlay,2022,RightFoot,18578,Leeds,Tottenham,1,4,2023-05-28 15:30:00,,None
529822,52,MissedShots,0.9390000152587891,0.40400001525878904,0.1325846165418625,Pedro Porro,a,6912,OpenPlay,2022,RightFoot,18578,Leeds,Tottenham,1,4,2023-05-28 15:30:00,Ben Davies,Cross
529830,68,Goal,0.8930000305175781,0.6090000152587891,0.4015389680862427,Harry Kane,a,647,OpenPlay,2022,RightFoot,18578,Leeds,Tottenham,1,4,2023-05-28 15:30:00,Pedro Porro,Pass
529833,74,BlockedShot,0.8430000305175781,0.375,0.152458056807518,Son Heung-Min,a,453,OpenPlay,2022,RightFoot,18578,Leeds,Tottenham,1,4,2023-05-28 15:30:00,Pedro Porro,Throughball
529835,79,SavedShot,0.9290000152587891,0.7030000305175781,0.07396261394023895,Richarlison,a,6026,OpenPlay,2022,LeftFoot,18578,Leeds,Tottenham,1,4,2023-05-28 15:30:00,Harry Kane,Pass
529836,83,SavedShot,0.8980000305175782,0.34,0.07364965975284576,Richarlison,a,6026,OpenPlay,2022,RightFoot,18578,Leeds,Tottenham,1,4,2023-05-28 15:30:00,Davinson Sánchez,Pass
529837,94,Goal,0.9059999847412109,0.5,0.5510002970695496,Lucas Moura,a,3293,OpenPlay,2022,RightFoot,18578,Leeds,Tottenham,1,4,2023-05-28 15:30:00,Pape Sarr,TakeOn
532410,15,SavedShot,0.9380000305175781,0.715999984741211,0.04792721942067146,Bryan Mbeumo,h,6552,OpenPlay,2023,LeftFoot,22282,Brentford,Tottenham,2,2,2023-08-13 13:00:00,Yoane Wissa,Pass
532411,16,BlockedShot,0.764000015258789,0.534000015258789,0.011782357469201088,Aaron Hickey,h,8942,OpenPlay,2023,LeftFoot,22282,Brentford,Tottenham,2,2,2023-08-13 13:00:00,,Aerial
532412,17,SavedShot,0.8580000305175781,0.48700000762939455,0.04746435210108757,Yoane Wissa,h,5786,FromCorner,2023,RightFoot,22282,Brentford,Tottenham,2,2,2023-08-13 13:00:00,Aaron Hickey,Chipped
532413,26,Goal,0.885,0.5,0.7611688375473022,Bryan Mbeumo,h,6552,Penalty,2023,LeftFoot,22282,Brentford,Tottenham,2,2,2023-08-13 13:00:00,,Standard
532415,30,BlockedShot,0.9230000305175782,0.6719999694824219,0.0626327320933342,Yoane Wissa,h,5786,OpenPlay,2023,RightFoot,22282,Brentford,Tottenham,2,2,2023-08-13 13:00:00,Vitaly Janelt,Pass
532416,35,Goal,0.874000015258789,0.590999984741211,0.09041036665439606,Yoane Wissa,h,5786,OpenPlay,2023,LeftFoot,22282,Brentford,Tottenham,2,2,2023-08-13 13:00:00,Rico Henry,Pass
532421,54,MissedShots,0.9259999847412109,0.4520000076293945,0.4895833432674408,Bryan Mbeumo,h,6552,OpenPlay,2023,RightFoot,22282,Brentford,Tottenham,2,2,2023-08-13 13:00:00,Rico Henry,Pass
532425,57,SavedShot,0.87,0.7680000305175781,0.026843829080462456,Vitaly Janelt,h,9680,OpenPlay,2023,LeftFoot,22282,Brentford,Tottenham,2,2,2023-08-13 13:00:00,Yoane Wissa,Pass
532426,57,SavedShot,0.855,0.49,0.07185065001249313,Mikkel Damsgaard,h,8859,OpenPlay,2023,RightFoot,22282,Brentford,Tottenham,2,2,2023-08-13 13:00:00,,Rebound
532433,85,BlockedShot,0.805,0.5479999923706055,0.017501061782240868,Mads Roerslev,h,9685,OpenPlay,2023,RightFoot,22282,Brentford,Tottenham,2,2,2023-08-13 13:00:00,,Aerial
532434,86,MissedShots,0.8680000305175781,0.28899999618530275,0.2823283076286316,Kevin Schade,h,9156,OpenPlay,2023,RightFoot,22282,Brentford,Tottenham,2,2,2023-08-13 13:00:00,Zanka,Chipped
532407,8,BlockedShot,0.8530000305175781,0.31799999237060544,0.017635487020015717,Dejan Kulusevski,a,6691,FromCorner,2023,LeftFoot,22282,Brentford,Tottenham,2,2,2023-08-13 13:00:00,Richarlison,Aerial
532408,8,MissedShots,0.8519999694824218,0.47299999237060547,0.032720573246479034,Micky van de Ven,a,10050,FromCorner,2023,Head,22282,Brentford,Tottenham,2,2,2023-08-13 13:00:00,,None
532409,10,Goal,0.9569999694824218,0.504000015258789,0.5806849598884583,Cristian Romero,a,7218,SetPiece,2023,Head,22282,Brentford,Tottenham,2,2,2023-08-13 13:00:00,James Maddison,Cross
532414,27,MissedShots,0.4979999923706055,0.5,0.006573145277798176,Yves Bissouma,a,5609,OpenPlay,2023,RightFoot,22282,Brentford,Tottenham,2,2,2023-08-13 13:00:00,,None
532417,41,BlockedShot,0.710999984741211,0.515,0.015123272314667702,Yves Bissouma,a,5609,OpenPlay,2023,RightFoot,22282,Brentford,Tottenham,2,2,2023-08-13 13:00:00,James Maddison,Pass
532418,43,BlockedShot,0.6990000152587891,0.5690000152587891,0.011871919967234135,Yves Bissouma,a,5609,OpenPlay,2023,RightFoot,22282,Brentford,Tottenham,2,2,2023-08-13 13:00:00,Iyenoma Destiny Udogie,HeadPass
532419,47,MissedShots,0.9580000305175781,0.66,0.054971691220998764,Son Heung-Min,a,453,OpenPlay,2023,LeftFoot,22282,Brentford,Tottenham,2,2,2023-08-13 13:00:00,,None
532420,48,Goal,0.7780000305175782,0.5570000076293945,0.03262129798531532,Emerson,a,7430,OpenPlay,2023,RightFoot,22282,Brentford,Tottenham,2,2,2023-08-13 13:00:00,James Maddison,Pass
532422,46,SavedShot,0.84,0.639000015258789,0.05840356647968292,James Maddison,a,6818,OpenPlay,2023,LeftFoot,22282,Brentford,Tottenham,2,2,2023-08-13 13:00:00,Dejan Kulusevski,Pass
532423,51,MissedShots,0.925,0.5120000076293946,0.11006297916173935,Davinson Sánchez,a,6249,FromCorner,2023,Head,22282,Brentford,Tottenham,2,2,2023-08-13 13:00:00,James Maddison,Cross
532424,52,MissedShots,0.9069999694824219,0.28899999618530275,0.032361555844545364,Dejan Kulusevski,a,6691,FromCorner,2023,LeftFoot,22282,Brentford,Tottenham,2,2,2023-08-13 13:00:00,,None
532427,59,BlockedShot,0.8030000305175782,0.25799999237060545,0.015480125322937965,Dejan Kulusevski,a,6691,FromCorner,2023,LeftFoot,22282,Brentford,Tottenham,2,2,2023-08-13 13:00:00,,None
532428,59,SavedShot,0.914000015258789,0.6509999847412109,0.06286532431840897,Son Heung-Min,a,453,FromCorner,2023,LeftFoot,22282,Brentford,Tottenham,2,2,2023-08-13 13:00:00,,Rebound
532429,59,MissedShots,0.8690000152587891,0.7130000305175781,0.02613692544400692,Micky van de Ven,a,10050,FromCorner,2023,LeftFoot,22282,Brentford,Tottenham,2,2,2023-08-13 13:00:00,,None
532430,60,BlockedShot,0.8130000305175781,0.34599998474121096,0.032210711389780045,James Maddison,a,6818,OpenPlay,2023,RightFoot,22282,Brentford,Tottenham,2,2,2023-08-13 13:00:00,Yves Bissouma,Pass
532431,63,SavedShot,0.915,0.345,0.08394410461187363,Richarlison,a,6026,OpenPlay,2023,RightFoot,22282,Brentford,Tottenham,2,2,2023-08-13 13:00:00,James Maddison,Pass
532432,82,SavedShot,0.9280000305175782,0.47,0.1389056295156479,Pape Sarr,a,9021,OpenPlay,2023,Head,22282,Brentford,Tottenham,2,2,2023-08-13 13:00:00,Ivan Perisic,Cross
532435,88,BlockedShot,0.8669999694824219,0.5220000076293946,0.14155685901641846,Richarlison,a,6026,OpenPlay,2023,RightFoot,22282,Brentford,Tottenham,2,2,2023-08-13 13:00:00,James Maddison,Pass
533324,15,MissedShots,0.93,0.4209999847412109,0.06794780492782593,Pape Sarr,h,9021,FromCorner,2023,Head,22290,Tottenham,Manchester United,2,0,2023-08-19 16:30:00,James Maddison,Cross
533328,24,SavedShot,0.8680000305175781,0.295,0.04418836906552315,Dejan Kulusevski,h,6691,OpenPlay,2023,LeftFoot,22290,Tottenham,Manchester United,2,0,2023-08-19 16:30:00,Pape Sarr,Pass
533331,29,SavedShot,0.9209999847412109,0.6029999923706054,0.12917639315128326,Pape Sarr,h,9021,OpenPlay,2023,LeftFoot,22290,Tottenham,Manchester United,2,0,2023-08-19 16:30:00,Son Heung-Min,Throughball
533332,29,BlockedShot,0.96,0.615999984741211,0.09191908687353134,Pape Sarr,h,9021,OpenPlay,2023,RightFoot,22290,Tottenham,Manchester United,2,0,2023-08-19 16:30:00,,Rebound
533336,39,ShotOnPost,0.8290000152587891,0.48,0.07386350631713867,Pedro Porro,h,6912,OpenPlay,2023,RightFoot,22290,Tottenham,Manchester United,2,0,2023-08-19 16:30:00,Son Heung-Min,Pass
533337,42,SavedShot,0.7930000305175782,0.26,0.020551051944494247,Dejan Kulusevski,h,6691,OpenPlay,2023,LeftFoot,22290,Tottenham,Manchester United,2,0,2023-08-19 16:30:00,Richarlison,Pass
533338,44,MissedShots,0.91,0.5359999847412109,0.10360001772642136,Cristian Romero,h,7218,SetPiece,2023,Head,22290,Tottenham,Manchester United,2,0,2023-08-19 16:30:00,Pedro Porro,Cross
533339,48,Goal,0.9540000152587891,0.5320000076293945,0.6135177612304688,Pape Sarr,h,9021,OpenPlay,2023,LeftFoot,22290,Tottenham,Manchester United,2,0,2023-08-19 16:30:00,,None
533341,51,SavedShot,0.9580000305175781,0.62,0.3593902289867401,Iyenoma Destiny Udogie,h,8831,OpenPlay,2023,LeftFoot,22290,Tottenham,Manchester United,2,0,2023-08-19 16:30:00,Son Heung-Min,Pass
533342,52,SavedShot,0.92,0.67,0.09379340708255768,James Maddison,h,6818,OpenPlay,2023,RightFoot,22290,Tottenham,Manchester United,2,0,2023-08-19 16:30:00,,TakeOn
533344,59,MissedShots,0.7419999694824219,0.42900001525878906,0.021383769810199738,Yves Bissouma,h,5609,OpenPlay,2023,RightFoot,22290,Tottenham,Manchester United,2,0,2023-08-19 16:30:00,Dejan Kulusevski,Pass
533345,60,BlockedShot,0.9059999847412109,0.4590000152587891,0.15712888538837433,Son Heung-Min,h,453,OpenPlay,2023,RightFoot,22290,Tottenham,Manchester United,2,0,2023-08-19 16:30:00,Iyenoma Destiny Udogie,TakeOn
533346,63,MissedShots,0.8619999694824219,0.6229999923706054,0.08964982628822327,Yves Bissouma,h,5609,OpenPlay,2023,RightFoot,22290,Tottenham,Manchester United,2,0,2023-08-19 16:30:00,Son Heung-Min,TakeOn
533347,73,MissedShots,0.9290000152587891,0.44099998474121094,0.09029154479503632,Pape Sarr,h,9021,FromCorner,2023,Head,22290,Tottenham,Manchester United,2,0,2023-08-19 16:30:00,James Maddison,Cross
533349,82,MissedShots,0.9259999847412109,0.565,0.4568954110145569,Ben Davies,h,660,OpenPlay,2023,LeftFoot,22290,Tottenham,Manchester United,2,0,2023-08-19 16:30:00,Ivan Perisic,Pass
533353,92,BlockedShot,0.879000015258789,0.6140000152587891,0.12203878909349442,James Maddison,h,6818,OpenPlay,2023,RightFoot,22290,Tottenham,Manchester United,2,0,2023-08-19 16:30:00,Ivan Perisic,Pass
533354,92,BlockedShot,0.76,0.5940000152587891,0.01774829812347889,Ben Davies,h,660,OpenPlay,2023,RightFoot,22290,Tottenham,Manchester United,2,0,2023-08-19 16:30:00,,Rebound
533318,2,MissedShots,0.8569999694824219,0.629000015258789,0.06666988879442215,Antony,a,11094,OpenPlay,2023,LeftFoot,22290,Tottenham,Manchester United,2,0,2023-08-19 16:30:00,Alejandro Garnacho,Pass
533319,4,SavedShot,0.865,0.69,0.05051055923104286,Alejandro Garnacho,a,10552,OpenPlay,2023,RightFoot,22290,Tottenham,Manchester United,2,0,2023-08-19 16:30:00,Mason Mount,TakeOn
533320,8,SavedShot,0.88,0.40599998474121096,0.01206522062420845,Raphael Varane,a,2245,FromCorner,2023,Head,22290,Tottenham,Manchester United,2,0,2023-08-19 16:30:00,Luke Shaw,Aerial
533321,9,MissedShots,0.9109999847412109,0.59,0.01436068769544363,Raphael Varane,a,2245,FromCorner,2023,Head,22290,Tottenham,Manchester United,2,0,2023-08-19 16:30:00,Mason Mount,Aerial
533322,12,SavedShot,0.9330000305175781,0.40200000762939453,0.40132415294647217,Marcus Rashford,a,556,OpenPlay,2023,RightFoot,22290,Tottenham,Manchester United,2,0,2023-08-19 16:30:00,Antony,BallTouch
533323,13,BlockedShot,0.915,0.415,0.12631414830684662,Alejandro Garnacho,a,10552,OpenPlay,2023,RightFoot,22290,Tottenham,Manchester United,2,0,2023-08-19 16:30:00,Aaron Wan-Bissaka,Pass
533325,20,BlockedShot,0.865999984741211,0.31,0.10044976323843002,Marcus Rashford,a,556,SetPiece,2023,RightFoot,22290,Tottenham,Manchester United,2,0,2023-08-19 16:30:00,Bruno Fernandes,Throughball
533326,22,MissedShots,0.925,0.41700000762939454,0.24513395130634308,Marcus Rashford,a,556,OpenPlay,2023,Head,22290,Tottenham,Manchester United,2,0,2023-08-19 16:30:00,Bruno Fernandes,Chipped
533327,23,BlockedShot,0.85,0.5459999847412109,0.0852356106042862,Bruno Fernandes,a,1228,OpenPlay,2023,RightFoot,22290,Tottenham,Manchester United,2,0,2023-08-19 16:30:00,Luke Shaw,Pass
533329,25,BlockedShot,0.85,0.6079999923706054,0.07497331500053406,Alejandro Garnacho,a,10552,OpenPlay,2023,RightFoot,22290,Tottenham,Manchester United,2,0,2023-08-19 16:30:00,Marcus Rashford,Pass
533330,27,BlockedShot,0.9119999694824219,0.47,0.03082309104502201,Casemiro,a,2248,FromCorner,2023,Head,22290,Tottenham,Manchester United,2,0,2023-08-19 16:30:00,Luke Shaw,Aerial
533333,31,BlockedShot,0.8430000305175781,0.44299999237060544,0.08160918951034546,Bruno Fernandes,a,1228,OpenPlay,2023,RightFoot,22290,Tottenham,Manchester United,2,0,2023-08-19 16:30:00,Marcus Rashford,Pass
533334,31,MissedShots,0.8080000305175781,0.26,0.014657312072813511,Antony,a,11094,OpenPlay,2023,LeftFoot,22290,Tottenham,Manchester United,2,0,2023-08-19 16:30:00,,Rebound
533335,35,MissedShots,0.94,0.4779999923706055,0.43367043137550354,Bruno Fernandes,a,1228,OpenPlay,2023,Head,22290,Tottenham,Manchester United,2,0,2023-08-19 16:30:00,Luke Shaw,Chipped
533340,50,ShotOnPost,0.865,0.43900001525878907,0.07518753409385681,Antony,a,11094,OpenPlay,2023,LeftFoot,22290,Tottenham,Manchester United,2,0,2023-08-19 16:30:00,Bruno Fernandes,Pass
533343,55,SavedShot,0.9169999694824219,0.5179999923706055,0.3236479163169861,Casemiro,a,2248,SetPiece,2023,Head,22290,Tottenham,Manchester United,2,0,2023-08-19 16:30:00,Bruno Fernandes,Cross
533348,79,SavedShot,0.8119999694824219,0.515,0.04482242465019226,Casemiro,a,2248,OpenPlay,2023,RightFoot,22290,Tottenham,Manchester United,2,0,2023-08-19 16:30:00,,None
533350,82,OwnGoal,0.04699999809265137,0.48700000762939455,0,Lisandro Martínez,a,10802,OpenPlay,2023,RightFoot,22290,Tottenham,Manchester United,2,0,2023-08-19 16:30:00,,Challenge
533351,85,BlockedShot,0.8090000152587891,0.5690000152587891,0.05404326319694519,Bruno Fernandes,a,1228,OpenPlay,2023,RightFoot,22290,Tottenham,Manchester United,2,0,2023-08-19 16:30:00,Anthony Martial,Pass
533352,91,SavedShot,0.7669999694824219,0.68,0.020099928602576256,Bruno Fernandes,a,1228,OpenPlay,2023,RightFoot,22290,Tottenham,Manchester United,2,0,2023-08-19 16:30:00,Lisandro Martínez,Pass
533355,95,BlockedShot,0.8280000305175781,0.44,0.07642409205436707,Casemiro,a,2248,OpenPlay,2023,LeftFoot,22290,Tottenham,Manchester United,2,0,2023-08-19 16:30:00,Luke Shaw,Pass
533356,96,BlockedShot,0.899000015258789,0.435,0.015188832767307758,Casemiro,a,2248,FromCorner,2023,Head,22290,Tottenham,Manchester United,2,0,2023-08-19 16:30:00,Luke Shaw,Aerial
533357,98,MissedShots,0.784000015258789,0.53,0.10002463310956955,Bruno Fernandes,a,1228,DirectFreekick,2023,RightFoot,22290,Tottenham,Manchester United,2,0,2023-08-19 16:30:00,,Standard
534439,18,BlockedShot,0.8909999847412109,0.600999984741211,0.022130122408270836,Philip Billing,h,6034,OpenPlay,2023,Head,22296,Bournemouth,Tottenham,0,2,2023-08-26 11:30:00,,Aerial
534443,28,BlockedShot,0.9180000305175782,0.3509999847412109,0.07354862242937088,Antoine Semenyo,h,11363,OpenPlay,2023,LeftFoot,22296,Bournemouth,Tottenham,0,2,2023-08-26 11:30:00,Philip Billing,Pass
534444,34,SavedShot,0.9369999694824219,0.5570000076293945,0.06284300237894058,Philip Billing,h,6034,SetPiece,2023,Head,22296,Bournemouth,Tottenham,0,2,2023-08-26 11:30:00,Ryan Christie,Aerial
534446,40,SavedShot,0.8030000305175782,0.6580000305175782,0.03147830814123154,Ryan Christie,h,10744,OpenPlay,2023,LeftFoot,22296,Bournemouth,Tottenham,0,2,2023-08-26 11:30:00,Philip Billing,BallRecovery
534448,49,BlockedShot,0.8540000152587891,0.6990000152587891,0.034033577889204025,Justin Kluivert,h,6963,OpenPlay,2023,RightFoot,22296,Bournemouth,Tottenham,0,2,2023-08-26 11:30:00,Philip Billing,Chipped
534449,50,MissedShots,0.865999984741211,0.4109999847412109,0.06027873978018761,Philip Billing,h,6034,OpenPlay,2023,LeftFoot,22296,Bournemouth,Tottenham,0,2,2023-08-26 11:30:00,,Rebound
534450,56,MissedShots,0.7819999694824219,0.6179999923706054,0.023935768753290176,Antoine Semenyo,h,11363,OpenPlay,2023,LeftFoot,22296,Bournemouth,Tottenham,0,2,2023-08-26 11:30:00,Justin Kluivert,BallTouch
534452,66,SavedShot,0.8280000305175781,0.64,0.05982113257050514,Jaidon Anthony,h,10746,OpenPlay,2023,RightFoot,22296,Bournemouth,Tottenham,0,2,2023-08-26 11:30:00,Hamed Junior Traore,TakeOn
534455,84,MissedShots,0.7980000305175782,0.6079999923706054,0.024041421711444855,Lewis Cook,h,1789,FromCorner,2023,RightFoot,22296,Bournemouth,Tottenham,0,2,2023-08-26 11:30:00,,None
534457,86,MissedShots,0.894000015258789,0.47900001525878905,0.07647287100553513,Dominic Solanke,h,1679,OpenPlay,2023,Head,22296,Bournemouth,Tottenham,0,2,2023-08-26 11:30:00,Max Aarons,Cross
534462,96,MissedShots,0.7559999847412109,0.4470000076293945,0.017050348222255707,Jaidon Anthony,h,10746,OpenPlay,2023,RightFoot,22296,Bournemouth,Tottenham,0,2,2023-08-26 11:30:00,Dominic Solanke,Pass
534435,9,BlockedShot,0.8719999694824219,0.5720000076293945,0.10784514248371124,James Maddison,a,6818,OpenPlay,2023,LeftFoot,22296,Bournemouth,Tottenham,0,2,2023-08-26 11:30:00,Yves Bissouma,Pass
534436,14,SavedShot,0.9069999694824219,0.6459999847412109,0.33732619881629944,James Maddison,a,6818,OpenPlay,2023,RightFoot,22296,Bournemouth,Tottenham,0,2,2023-08-26 11:30:00,Son Heung-Min,Throughball
534437,14,SavedShot,0.9180000305175782,0.504000015258789,0.051003530621528625,Richarlison,a,6026,OpenPlay,2023,Head,22296,Bournemouth,Tottenham,0,2,2023-08-26 11:30:00,,Rebound
534438,16,Goal,0.9169999694824219,0.445,0.4495682418346405,James Maddison,a,6818,OpenPlay,2023,RightFoot,22296,Bournemouth,Tottenham,0,2,2023-08-26 11:30:00,Pape Sarr,Throughball
534440,21,SavedShot,0.855999984741211,0.56,0.09905228018760681,Pape Sarr,a,9021,OpenPlay,2023,LeftFoot,22296,Bournemouth,Tottenham,0,2,2023-08-26 11:30:00,Son Heung-Min,Pass
534441,22,BlockedShot,0.8480000305175781,0.3189999961853027,0.053511958569288254,Dejan Kulusevski,a,6691,OpenPlay,2023,LeftFoot,22296,Bournemouth,Tottenham,0,2,2023-08-26 11:30:00,Pape Sarr,Pass
534442,25,MissedShots,0.7959999847412109,0.7119999694824218,0.01639527827501297,Son Heung-Min,a,453,FromCorner,2023,LeftFoot,22296,Bournemouth,Tottenham,0,2,2023-08-26 11:30:00,,None
534445,39,MissedShots,0.9819999694824219,0.40200000762939453,0.03988540917634964,Richarlison,a,6026,SetPiece,2023,Head,22296,Bournemouth,Tottenham,0,2,2023-08-26 11:30:00,James Maddison,Cross
534447,46,SavedShot,0.85,0.555,0.06266379356384277,Yves Bissouma,a,5609,SetPiece,2023,RightFoot,22296,Bournemouth,Tottenham,0,2,2023-08-26 11:30:00,,None
534451,62,Goal,0.9630000305175781,0.5629999923706055,0.609123945236206,Dejan Kulusevski,a,6691,OpenPlay,2023,LeftFoot,22296,Bournemouth,Tottenham,0,2,2023-08-26 11:30:00,Iyenoma Destiny Udogie,Pass
534453,69,MissedShots,0.8669999694824219,0.34299999237060547,0.1109456866979599,James Maddison,a,6818,OpenPlay,2023,RightFoot,22296,Bournemouth,Tottenham,0,2,2023-08-26 11:30:00,Dejan Kulusevski,Pass
534454,83,BlockedShot,0.8030000305175782,0.3729999923706055,0.04025860130786896,Pedro Porro,a,6912,OpenPlay,2023,RightFoot,22296,Bournemouth,Tottenham,0,2,2023-08-26 11:30:00,Dejan Kulusevski,Pass
534456,85,MissedShots,0.7859999847412109,0.35700000762939454,0.034908477216959,Son Heung-Min,a,453,OpenPlay,2023,LeftFoot,22296,Bournemouth,Tottenham,0,2,2023-08-26 11:30:00,Giovani Lo Celso,Pass
534458,90,BlockedShot,0.7380000305175781,0.5779999923706055,0.05304351821541786,Pedro Porro,a,6912,DirectFreekick,2023,RightFoot,22296,Bournemouth,Tottenham,0,2,2023-08-26 11:30:00,,Standard
534459,90,MissedShots,0.740999984741211,0.5720000076293945,0.013769092038273811,Pedro Porro,a,6912,SetPiece,2023,RightFoot,22296,Bournemouth,Tottenham,0,2,2023-08-26 11:30:00,,Rebound
534460,94,MissedShots,0.8480000305175781,0.5329999923706055,0.10905590653419495,Ben Davies,a,660,OpenPlay,2023,LeftFoot,22296,Bournemouth,Tottenham,0,2,2023-08-26 11:30:00,Son Heung-Min,Pass
534461,95,MissedShots,0.9209999847412109,0.7019999694824218,0.09073095768690109,Ivan Perisic,a,448,OpenPlay,2023,LeftFoot,22296,Bournemouth,Tottenham,0,2,2023-08-26 11:30:00,Son Heung-Min,TakeOn
536252,3,Goal,0.92,0.5320000076293945,0.4949325919151306,Lyle Foster,h,7498,OpenPlay,2023,LeftFoot,21929,Burnley,Tottenham,2,5,2023-09-02 14:00:00,Luca Koleosho,Pass
536256,18,MissedShots,0.895,0.5609999847412109,0.056911274790763855,Luca Koleosho,h,10620,OpenPlay,2023,Head,21929,Burnley,Tottenham,2,5,2023-09-02 14:00:00,Johann Berg Gudmundsson,Cross
536257,20,MissedShots,0.750999984741211,0.51,0.022683655843138695,Zeki Amdouni,h,11701,OpenPlay,2023,RightFoot,21929,Burnley,Tottenham,2,5,2023-09-02 14:00:00,Sander Berge,Pass
536258,23,BlockedShot,0.8130000305175781,0.5029999923706054,0.07792230695486069,Luca Koleosho,h,10620,OpenPlay,2023,RightFoot,21929,Burnley,Tottenham,2,5,2023-09-02 14:00:00,,TakeOn
536270,50,MissedShots,0.730999984741211,0.5259999847412109,0.016488168388605118,Josh Brownhill,h,8323,OpenPlay,2023,RightFoot,21929,Burnley,Tottenham,2,5,2023-09-02 14:00:00,,None
536272,55,SavedShot,0.8680000305175781,0.42700000762939455,0.4399324953556061,Lyle Foster,h,7498,OpenPlay,2023,RightFoot,21929,Burnley,Tottenham,2,5,2023-09-02 14:00:00,Zeki Amdouni,Throughball
536273,56,MissedShots,0.9319999694824219,0.5720000076293945,0.03140951320528984,Hannes Delcroix,h,11998,FromCorner,2023,Head,21929,Burnley,Tottenham,2,5,2023-09-02 14:00:00,Josh Brownhill,Aerial
536279,76,BlockedShot,0.764000015258789,0.40700000762939453,0.02098984085023403,Josh Cullen,h,1018,OpenPlay,2023,RightFoot,21929,Burnley,Tottenham,2,5,2023-09-02 14:00:00,Lyle Foster,Pass
536280,77,BlockedShot,0.8130000305175781,0.49700000762939456,0.03754434734582901,Ameen Al Dakhil,h,11699,FromCorner,2023,RightFoot,21929,Burnley,Tottenham,2,5,2023-09-02 14:00:00,,None
536281,77,BlockedShot,0.8540000152587891,0.4759999847412109,0.05317908897995949,Ameen Al Dakhil,h,11699,FromCorner,2023,RightFoot,21929,Burnley,Tottenham,2,5,2023-09-02 14:00:00,Jacob Bruun Larsen,BallTouch
536282,78,MissedShots,0.7819999694824219,0.6329999923706054,0.018936004489660263,Ameen Al Dakhil,h,11699,FromCorner,2023,LeftFoot,21929,Burnley,Tottenham,2,5,2023-09-02 14:00:00,,None
536283,79,BlockedShot,0.8040000152587891,0.4759999847412109,0.04945645108819008,Josh Brownhill,h,8323,OpenPlay,2023,LeftFoot,21929,Burnley,Tottenham,2,5,2023-09-02 14:00:00,Jacob Bruun Larsen,Pass
536284,79,MissedShots,0.955999984741211,0.3920000076293945,0.05201815441250801,Dara O&#039;Shea,h,8756,FromCorner,2023,Head,21929,Burnley,Tottenham,2,5,2023-09-02 14:00:00,Connor Roberts,Cross
536285,81,BlockedShot,0.789000015258789,0.675,0.0680738314986229,Jacob Bruun Larsen,h,5355,DirectFreekick,2023,RightFoot,21929,Burnley,Tottenham,2,5,2023-09-02 14:00:00,,Standard
536286,81,SavedShot,0.919000015258789,0.4909999847412109,0.12678086757659912,Hannes Delcroix,h,11998,SetPiece,2023,Head,21929,Burnley,Tottenham,2,5,2023-09-02 14:00:00,Nathan Redmond,Cross
536287,93,Goal,0.914000015258789,0.6320000076293946,0.09877905249595642,Josh Brownhill,h,8323,OpenPlay,2023,LeftFoot,21929,Burnley,Tottenham,2,5,2023-09-02 14:00:00,Josh Cullen,Throughball
536253,7,BlockedShot,0.9069999694824219,0.629000015258789,0.06332200020551682,Manor Solomon,a,10716,OpenPlay,2023,RightFoot,21929,Burnley,Tottenham,2,5,2023-09-02 14:00:00,,None
536254,13,BlockedShot,0.960999984741211,0.6719999694824219,0.05300021916627884,Manor Solomon,a,10716,OpenPlay,2023,RightFoot,21929,Burnley,Tottenham,2,5,2023-09-02 14:00:00,,BallRecovery
536255,15,Goal,0.9319999694824219,0.405,0.40931573510169983,Son Heung-Min,a,453,OpenPlay,2023,RightFoot,21929,Burnley,Tottenham,2,5,2023-09-02 14:00:00,Manor Solomon,Pass
536259,29,BlockedShot,0.8209999847412109,0.6580000305175782,0.030981790274381638,Pape Sarr,a,9021,OpenPlay,2023,RightFoot,21929,Burnley,Tottenham,2,5,2023-09-02 14:00:00,Son Heung-Min,Pass
536260,29,SavedShot,0.865,0.5259999847412109,0.08067880570888519,James Maddison,a,6818,OpenPlay,2023,LeftFoot,21929,Burnley,Tottenham,2,5,2023-09-02 14:00:00,,Rebound
536261,34,SavedShot,0.8209999847412109,0.6580000305175782,0.02979249320924282,James Maddison,a,6818,OpenPlay,2023,RightFoot,21929,Burnley,Tottenham,2,5,2023-09-02 14:00:00,Pape Sarr,Pass
536262,34,BlockedShot,0.78,0.3110000038146973,0.017302751541137695,Pedro Porro,a,6912,OpenPlay,2023,RightFoot,21929,Burnley,Tottenham,2,5,2023-09-02 14:00:00,Dejan Kulusevski,Pass
536263,34,SavedShot,0.9319999694824219,0.524000015258789,0.5740618705749512,Pape Sarr,a,9021,OpenPlay,2023,RightFoot,21929,Burnley,Tottenham,2,5,2023-09-02 14:00:00,Pedro Porro,None
536264,35,MissedShots,0.7730000305175782,0.3039999961853027,0.018711775541305542,Pedro Porro,a,6912,OpenPlay,2023,RightFoot,21929,Burnley,Tottenham,2,5,2023-09-02 14:00:00,Manor Solomon,Pass
536265,45,BlockedShot,0.7559999847412109,0.6270000076293946,0.0193365179002285,Son Heung-Min,a,453,OpenPlay,2023,LeftFoot,21929,Burnley,Tottenham,2,5,2023-09-02 14:00:00,James Maddison,CornerAwarded
536266,46,BlockedShot,0.8719999694824219,0.455,0.06216388940811157,Pape Sarr,a,9021,FromCorner,2023,RightFoot,21929,Burnley,Tottenham,2,5,2023-09-02 14:00:00,Dejan Kulusevski,BallTouch
536267,46,Goal,0.8130000305175781,0.37,0.037823647260665894,Cristian Romero,a,7218,FromCorner,2023,RightFoot,21929,Burnley,Tottenham,2,5,2023-09-02 14:00:00,,Rebound
536268,47,BlockedShot,0.87,0.515,0.12031305581331253,Son Heung-Min,a,453,OpenPlay,2023,RightFoot,21929,Burnley,Tottenham,2,5,2023-09-02 14:00:00,Pedro Porro,Pass
536269,48,SavedShot,0.935,0.6980000305175781,0.10009489208459854,James Maddison,a,6818,OpenPlay,2023,RightFoot,21929,Burnley,Tottenham,2,5,2023-09-02 14:00:00,Manor Solomon,TakeOn
536271,53,Goal,0.799000015258789,0.5779999923706055,0.056399110704660416,James Maddison,a,6818,OpenPlay,2023,RightFoot,21929,Burnley,Tottenham,2,5,2023-09-02 14:00:00,Iyenoma Destiny Udogie,Pass
536274,60,SavedShot,0.7869999694824219,0.3579999923706055,0.026141352951526642,Yves Bissouma,a,5609,OpenPlay,2023,RightFoot,21929,Burnley,Tottenham,2,5,2023-09-02 14:00:00,,None
536275,61,MissedShots,0.7819999694824219,0.6619999694824219,0.022626960650086403,Yves Bissouma,a,5609,OpenPlay,2023,RightFoot,21929,Burnley,Tottenham,2,5,2023-09-02 14:00:00,Manor Solomon,Pass
536276,62,Goal,0.8669999694824219,0.53,0.12940993905067444,Son Heung-Min,a,453,OpenPlay,2023,RightFoot,21929,Burnley,Tottenham,2,5,2023-09-02 14:00:00,Manor Solomon,Pass
536277,65,Goal,0.914000015258789,0.590999984741211,0.44683781266212463,Son Heung-Min,a,453,OpenPlay,2023,LeftFoot,21929,Burnley,Tottenham,2,5,2023-09-02 14:00:00,Pedro Porro,Throughball
536278,75,MissedShots,0.889000015258789,0.385,0.10438573360443115,Pedro Porro,a,6912,OpenPlay,2023,RightFoot,21929,Burnley,Tottenham,2,5,2023-09-02 14:00:00,Ivan Perisic,Cross
538597,8,SavedShot,0.7480000305175781,0.29600000381469727,0.015807298943400383,Pape Sarr,h,9021,OpenPlay,2023,RightFoot,21936,Tottenham,Sheffield United,2,1,2023-09-16 14:00:00,Pedro Porro,Pass
538599,16,SavedShot,0.9259999847412109,0.57,0.29451853036880493,Pape Sarr,h,9021,OpenPlay,2023,Head,21936,Tottenham,Sheffield United,2,1,2023-09-16 14:00:00,Dejan Kulusevski,Cross
538600,17,MissedShots,0.9030000305175782,0.4909999847412109,0.024255745112895966,Cristian Romero,h,7218,FromCorner,2023,Head,21936,Tottenham,Sheffield United,2,1,2023-09-16 14:00:00,James Maddison,Aerial
538601,18,SavedShot,0.9490000152587891,0.5979999923706054,0.3459620773792267,Yves Bissouma,h,5609,OpenPlay,2023,LeftFoot,21936,Tottenham,Sheffield United,2,1,2023-09-16 14:00:00,Dejan Kulusevski,TakeOn
538602,20,SavedShot,0.7880000305175782,0.655,0.021760106086730957,Son Heung-Min,h,453,OpenPlay,2023,RightFoot,21936,Tottenham,Sheffield United,2,1,2023-09-16 14:00:00,Manor Solomon,Pass
538604,23,SavedShot,0.774000015258789,0.40700000762939453,0.02782486192882061,James Maddison,h,6818,OpenPlay,2023,RightFoot,21936,Tottenham,Sheffield United,2,1,2023-09-16 14:00:00,Cristian Romero,Pass
538605,26,SavedShot,0.805,0.504000015258789,0.0716937705874443,Manor Solomon,h,10716,OpenPlay,2023,RightFoot,21936,Tottenham,Sheffield United,2,1,2023-09-16 14:00:00,,TakeOn
538606,33,SavedShot,0.8069999694824219,0.629000015258789,0.03275980055332184,James Maddison,h,6818,OpenPlay,2023,LeftFoot,21936,Tottenham,Sheffield United,2,1,2023-09-16 14:00:00,Pape Sarr,Pass
538607,38,MissedShots,0.9180000305175782,0.5170000076293946,0.05927654728293419,Son Heung-Min,h,453,OpenPlay,2023,Head,21936,Tottenham,Sheffield United,2,1,2023-09-16 14:00:00,Manor Solomon,Aerial
538608,39,MissedShots,0.899000015258789,0.665,0.06932462751865387,James Maddison,h,6818,OpenPlay,2023,LeftFoot,21936,Tottenham,Sheffield United,2,1,2023-09-16 14:00:00,Manor Solomon,Pass
538609,41,BlockedShot,0.909000015258789,0.3029999923706055,0.05506981909275055,Dejan Kulusevski,h,6691,OpenPlay,2023,RightFoot,21936,Tottenham,Sheffield United,2,1,2023-09-16 14:00:00,Pedro Porro,Pass
538610,45,BlockedShot,0.885,0.2989999961853027,0.04098185896873474,Dejan Kulusevski,h,6691,SetPiece,2023,LeftFoot,21936,Tottenham,Sheffield United,2,1,2023-09-16 14:00:00,James Maddison,Pass
538612,46,BlockedShot,0.8059999847412109,0.47299999237060547,0.04979107528924942,Pape Sarr,h,9021,OpenPlay,2023,RightFoot,21936,Tottenham,Sheffield United,2,1,2023-09-16 14:00:00,Manor Solomon,Pass
538613,55,BlockedShot,0.8690000152587891,0.4379999923706055,0.07037505507469177,Son Heung-Min,h,453,SetPiece,2023,LeftFoot,21936,Tottenham,Sheffield United,2,1,2023-09-16 14:00:00,,None
538614,56,BlockedShot,0.9269999694824219,0.3370000076293945,0.07700343430042267,Dejan Kulusevski,h,6691,OpenPlay,2023,RightFoot,21936,Tottenham,Sheffield United,2,1,2023-09-16 14:00:00,Pedro Porro,Pass
538615,60,MissedShots,0.865999984741211,0.46099998474121096,0.01872793585062027,Cristian Romero,h,7218,FromCorner,2023,Head,21936,Tottenham,Sheffield United,2,1,2023-09-16 14:00:00,Yves Bissouma,Chipped
538616,60,MissedShots,0.8540000152587891,0.7390000152587891,0.030480852350592613,Manor Solomon,h,10716,OpenPlay,2023,RightFoot,21936,Tottenham,Sheffield United,2,1,2023-09-16 14:00:00,James Maddison,Pass
538617,65,MissedShots,0.904000015258789,0.6359999847412109,0.09699679166078568,Manor Solomon,h,10716,OpenPlay,2023,LeftFoot,21936,Tottenham,Sheffield United,2,1,2023-09-16 14:00:00,Dejan Kulusevski,Pass
538619,66,BlockedShot,0.86,0.27299999237060546,0.0322958305478096,Dejan Kulusevski,h,6691,OpenPlay,2023,LeftFoot,21936,Tottenham,Sheffield United,2,1,2023-09-16 14:00:00,Yves Bissouma,Pass
538620,67,BlockedShot,0.8330000305175781,0.3170000076293945,0.03545204550027847,Dejan Kulusevski,h,6691,OpenPlay,2023,LeftFoot,21936,Tottenham,Sheffield United,2,1,2023-09-16 14:00:00,James Maddison,Pass
538623,75,BlockedShot,0.759000015258789,0.41400001525878904,0.0234404057264328,Yves Bissouma,h,5609,OpenPlay,2023,RightFoot,21936,Tottenham,Sheffield United,2,1,2023-09-16 14:00:00,Pape Sarr,Pass
538624,76,MissedShots,0.8030000305175782,0.6179999923706054,0.04138335958123207,Manor Solomon,h,10716,FromCorner,2023,RightFoot,21936,Tottenham,Sheffield United,2,1,2023-09-16 14:00:00,Yves Bissouma,Pass
538625,87,BlockedShot,0.91,0.6609999847412109,0.03929363936185837,Ivan Perisic,h,448,OpenPlay,2023,RightFoot,21936,Tottenham,Sheffield United,2,1,2023-09-16 14:00:00,Dejan Kulusevski,Cross
538626,88,MissedShots,0.9269999694824219,0.534000015258789,0.051656533032655716,Richarlison,h,6026,OpenPlay,2023,Head,21936,Tottenham,Sheffield United,2,1,2023-09-16 14:00:00,Pedro Porro,Aerial
538627,89,SavedShot,0.9369999694824219,0.325,0.06593164056539536,Dejan Kulusevski,h,6691,OpenPlay,2023,RightFoot,21936,Tottenham,Sheffield United,2,1,2023-09-16 14:00:00,Brennan Johnson,Pass
538628,90,MissedShots,0.81,0.35200000762939454,0.028006331995129585,Pedro Porro,h,6912,FromCorner,2023,RightFoot,21936,Tottenham,Sheffield United,2,1,2023-09-16 14:00:00,Dejan Kulusevski,Pass
538630,97,Goal,0.9569999694824218,0.5420000076293945,0.3379036784172058,Richarlison,h,6026,FromCorner,2023,Head,21936,Tottenham,Sheffield United,2,1,2023-09-16 14:00:00,Ivan Perisic,Aerial
538631,99,Goal,0.86,0.5420000076293945,0.10111131519079208,Dejan Kulusevski,h,6691,OpenPlay,2023,RightFoot,21936,Tottenham,Sheffield United,2,1,2023-09-16 14:00:00,Richarlison,Pass
538598,10,BlockedShot,0.8590000152587891,0.61,0.08179651945829391,Oliver McBurnie,a,1736,OpenPlay,2023,RightFoot,21936,Tottenham,Sheffield United,2,1,2023-09-16 14:00:00,Gustavo Hamer,Pass
538603,22,SavedShot,0.8630000305175781,0.485,0.09835296869277954,James McAtee,a,10126,OpenPlay,2023,RightFoot,21936,Tottenham,Sheffield United,2,1,2023-09-16 14:00:00,Jayden Bogle,Pass
538611,48,SavedShot,0.8959999847412109,0.505,0.055347979068756104,Oliver McBurnie,a,1736,FromCorner,2023,Head,21936,Tottenham,Sheffield United,2,1,2023-09-16 14:00:00,Gustavo Hamer,Cross
538618,66,SavedShot,0.8580000305175781,0.5690000152587891,0.09528157860040665,James McAtee,a,10126,OpenPlay,2023,LeftFoot,21936,Tottenham,Sheffield United,2,1,2023-09-16 14:00:00,Cameron Archer,Pass
538621,70,MissedShots,0.9119999694824219,0.519000015258789,0.3671560287475586,Chris Basham,a,7704,SetPiece,2023,Head,21936,Tottenham,Sheffield United,2,1,2023-09-16 14:00:00,Gustavo Hamer,Aerial
538622,72,Goal,0.9,0.639000015258789,0.08317940682172775,Gustavo Hamer,a,11839,OpenPlay,2023,LeftFoot,21936,Tottenham,Sheffield United,2,1,2023-09-16 14:00:00,Jack Robinson,Pass
538629,94,SavedShot,0.644000015258789,0.5220000076293946,0.009540863335132599,Oliver Norwood,a,7710,OpenPlay,2023,RightFoot,21936,Tottenham,Sheffield United,2,1,2023-09-16 14:00:00,,None
539635,13,SavedShot,0.97,0.6329999923706054,0.05239171162247658,Gabriel Jesus,h,5543,OpenPlay,2023,LeftFoot,21952,Arsenal,Tottenham,2,2,2023-09-24 13:00:00,Bukayo Saka,Cross
539636,15,SavedShot,0.955999984741211,0.34599998474121096,0.3132059574127197,Eddie Nketiah,h,6482,OpenPlay,2023,RightFoot,21952,Arsenal,Tottenham,2,2,2023-09-24 13:00:00,,BallRecovery
539637,16,BlockedShot,0.9369999694824219,0.4209999847412109,0.028181063011288643,Declan Rice,h,5553,FromCorner,2023,Head,21952,Arsenal,Tottenham,2,2,2023-09-24 13:00:00,Martin Odegaard,Aerial
539640,25,MissedShots,0.8430000305175781,0.3039999961853027,0.035734180361032486,Bukayo Saka,h,7322,OpenPlay,2023,LeftFoot,21952,Arsenal,Tottenham,2,2,2023-09-24 13:00:00,Martin Odegaard,Pass
539642,31,MissedShots,0.8669999694824219,0.4859999847412109,0.39478328824043274,Gabriel Jesus,h,5543,OpenPlay,2023,RightFoot,21952,Arsenal,Tottenham,2,2,2023-09-24 13:00:00,,BallRecovery
539643,36,SavedShot,0.769000015258789,0.39099998474121095,0.02744203992187977,Martin Odegaard,h,2517,OpenPlay,2023,LeftFoot,21952,Arsenal,Tottenham,2,2,2023-09-24 13:00:00,Bukayo Saka,Pass
539647,48,MissedShots,0.76,0.705999984741211,0.014333940111100674,Declan Rice,h,5553,OpenPlay,2023,RightFoot,21952,Arsenal,Tottenham,2,2,2023-09-24 13:00:00,,None
539648,49,BlockedShot,0.970999984741211,0.485,0.5631000995635986,Ben White,h,7298,FromCorner,2023,LeftFoot,21952,Arsenal,Tottenham,2,2,2023-09-24 13:00:00,Bukayo Saka,Cross
539649,53,Goal,0.885,0.5,0.7611688375473022,Bukayo Saka,h,7322,Penalty,2023,LeftFoot,21952,Arsenal,Tottenham,2,2,2023-09-24 13:00:00,,Standard
539653,84,BlockedShot,0.805,0.6270000076293946,0.03378607705235481,Reiss Nelson,h,6492,OpenPlay,2023,RightFoot,21952,Arsenal,Tottenham,2,2,2023-09-24 13:00:00,Martin Odegaard,Pass
539654,86,MissedShots,0.815,0.539000015258789,0.051043152809143066,Kai Havertz,h,5220,OpenPlay,2023,LeftFoot,21952,Arsenal,Tottenham,2,2,2023-09-24 13:00:00,,None
539655,91,SavedShot,0.7919999694824219,0.515,0.027186382561922073,Bukayo Saka,h,7322,FromCorner,2023,LeftFoot,21952,Arsenal,Tottenham,2,2,2023-09-24 13:00:00,,None
539656,91,BlockedShot,0.950999984741211,0.42200000762939455,0.0405459925532341,Gabriel,h,5613,FromCorner,2023,Head,21952,Arsenal,Tottenham,2,2,2023-09-24 13:00:00,Reiss Nelson,Aerial
539633,2,BlockedShot,0.8680000305175781,0.6840000152587891,0.048758991062641144,Brennan Johnson,a,10760,OpenPlay,2023,RightFoot,21952,Arsenal,Tottenham,2,2,2023-09-24 13:00:00,James Maddison,Pass
539634,2,MissedShots,0.8209999847412109,0.5629999923706055,0.038514234125614166,Yves Bissouma,a,5609,FromCorner,2023,RightFoot,21952,Arsenal,Tottenham,2,2,2023-09-24 13:00:00,,None
539638,18,MissedShots,0.7769999694824219,0.45,0.030121229588985443,Pape Sarr,a,9021,OpenPlay,2023,LeftFoot,21952,Arsenal,Tottenham,2,2,2023-09-24 13:00:00,,None
539639,24,MissedShots,0.8859999847412109,0.7319999694824219,0.014151827432215214,Pape Sarr,a,9021,SetPiece,2023,RightFoot,21952,Arsenal,Tottenham,2,2,2023-09-24 13:00:00,,Aerial
539641,25,OwnGoal,0.08300000190734863,0.5420000076293945,0,Cristian Romero,a,7218,OpenPlay,2023,LeftFoot,21952,Arsenal,Tottenham,2,2,2023-09-24 13:00:00,,None
539644,37,SavedShot,0.8969999694824219,0.5309999847412109,0.43069988489151,Brennan Johnson,a,10760,OpenPlay,2023,RightFoot,21952,Arsenal,Tottenham,2,2,2023-09-24 13:00:00,Son Heung-Min,Pass
539645,41,SavedShot,0.9380000305175781,0.575999984741211,0.4790627956390381,Brennan Johnson,a,10760,OpenPlay,2023,RightFoot,21952,Arsenal,Tottenham,2,2,2023-09-24 13:00:00,,None
539646,41,Goal,0.9369999694824219,0.580999984741211,0.46930328011512756,Son Heung-Min,a,453,OpenPlay,2023,LeftFoot,21952,Arsenal,Tottenham,2,2,2023-09-24 13:00:00,James Maddison,Pass
539650,54,Goal,0.8919999694824219,0.4229999923706055,0.3421586751937866,Son Heung-Min,a,453,OpenPlay,2023,RightFoot,21952,Arsenal,Tottenham,2,2,2023-09-24 13:00:00,James Maddison,Pass
539651,62,MissedShots,0.754000015258789,0.6040000152587891,0.016898861154913902,James Maddison,a,6818,OpenPlay,2023,RightFoot,21952,Arsenal,Tottenham,2,2,2023-09-24 13:00:00,Son Heung-Min,Pass
539652,68,BlockedShot,0.965999984741211,0.34299999237060547,0.11736999452114105,Son Heung-Min,a,453,OpenPlay,2023,RightFoot,21952,Arsenal,Tottenham,2,2,2023-09-24 13:00:00,Dejan Kulusevski,Throughball
539657,94,BlockedShot,0.875,0.3770000076293945,0.09192495048046112,Richarlison,a,6026,OpenPlay,2023,LeftFoot,21952,Arsenal,Tottenham,2,2,2023-09-24 13:00:00,Dejan Kulusevski,Pass
539658,95,SavedShot,0.8209999847412109,0.49599998474121093,0.05570416525006294,Richarlison,a,6026,OpenPlay,2023,RightFoot,21952,Arsenal,Tottenham,2,2,2023-09-24 13:00:00,,None
539659,99,BlockedShot,0.85,0.42700000762939455,0.07698847353458405,Richarlison,a,6026,OpenPlay,2023,RightFoot,21952,Arsenal,Tottenham,2,2,2023-09-24 13:00:00,Dejan Kulusevski,Pass
541471,7,BlockedShot,0.8719999694824219,0.27600000381469725,0.035813093185424805,Dejan Kulusevski,h,6691,OpenPlay,2023,LeftFoot,21962,Tottenham,Liverpool,2,1,2023-09-30 16:30:00,Pedro Porro,Pass
541477,28,BlockedShot,0.9290000152587891,0.33299999237060546,0.07769901305437088,Dejan Kulusevski,h,6691,OpenPlay,2023,LeftFoot,21962,Tottenham,Liverpool,2,1,2023-09-30 16:30:00,James Maddison,TakeOn
541478,29,SavedShot,0.779000015258789,0.40299999237060546,0.02903481386601925,James Maddison,h,6818,OpenPlay,2023,LeftFoot,21962,Tottenham,Liverpool,2,1,2023-09-30 16:30:00,Pedro Porro,Pass
541479,32,MissedShots,0.9,0.6630000305175782,0.07986857742071152,Richarlison,h,6026,OpenPlay,2023,LeftFoot,21962,Tottenham,Liverpool,2,1,2023-09-30 16:30:00,Dejan Kulusevski,Pass
541480,35,Goal,0.9290000152587891,0.5309999847412109,0.5532905459403992,Son Heung-Min,h,453,OpenPlay,2023,RightFoot,21962,Tottenham,Liverpool,2,1,2023-09-30 16:30:00,Richarlison,Pass
541482,40,SavedShot,0.9219999694824219,0.6370000076293946,0.11204081028699875,Richarlison,h,6026,OpenPlay,2023,LeftFoot,21962,Tottenham,Liverpool,2,1,2023-09-30 16:30:00,Son Heung-Min,Pass
541483,45,SavedShot,0.7530000305175781,0.715,0.0607011504471302,Son Heung-Min,h,453,OpenPlay,2023,RightFoot,21962,Tottenham,Liverpool,2,1,2023-09-30 16:30:00,Dejan Kulusevski,Chipped
541484,47,MissedShots,0.720999984741211,0.3770000076293945,0.01813223399221897,Pape Sarr,h,9021,OpenPlay,2023,RightFoot,21962,Tottenham,Liverpool,2,1,2023-09-30 16:30:00,Iyenoma Destiny Udogie,Pass
541486,51,BlockedShot,0.8109999847412109,0.38799999237060545,0.0365469753742218,Cristian Romero,h,7218,OpenPlay,2023,RightFoot,21962,Tottenham,Liverpool,2,1,2023-09-30 16:30:00,Dejan Kulusevski,Pass
541488,47,BlockedShot,0.8030000305175782,0.635,0.035143278539180756,Son Heung-Min,h,453,OpenPlay,2023,RightFoot,21962,Tottenham,Liverpool,2,1,2023-09-30 16:30:00,Richarlison,Pass
541489,48,BlockedShot,0.8080000305175781,0.46,0.04726774990558624,Richarlison,h,6026,OpenPlay,2023,RightFoot,21962,Tottenham,Liverpool,2,1,2023-09-30 16:30:00,,None
541490,48,SavedShot,0.7909999847412109,0.3370000076293945,0.023555323481559753,James Maddison,h,6818,OpenPlay,2023,LeftFoot,21962,Tottenham,Liverpool,2,1,2023-09-30 16:30:00,Cristian Romero,Pass
541491,50,SavedShot,0.8530000305175781,0.5329999923706055,0.3528457283973694,Son Heung-Min,h,453,OpenPlay,2023,RightFoot,21962,Tottenham,Liverpool,2,1,2023-09-30 16:30:00,Iyenoma Destiny Udogie,Pass
541492,51,BlockedShot,0.9159999847412109,0.54,0.03217387571930885,Cristian Romero,h,7218,FromCorner,2023,Head,21962,Tottenham,Liverpool,2,1,2023-09-30 16:30:00,James Maddison,Aerial
541493,57,SavedShot,0.740999984741211,0.555,0.01711294986307621,Pape Sarr,h,9021,OpenPlay,2023,LeftFoot,21962,Tottenham,Liverpool,2,1,2023-09-30 16:30:00,Iyenoma Destiny Udogie,Pass
541494,60,BlockedShot,0.7980000305175782,0.46,0.040345653891563416,Yves Bissouma,h,5609,FromCorner,2023,RightFoot,21962,Tottenham,Liverpool,2,1,2023-09-30 16:30:00,Dejan Kulusevski,Pass
541495,72,BlockedShot,0.79,0.6919999694824219,0.018690409138798714,James Maddison,h,6818,OpenPlay,2023,RightFoot,21962,Tottenham,Liverpool,2,1,2023-09-30 16:30:00,Manor Solomon,Pass
541498,78,BlockedShot,0.7830000305175782,0.31799999237060544,0.021993573755025864,Pedro Porro,h,6912,OpenPlay,2023,LeftFoot,21962,Tottenham,Liverpool,2,1,2023-09-30 16:30:00,James Maddison,Pass
541499,79,BlockedShot,0.85,0.7230000305175781,0.03262130543589592,Manor Solomon,h,10716,OpenPlay,2023,RightFoot,21962,Tottenham,Liverpool,2,1,2023-09-30 16:30:00,James Maddison,Pass
541500,79,MissedShots,0.909000015258789,0.495,0.4225606620311737,Richarlison,h,6026,OpenPlay,2023,RightFoot,21962,Tottenham,Liverpool,2,1,2023-09-30 16:30:00,,Rebound
541501,85,MissedShots,0.7609999847412109,0.40700000762939453,0.022022392600774765,Yves Bissouma,h,5609,OpenPlay,2023,RightFoot,21962,Tottenham,Liverpool,2,1,2023-09-30 16:30:00,Manor Solomon,Pass
541502,88,BlockedShot,0.779000015258789,0.534000015258789,0.032721951603889465,James Maddison,h,6818,OpenPlay,2023,RightFoot,21962,Tottenham,Liverpool,2,1,2023-09-30 16:30:00,Dejan Kulusevski,Pass
541503,91,SavedShot,0.914000015258789,0.5790000152587891,0.08731226623058319,Richarlison,h,6026,OpenPlay,2023,Head,21962,Tottenham,Liverpool,2,1,2023-09-30 16:30:00,Pedro Porro,Cross
541504,93,BlockedShot,0.7240000152587891,0.659000015258789,0.01252270583063364,Pierre-Emile Højbjerg,h,343,OpenPlay,2023,RightFoot,21962,Tottenham,Liverpool,2,1,2023-09-30 16:30:00,Manor Solomon,Pass
541469,2,BlockedShot,0.845999984741211,0.47200000762939454,0.09264278411865234,Luis Díaz,a,10408,OpenPlay,2023,RightFoot,21962,Tottenham,Liverpool,2,1,2023-09-30 16:30:00,Mohamed Salah,Pass
541470,3,MissedShots,0.815,0.4,0.03080061823129654,Alexis Mac Allister,a,8379,FromCorner,2023,LeftFoot,21962,Tottenham,Liverpool,2,1,2023-09-30 16:30:00,,None
541472,12,SavedShot,0.9169999694824219,0.5670000076293945,0.1309203952550888,Cody Gakpo,a,11296,OpenPlay,2023,LeftFoot,21962,Tottenham,Liverpool,2,1,2023-09-30 16:30:00,Andrew Robertson,Pass
541473,12,SavedShot,0.9590000152587891,0.6580000305175782,0.057455193251371384,Andrew Robertson,a,1688,OpenPlay,2023,LeftFoot,21962,Tottenham,Liverpool,2,1,2023-09-30 16:30:00,,Rebound
541474,18,BlockedShot,0.8680000305175781,0.674000015258789,0.027773138135671616,Curtis Jones,a,6665,OpenPlay,2023,LeftFoot,21962,Tottenham,Liverpool,2,1,2023-09-30 16:30:00,Dominik Szoboszlai,Cross
541475,19,MissedShots,0.91,0.5359999847412109,0.0416138581931591,Joel Matip,a,332,FromCorner,2023,OtherBodyPart,21962,Tottenham,Liverpool,2,1,2023-09-30 16:30:00,Andrew Robertson,Aerial
541476,21,MissedShots,0.7719999694824219,0.5670000076293945,0.022603020071983337,Mohamed Salah,a,1250,OpenPlay,2023,LeftFoot,21962,Tottenham,Liverpool,2,1,2023-09-30 16:30:00,Cody Gakpo,Pass
541481,38,BlockedShot,0.9180000305175782,0.3940000152587891,0.022208604961633682,Cody Gakpo,a,11296,FromCorner,2023,Head,21962,Tottenham,Liverpool,2,1,2023-09-30 16:30:00,Andrew Robertson,Tackle
541485,48,Goal,0.9180000305175782,0.4640000152587891,0.0991349071264267,Cody Gakpo,a,11296,OpenPlay,2023,RightFoot,21962,Tottenham,Liverpool,2,1,2023-09-30 16:30:00,Virgil van Dijk,HeadPass
541487,52,MissedShots,0.9259999847412109,0.47400001525878904,0.5343154668807983,Luis Díaz,a,10408,OpenPlay,2023,RightFoot,21962,Tottenham,Liverpool,2,1,2023-09-30 16:30:00,Mohamed Salah,Throughball
541496,74,MissedShots,0.904000015258789,0.46099998474121096,0.06195857375860214,Virgil van Dijk,a,833,FromCorner,2023,Head,21962,Tottenham,Liverpool,2,1,2023-09-30 16:30:00,Trent Alexander-Arnold,Cross
541497,77,SavedShot,0.75,0.835999984741211,0.009089712053537369,Dominik Szoboszlai,a,9788,OpenPlay,2023,RightFoot,21962,Tottenham,Liverpool,2,1,2023-09-30 16:30:00,Andrew Robertson,Pass
541505,95,OwnGoal,0.03700000047683716,0.534000015258789,0,Joel Matip,a,332,OpenPlay,2023,LeftFoot,21962,Tottenham,Liverpool,2,1,2023-09-30 16:30:00,,Dispossessed
542410,20,MissedShots,0.7430000305175781,0.44799999237060545,0.016988655552268028,Marvelous Nakamba,h,8040,OpenPlay,2023,LeftFoot,21971,Luton,Tottenham,0,1,2023-10-07 11:30:00,,None
542411,24,MissedShots,0.9119999694824219,0.5329999923706055,0.041845470666885376,Carlton Morris,h,11717,FromCorner,2023,OtherBodyPart,21971,Luton,Tottenham,0,1,2023-10-07 11:30:00,Alfie Doughty,Aerial
542412,25,BlockedShot,0.870999984741211,0.26899999618530274,0.030431846156716347,Jacob Brown,h,11720,OpenPlay,2023,RightFoot,21971,Luton,Tottenham,0,1,2023-10-07 11:30:00,Pelly Ruddock Mpanzu,Chipped
542419,55,MissedShots,0.9230000305175782,0.629000015258789,0.2740204930305481,Alfie Doughty,h,11723,OpenPlay,2023,LeftFoot,21971,Luton,Tottenham,0,1,2023-10-07 11:30:00,Pelly Ruddock Mpanzu,Chipped
542420,59,SavedShot,0.950999984741211,0.665,0.08349856734275818,Carlton Morris,h,11717,OpenPlay,2023,LeftFoot,21971,Luton,Tottenham,0,1,2023-10-07 11:30:00,Elijah Adebayo,TakeOn
542422,63,MissedShots,0.9109999847412109,0.4620000076293945,0.07729729264974594,Jacob Brown,h,11720,OpenPlay,2023,Head,21971,Luton,Tottenham,0,1,2023-10-07 11:30:00,Alfie Doughty,Cross
542423,64,BlockedShot,0.8819999694824219,0.4109999847412109,0.09088531881570816,Chiedozie Ogbene,h,11719,OpenPlay,2023,LeftFoot,21971,Luton,Tottenham,0,1,2023-10-07 11:30:00,Marvelous Nakamba,Pass
542424,66,SavedShot,0.805,0.580999984741211,0.08494163304567337,Cauley Woodrow,h,11721,OpenPlay,2023,RightFoot,21971,Luton,Tottenham,0,1,2023-10-07 11:30:00,Carlton Morris,BallRecovery
542425,72,BlockedShot,0.8009999847412109,0.45,0.028062578290700912,Chiedozie Ogbene,h,11719,FromCorner,2023,RightFoot,21971,Luton,Tottenham,0,1,2023-10-07 11:30:00,Reece Burke,Pass
542426,72,BlockedShot,0.91,0.28899999618530275,0.04482262581586838,Alfie Doughty,h,11723,FromCorner,2023,LeftFoot,21971,Luton,Tottenham,0,1,2023-10-07 11:30:00,Reece Burke,Pass
542427,80,MissedShots,0.924000015258789,0.49900001525878906,0.05532584339380264,Carlton Morris,h,11717,FromCorner,2023,Head,21971,Luton,Tottenham,0,1,2023-10-07 11:30:00,,Aerial
542428,96,MissedShots,0.7780000305175782,0.6480000305175782,0.01999759115278721,Teden Mengi,h,12073,OpenPlay,2023,LeftFoot,21971,Luton,Tottenham,0,1,2023-10-07 11:30:00,,BallTouch
542402,2,MissedShots,0.9780000305175781,0.5570000076293945,0.5985307693481445,Richarlison,a,6026,OpenPlay,2023,LeftFoot,21971,Luton,Tottenham,0,1,2023-10-07 11:30:00,Dejan Kulusevski,Cross
542403,3,SavedShot,0.914000015258789,0.6029999923706054,0.38753989338874817,Richarlison,a,6026,OpenPlay,2023,RightFoot,21971,Luton,Tottenham,0,1,2023-10-07 11:30:00,James Maddison,Throughball
542404,5,BlockedShot,0.8059999847412109,0.38599998474121094,0.03976636007428169,Son Heung-Min,a,453,OpenPlay,2023,LeftFoot,21971,Luton,Tottenham,0,1,2023-10-07 11:30:00,Cristian Romero,Pass
542405,6,MissedShots,0.885,0.4640000152587891,0.3930121958255768,Pedro Porro,a,6912,OpenPlay,2023,RightFoot,21971,Luton,Tottenham,0,1,2023-10-07 11:30:00,Son Heung-Min,Throughball
542406,9,MissedShots,0.855999984741211,0.48200000762939454,0.07474913448095322,Son Heung-Min,a,453,OpenPlay,2023,LeftFoot,21971,Luton,Tottenham,0,1,2023-10-07 11:30:00,James Maddison,HeadPass
542407,15,MissedShots,0.7290000152587891,0.6379999923706055,0.01540125161409378,Micky van de Ven,a,10050,OpenPlay,2023,LeftFoot,21971,Luton,Tottenham,0,1,2023-10-07 11:30:00,Pape Sarr,Pass
542408,16,SavedShot,0.8690000152587891,0.44599998474121094,0.07966653257608414,Son Heung-Min,a,453,OpenPlay,2023,RightFoot,21971,Luton,Tottenham,0,1,2023-10-07 11:30:00,,None
542409,18,MissedShots,0.7569999694824219,0.6809999847412109,0.016167113557457924,Richarlison,a,6026,OpenPlay,2023,RightFoot,21971,Luton,Tottenham,0,1,2023-10-07 11:30:00,,BallRecovery
542413,29,SavedShot,0.8780000305175781,0.325,0.05967492237687111,Dejan Kulusevski,a,6691,OpenPlay,2023,LeftFoot,21971,Luton,Tottenham,0,1,2023-10-07 11:30:00,Pape Sarr,Pass
542414,29,MissedShots,0.9640000152587891,0.6020000076293945,0.01662948541343212,Richarlison,a,6026,FromCorner,2023,Head,21971,Luton,Tottenham,0,1,2023-10-07 11:30:00,James Maddison,Aerial
542415,32,MissedShots,0.750999984741211,0.39799999237060546,0.05829866603016853,James Maddison,a,6818,DirectFreekick,2023,RightFoot,21971,Luton,Tottenham,0,1,2023-10-07 11:30:00,,Standard
542416,46,MissedShots,0.855,0.524000015258789,0.08481843769550323,James Maddison,a,6818,OpenPlay,2023,RightFoot,21971,Luton,Tottenham,0,1,2023-10-07 11:30:00,Son Heung-Min,Pass
542417,50,BlockedShot,0.8130000305175781,0.5359999847412109,0.03641628101468086,Pierre-Emile Højbjerg,a,343,FromCorner,2023,RightFoot,21971,Luton,Tottenham,0,1,2023-10-07 11:30:00,,None
542418,51,Goal,0.9290000152587891,0.44099998474121094,0.46674150228500366,Micky van de Ven,a,10050,FromCorner,2023,LeftFoot,21971,Luton,Tottenham,0,1,2023-10-07 11:30:00,James Maddison,Pass
542421,61,MissedShots,0.8419999694824218,0.31,0.05205687880516052,Pedro Porro,a,6912,OpenPlay,2023,RightFoot,21971,Luton,Tottenham,0,1,2023-10-07 11:30:00,Pape Sarr,Pass
545032,6,MissedShots,0.9069999694824219,0.515,0.09580358862876892,Micky van de Ven,h,10050,SetPiece,2023,RightFoot,21984,Tottenham,Fulham,2,0,2023-10-23 19:00:00,Cristian Romero,HeadPass
545033,8,BlockedShot,0.8159999847412109,0.35200000762939454,0.030791087076067924,Dejan Kulusevski,h,6691,SetPiece,2023,LeftFoot,21984,Tottenham,Fulham,2,0,2023-10-23 19:00:00,James Maddison,Pass
545037,26,SavedShot,0.7659999847412109,0.505,0.026690436527132988,Pierre-Emile Højbjerg,h,343,OpenPlay,2023,RightFoot,21984,Tottenham,Fulham,2,0,2023-10-23 19:00:00,James Maddison,Pass
545038,29,MissedShots,0.8269999694824218,0.5,0.11034219712018967,Richarlison,h,6026,OpenPlay,2023,RightFoot,21984,Tottenham,Fulham,2,0,2023-10-23 19:00:00,Dejan Kulusevski,Pass
545039,30,SavedShot,0.8130000305175781,0.495,0.058506615459918976,Son Heung-Min,h,453,OpenPlay,2023,LeftFoot,21984,Tottenham,Fulham,2,0,2023-10-23 19:00:00,James Maddison,Pass
545040,33,SavedShot,0.884000015258789,0.745999984741211,0.03381045535206795,James Maddison,h,6818,OpenPlay,2023,RightFoot,21984,Tottenham,Fulham,2,0,2023-10-23 19:00:00,Son Heung-Min,Pass
545041,35,Goal,0.8380000305175781,0.54,0.10459236055612564,Son Heung-Min,h,453,OpenPlay,2023,RightFoot,21984,Tottenham,Fulham,2,0,2023-10-23 19:00:00,Richarlison,TakeOn
545042,39,BlockedShot,0.8969999694824219,0.5729999923706055,0.12468850612640381,Iyenoma Destiny Udogie,h,8831,OpenPlay,2023,LeftFoot,21984,Tottenham,Fulham,2,0,2023-10-23 19:00:00,Son Heung-Min,Pass
545043,39,BlockedShot,0.8719999694824219,0.44799999237060545,0.09971380978822708,Dejan Kulusevski,h,6691,OpenPlay,2023,RightFoot,21984,Tottenham,Fulham,2,0,2023-10-23 19:00:00,Pape Sarr,Rebound
545044,39,BlockedShot,0.710999984741211,0.515,0.013516165316104889,Pedro Porro,h,6912,FromCorner,2023,RightFoot,21984,Tottenham,Fulham,2,0,2023-10-23 19:00:00,,None
545046,51,MissedShots,0.8580000305175781,0.6329999923706054,0.08475019782781601,Richarlison,h,6026,OpenPlay,2023,RightFoot,21984,Tottenham,Fulham,2,0,2023-10-23 19:00:00,Son Heung-Min,Pass
545047,53,Goal,0.9159999847412109,0.610999984741211,0.3766724467277527,James Maddison,h,6818,OpenPlay,2023,RightFoot,21984,Tottenham,Fulham,2,0,2023-10-23 19:00:00,Son Heung-Min,Pass
545048,70,MissedShots,0.8969999694824219,0.355,0.017677180469036102,Son Heung-Min,h,453,SetPiece,2023,Head,21984,Tottenham,Fulham,2,0,2023-10-23 19:00:00,James Maddison,Cross
545049,74,BlockedShot,0.9180000305175782,0.5929999923706055,0.4514014422893524,James Maddison,h,6818,OpenPlay,2023,RightFoot,21984,Tottenham,Fulham,2,0,2023-10-23 19:00:00,,BallRecovery
545050,74,BlockedShot,0.9330000305175781,0.7080000305175781,0.03410617262125015,Richarlison,h,6026,OpenPlay,2023,LeftFoot,21984,Tottenham,Fulham,2,0,2023-10-23 19:00:00,,Rebound
545031,0,MissedShots,0.7019999694824218,0.6409999847412109,0.009028594009578228,Bobby Reid,a,6827,OpenPlay,2023,RightFoot,21984,Tottenham,Fulham,2,0,2023-10-23 19:00:00,,None
545034,11,SavedShot,0.879000015258789,0.495,0.031047457829117775,João Palhinha,a,10715,FromCorner,2023,Head,21984,Tottenham,Fulham,2,0,2023-10-23 19:00:00,Andreas Pereira,Cross
545035,17,MissedShots,0.9290000152587891,0.41900001525878905,0.08892205357551575,Carlos Vinicius,a,7395,OpenPlay,2023,Head,21984,Tottenham,Fulham,2,0,2023-10-23 19:00:00,Timothy Castagne,Cross
545036,24,MissedShots,0.6730000305175782,0.4590000152587891,0.011218092404305935,Sasa Lukic,a,1537,OpenPlay,2023,RightFoot,21984,Tottenham,Fulham,2,0,2023-10-23 19:00:00,Willian,Pass
545045,41,MissedShots,0.9030000305175782,0.47200000762939454,0.031086647883057594,João Palhinha,a,10715,FromCorner,2023,Head,21984,Tottenham,Fulham,2,0,2023-10-23 19:00:00,Andreas Pereira,OffsidePass
545051,83,SavedShot,0.895,0.41400001525878904,0.31251615285873413,Raúl Jiménez,a,4105,OpenPlay,2023,RightFoot,21984,Tottenham,Fulham,2,0,2023-10-23 19:00:00,Harry Wilson,Throughball
545052,84,BlockedShot,0.7980000305175782,0.4809999847412109,0.05349230766296387,Alex Iwobi,a,500,OpenPlay,2023,RightFoot,21984,Tottenham,Fulham,2,0,2023-10-23 19:00:00,Willian,Pass
545053,86,SavedShot,0.924000015258789,0.6659999847412109,0.06487946957349777,Tom Cairney,a,6835,OpenPlay,2023,LeftFoot,21984,Tottenham,Fulham,2,0,2023-10-23 19:00:00,Raúl Jiménez,Pass
545054,91,BlockedShot,0.91,0.36200000762939455,0.05066582188010216,Harry Wilson,a,5596,OpenPlay,2023,LeftFoot,21984,Tottenham,Fulham,2,0,2023-10-23 19:00:00,Willian,Chipped
545055,94,BlockedShot,0.845,0.485,0.09298159182071686,Harry Wilson,a,5596,OpenPlay,2023,LeftFoot,21984,Tottenham,Fulham,2,0,2023-10-23 19:00:00,Alex Iwobi,Throughball
545151,5,SavedShot,0.8530000305175781,0.30700000762939456,0.04050102084875107,Jordan Ayew,h,672,OpenPlay,2023,RightFoot,21990,Crystal Palace,Tottenham,1,2,2023-10-27 19:00:00,Will Hughes,Pass
545152,6,SavedShot,0.8490000152587891,0.48400001525878905,0.07193966209888458,Odsonne Edouard,h,3697,SetPiece,2023,RightFoot,21990,Crystal Palace,Tottenham,1,2,2023-10-27 19:00:00,Jeffrey Schlupp,BallTouch
545156,38,BlockedShot,0.899000015258789,0.5479999923706055,0.017700789496302605,Joachim Andersen,h,6314,FromCorner,2023,Head,21990,Crystal Palace,Tottenham,1,2,2023-10-27 19:00:00,Will Hughes,Aerial
545157,38,BlockedShot,0.8119999694824219,0.48700000762939455,0.04812680557370186,Cheick Oumar Doucoure,h,8666,FromCorner,2023,RightFoot,21990,Crystal Palace,Tottenham,1,2,2023-10-27 19:00:00,,Rebound
545158,39,MissedShots,0.789000015258789,0.4779999923706055,0.025945136323571205,Joel Ward,h,510,FromCorner,2023,RightFoot,21990,Crystal Palace,Tottenham,1,2,2023-10-27 19:00:00,,None
545159,40,BlockedShot,0.8919999694824219,0.3890000152587891,0.011841592378914356,Will Hughes,h,6104,FromCorner,2023,Head,21990,Crystal Palace,Tottenham,1,2,2023-10-27 19:00:00,Odsonne Edouard,Aerial
545160,40,BlockedShot,0.7659999847412109,0.46799999237060547,0.012031699530780315,Joel Ward,h,510,FromCorner,2023,LeftFoot,21990,Crystal Palace,Tottenham,1,2,2023-10-27 19:00:00,Cheick Oumar Doucoure,HeadPass
545161,41,MissedShots,0.8919999694824219,0.5479999923706055,0.040530238300561905,Joachim Andersen,h,6314,FromCorner,2023,Head,21990,Crystal Palace,Tottenham,1,2,2023-10-27 19:00:00,Will Hughes,Cross
545163,52,OwnGoal,0.035999999046325684,0.47900001525878905,0,Joel Ward,h,510,OpenPlay,2023,LeftFoot,21990,Crystal Palace,Tottenham,1,2,2023-10-27 19:00:00,,None
545164,54,BlockedShot,0.77,0.585,0.036469414830207825,Odsonne Edouard,h,3697,OpenPlay,2023,RightFoot,21990,Crystal Palace,Tottenham,1,2,2023-10-27 19:00:00,,TakeOn
545165,54,MissedShots,0.9330000305175781,0.504000015258789,0.1209515780210495,Marc Guehi,h,7603,FromCorner,2023,Head,21990,Crystal Palace,Tottenham,1,2,2023-10-27 19:00:00,Will Hughes,Cross
545170,86,BlockedShot,0.8109999847412109,0.24399999618530274,0.01860627718269825,Jesurun Rak-Sakyi,h,9461,FromCorner,2023,LeftFoot,21990,Crystal Palace,Tottenham,1,2,2023-10-27 19:00:00,Matheus França,Pass
545173,93,Goal,0.8959999847412109,0.6419999694824219,0.04739731177687645,Jordan Ayew,h,672,OpenPlay,2023,RightFoot,21990,Crystal Palace,Tottenham,1,2,2023-10-27 19:00:00,Joachim Andersen,Chipped
545174,101,MissedShots,0.9330000305175781,0.6270000076293946,0.0706448033452034,Matheus França,h,12152,OpenPlay,2023,LeftFoot,21990,Crystal Palace,Tottenham,1,2,2023-10-27 19:00:00,Jean-Philippe Mateta,HeadPass
545153,15,MissedShots,0.710999984741211,0.5790000152587891,0.04019181430339813,Yves Bissouma,a,5609,DirectFreekick,2023,RightFoot,21990,Crystal Palace,Tottenham,1,2,2023-10-27 19:00:00,,Standard
545154,16,MissedShots,0.935,0.6469999694824219,0.04822104796767235,James Maddison,a,6818,OpenPlay,2023,RightFoot,21990,Crystal Palace,Tottenham,1,2,2023-10-27 19:00:00,Richarlison,HeadPass
545155,19,MissedShots,0.7959999847412109,0.6769999694824219,0.023988788947463036,Richarlison,a,6026,OpenPlay,2023,RightFoot,21990,Crystal Palace,Tottenham,1,2,2023-10-27 19:00:00,James Maddison,Pass
545162,52,MissedShots,0.9440000152587891,0.3370000076293945,0.06148606166243553,James Maddison,a,6818,OpenPlay,2023,RightFoot,21990,Crystal Palace,Tottenham,1,2,2023-10-27 19:00:00,,None
545166,65,Goal,0.9330000305175781,0.514000015258789,0.5861905217170715,Son Heung-Min,a,453,OpenPlay,2023,LeftFoot,21990,Crystal Palace,Tottenham,1,2,2023-10-27 19:00:00,Brennan Johnson,Pass
545167,74,BlockedShot,0.7809999847412109,0.6990000152587891,0.02350764349102974,Emerson,a,7430,OpenPlay,2023,RightFoot,21990,Crystal Palace,Tottenham,1,2,2023-10-27 19:00:00,James Maddison,Pass
545168,74,BlockedShot,0.7959999847412109,0.4329999923706055,0.025030797347426414,Pedro Porro,a,6912,OpenPlay,2023,RightFoot,21990,Crystal Palace,Tottenham,1,2,2023-10-27 19:00:00,,Rebound
545169,79,BlockedShot,0.7219999694824218,0.37,0.023499079048633575,Dejan Kulusevski,a,6691,OpenPlay,2023,LeftFoot,21990,Crystal Palace,Tottenham,1,2,2023-10-27 19:00:00,Son Heung-Min,Pass
545171,90,BlockedShot,0.9080000305175782,0.4259999847412109,0.13750602304935455,Son Heung-Min,a,453,OpenPlay,2023,RightFoot,21990,Crystal Palace,Tottenham,1,2,2023-10-27 19:00:00,Brennan Johnson,Pass
545172,90,BlockedShot,0.805,0.605999984741211,0.023269250988960266,Rodrigo Bentancur,a,6108,OpenPlay,2023,RightFoot,21990,Crystal Palace,Tottenham,1,2,2023-10-27 19:00:00,,Rebound
547901,4,SavedShot,0.895,0.3110000038146973,0.11815657466650009,Son Heung-Min,h,453,OpenPlay,2023,RightFoot,22004,Tottenham,Chelsea,1,4,2023-11-06 20:00:00,Pape Sarr,Throughball
547902,5,Goal,0.855999984741211,0.3370000076293945,0.051030877977609634,Dejan Kulusevski,h,6691,OpenPlay,2023,LeftFoot,22004,Tottenham,Chelsea,1,4,2023-11-06 20:00:00,Pape Sarr,Pass
547903,6,SavedShot,0.8159999847412109,0.345,0.06735779345035553,Pedro Porro,h,6912,OpenPlay,2023,LeftFoot,22004,Tottenham,Chelsea,1,4,2023-11-06 20:00:00,,TakeOn
547911,39,BlockedShot,0.7,0.47,0.014551175758242607,Pape Sarr,h,9021,OpenPlay,2023,RightFoot,22004,Tottenham,Chelsea,1,4,2023-11-06 20:00:00,,TakeOn
547915,53,BlockedShot,0.8619999694824219,0.3940000152587891,0.06910061091184616,Yves Bissouma,h,5609,OpenPlay,2023,RightFoot,22004,Tottenham,Chelsea,1,4,2023-11-06 20:00:00,Dejan Kulusevski,TakeOn
547920,81,SavedShot,0.44099998474121094,0.6869999694824219,0.0168115496635437,Pierre-Emile Højbjerg,h,343,DirectFreekick,2023,RightFoot,22004,Tottenham,Chelsea,1,4,2023-11-06 20:00:00,,Standard
547921,85,MissedShots,0.9619999694824218,0.47400001525878904,0.5478523373603821,Rodrigo Bentancur,h,6108,SetPiece,2023,Head,22004,Tottenham,Chelsea,1,4,2023-11-06 20:00:00,Pedro Porro,Cross
547922,93,SavedShot,0.855,0.5409999847412109,0.07424669712781906,Son Heung-Min,h,453,OpenPlay,2023,LeftFoot,22004,Tottenham,Chelsea,1,4,2023-11-06 20:00:00,Oliver Skipp,Pass
547904,10,SavedShot,0.91,0.56,0.16087262332439423,Nicolas Jackson,a,10048,OpenPlay,2023,RightFoot,22004,Tottenham,Chelsea,1,4,2023-11-06 20:00:00,Raheem Sterling,TakeOn
547905,11,MissedShots,0.8690000152587891,0.5279999923706055,0.02184523269534111,Axel Disasi,a,6885,FromCorner,2023,Head,22004,Tottenham,Chelsea,1,4,2023-11-06 20:00:00,Conor Gallagher,Cross
547906,20,BlockedShot,0.8859999847412109,0.725999984741211,0.03310326859354973,Raheem Sterling,a,618,OpenPlay,2023,RightFoot,22004,Tottenham,Chelsea,1,4,2023-11-06 20:00:00,Reece James,Chipped
547907,24,MissedShots,0.730999984741211,0.39599998474121095,0.016745077446103096,Enzo Fernández,a,11356,OpenPlay,2023,RightFoot,22004,Tottenham,Chelsea,1,4,2023-11-06 20:00:00,Moisés Caicedo,Pass
547908,26,MissedShots,0.845,0.6859999847412109,0.030349861830472946,Thiago Silva,a,3288,SetPiece,2023,RightFoot,22004,Tottenham,Chelsea,1,4,2023-11-06 20:00:00,,None
547909,26,MissedShots,0.7390000152587891,0.7380000305175781,0.013984991237521172,Enzo Fernández,a,11356,OpenPlay,2023,RightFoot,22004,Tottenham,Chelsea,1,4,2023-11-06 20:00:00,Conor Gallagher,Pass
547910,34,Goal,0.885,0.5,0.7611688375473022,Cole Palmer,a,8497,Penalty,2023,LeftFoot,22004,Tottenham,Chelsea,1,4,2023-11-06 20:00:00,,Standard
547912,46,MissedShots,0.8159999847412109,0.4779999923706055,0.06557358056306839,Cole Palmer,a,8497,OpenPlay,2023,LeftFoot,22004,Tottenham,Chelsea,1,4,2023-11-06 20:00:00,Conor Gallagher,Pass
547913,50,SavedShot,0.8159999847412109,0.665,0.03457149863243103,Raheem Sterling,a,618,OpenPlay,2023,RightFoot,22004,Tottenham,Chelsea,1,4,2023-11-06 20:00:00,Marc Cucurella,Pass
547914,53,BlockedShot,0.875,0.695,0.03674859181046486,Raheem Sterling,a,618,OpenPlay,2023,RightFoot,22004,Tottenham,Chelsea,1,4,2023-11-06 20:00:00,Enzo Fernández,TakeOn
547916,55,BlockedShot,0.9690000152587891,0.47,0.5977450609207153,Nicolas Jackson,a,10048,SetPiece,2023,Head,22004,Tottenham,Chelsea,1,4,2023-11-06 20:00:00,,None
547917,59,MissedShots,0.9030000305175782,0.26799999237060546,0.03583425283432007,Reece James,a,8067,OpenPlay,2023,RightFoot,22004,Tottenham,Chelsea,1,4,2023-11-06 20:00:00,Conor Gallagher,Chipped
547918,67,SavedShot,0.8959999847412109,0.5509999847412109,0.36830711364746094,Marc Cucurella,a,7134,OpenPlay,2023,RightFoot,22004,Tottenham,Chelsea,1,4,2023-11-06 20:00:00,Reece James,TakeOn
547919,74,Goal,0.9019999694824219,0.5359999847412109,0.4333488941192627,Nicolas Jackson,a,10048,OpenPlay,2023,LeftFoot,22004,Tottenham,Chelsea,1,4,2023-11-06 20:00:00,Raheem Sterling,Pass
547923,93,Goal,0.8980000305175782,0.46,0.41203078627586365,Nicolas Jackson,a,10048,OpenPlay,2023,RightFoot,22004,Tottenham,Chelsea,1,4,2023-11-06 20:00:00,Conor Gallagher,Pass
547924,96,Goal,0.9580000305175781,0.48400001525878905,0.9109541177749634,Nicolas Jackson,a,10048,OpenPlay,2023,RightFoot,22004,Tottenham,Chelsea,1,4,2023-11-06 20:00:00,Cole Palmer,TakeOn
547925,98,MissedShots,0.8780000305175781,0.5640000152587891,0.12547077238559723,Nicolas Jackson,a,10048,OpenPlay,2023,LeftFoot,22004,Tottenham,Chelsea,1,4,2023-11-06 20:00:00,Mykhailo Mudryk,Pass
548125,8,BlockedShot,0.749000015258789,0.4179999923706055,0.01977016031742096,João Gomes,h,11384,OpenPlay,2023,RightFoot,22014,Wolverhampton Wanderers,Tottenham,2,1,2023-11-11 12:30:00,Nélson Semedo,Pass
548126,9,BlockedShot,0.8919999694824219,0.6719999694824219,0.05313101038336754,Rayan Ait Nouri,h,6674,OpenPlay,2023,LeftFoot,22014,Wolverhampton Wanderers,Tottenham,2,1,2023-11-11 12:30:00,Matheus Cunha,Pass
548127,11,BlockedShot,0.8180000305175781,0.28399999618530275,0.029835699126124382,Nélson Semedo,h,6163,OpenPlay,2023,LeftFoot,22014,Wolverhampton Wanderers,Tottenham,2,1,2023-11-11 12:30:00,,TakeOn
548128,18,BlockedShot,0.8019999694824219,0.4520000076293945,0.04363895580172539,Matheus Cunha,h,7080,OpenPlay,2023,RightFoot,22014,Wolverhampton Wanderers,Tottenham,2,1,2023-11-11 12:30:00,Rayan Ait Nouri,Pass
548129,32,SavedShot,0.9369999694824219,0.28700000762939454,0.04412529245018959,Mario Lemina,h,1299,OpenPlay,2023,RightFoot,22014,Wolverhampton Wanderers,Tottenham,2,1,2023-11-11 12:30:00,Matheus Cunha,Pass
548130,33,MissedShots,0.909000015258789,0.5070000076293946,0.031235914677381516,Toti,h,10293,FromCorner,2023,Head,22014,Wolverhampton Wanderers,Tottenham,2,1,2023-11-11 12:30:00,Rayan Ait Nouri,Aerial
548131,45,BlockedShot,0.7859999847412109,0.53,0.030482623726129532,Rayan Ait Nouri,h,6674,SetPiece,2023,RightFoot,22014,Wolverhampton Wanderers,Tottenham,2,1,2023-11-11 12:30:00,Jean-Ricner Bellegarde,Pass
548132,46,BlockedShot,0.9209999847412109,0.5620000076293945,0.03265944495797157,Mario Lemina,h,1299,FromCorner,2023,Head,22014,Wolverhampton Wanderers,Tottenham,2,1,2023-11-11 12:30:00,,Aerial
548133,47,SavedShot,0.9230000305175782,0.4829999923706055,0.06334789097309113,Toti,h,10293,SetPiece,2023,Head,22014,Wolverhampton Wanderers,Tottenham,2,1,2023-11-11 12:30:00,Rayan Ait Nouri,Aerial
548135,45,MissedShots,0.7519999694824219,0.39,0.03789915516972542,Jean-Ricner Bellegarde,h,7762,OpenPlay,2023,RightFoot,22014,Wolverhampton Wanderers,Tottenham,2,1,2023-11-11 12:30:00,,TakeOn
548136,52,MissedShots,0.8590000152587891,0.565,0.08281034231185913,Matheus Cunha,h,7080,OpenPlay,2023,RightFoot,22014,Wolverhampton Wanderers,Tottenham,2,1,2023-11-11 12:30:00,Rayan Ait Nouri,Pass
548137,54,BlockedShot,0.8090000152587891,0.505,0.03527435287833214,João Gomes,h,11384,FromCorner,2023,RightFoot,22014,Wolverhampton Wanderers,Tottenham,2,1,2023-11-11 12:30:00,,None
548138,54,MissedShots,0.93,0.4209999847412109,0.40889453887939453,Hee-Chan Hwang,h,8845,FromCorner,2023,RightFoot,22014,Wolverhampton Wanderers,Tottenham,2,1,2023-11-11 12:30:00,,Rebound
548140,67,MissedShots,0.45299999237060545,0.67,0.006934221368283033,Matheus Cunha,h,7080,OpenPlay,2023,RightFoot,22014,Wolverhampton Wanderers,Tottenham,2,1,2023-11-11 12:30:00,,BallRecovery
548142,84,MissedShots,0.9159999847412109,0.55,0.21706877648830414,Sasa Kalajdzic,h,8812,OpenPlay,2023,Head,22014,Wolverhampton Wanderers,Tottenham,2,1,2023-11-11 12:30:00,João Gomes,Cross
548145,90,Goal,0.9230000305175782,0.595,0.30419492721557617,Pablo Sarabia,h,2199,OpenPlay,2023,LeftFoot,22014,Wolverhampton Wanderers,Tottenham,2,1,2023-11-11 12:30:00,Matheus Cunha,Chipped
548146,96,Goal,0.919000015258789,0.46799999237060547,0.4819648265838623,Mario Lemina,h,1299,OpenPlay,2023,RightFoot,22014,Wolverhampton Wanderers,Tottenham,2,1,2023-11-11 12:30:00,Pablo Sarabia,Throughball
548124,2,Goal,0.9630000305175781,0.5059999847412109,0.14032123982906342,Brennan Johnson,a,10760,OpenPlay,2023,LeftFoot,22014,Wolverhampton Wanderers,Tottenham,2,1,2023-11-11 12:30:00,Pedro Porro,Cross
548134,50,MissedShots,0.9230000305175782,0.44299999237060544,0.08245792239904404,Ben Davies,a,660,FromCorner,2023,Head,22014,Wolverhampton Wanderers,Tottenham,2,1,2023-11-11 12:30:00,Pedro Porro,Cross
548139,55,BlockedShot,0.84,0.2879999923706055,0.035780638456344604,Dejan Kulusevski,a,6691,OpenPlay,2023,LeftFoot,22014,Wolverhampton Wanderers,Tottenham,2,1,2023-11-11 12:30:00,Son Heung-Min,Pass
548141,71,MissedShots,0.740999984741211,0.5220000076293946,0.026375535875558853,Brennan Johnson,a,10760,OpenPlay,2023,RightFoot,22014,Wolverhampton Wanderers,Tottenham,2,1,2023-11-11 12:30:00,Pierre-Emile Højbjerg,Pass
548143,87,BlockedShot,0.8059999847412109,0.555,0.085642509162426,Son Heung-Min,a,453,OpenPlay,2023,RightFoot,22014,Wolverhampton Wanderers,Tottenham,2,1,2023-11-11 12:30:00,Rodrigo Bentancur,Pass
548144,87,SavedShot,0.8159999847412109,0.4570000076293945,0.06173678860068321,Giovani Lo Celso,a,5681,OpenPlay,2023,LeftFoot,22014,Wolverhampton Wanderers,Tottenham,2,1,2023-11-11 12:30:00,Dejan Kulusevski,Pass
550286,2,MissedShots,0.84,0.4379999923706055,0.3044511675834656,Iyenoma Destiny Udogie,h,8831,OpenPlay,2023,RightFoot,22024,Tottenham,Aston Villa,1,2,2023-11-26 14:00:00,Pedro Porro,Throughball
550287,2,ShotOnPost,0.9180000305175782,0.4259999847412109,0.4213041067123413,Dejan Kulusevski,h,6691,OpenPlay,2023,LeftFoot,22024,Tottenham,Aston Villa,1,2,2023-11-26 14:00:00,Son Heung-Min,Throughball
550288,2,BlockedShot,0.955,0.3220000076293945,0.04999648779630661,Brennan Johnson,h,10760,OpenPlay,2023,RightFoot,22024,Tottenham,Aston Villa,1,2,2023-11-26 14:00:00,,Rebound
550290,6,SavedShot,0.9130000305175782,0.6780000305175782,0.11993386596441269,Bryan Gil Salvatierra,h,7338,OpenPlay,2023,LeftFoot,22024,Tottenham,Aston Villa,1,2,2023-11-26 14:00:00,Dejan Kulusevski,Throughball
550291,7,MissedShots,0.8969999694824219,0.505,0.03351074457168579,Pedro Porro,h,6912,OpenPlay,2023,Head,22024,Tottenham,Aston Villa,1,2,2023-11-26 14:00:00,,Rebound
550292,21,Goal,0.8469999694824218,0.6559999847412109,0.03344481438398361,Giovani Lo Celso,h,5681,FromCorner,2023,LeftFoot,22024,Tottenham,Aston Villa,1,2,2023-11-26 14:00:00,Pedro Porro,Cross
550293,34,MissedShots,0.875,0.26600000381469724,0.04622463509440422,Dejan Kulusevski,h,6691,OpenPlay,2023,LeftFoot,22024,Tottenham,Aston Villa,1,2,2023-11-26 14:00:00,Brennan Johnson,Pass
550297,48,BlockedShot,0.7830000305175782,0.5840000152587891,0.026365136727690697,Giovani Lo Celso,h,5681,SetPiece,2023,LeftFoot,22024,Tottenham,Aston Villa,1,2,2023-11-26 14:00:00,Bryan Gil Salvatierra,Pass
550298,49,MissedShots,0.9230000305175782,0.42700000762939455,0.07067476212978363,Son Heung-Min,h,453,FromCorner,2023,Head,22024,Tottenham,Aston Villa,1,2,2023-11-26 14:00:00,Dejan Kulusevski,Cross
550300,54,SavedShot,0.92,0.6969999694824218,0.05943688005208969,Son Heung-Min,h,453,OpenPlay,2023,LeftFoot,22024,Tottenham,Aston Villa,1,2,2023-11-26 14:00:00,Giovani Lo Celso,Pass
550303,66,SavedShot,0.855999984741211,0.5270000076293946,0.058247409760951996,Pedro Porro,h,6912,OpenPlay,2023,RightFoot,22024,Tottenham,Aston Villa,1,2,2023-11-26 14:00:00,Son Heung-Min,Chipped
550304,67,MissedShots,0.9619999694824218,0.5109999847412109,0.09102027118206024,Ben Davies,h,660,FromCorner,2023,Head,22024,Tottenham,Aston Villa,1,2,2023-11-26 14:00:00,Pedro Porro,Aerial
550308,72,SavedShot,0.905,0.5570000076293945,0.7006805539131165,Brennan Johnson,h,10760,OpenPlay,2023,RightFoot,22024,Tottenham,Aston Villa,1,2,2023-11-26 14:00:00,Son Heung-Min,TakeOn
550309,72,SavedShot,0.7280000305175781,0.395,0.01522904448211193,Pierre-Emile Højbjerg,h,343,OpenPlay,2023,RightFoot,22024,Tottenham,Aston Villa,1,2,2023-11-26 14:00:00,Dejan Kulusevski,Pass
550310,73,SavedShot,0.9640000152587891,0.3529999923706055,0.11423665285110474,Dejan Kulusevski,h,6691,OpenPlay,2023,RightFoot,22024,Tottenham,Aston Villa,1,2,2023-11-26 14:00:00,Oliver Skipp,Pass
550312,79,MissedShots,0.935,0.7090000152587891,0.04092635214328766,Brennan Johnson,h,10760,OpenPlay,2023,LeftFoot,22024,Tottenham,Aston Villa,1,2,2023-11-26 14:00:00,Giovani Lo Celso,Chipped
550315,84,ShotOnPost,0.8590000152587891,0.37,0.049417078495025635,Pedro Porro,h,6912,OpenPlay,2023,RightFoot,22024,Tottenham,Aston Villa,1,2,2023-11-26 14:00:00,Giovani Lo Celso,Pass
550316,94,MissedShots,0.955999984741211,0.6079999923706054,0.015399912372231483,Emerson,h,7430,FromCorner,2023,Head,22024,Tottenham,Aston Villa,1,2,2023-11-26 14:00:00,Pedro Porro,Aerial
550285,0,MissedShots,0.915,0.485,0.19748708605766296,Matthew Cash,a,8864,OpenPlay,2023,OtherBodyPart,22024,Tottenham,Aston Villa,1,2,2023-11-26 14:00:00,John McGinn,Cross
550289,4,MissedShots,0.925,0.45599998474121095,0.31842008233070374,Pau Torres,a,6221,SetPiece,2023,Head,22024,Tottenham,Aston Villa,1,2,2023-11-26 14:00:00,Lucas Digne,Cross
550294,45,MissedShots,0.9019999694824219,0.5320000076293945,0.0999225601553917,Diego Carlos,a,5712,OpenPlay,2023,LeftFoot,22024,Tottenham,Aston Villa,1,2,2023-11-26 14:00:00,Moussa Diaby,Cross
550295,49,MissedShots,0.9009999847412109,0.4540000152587891,0.060860853642225266,Moussa Diaby,a,6556,OpenPlay,2023,LeftFoot,22024,Tottenham,Aston Villa,1,2,2023-11-26 14:00:00,,Aerial
550296,51,Goal,0.9080000305175782,0.48,0.23213298618793488,Pau Torres,a,6221,SetPiece,2023,Head,22024,Tottenham,Aston Villa,1,2,2023-11-26 14:00:00,Douglas Luiz,Cross
550299,51,SavedShot,0.8109999847412109,0.40799999237060547,0.04095100983977318,Leon Bailey,a,5221,OpenPlay,2023,LeftFoot,22024,Tottenham,Aston Villa,1,2,2023-11-26 14:00:00,John McGinn,TakeOn
550301,59,MissedShots,0.6880000305175781,0.6359999847412109,0.00893046148121357,John McGinn,a,7723,OpenPlay,2023,LeftFoot,22024,Tottenham,Aston Villa,1,2,2023-11-26 14:00:00,,None
550302,60,Goal,0.855999984741211,0.445,0.09781885147094727,Ollie Watkins,a,8865,OpenPlay,2023,RightFoot,22024,Tottenham,Aston Villa,1,2,2023-11-26 14:00:00,Youri Tielemans,Pass
550305,69,SavedShot,0.7669999694824219,0.3770000076293945,0.06565398722887039,Lucas Digne,a,1823,DirectFreekick,2023,LeftFoot,22024,Tottenham,Aston Villa,1,2,2023-11-26 14:00:00,,Standard
550306,70,MissedShots,0.9630000305175781,0.4520000076293945,0.13152270019054413,Ollie Watkins,a,8865,FromCorner,2023,Head,22024,Tottenham,Aston Villa,1,2,2023-11-26 14:00:00,Lucas Digne,Cross
550307,71,BlockedShot,0.8919999694824219,0.40599998474121096,0.12129136919975281,Leon Bailey,a,5221,OpenPlay,2023,LeftFoot,22024,Tottenham,Aston Villa,1,2,2023-11-26 14:00:00,Youri Tielemans,Pass
550311,79,BlockedShot,0.785,0.3529999923706055,0.027097957208752632,Leon Bailey,a,5221,OpenPlay,2023,LeftFoot,22024,Tottenham,Aston Villa,1,2,2023-11-26 14:00:00,Ollie Watkins,Pass
550313,80,SavedShot,0.7819999694824219,0.40799999237060547,0.039757516235113144,Boubacar Kamara,a,5789,OpenPlay,2023,RightFoot,22024,Tottenham,Aston Villa,1,2,2023-11-26 14:00:00,Douglas Luiz,Pass
550314,81,MissedShots,0.9819999694824219,0.47,0.9445065855979919,Ollie Watkins,a,8865,OpenPlay,2023,Head,22024,Tottenham,Aston Villa,1,2,2023-11-26 14:00:00,John McGinn,Aerial
550317,96,MissedShots,0.7780000305175782,0.18600000381469728,0.011197090148925781,Jhon Durán,a,11366,OpenPlay,2023,LeftFoot,22024,Tottenham,Aston Villa,1,2,2023-11-26 14:00:00,Leon Bailey,HeadPass
551905,2,MissedShots,0.9619999694824218,0.5329999923706055,0.13488644361495972,Manuel Akanji,h,6490,FromCorner,2023,Head,22031,Manchester City,Tottenham,3,3,2023-12-03 16:30:00,Julián Álvarez,Cross
551906,5,SavedShot,0.8730000305175781,0.65,0.07452718168497086,Jéremy Doku,h,8981,OpenPlay,2023,LeftFoot,22031,Manchester City,Tottenham,3,3,2023-12-03 16:30:00,Phil Foden,Pass
551908,8,MissedShots,0.8919999694824219,0.4229999923706055,0.04675827920436859,Erling Haaland,h,8260,SetPiece,2023,Head,22031,Manchester City,Tottenham,3,3,2023-12-03 16:30:00,Julián Álvarez,Cross
551910,11,BlockedShot,0.8330000305175781,0.32799999237060545,0.03910885006189346,Phil Foden,h,6055,OpenPlay,2023,LeftFoot,22031,Manchester City,Tottenham,3,3,2023-12-03 16:30:00,Julián Álvarez,Pass
551911,12,MissedShots,0.92,0.49900001525878906,0.486733078956604,Erling Haaland,h,8260,OpenPlay,2023,LeftFoot,22031,Manchester City,Tottenham,3,3,2023-12-03 16:30:00,Bernardo Silva,BallRecovery
551912,15,BlockedShot,0.8580000305175781,0.605999984741211,0.037390049546957016,Erling Haaland,h,8260,FromCorner,2023,LeftFoot,22031,Manchester City,Tottenham,3,3,2023-12-03 16:30:00,Bernardo Silva,Chipped
551913,28,ShotOnPost,0.875999984741211,0.6509999847412109,0.09191929548978806,Jéremy Doku,h,8981,OpenPlay,2023,RightFoot,22031,Manchester City,Tottenham,3,3,2023-12-03 16:30:00,Julián Álvarez,Pass
551914,30,Goal,0.9319999694824219,0.5279999923706055,0.5932251214981079,Phil Foden,h,6055,OpenPlay,2023,LeftFoot,22031,Manchester City,Tottenham,3,3,2023-12-03 16:30:00,Julián Álvarez,Pass
551915,34,ShotOnPost,0.855,0.30100000381469727,0.07510056346654892,Julián Álvarez,h,10846,OpenPlay,2023,RightFoot,22031,Manchester City,Tottenham,3,3,2023-12-03 16:30:00,Bernardo Silva,Pass
551916,35,MissedShots,0.8690000152587891,0.4779999923706055,0.12501955032348633,Erling Haaland,h,8260,OpenPlay,2023,LeftFoot,22031,Manchester City,Tottenham,3,3,2023-12-03 16:30:00,Julián Álvarez,Pass
551918,39,BlockedShot,0.8569999694824219,0.715999984741211,0.04148859903216362,Jéremy Doku,h,8981,OpenPlay,2023,RightFoot,22031,Manchester City,Tottenham,3,3,2023-12-03 16:30:00,Rúben Dias,Pass
551919,43,BlockedShot,0.855999984741211,0.6379999923706055,0.07666569203138351,Jéremy Doku,h,8981,OpenPlay,2023,RightFoot,22031,Manchester City,Tottenham,3,3,2023-12-03 16:30:00,Rodri,Dispossessed
551920,45,SavedShot,0.7969999694824219,0.54,0.04933866858482361,Bernardo Silva,h,3635,OpenPlay,2023,LeftFoot,22031,Manchester City,Tottenham,3,3,2023-12-03 16:30:00,Erling Haaland,Pass
551921,46,BlockedShot,0.904000015258789,0.5309999847412109,0.022484052926301956,Rodri,h,2496,FromCorner,2023,Head,22031,Manchester City,Tottenham,3,3,2023-12-03 16:30:00,Julián Álvarez,Aerial
551923,53,MissedShots,0.935,0.49,0.14882399141788483,Erling Haaland,h,8260,OpenPlay,2023,Head,22031,Manchester City,Tottenham,3,3,2023-12-03 16:30:00,Jack Grealish,Cross
551928,74,MissedShots,0.9109999847412109,0.4159999847412109,0.4087209105491638,Rodri,h,2496,OpenPlay,2023,RightFoot,22031,Manchester City,Tottenham,3,3,2023-12-03 16:30:00,Rico Lewis,Pass
551929,77,MissedShots,0.8169999694824219,0.674000015258789,0.0220401082187891,Josko Gvardiol,h,9790,FromCorner,2023,RightFoot,22031,Manchester City,Tottenham,3,3,2023-12-03 16:30:00,,None
551930,80,Goal,0.899000015258789,0.47299999237060547,0.43306124210357666,Jack Grealish,h,675,OpenPlay,2023,RightFoot,22031,Manchester City,Tottenham,3,3,2023-12-03 16:30:00,Erling Haaland,Pass
551907,5,Goal,0.9019999694824219,0.3629999923706055,0.18489718437194824,Son Heung-Min,a,453,OpenPlay,2023,RightFoot,22031,Manchester City,Tottenham,3,3,2023-12-03 16:30:00,Dejan Kulusevski,TakeOn
551909,8,OwnGoal,0.08100000381469727,0.51,0,Son Heung-Min,a,453,SetPiece,2023,RightFoot,22031,Manchester City,Tottenham,3,3,2023-12-03 16:30:00,,BlockedPass
551917,38,MissedShots,0.8680000305175781,0.355,0.06470799446105957,Pedro Porro,a,6912,OpenPlay,2023,RightFoot,22031,Manchester City,Tottenham,3,3,2023-12-03 16:30:00,Brennan Johnson,Pass
551922,52,SavedShot,0.7230000305175781,0.7030000305175781,0.015483271330595016,Brennan Johnson,a,10760,OpenPlay,2023,RightFoot,22031,Manchester City,Tottenham,3,3,2023-12-03 16:30:00,Iyenoma Destiny Udogie,Pass
551924,55,BlockedShot,0.7330000305175781,0.51,0.0315871424973011,Brennan Johnson,a,10760,OpenPlay,2023,RightFoot,22031,Manchester City,Tottenham,3,3,2023-12-03 16:30:00,Son Heung-Min,Pass
551925,68,Goal,0.8159999847412109,0.504000015258789,0.047851722687482834,Giovani Lo Celso,a,5681,OpenPlay,2023,LeftFoot,22031,Manchester City,Tottenham,3,3,2023-12-03 16:30:00,Son Heung-Min,BallRecovery
551926,70,BlockedShot,0.7969999694824219,0.6619999694824219,0.027152488008141518,Giovani Lo Celso,a,5681,FromCorner,2023,LeftFoot,22031,Manchester City,Tottenham,3,3,2023-12-03 16:30:00,Pedro Porro,Cross
551927,71,BlockedShot,0.735999984741211,0.48200000762939454,0.01332769449800253,Pierre-Emile Højbjerg,a,343,FromCorner,2023,RightFoot,22031,Manchester City,Tottenham,3,3,2023-12-03 16:30:00,,Aerial
551931,89,Goal,0.925,0.47200000762939454,0.04806918278336525,Dejan Kulusevski,a,6691,OpenPlay,2023,Head,22031,Manchester City,Tottenham,3,3,2023-12-03 16:30:00,Brennan Johnson,Aerial
552446,10,Goal,0.894000015258789,0.48200000762939454,0.017812388017773628,Cristian Romero,h,7218,FromCorner,2023,Head,22041,Tottenham,West Ham,1,2,2023-12-07 20:15:00,Pedro Porro,Aerial
552447,14,BlockedShot,0.8769999694824219,0.6070000076293945,0.1351885348558426,Brennan Johnson,h,10760,OpenPlay,2023,RightFoot,22041,Tottenham,West Ham,1,2,2023-12-07 20:15:00,Dejan Kulusevski,Pass
552448,15,BlockedShot,0.8390000152587891,0.3110000038146973,0.04613582789897919,Pedro Porro,h,6912,OpenPlay,2023,LeftFoot,22041,Tottenham,West Ham,1,2,2023-12-07 20:15:00,Cristian Romero,Pass
552449,16,SavedShot,0.8030000305175782,0.47200000762939454,0.06698725372552872,Son Heung-Min,h,453,OpenPlay,2023,RightFoot,22041,Tottenham,West Ham,1,2,2023-12-07 20:15:00,Dejan Kulusevski,Pass
552452,20,MissedShots,0.7680000305175781,0.575,0.026665322482585907,Giovani Lo Celso,h,5681,OpenPlay,2023,LeftFoot,22041,Tottenham,West Ham,1,2,2023-12-07 20:15:00,Brennan Johnson,Pass
552453,21,BlockedShot,0.8040000152587891,0.5359999847412109,0.06005193293094635,Giovani Lo Celso,h,5681,OpenPlay,2023,LeftFoot,22041,Tottenham,West Ham,1,2,2023-12-07 20:15:00,Son Heung-Min,Pass
552455,25,MissedShots,0.76,0.3579999923706055,0.026461288332939148,Pedro Porro,h,6912,OpenPlay,2023,RightFoot,22041,Tottenham,West Ham,1,2,2023-12-07 20:15:00,Brennan Johnson,Pass
552456,34,SavedShot,0.840999984741211,0.49599998474121093,0.08461280912160873,Giovani Lo Celso,h,5681,OpenPlay,2023,LeftFoot,22041,Tottenham,West Ham,1,2,2023-12-07 20:15:00,,None
552457,36,SavedShot,0.899000015258789,0.6279999923706054,0.13607703149318695,Brennan Johnson,h,10760,OpenPlay,2023,LeftFoot,22041,Tottenham,West Ham,1,2,2023-12-07 20:15:00,Giovani Lo Celso,Throughball
552458,39,BlockedShot,0.8809999847412109,0.28200000762939453,0.05463060364127159,Dejan Kulusevski,h,6691,OpenPlay,2023,LeftFoot,22041,Tottenham,West Ham,1,2,2023-12-07 20:15:00,,None
552459,39,MissedShots,0.8419999694824218,0.5070000076293946,0.07585426419973373,Yves Bissouma,h,5609,OpenPlay,2023,LeftFoot,22041,Tottenham,West Ham,1,2,2023-12-07 20:15:00,,Rebound
552461,45,SavedShot,0.860999984741211,0.6809999847412109,0.05727963522076607,Brennan Johnson,h,10760,OpenPlay,2023,RightFoot,22041,Tottenham,West Ham,1,2,2023-12-07 20:15:00,Pedro Porro,Pass
552462,47,MissedShots,0.9519999694824218,0.5109999847412109,0.0828528180718422,Cristian Romero,h,7218,FromCorner,2023,Head,22041,Tottenham,West Ham,1,2,2023-12-07 20:15:00,Pedro Porro,Aerial
552463,47,MissedShots,0.835999984741211,0.74,0.021132826805114746,Pedro Porro,h,6912,FromCorner,2023,RightFoot,22041,Tottenham,West Ham,1,2,2023-12-07 20:15:00,Giovani Lo Celso,LayOff
552467,57,BlockedShot,0.815,0.5309999847412109,0.04834861308336258,Yves Bissouma,h,5609,SetPiece,2023,RightFoot,22041,Tottenham,West Ham,1,2,2023-12-07 20:15:00,Giovani Lo Celso,Pass
552469,69,MissedShots,0.93,0.5379999923706055,0.33097755908966064,Richarlison,h,6026,FromCorner,2023,Head,22041,Tottenham,West Ham,1,2,2023-12-07 20:15:00,Pedro Porro,Cross
552470,72,SavedShot,0.8909999847412109,0.305,0.05462540313601494,Pedro Porro,h,6912,OpenPlay,2023,RightFoot,22041,Tottenham,West Ham,1,2,2023-12-07 20:15:00,Yves Bissouma,Pass
552471,72,MissedShots,0.98,0.335,0.04895423725247383,Brennan Johnson,h,10760,FromCorner,2023,RightFoot,22041,Tottenham,West Ham,1,2,2023-12-07 20:15:00,Dejan Kulusevski,Pass
552474,76,MissedShots,0.9109999847412109,0.34599998474121096,0.06272097676992416,Brennan Johnson,h,10760,OpenPlay,2023,RightFoot,22041,Tottenham,West Ham,1,2,2023-12-07 20:15:00,Ben Davies,Chipped
552476,86,MissedShots,0.8430000305175781,0.580999984741211,0.06797745823860168,Pape Sarr,h,9021,OpenPlay,2023,RightFoot,22041,Tottenham,West Ham,1,2,2023-12-07 20:15:00,Son Heung-Min,Pass
552477,90,BlockedShot,0.7809999847412109,0.514000015258789,0.029310530051589012,Pape Sarr,h,9021,OpenPlay,2023,RightFoot,22041,Tottenham,West Ham,1,2,2023-12-07 20:15:00,Bryan Gil Salvatierra,Pass
552478,93,BlockedShot,0.784000015258789,0.3290000152587891,0.06594372540712357,Pedro Porro,h,6912,DirectFreekick,2023,RightFoot,22041,Tottenham,West Ham,1,2,2023-12-07 20:15:00,,Standard
552479,94,MissedShots,0.8880000305175781,0.4779999923706055,0.016227705404162407,Richarlison,h,6026,FromCorner,2023,Head,22041,Tottenham,West Ham,1,2,2023-12-07 20:15:00,Pedro Porro,Aerial
552450,17,BlockedShot,0.769000015258789,0.7319999694824219,0.01709042675793171,Emerson,a,1245,OpenPlay,2023,LeftFoot,22041,Tottenham,West Ham,1,2,2023-12-07 20:15:00,Lucas Paquetá,Pass
552451,19,MissedShots,0.975999984741211,0.5540000152587891,0.11009419709444046,Kurt Zouma,a,935,FromCorner,2023,Head,22041,Tottenham,West Ham,1,2,2023-12-07 20:15:00,,Aerial
552454,24,SavedShot,0.74,0.4109999847412109,0.015612508170306683,Mohammed Kudus,a,12027,OpenPlay,2023,RightFoot,22041,Tottenham,West Ham,1,2,2023-12-07 20:15:00,,BallRecovery
552460,43,MissedShots,0.9290000152587891,0.5890000152587891,0.2729105055332184,Lucas Paquetá,a,7365,OpenPlay,2023,Head,22041,Tottenham,West Ham,1,2,2023-12-07 20:15:00,Mohammed Kudus,Cross
552464,51,BlockedShot,0.7340000152587891,0.4779999923706055,0.0200654286891222,Mohammed Kudus,a,12027,OpenPlay,2023,LeftFoot,22041,Tottenham,West Ham,1,2,2023-12-07 20:15:00,Jarrod Bowen,Pass
552465,51,Goal,0.9280000305175782,0.44599998474121094,0.4791664481163025,Jarrod Bowen,a,1776,OpenPlay,2023,RightFoot,22041,Tottenham,West Ham,1,2,2023-12-07 20:15:00,,Rebound
552466,55,SavedShot,0.8680000305175781,0.6419999694824219,0.07222884893417358,Lucas Paquetá,a,7365,OpenPlay,2023,LeftFoot,22041,Tottenham,West Ham,1,2,2023-12-07 20:15:00,James Ward-Prowse,Pass
552468,60,MissedShots,0.9119999694824219,0.43200000762939456,0.06634104251861572,Naif Aguerd,a,6935,FromCorner,2023,Head,22041,Tottenham,West Ham,1,2,2023-12-07 20:15:00,Emerson,Cross
552472,73,ShotOnPost,0.8190000152587891,0.544000015258789,0.05812818929553032,James Ward-Prowse,a,843,OpenPlay,2023,LeftFoot,22041,Tottenham,West Ham,1,2,2023-12-07 20:15:00,,Goal
552473,73,Goal,0.9269999694824219,0.5259999847412109,0.5380217432975769,James Ward-Prowse,a,843,OpenPlay,2023,LeftFoot,22041,Tottenham,West Ham,1,2,2023-12-07 20:15:00,,None
552475,86,SavedShot,0.950999984741211,0.5179999923706055,0.10085466504096985,Naif Aguerd,a,6935,FromCorner,2023,Head,22041,Tottenham,West Ham,1,2,2023-12-07 20:15:00,,Aerial
553618,3,BlockedShot,0.8169999694824219,0.539000015258789,0.06520391255617142,Richarlison,h,6026,OpenPlay,2023,RightFoot,22053,Tottenham,Newcastle United,4,1,2023-12-10 16:30:00,Iyenoma Destiny Udogie,Pass
553619,4,BlockedShot,0.9069999694824219,0.685,0.06387117505073547,Richarlison,h,6026,OpenPlay,2023,LeftFoot,22053,Tottenham,Newcastle United,4,1,2023-12-10 16:30:00,Dejan Kulusevski,Pass
553620,5,MissedShots,0.759000015258789,0.455,0.023253604769706726,Ben Davies,h,660,OpenPlay,2023,RightFoot,22053,Tottenham,Newcastle United,4,1,2023-12-10 16:30:00,,None
553623,16,BlockedShot,0.9080000305175782,0.56,0.018789727240800858,Cristian Romero,h,7218,FromCorner,2023,Head,22053,Tottenham,Newcastle United,4,1,2023-12-10 16:30:00,Pedro Porro,Aerial
553624,25,Goal,0.965,0.524000015258789,0.7597935199737549,Iyenoma Destiny Udogie,h,8831,OpenPlay,2023,LeftFoot,22053,Tottenham,Newcastle United,4,1,2023-12-10 16:30:00,Son Heung-Min,Pass
553626,29,MissedShots,0.9059999847412109,0.47900001525878905,0.3398544490337372,Pape Sarr,h,9021,OpenPlay,2023,RightFoot,22053,Tottenham,Newcastle United,4,1,2023-12-10 16:30:00,Brennan Johnson,Cross
553628,37,Goal,0.9359999847412109,0.5620000076293945,0.5243200659751892,Richarlison,h,6026,OpenPlay,2023,LeftFoot,22053,Tottenham,Newcastle United,4,1,2023-12-10 16:30:00,Son Heung-Min,Pass
553629,39,BlockedShot,0.8630000305175781,0.34,0.08595383167266846,Pedro Porro,h,6912,OpenPlay,2023,RightFoot,22053,Tottenham,Newcastle United,4,1,2023-12-10 16:30:00,Son Heung-Min,Pass
553630,40,ShotOnPost,0.84,0.3079999923706055,0.04013701528310776,Brennan Johnson,h,10760,OpenPlay,2023,RightFoot,22053,Tottenham,Newcastle United,4,1,2023-12-10 16:30:00,Pape Sarr,None
553631,41,SavedShot,0.905,0.395,0.10259708762168884,Dejan Kulusevski,h,6691,OpenPlay,2023,LeftFoot,22053,Tottenham,Newcastle United,4,1,2023-12-10 16:30:00,Brennan Johnson,BallRecovery
553632,43,SavedShot,0.874000015258789,0.4540000152587891,0.02284274809062481,Richarlison,h,6026,FromCorner,2023,Head,22053,Tottenham,Newcastle United,4,1,2023-12-10 16:30:00,Pedro Porro,Cross
553633,48,MissedShots,0.91,0.565,0.13972102105617523,Richarlison,h,6026,OpenPlay,2023,RightFoot,22053,Tottenham,Newcastle United,4,1,2023-12-10 16:30:00,Dejan Kulusevski,Pass
553635,55,SavedShot,0.7680000305175781,0.40400001525878904,0.027114853262901306,Yves Bissouma,h,5609,OpenPlay,2023,RightFoot,22053,Tottenham,Newcastle United,4,1,2023-12-10 16:30:00,Pape Sarr,Pass
553636,59,Goal,0.9180000305175782,0.5929999923706055,0.34033554792404175,Richarlison,h,6026,OpenPlay,2023,LeftFoot,22053,Tottenham,Newcastle United,4,1,2023-12-10 16:30:00,Pedro Porro,Chipped
553637,62,ShotOnPost,0.9159999847412109,0.335,0.1358867883682251,Brennan Johnson,h,10760,OpenPlay,2023,RightFoot,22053,Tottenham,Newcastle United,4,1,2023-12-10 16:30:00,Dejan Kulusevski,Throughball
553638,62,MissedShots,0.9669999694824218,0.63,0.2180616408586502,Son Heung-Min,h,453,OpenPlay,2023,LeftFoot,22053,Tottenham,Newcastle United,4,1,2023-12-10 16:30:00,Dejan Kulusevski,Cross
553639,65,MissedShots,0.875,0.26299999237060545,0.047576431185007095,Pedro Porro,h,6912,OpenPlay,2023,RightFoot,22053,Tottenham,Newcastle United,4,1,2023-12-10 16:30:00,Brennan Johnson,Pass
553640,66,SavedShot,0.7780000305175782,0.55,0.04651615768671036,Dejan Kulusevski,h,6691,OpenPlay,2023,RightFoot,22053,Tottenham,Newcastle United,4,1,2023-12-10 16:30:00,Son Heung-Min,Pass
553641,66,SavedShot,0.86,0.6990000152587891,0.06398234516382217,Son Heung-Min,h,453,OpenPlay,2023,RightFoot,22053,Tottenham,Newcastle United,4,1,2023-12-10 16:30:00,Iyenoma Destiny Udogie,Pass
553642,75,SavedShot,0.755,0.3129999923706055,0.02264033816754818,Pedro Porro,h,6912,OpenPlay,2023,RightFoot,22053,Tottenham,Newcastle United,4,1,2023-12-10 16:30:00,,TakeOn
553645,84,Goal,0.885,0.5,0.7611688375473022,Son Heung-Min,h,453,Penalty,2023,RightFoot,22053,Tottenham,Newcastle United,4,1,2023-12-10 16:30:00,,Standard
553646,87,SavedShot,0.950999984741211,0.4209999847412109,0.42438873648643494,Oliver Skipp,h,7198,OpenPlay,2023,RightFoot,22053,Tottenham,Newcastle United,4,1,2023-12-10 16:30:00,Dejan Kulusevski,Chipped
553647,88,MissedShots,0.914000015258789,0.3270000076293945,0.12716837227344513,Son Heung-Min,h,453,OpenPlay,2023,RightFoot,22053,Tottenham,Newcastle United,4,1,2023-12-10 16:30:00,Oliver Skipp,TakeOn
553621,6,MissedShots,0.769000015258789,0.55,0.023521119728684425,Bruno Guimarães,a,8327,OpenPlay,2023,RightFoot,22053,Tottenham,Newcastle United,4,1,2023-12-10 16:30:00,Joelinton,Pass
553622,8,MissedShots,0.9619999694824218,0.455,0.6196804046630859,Alexander Isak,a,5232,OpenPlay,2023,RightFoot,22053,Tottenham,Newcastle United,4,1,2023-12-10 16:30:00,,None
553625,27,BlockedShot,0.794000015258789,0.5029999923706054,0.042332667857408524,Joelinton,a,87,OpenPlay,2023,RightFoot,22053,Tottenham,Newcastle United,4,1,2023-12-10 16:30:00,Anthony Gordon,Pass
553627,32,SavedShot,0.870999984741211,0.39299999237060546,0.30730846524238586,Miguel Almirón,a,7420,OpenPlay,2023,LeftFoot,22053,Tottenham,Newcastle United,4,1,2023-12-10 16:30:00,Anthony Gordon,Pass
553634,51,MissedShots,0.975999984741211,0.610999984741211,0.04550113156437874,Anthony Gordon,a,8150,OpenPlay,2023,LeftFoot,22053,Tottenham,Newcastle United,4,1,2023-12-10 16:30:00,Kieran Trippier,Cross
553643,75,BlockedShot,0.799000015258789,0.7040000152587891,0.019344864413142204,Joelinton,a,87,OpenPlay,2023,RightFoot,22053,Tottenham,Newcastle United,4,1,2023-12-10 16:30:00,Callum Wilson,Pass
553644,76,MissedShots,0.9619999694824218,0.5359999847412109,0.1338331550359726,Joelinton,a,87,FromCorner,2023,Head,22053,Tottenham,Newcastle United,4,1,2023-12-10 16:30:00,Kieran Trippier,Cross
553648,90,Goal,0.8469999694824218,0.5509999847412109,0.29390615224838257,Joelinton,a,87,OpenPlay,2023,RightFoot,22053,Tottenham,Newcastle United,4,1,2023-12-10 16:30:00,Callum Wilson,Pass
553649,94,SavedShot,0.9180000305175782,0.49900001525878906,0.12825682759284973,Callum Wilson,a,468,OpenPlay,2023,Head,22053,Tottenham,Newcastle United,4,1,2023-12-10 16:30:00,Emil Krafth,Cross
554061,27,BlockedShot,0.8730000305175781,0.4520000076293945,0.07734370976686478,Anthony Elanga,h,9524,OpenPlay,2023,LeftFoot,22063,Nottingham Forest,Tottenham,0,2,2023-12-15 20:00:00,Willy Boly,HeadPass
554062,27,MissedShots,0.7780000305175782,0.655,0.021115461364388466,Harry Toffolo,h,10758,OpenPlay,2023,LeftFoot,22063,Nottingham Forest,Tottenham,0,2,2023-12-15 20:00:00,,None
554063,33,MissedShots,0.8619999694824219,0.3,0.04014270380139351,Murillo,h,12123,OpenPlay,2023,LeftFoot,22063,Nottingham Forest,Tottenham,0,2,2023-12-15 20:00:00,,None
554065,36,MissedShots,0.8230000305175781,0.3729999923706055,0.048926789313554764,Morgan Gibbs-White,h,6857,OpenPlay,2023,LeftFoot,22063,Nottingham Forest,Tottenham,0,2,2023-12-15 20:00:00,Willy Boly,BallRecovery
554068,48,MissedShots,0.8730000305175781,0.37599998474121094,0.2858395278453827,Willy Boly,h,6850,OpenPlay,2023,RightFoot,22063,Nottingham Forest,Tottenham,0,2,2023-12-15 20:00:00,Anthony Elanga,Chipped
554073,68,MissedShots,0.835999984741211,0.5929999923706055,0.05944287031888962,Danilo,h,11317,OpenPlay,2023,LeftFoot,22063,Nottingham Forest,Tottenham,0,2,2023-12-15 20:00:00,Anthony Elanga,Pass
554074,74,BlockedShot,0.78,0.504000015258789,0.013322357088327408,Morgan Gibbs-White,h,6857,SetPiece,2023,RightFoot,22063,Nottingham Forest,Tottenham,0,2,2023-12-15 20:00:00,,Aerial
554076,83,BlockedShot,0.805,0.3390000152587891,0.01959250494837761,Neco Williams,h,8204,OpenPlay,2023,RightFoot,22063,Nottingham Forest,Tottenham,0,2,2023-12-15 20:00:00,,None
554077,83,SavedShot,0.9669999694824218,0.46299999237060546,0.4577198326587677,Harry Toffolo,h,10758,FromCorner,2023,Head,22063,Nottingham Forest,Tottenham,0,2,2023-12-15 20:00:00,Morgan Gibbs-White,Aerial
554078,83,BlockedShot,0.909000015258789,0.41200000762939454,0.07891535758972168,Harry Toffolo,h,10758,FromCorner,2023,LeftFoot,22063,Nottingham Forest,Tottenham,0,2,2023-12-15 20:00:00,Anthony Elanga,Pass
554079,84,MissedShots,0.9490000152587891,0.525,0.12895067036151886,Morgan Gibbs-White,h,6857,FromCorner,2023,Head,22063,Nottingham Forest,Tottenham,0,2,2023-12-15 20:00:00,Harry Toffolo,Cross
554080,88,MissedShots,0.9459999847412109,0.624000015258789,0.04955459386110306,Anthony Elanga,h,9524,OpenPlay,2023,RightFoot,22063,Nottingham Forest,Tottenham,0,2,2023-12-15 20:00:00,Callum Hudson-Odoi,Cross
554082,94,BlockedShot,0.914000015258789,0.47200000762939454,0.10955186933279037,Moussa Niakhate,h,5989,FromCorner,2023,LeftFoot,22063,Nottingham Forest,Tottenham,0,2,2023-12-15 20:00:00,,None
554083,95,BlockedShot,0.7190000152587891,0.37400001525878906,0.015106206759810448,Morgan Gibbs-White,h,6857,OpenPlay,2023,RightFoot,22063,Nottingham Forest,Tottenham,0,2,2023-12-15 20:00:00,Moussa Niakhate,Pass
554084,96,ShotOnPost,0.8859999847412109,0.39799999237060546,0.30016079545021057,Neco Williams,h,8204,OpenPlay,2023,LeftFoot,22063,Nottingham Forest,Tottenham,0,2,2023-12-15 20:00:00,Chris Wood,BallTouch
554058,2,SavedShot,0.9059999847412109,0.6869999694824219,0.061472322791814804,Son Heung-Min,a,453,OpenPlay,2023,RightFoot,22063,Nottingham Forest,Tottenham,0,2,2023-12-15 20:00:00,Dejan Kulusevski,Pass
554059,22,SavedShot,0.874000015258789,0.455,0.11321400105953217,Brennan Johnson,a,10760,OpenPlay,2023,RightFoot,22063,Nottingham Forest,Tottenham,0,2,2023-12-15 20:00:00,Dejan Kulusevski,Pass
554060,23,MissedShots,0.9540000152587891,0.534000015258789,0.07942821830511093,Ben Davies,a,660,FromCorner,2023,Head,22063,Nottingham Forest,Tottenham,0,2,2023-12-15 20:00:00,Pedro Porro,Aerial
554064,34,MissedShots,0.9290000152587891,0.44799999237060545,0.13175690174102783,Pedro Porro,a,6912,OpenPlay,2023,Head,22063,Nottingham Forest,Tottenham,0,2,2023-12-15 20:00:00,Son Heung-Min,Cross
554066,43,BlockedShot,0.7969999694824219,0.6229999923706054,0.032341502606868744,Son Heung-Min,a,453,OpenPlay,2023,RightFoot,22063,Nottingham Forest,Tottenham,0,2,2023-12-15 20:00:00,Iyenoma Destiny Udogie,Pass
554067,46,Goal,0.9490000152587891,0.5059999847412109,0.5200366377830505,Richarlison,a,6026,OpenPlay,2023,Head,22063,Nottingham Forest,Tottenham,0,2,2023-12-15 20:00:00,Dejan Kulusevski,Aerial
554069,62,BlockedShot,0.91,0.415,0.20506128668785095,Dejan Kulusevski,a,6691,OpenPlay,2023,LeftFoot,22063,Nottingham Forest,Tottenham,0,2,2023-12-15 20:00:00,Pedro Porro,TakeOn
554070,62,BlockedShot,0.875,0.5929999923706055,0.08761504292488098,Son Heung-Min,a,453,OpenPlay,2023,RightFoot,22063,Nottingham Forest,Tottenham,0,2,2023-12-15 20:00:00,,Rebound
554071,63,SavedShot,0.894000015258789,0.45799999237060546,0.1359405517578125,Son Heung-Min,a,453,OpenPlay,2023,RightFoot,22063,Nottingham Forest,Tottenham,0,2,2023-12-15 20:00:00,Pedro Porro,Pass
554072,64,Goal,0.9430000305175781,0.3120000076293945,0.07452715933322906,Dejan Kulusevski,a,6691,OpenPlay,2023,RightFoot,22063,Nottingham Forest,Tottenham,0,2,2023-12-15 20:00:00,,BallRecovery
554075,80,SavedShot,0.860999984741211,0.3390000152587891,0.07004713267087936,Dejan Kulusevski,a,6691,OpenPlay,2023,LeftFoot,22063,Nottingham Forest,Tottenham,0,2,2023-12-15 20:00:00,Oliver Skipp,Pass
554081,91,BlockedShot,0.86,0.40900001525878904,0.11390192061662674,Pedro Porro,a,6912,OpenPlay,2023,RightFoot,22063,Nottingham Forest,Tottenham,0,2,2023-12-15 20:00:00,Pierre-Emile Højbjerg,Pass
556183,0,SavedShot,0.8090000152587891,0.41200000762939454,0.022622236981987953,Pape Sarr,h,9021,OpenPlay,2023,RightFoot,22071,Tottenham,Everton,2,1,2023-12-23 15:00:00,Dejan Kulusevski,Chipped
556186,8,Goal,0.925,0.455,0.3821038603782654,Richarlison,h,6026,OpenPlay,2023,RightFoot,22071,Tottenham,Everton,2,1,2023-12-23 15:00:00,Brennan Johnson,Cross
556187,11,MissedShots,0.9230000305175782,0.4620000076293945,0.3844277262687683,Brennan Johnson,h,10760,OpenPlay,2023,RightFoot,22071,Tottenham,Everton,2,1,2023-12-23 15:00:00,Emerson,Cross
556190,17,SavedShot,0.9059999847412109,0.32,0.04801530763506889,Brennan Johnson,h,10760,FromCorner,2023,RightFoot,22071,Tottenham,Everton,2,1,2023-12-23 15:00:00,Dejan Kulusevski,Pass
556191,17,Goal,0.8690000152587891,0.5470000076293945,0.07717995345592499,Son Heung-Min,h,453,FromCorner,2023,RightFoot,22071,Tottenham,Everton,2,1,2023-12-23 15:00:00,,Rebound
556197,55,BlockedShot,0.8580000305175781,0.3270000076293945,0.07283884286880493,Pedro Porro,h,6912,OpenPlay,2023,RightFoot,22071,Tottenham,Everton,2,1,2023-12-23 15:00:00,Brennan Johnson,Pass
556198,55,SavedShot,0.8019999694824219,0.4229999923706055,0.05665264278650284,Pape Sarr,h,9021,OpenPlay,2023,RightFoot,22071,Tottenham,Everton,2,1,2023-12-23 15:00:00,Brennan Johnson,Pass
556199,57,MissedShots,0.8090000152587891,0.28,0.022362055256962776,Pedro Porro,h,6912,OpenPlay,2023,LeftFoot,22071,Tottenham,Everton,2,1,2023-12-23 15:00:00,Brennan Johnson,Pass
556200,59,MissedShots,0.945,0.4209999847412109,0.11967940628528595,Brennan Johnson,h,10760,OpenPlay,2023,Head,22071,Tottenham,Everton,2,1,2023-12-23 15:00:00,Dejan Kulusevski,Cross
556202,62,MissedShots,0.7969999694824219,0.29700000762939455,0.05054007098078728,Brennan Johnson,h,10760,OpenPlay,2023,LeftFoot,22071,Tottenham,Everton,2,1,2023-12-23 15:00:00,Pedro Porro,Chipped
556203,64,BlockedShot,0.9119999694824219,0.6990000152587891,0.10892581194639206,Pape Sarr,h,9021,OpenPlay,2023,RightFoot,22071,Tottenham,Everton,2,1,2023-12-23 15:00:00,Son Heung-Min,Pass
556205,74,SavedShot,0.8880000305175781,0.63,0.08803243190050125,Dejan Kulusevski,h,6691,OpenPlay,2023,LeftFoot,22071,Tottenham,Everton,2,1,2023-12-23 15:00:00,,BallRecovery
556211,88,MissedShots,0.9169999694824219,0.5570000076293945,0.14559531211853027,Son Heung-Min,h,453,OpenPlay,2023,LeftFoot,22071,Tottenham,Everton,2,1,2023-12-23 15:00:00,Brennan Johnson,Pass
556184,3,SavedShot,0.8809999847412109,0.5279999923706055,0.08459869027137756,Vitalii Mykolenko,a,10291,FromCorner,2023,RightFoot,22071,Tottenham,Everton,2,1,2023-12-23 15:00:00,,None
556185,6,BlockedShot,0.945,0.6430000305175781,0.12474866956472397,Dominic Calvert-Lewin,a,5555,OpenPlay,2023,LeftFoot,22071,Tottenham,Everton,2,1,2023-12-23 15:00:00,Dwight McNeil,Pass
556188,14,MissedShots,0.8919999694824219,0.6580000305175782,0.06663135439157486,Dwight McNeil,a,6756,OpenPlay,2023,LeftFoot,22071,Tottenham,Everton,2,1,2023-12-23 15:00:00,Amadou Onana,Pass
556189,15,SavedShot,0.91,0.575999984741211,0.3696351945400238,Dominic Calvert-Lewin,a,5555,OpenPlay,2023,RightFoot,22071,Tottenham,Everton,2,1,2023-12-23 15:00:00,Vitalii Mykolenko,Aerial
556192,34,SavedShot,0.75,0.5220000076293946,0.014140491373836994,James Garner,a,7438,OpenPlay,2023,RightFoot,22071,Tottenham,Everton,2,1,2023-12-23 15:00:00,,None
556193,38,MissedShots,0.8690000152587891,0.5370000076293945,0.27707216143608093,Dominic Calvert-Lewin,a,5555,OpenPlay,2023,RightFoot,22071,Tottenham,Everton,2,1,2023-12-23 15:00:00,,None
556194,39,MissedShots,0.855999984741211,0.4179999923706055,0.07806877791881561,Amadou Onana,a,9667,OpenPlay,2023,RightFoot,22071,Tottenham,Everton,2,1,2023-12-23 15:00:00,Dominic Calvert-Lewin,Pass
556195,41,SavedShot,0.845999984741211,0.44599998474121094,0.06690238416194916,James Garner,a,7438,OpenPlay,2023,LeftFoot,22071,Tottenham,Everton,2,1,2023-12-23 15:00:00,,CornerAwarded
556196,46,SavedShot,0.9059999847412109,0.615,0.05457184836268425,Jack Harrison,a,8720,OpenPlay,2023,LeftFoot,22071,Tottenham,Everton,2,1,2023-12-23 15:00:00,André Gomes,Chipped
556201,61,ShotOnPost,0.919000015258789,0.34400001525878904,0.09277276694774628,James Garner,a,7438,OpenPlay,2023,RightFoot,22071,Tottenham,Everton,2,1,2023-12-23 15:00:00,Jack Harrison,Throughball
556204,66,BlockedShot,0.8540000152587891,0.62,0.04558803141117096,Vitalii Mykolenko,a,10291,FromCorner,2023,LeftFoot,22071,Tottenham,Everton,2,1,2023-12-23 15:00:00,,None
556206,76,MissedShots,0.919000015258789,0.6580000305175782,0.0772615373134613,André Gomes,a,2383,OpenPlay,2023,LeftFoot,22071,Tottenham,Everton,2,1,2023-12-23 15:00:00,James Garner,Pass
556207,80,BlockedShot,0.885,0.6780000305175782,0.09726395457983017,Arnaut Danjuma Groeneveld,a,8066,OpenPlay,2023,LeftFoot,22071,Tottenham,Everton,2,1,2023-12-23 15:00:00,James Garner,Pass
556208,81,Goal,0.86,0.32,0.031507592648267746,André Gomes,a,2383,FromCorner,2023,RightFoot,22071,Tottenham,Everton,2,1,2023-12-23 15:00:00,,None
556209,83,SavedShot,0.8490000152587891,0.6659999847412109,0.06466981768608093,Arnaut Danjuma Groeneveld,a,8066,OpenPlay,2023,LeftFoot,22071,Tottenham,Everton,2,1,2023-12-23 15:00:00,Dwight McNeil,Pass
556210,85,BlockedShot,0.7809999847412109,0.4229999923706055,0.02600432001054287,Jarrad Branthwaite,a,8476,SetPiece,2023,LeftFoot,22071,Tottenham,Everton,2,1,2023-12-23 15:00:00,James Garner,Pass
556212,93,MissedShots,0.9209999847412109,0.6179999923706054,0.12788619101047516,Arnaut Danjuma Groeneveld,a,8066,OpenPlay,2023,LeftFoot,22071,Tottenham,Everton,2,1,2023-12-23 15:00:00,André Gomes,Pass
556213,95,SavedShot,0.950999984741211,0.6179999923706054,0.2845252454280853,Arnaut Danjuma Groeneveld,a,8066,OpenPlay,2023,LeftFoot,22071,Tottenham,Everton,2,1,2023-12-23 15:00:00,Dwight McNeil,Chipped
556678,4,SavedShot,0.9280000305175782,0.67,0.2519705295562744,Danny Welbeck,h,501,OpenPlay,2023,RightFoot,22078,Brighton,Tottenham,4,2,2023-12-28 19:30:00,Billy Gilmour,Pass
556679,5,BlockedShot,0.8690000152587891,0.47099998474121096,0.11235909909009933,Facundo Buonanotte,h,11362,OpenPlay,2023,LeftFoot,22078,Brighton,Tottenham,4,2,2023-12-28 19:30:00,João Pedro,Pass
556680,5,SavedShot,0.9069999694824219,0.5409999847412109,0.40799376368522644,Danny Welbeck,h,501,OpenPlay,2023,RightFoot,22078,Brighton,Tottenham,4,2,2023-12-28 19:30:00,Facundo Buonanotte,Rebound
556681,10,Goal,0.88,0.4109999847412109,0.33457690477371216,Jack Hinshelwood,h,11269,OpenPlay,2023,RightFoot,22078,Brighton,Tottenham,4,2,2023-12-28 19:30:00,João Pedro,Pass
556682,16,SavedShot,0.8569999694824219,0.69,0.04609546810388565,João Pedro,h,8272,OpenPlay,2023,RightFoot,22078,Brighton,Tottenham,4,2,2023-12-28 19:30:00,Pascal Groß,Chipped
556683,19,ShotOnPost,0.9630000305175781,0.4640000152587891,0.41965264081954956,Jan Paul van Hecke,h,10807,FromCorner,2023,Head,22078,Brighton,Tottenham,4,2,2023-12-28 19:30:00,Pascal Groß,Aerial
556684,19,BlockedShot,0.9669999694824218,0.4420000076293945,0.14477300643920898,Lewis Dunk,h,6048,FromCorner,2023,RightFoot,22078,Brighton,Tottenham,4,2,2023-12-28 19:30:00,,Rebound
556685,23,Goal,0.885,0.5,0.7611688375473022,João Pedro,h,8272,Penalty,2023,RightFoot,22078,Brighton,Tottenham,4,2,2023-12-28 19:30:00,,Standard
556687,31,ShotOnPost,0.8190000152587891,0.56,0.09780865907669067,James Milner,h,489,OpenPlay,2023,RightFoot,22078,Brighton,Tottenham,4,2,2023-12-28 19:30:00,,TakeOn
556690,44,SavedShot,0.9009999847412109,0.575,0.42381420731544495,João Pedro,h,8272,OpenPlay,2023,LeftFoot,22078,Brighton,Tottenham,4,2,2023-12-28 19:30:00,,BallRecovery
556691,45,BlockedShot,0.860999984741211,0.5770000076293945,0.013390835374593735,Facundo Buonanotte,h,11362,FromCorner,2023,Head,22078,Brighton,Tottenham,4,2,2023-12-28 19:30:00,Pascal Groß,Cross
556695,48,SavedShot,0.9580000305175781,0.4859999847412109,0.08533568680286407,Lewis Dunk,h,6048,FromCorner,2023,Head,22078,Brighton,Tottenham,4,2,2023-12-28 19:30:00,James Milner,Aerial
556698,57,MissedShots,0.87,0.5209999847412109,0.07440465688705444,Lewis Dunk,h,6048,SetPiece,2023,RightFoot,22078,Brighton,Tottenham,4,2,2023-12-28 19:30:00,,None
556699,62,Goal,0.7830000305175782,0.7030000305175781,0.01909840665757656,Estupiñán,h,5136,FromCorner,2023,LeftFoot,22078,Brighton,Tottenham,4,2,2023-12-28 19:30:00,James Milner,Pass
556701,74,Goal,0.885,0.5,0.7611688375473022,João Pedro,h,8272,Penalty,2023,RightFoot,22078,Brighton,Tottenham,4,2,2023-12-28 19:30:00,,Standard
556677,3,BlockedShot,0.7340000152587891,0.40200000762939453,0.04908657446503639,Pedro Porro,a,6912,DirectFreekick,2023,RightFoot,22078,Brighton,Tottenham,4,2,2023-12-28 19:30:00,,Standard
556686,26,BlockedShot,0.8440000152587891,0.68,0.030588580295443535,Son Heung-Min,a,453,OpenPlay,2023,LeftFoot,22078,Brighton,Tottenham,4,2,2023-12-28 19:30:00,Dejan Kulusevski,Pass
556688,32,BlockedShot,0.8480000305175781,0.395,0.04378092288970947,Brennan Johnson,a,10760,OpenPlay,2023,RightFoot,22078,Brighton,Tottenham,4,2,2023-12-28 19:30:00,Pedro Porro,Chipped
556689,38,BlockedShot,0.9030000305175782,0.5890000152587891,0.11596553027629852,Son Heung-Min,a,453,OpenPlay,2023,LeftFoot,22078,Brighton,Tottenham,4,2,2023-12-28 19:30:00,Richarlison,Pass
556692,45,BlockedShot,0.8119999694824219,0.5270000076293946,0.10475901514291763,Richarlison,a,6026,OpenPlay,2023,RightFoot,22078,Brighton,Tottenham,4,2,2023-12-28 19:30:00,Brennan Johnson,Pass
556693,46,MissedShots,0.945,0.5459999847412109,0.12402109056711197,Ben Davies,a,660,FromCorner,2023,Head,22078,Brighton,Tottenham,4,2,2023-12-28 19:30:00,Pedro Porro,Cross
556694,49,MissedShots,0.8090000152587891,0.69,0.01741158589720726,Son Heung-Min,a,453,OpenPlay,2023,RightFoot,22078,Brighton,Tottenham,4,2,2023-12-28 19:30:00,Iyenoma Destiny Udogie,Pass
556696,52,MissedShots,0.8519999694824218,0.5540000152587891,0.09502623975276947,Richarlison,a,6026,OpenPlay,2023,RightFoot,22078,Brighton,Tottenham,4,2,2023-12-28 19:30:00,Son Heung-Min,Pass
556697,55,SavedShot,0.9390000152587891,0.5670000076293945,0.399874210357666,Iyenoma Destiny Udogie,a,8831,OpenPlay,2023,RightFoot,22078,Brighton,Tottenham,4,2,2023-12-28 19:30:00,,None
556700,70,BlockedShot,0.7519999694824219,0.595999984741211,0.01302204467356205,Pierre-Emile Højbjerg,a,343,OpenPlay,2023,RightFoot,22078,Brighton,Tottenham,4,2,2023-12-28 19:30:00,Iyenoma Destiny Udogie,Pass
556702,80,Goal,0.89,0.56,0.11293552070856094,Alejo Véliz,a,12105,OpenPlay,2023,RightFoot,22078,Brighton,Tottenham,4,2,2023-12-28 19:30:00,Son Heung-Min,Pass
556703,84,Goal,0.9730000305175781,0.47,0.5675906538963318,Ben Davies,a,660,FromCorner,2023,Head,22078,Brighton,Tottenham,4,2,2023-12-28 19:30:00,Pedro Porro,Cross
556704,90,BlockedShot,0.955,0.5740000152587891,0.09272348135709763,Alejo Véliz,a,12105,OpenPlay,2023,LeftFoot,22078,Brighton,Tottenham,4,2,2023-12-28 19:30:00,Giovani Lo Celso,Cross
556705,91,MissedShots,0.7780000305175782,0.285,0.016549598425626755,Dejan Kulusevski,a,6691,OpenPlay,2023,LeftFoot,22078,Brighton,Tottenham,4,2,2023-12-28 19:30:00,Emerson,Pass
556706,94,ShotOnPost,0.8730000305175781,0.644000015258789,0.06588226556777954,Pierre-Emile Højbjerg,a,343,OpenPlay,2023,RightFoot,22078,Brighton,Tottenham,4,2,2023-12-28 19:30:00,Iyenoma Destiny Udogie,Pass
556707,94,BlockedShot,0.865999984741211,0.35200000762939454,0.03453126549720764,Pedro Porro,a,6912,OpenPlay,2023,RightFoot,22078,Brighton,Tottenham,4,2,2023-12-28 19:30:00,,Rebound
556708,96,MissedShots,0.975999984741211,0.39,0.0532039999961853,Son Heung-Min,a,453,OpenPlay,2023,RightFoot,22078,Brighton,Tottenham,4,2,2023-12-28 19:30:00,Giovani Lo Celso,Chipped
556709,98,MissedShots,0.905,0.445,0.07818568497896194,Son Heung-Min,a,453,OpenPlay,2023,Head,22078,Brighton,Tottenham,4,2,2023-12-28 19:30:00,Bryan Gil Salvatierra,Cross
556710,99,MissedShots,0.860999984741211,0.669000015258789,0.05668676644563675,Bryan Gil Salvatierra,a,7338,OpenPlay,2023,LeftFoot,22078,Brighton,Tottenham,4,2,2023-12-28 19:30:00,Iyenoma Destiny Udogie,Pass
557176,3,MissedShots,0.8430000305175781,0.5370000076293945,0.08569850027561188,Richarlison,h,6026,OpenPlay,2023,RightFoot,22092,Tottenham,Bournemouth,3,1,2023-12-31 14:00:00,Pape Sarr,Pass
557178,8,Goal,0.8419999694824218,0.38299999237060545,0.06138233095407486,Pape Sarr,h,9021,OpenPlay,2023,RightFoot,22092,Tottenham,Bournemouth,3,1,2023-12-31 14:00:00,Giovani Lo Celso,BallRecovery
557180,17,SavedShot,0.774000015258789,0.37099998474121093,0.034267112612724304,Emerson,h,7430,OpenPlay,2023,RightFoot,22092,Tottenham,Bournemouth,3,1,2023-12-31 14:00:00,,BallTouch
557181,18,MissedShots,0.9180000305175782,0.544000015258789,0.08385460823774338,Rodrigo Bentancur,h,6108,FromCorner,2023,Head,22092,Tottenham,Bournemouth,3,1,2023-12-31 14:00:00,Pedro Porro,Cross
557184,24,SavedShot,0.9230000305175782,0.664000015258789,0.0932115688920021,Son Heung-Min,h,453,OpenPlay,2023,LeftFoot,22092,Tottenham,Bournemouth,3,1,2023-12-31 14:00:00,Richarlison,Pass
557195,51,MissedShots,0.9,0.5940000152587891,0.4580155909061432,Richarlison,h,6026,OpenPlay,2023,LeftFoot,22092,Tottenham,Bournemouth,3,1,2023-12-31 14:00:00,Son Heung-Min,Pass
557199,70,Goal,0.924000015258789,0.664000015258789,0.08346084505319595,Son Heung-Min,h,453,OpenPlay,2023,LeftFoot,22092,Tottenham,Bournemouth,3,1,2023-12-31 14:00:00,Giovani Lo Celso,Chipped
557200,72,SavedShot,0.8480000305175781,0.45799999237060546,0.09628812968730927,Richarlison,h,6026,OpenPlay,2023,RightFoot,22092,Tottenham,Bournemouth,3,1,2023-12-31 14:00:00,Son Heung-Min,Pass
557201,72,BlockedShot,0.895,0.695,0.03180912137031555,Richarlison,h,6026,OpenPlay,2023,RightFoot,22092,Tottenham,Bournemouth,3,1,2023-12-31 14:00:00,,Rebound
557202,72,BlockedShot,0.8040000152587891,0.6079999923706054,0.022868724539875984,Pedro Porro,h,6912,OpenPlay,2023,RightFoot,22092,Tottenham,Bournemouth,3,1,2023-12-31 14:00:00,,Rebound
557203,79,Goal,0.93,0.48,0.5135740041732788,Richarlison,h,6026,OpenPlay,2023,RightFoot,22092,Tottenham,Bournemouth,3,1,2023-12-31 14:00:00,Brennan Johnson,Cross
557206,86,ShotOnPost,0.960999984741211,0.5220000076293946,0.5917666554450989,Bryan Gil Salvatierra,h,7338,OpenPlay,2023,Head,22092,Tottenham,Bournemouth,3,1,2023-12-31 14:00:00,Pierre-Emile Højbjerg,Pass
557175,0,BlockedShot,0.7669999694824219,0.46900001525878904,0.026101892814040184,Dominic Solanke,a,1679,OpenPlay,2023,RightFoot,22092,Tottenham,Bournemouth,3,1,2023-12-31 14:00:00,,None
557177,6,SavedShot,0.914000015258789,0.46299999237060546,0.10665788501501083,Dominic Solanke,a,1679,OpenPlay,2023,Head,22092,Tottenham,Bournemouth,3,1,2023-12-31 14:00:00,Dango Ouattara,Cross
557179,13,MissedShots,0.7469999694824219,0.45099998474121095,0.021805020049214363,Marcus Tavernier,a,10741,OpenPlay,2023,LeftFoot,22092,Tottenham,Bournemouth,3,1,2023-12-31 14:00:00,Luis Sinisterra,Pass
557182,20,BlockedShot,0.7719999694824219,0.34799999237060547,0.019025754183530807,Dominic Solanke,a,1679,OpenPlay,2023,RightFoot,22092,Tottenham,Bournemouth,3,1,2023-12-31 14:00:00,,BallRecovery
557183,23,MissedShots,0.8469999694824218,0.4540000152587891,0.020258432254195213,Marcos Senesi,a,10864,SetPiece,2023,Head,22092,Tottenham,Bournemouth,3,1,2023-12-31 14:00:00,Marcus Tavernier,Cross
557185,29,MissedShots,0.8569999694824219,0.45799999237060546,0.013955313712358475,Dominic Solanke,a,1679,OpenPlay,2023,Head,22092,Tottenham,Bournemouth,3,1,2023-12-31 14:00:00,Adam Smith,Aerial
557186,33,MissedShots,0.945,0.57,0.0448470376431942,Luis Sinisterra,a,10866,FromCorner,2023,Head,22092,Tottenham,Bournemouth,3,1,2023-12-31 14:00:00,Lewis Cook,Aerial
557187,40,BlockedShot,0.75,0.40099998474121096,0.05805601552128792,Marcus Tavernier,a,10741,DirectFreekick,2023,LeftFoot,22092,Tottenham,Bournemouth,3,1,2023-12-31 14:00:00,,Standard
557188,40,MissedShots,0.9259999847412109,0.4759999847412109,0.05169904977083206,Dango Ouattara,a,9662,FromCorner,2023,Head,22092,Tottenham,Bournemouth,3,1,2023-12-31 14:00:00,Lewis Cook,Aerial
557189,44,MissedShots,0.8680000305175781,0.5990000152587891,0.08119110763072968,Justin Kluivert,a,6963,OpenPlay,2023,LeftFoot,22092,Tottenham,Bournemouth,3,1,2023-12-31 14:00:00,,TakeOn
557190,48,BlockedShot,0.8830000305175781,0.5579999923706055,0.0727948248386383,Dominic Solanke,a,1679,OpenPlay,2023,LeftFoot,22092,Tottenham,Bournemouth,3,1,2023-12-31 14:00:00,,None
557191,50,BlockedShot,0.8580000305175781,0.66,0.09853460639715195,Justin Kluivert,a,6963,OpenPlay,2023,RightFoot,22092,Tottenham,Bournemouth,3,1,2023-12-31 14:00:00,Marcus Tavernier,Chipped
557192,49,SavedShot,0.9630000305175781,0.40400001525878904,0.01928693801164627,Dominic Solanke,a,1679,FromCorner,2023,Head,22092,Tottenham,Bournemouth,3,1,2023-12-31 14:00:00,Lewis Cook,Aerial
557193,50,BlockedShot,0.950999984741211,0.5379999923706055,0.12519173324108124,Dominic Solanke,a,1679,OpenPlay,2023,RightFoot,22092,Tottenham,Bournemouth,3,1,2023-12-31 14:00:00,Justin Kluivert,Cross
557194,50,BlockedShot,0.8480000305175781,0.4129999923706055,0.05043613165616989,Marcus Tavernier,a,10741,FromCorner,2023,RightFoot,22092,Tottenham,Bournemouth,3,1,2023-12-31 14:00:00,,None
557196,52,BlockedShot,0.759000015258789,0.7040000152587891,0.019911810755729675,Justin Kluivert,a,6963,OpenPlay,2023,RightFoot,22092,Tottenham,Bournemouth,3,1,2023-12-31 14:00:00,,TakeOn
557197,55,BlockedShot,0.7340000152587891,0.4179999923706055,0.017879623919725418,Marcus Tavernier,a,10741,OpenPlay,2023,LeftFoot,22092,Tottenham,Bournemouth,3,1,2023-12-31 14:00:00,Luis Sinisterra,Pass
557198,59,MissedShots,0.9230000305175782,0.44400001525878907,0.47335588932037354,Dominic Solanke,a,1679,OpenPlay,2023,LeftFoot,22092,Tottenham,Bournemouth,3,1,2023-12-31 14:00:00,Marcus Tavernier,Pass
557204,82,BlockedShot,0.8490000152587891,0.674000015258789,0.05281361937522888,Antoine Semenyo,a,11363,OpenPlay,2023,LeftFoot,22092,Tottenham,Bournemouth,3,1,2023-12-31 14:00:00,Alex Scott,Pass
557205,83,Goal,0.865999984741211,0.5790000152587891,0.09564726799726486,Alex Scott,a,12149,OpenPlay,2023,LeftFoot,22092,Tottenham,Bournemouth,3,1,2023-12-31 14:00:00,Marcus Tavernier,Pass
557207,89,SavedShot,0.6669999694824219,0.7219999694824218,0.006687583867460489,Antoine Semenyo,a,11363,OpenPlay,2023,RightFoot,22092,Tottenham,Bournemouth,3,1,2023-12-31 14:00:00,Marcus Tavernier,Pass
557208,96,MissedShots,0.9119999694824219,0.42700000762939455,0.04799335449934006,Dominic Solanke,a,1679,OpenPlay,2023,Head,22092,Tottenham,Bournemouth,3,1,2023-12-31 14:00:00,Marcos Senesi,Aerial
557209,97,BlockedShot,0.904000015258789,0.62,0.04614970460534096,Antoine Semenyo,a,11363,FromCorner,2023,RightFoot,22092,Tottenham,Bournemouth,3,1,2023-12-31 14:00:00,Lewis Cook,Cross
557210,98,MissedShots,0.740999984741211,0.37599998474121094,0.012008462101221085,David Brooks,a,6820,OpenPlay,2023,LeftFoot,22092,Tottenham,Bournemouth,3,1,2023-12-31 14:00:00,Alex Scott,Pass
558647,2,Goal,0.8919999694824219,0.5970000076293945,0.09052463620901108,Rasmus Højlund,h,11055,OpenPlay,2023,LeftFoot,22099,Manchester United,Tottenham,2,2,2024-01-14 16:30:00,,Dispossessed
558648,7,MissedShots,0.870999984741211,0.6480000305175782,0.0364554226398468,Marcus Rashford,h,556,FromCorner,2023,RightFoot,22099,Manchester United,Tottenham,2,2,2024-01-14 16:30:00,Christian Eriksen,Cross
558656,30,BlockedShot,0.9490000152587891,0.624000015258789,0.023092025890946388,Diogo Dalot,h,7281,FromCorner,2023,Head,22099,Manchester United,Tottenham,2,2,2024-01-14 16:30:00,Bruno Fernandes,Cross
558657,39,Goal,0.875999984741211,0.610999984741211,0.09728687256574631,Marcus Rashford,h,556,OpenPlay,2023,RightFoot,22099,Manchester United,Tottenham,2,2,2024-01-14 16:30:00,Rasmus Højlund,Pass
558659,45,BlockedShot,0.965,0.585,0.08329892158508301,Raphael Varane,h,2245,FromCorner,2023,Head,22099,Manchester United,Tottenham,2,2,2024-01-14 16:30:00,Christian Eriksen,Cross
558660,45,MissedShots,0.7959999847412109,0.34599998474121096,0.02207867056131363,Bruno Fernandes,h,1228,FromCorner,2023,RightFoot,22099,Manchester United,Tottenham,2,2,2024-01-14 16:30:00,Alejandro Garnacho,Pass
558666,61,MissedShots,0.8,0.385,0.05288054421544075,Scott McTominay,h,5560,OpenPlay,2023,RightFoot,22099,Manchester United,Tottenham,2,2,2024-01-14 16:30:00,,TakeOn
558670,85,BlockedShot,0.8859999847412109,0.799000015258789,0.06477167457342148,Bruno Fernandes,h,1228,DirectFreekick,2023,RightFoot,22099,Manchester United,Tottenham,2,2,2024-01-14 16:30:00,,Standard
558671,94,MissedShots,0.935,0.48400001525878905,0.4528437852859497,Scott McTominay,h,5560,OpenPlay,2023,Head,22099,Manchester United,Tottenham,2,2,2024-01-14 16:30:00,Alejandro Garnacho,Cross
558649,8,SavedShot,0.7969999694824219,0.5270000076293946,0.03059552051126957,Pedro Porro,a,6912,OpenPlay,2023,RightFoot,22099,Manchester United,Tottenham,2,2,2024-01-14 16:30:00,Pierre-Emile Højbjerg,Chipped
558650,10,BlockedShot,0.93,0.6070000076293945,0.055026691406965256,Timo Werner,a,65,OpenPlay,2023,Head,22099,Manchester United,Tottenham,2,2,2024-01-14 16:30:00,Brennan Johnson,Cross
558651,10,BlockedShot,0.9480000305175781,0.4109999847412109,0.07095345854759216,Rodrigo Bentancur,a,6108,FromCorner,2023,Head,22099,Manchester United,Tottenham,2,2,2024-01-14 16:30:00,Pedro Porro,Cross
558652,18,Goal,0.9619999694824218,0.53,0.08758851140737534,Richarlison,a,6026,FromCorner,2023,Head,22099,Manchester United,Tottenham,2,2,2024-01-14 16:30:00,Pedro Porro,Aerial
558653,21,MissedShots,0.759000015258789,0.66,0.0216998104006052,Timo Werner,a,65,OpenPlay,2023,RightFoot,22099,Manchester United,Tottenham,2,2,2024-01-14 16:30:00,Iyenoma Destiny Udogie,Pass
558654,23,BlockedShot,0.8490000152587891,0.6809999847412109,0.04653220623731613,Timo Werner,a,65,OpenPlay,2023,RightFoot,22099,Manchester United,Tottenham,2,2,2024-01-14 16:30:00,Pedro Porro,Pass
558655,29,SavedShot,0.8730000305175781,0.3079999923706055,0.049986351281404495,Brennan Johnson,a,10760,OpenPlay,2023,RightFoot,22099,Manchester United,Tottenham,2,2,2024-01-14 16:30:00,Richarlison,Pass
558658,44,MissedShots,0.875,0.654000015258789,0.05339513346552849,Timo Werner,a,65,OpenPlay,2023,LeftFoot,22099,Manchester United,Tottenham,2,2,2024-01-14 16:30:00,Oliver Skipp,Pass
558661,46,ShotOnPost,0.960999984741211,0.4879999923706055,0.4823014736175537,Cristian Romero,a,7218,FromCorner,2023,Head,22099,Manchester United,Tottenham,2,2,2024-01-14 16:30:00,Pedro Porro,Aerial
558662,47,MissedShots,0.8169999694824219,0.514000015258789,0.020250041037797928,Pierre-Emile Højbjerg,a,343,FromCorner,2023,RightFoot,22099,Manchester United,Tottenham,2,2,2024-01-14 16:30:00,,Aerial
558663,45,Goal,0.95,0.5929999923706055,0.12027949094772339,Rodrigo Bentancur,a,6108,OpenPlay,2023,LeftFoot,22099,Manchester United,Tottenham,2,2,2024-01-14 16:30:00,Timo Werner,Pass
558664,51,SavedShot,0.8690000152587891,0.6630000305175782,0.06142055243253708,Richarlison,a,6026,OpenPlay,2023,RightFoot,22099,Manchester United,Tottenham,2,2,2024-01-14 16:30:00,Oliver Skipp,Pass
558665,57,MissedShots,0.895,0.5679999923706055,0.05422298610210419,Timo Werner,a,65,FromCorner,2023,RightFoot,22099,Manchester United,Tottenham,2,2,2024-01-14 16:30:00,Pedro Porro,Cross
558667,68,BlockedShot,0.805,0.3659999847412109,0.023528937250375748,Oliver Skipp,a,7198,FromCorner,2023,RightFoot,22099,Manchester United,Tottenham,2,2,2024-01-14 16:30:00,,None
558668,69,MissedShots,0.9480000305175781,0.47900001525878905,0.09394491463899612,Rodrigo Bentancur,a,6108,FromCorner,2023,Head,22099,Manchester United,Tottenham,2,2,2024-01-14 16:30:00,,Aerial
558669,81,BlockedShot,0.84,0.32299999237060545,0.04051807150244713,Brennan Johnson,a,10760,OpenPlay,2023,LeftFoot,22099,Manchester United,Tottenham,2,2,2024-01-14 16:30:00,Oliver Skipp,Pass
560711,3,BlockedShot,0.9109999847412109,0.40900001525878904,0.12072620540857315,Oliver Skipp,h,7198,OpenPlay,2023,RightFoot,22109,Tottenham,Brentford,3,2,2024-01-31 19:30:00,Dejan Kulusevski,Pass
560712,10,BlockedShot,0.8569999694824219,0.5579999923706055,0.0948762595653534,James Maddison,h,6818,OpenPlay,2023,RightFoot,22109,Tottenham,Brentford,3,2,2024-01-31 19:30:00,Iyenoma Destiny Udogie,TakeOn
560715,20,SavedShot,0.8180000305175781,0.64,0.02980048395693302,Timo Werner,h,65,OpenPlay,2023,RightFoot,22109,Tottenham,Brentford,3,2,2024-01-31 19:30:00,Rodrigo Bentancur,Pass
560716,20,MissedShots,0.9519999694824218,0.41,0.25278589129447937,Timo Werner,h,65,FromCorner,2023,Head,22109,Tottenham,Brentford,3,2,2024-01-31 19:30:00,,None
560717,22,BlockedShot,0.7969999694824219,0.4129999923706055,0.04156035557389259,James Maddison,h,6818,OpenPlay,2023,RightFoot,22109,Tottenham,Brentford,3,2,2024-01-31 19:30:00,Timo Werner,Pass
560718,24,MissedShots,0.774000015258789,0.5540000152587891,0.03361671790480614,Richarlison,h,6026,OpenPlay,2023,RightFoot,22109,Tottenham,Brentford,3,2,2024-01-31 19:30:00,Dejan Kulusevski,LayOff
560721,47,BlockedShot,0.9069999694824219,0.595999984741211,0.10043416172266006,Iyenoma Destiny Udogie,h,8831,OpenPlay,2023,LeftFoot,22109,Tottenham,Brentford,3,2,2024-01-31 19:30:00,Timo Werner,Pass
560722,47,Goal,0.9640000152587891,0.5529999923706055,0.6090715527534485,Iyenoma Destiny Udogie,h,8831,OpenPlay,2023,LeftFoot,22109,Tottenham,Brentford,3,2,2024-01-31 19:30:00,,Rebound
560723,48,Goal,0.975,0.4520000076293945,0.8896931409835815,Brennan Johnson,h,10760,OpenPlay,2023,RightFoot,22109,Tottenham,Brentford,3,2,2024-01-31 19:30:00,Timo Werner,Pass
560724,53,MissedShots,0.83,0.595,0.06956694275140762,Richarlison,h,6026,OpenPlay,2023,LeftFoot,22109,Tottenham,Brentford,3,2,2024-01-31 19:30:00,,Dispossessed
560725,55,MissedShots,0.9109999847412109,0.6,0.12792128324508667,James Maddison,h,6818,OpenPlay,2023,RightFoot,22109,Tottenham,Brentford,3,2,2024-01-31 19:30:00,Iyenoma Destiny Udogie,Pass
560726,55,Goal,0.9319999694824219,0.48200000762939454,0.5600214004516602,Richarlison,h,6026,OpenPlay,2023,LeftFoot,22109,Tottenham,Brentford,3,2,2024-01-31 19:30:00,,Rebound
560727,58,BlockedShot,0.914000015258789,0.3370000076293945,0.10339777916669846,Dejan Kulusevski,h,6691,OpenPlay,2023,LeftFoot,22109,Tottenham,Brentford,3,2,2024-01-31 19:30:00,Brennan Johnson,Pass
560728,58,MissedShots,0.8490000152587891,0.29200000762939454,0.044181227684020996,Pedro Porro,h,6912,OpenPlay,2023,RightFoot,22109,Tottenham,Brentford,3,2,2024-01-31 19:30:00,Brennan Johnson,Pass
560732,68,BlockedShot,0.8590000152587891,0.415,0.09144526720046997,Dejan Kulusevski,h,6691,OpenPlay,2023,LeftFoot,22109,Tottenham,Brentford,3,2,2024-01-31 19:30:00,James Maddison,Pass
560733,68,MissedShots,0.9180000305175782,0.36400001525878906,0.13999301195144653,James Maddison,h,6818,OpenPlay,2023,RightFoot,22109,Tottenham,Brentford,3,2,2024-01-31 19:30:00,,TakeOn
560735,74,BlockedShot,0.8730000305175781,0.6940000152587891,0.08178450167179108,Timo Werner,h,65,OpenPlay,2023,RightFoot,22109,Tottenham,Brentford,3,2,2024-01-31 19:30:00,James Maddison,Pass
560736,75,MissedShots,0.7659999847412109,0.48900001525878906,0.036202654242515564,Pedro Porro,h,6912,OpenPlay,2023,RightFoot,22109,Tottenham,Brentford,3,2,2024-01-31 19:30:00,James Maddison,Pass
560737,91,SavedShot,0.92,0.7019999694824218,0.06767294555902481,Richarlison,h,6026,OpenPlay,2023,LeftFoot,22109,Tottenham,Brentford,3,2,2024-01-31 19:30:00,,BallTouch
560713,14,SavedShot,0.924000015258789,0.34900001525878904,0.31309962272644043,Ivan Toney,a,998,OpenPlay,2023,RightFoot,22109,Tottenham,Brentford,3,2,2024-01-31 19:30:00,Christian Nørgaard,Pass
560714,14,Goal,0.915,0.4379999923706055,0.16062170267105103,Neal Maupay,a,3621,OpenPlay,2023,LeftFoot,22109,Tottenham,Brentford,3,2,2024-01-31 19:30:00,,Rebound
560719,36,MissedShots,0.91,0.47,0.08348367363214493,Ethan Pinnock,a,9678,FromCorner,2023,LeftFoot,22109,Tottenham,Brentford,3,2,2024-01-31 19:30:00,Mathias Jensen,Cross
560720,44,SavedShot,0.8730000305175781,0.48900001525878906,0.13113464415073395,Ivan Toney,a,998,SetPiece,2023,Head,22109,Tottenham,Brentford,3,2,2024-01-31 19:30:00,Mathias Jensen,Cross
560729,62,MissedShots,0.8080000305175781,0.6580000305175782,0.02806958369910717,Ivan Toney,a,998,OpenPlay,2023,RightFoot,22109,Tottenham,Brentford,3,2,2024-01-31 19:30:00,Keane Lewis-Potter,Pass
560730,63,MissedShots,0.9069999694824219,0.42200000762939455,0.42420512437820435,Ivan Toney,a,998,OpenPlay,2023,RightFoot,22109,Tottenham,Brentford,3,2,2024-01-31 19:30:00,Neal Maupay,TakeOn
560731,66,Goal,0.8769999694824219,0.40599998474121096,0.3017723262310028,Ivan Toney,a,998,OpenPlay,2023,RightFoot,22109,Tottenham,Brentford,3,2,2024-01-31 19:30:00,,BallRecovery
560734,70,BlockedShot,0.874000015258789,0.5129999923706055,0.07735724747180939,Ben Mee,a,1654,OpenPlay,2023,RightFoot,22109,Tottenham,Brentford,3,2,2024-01-31 19:30:00,,Dispossessed
560738,92,SavedShot,0.9169999694824219,0.5570000076293945,0.10939022153615952,Shandon Baptiste,a,9914,OpenPlay,2023,RightFoot,22109,Tottenham,Brentford,3,2,2024-01-31 19:30:00,Josh Dasilva,Chipped
560739,93,MissedShots,0.9380000305175781,0.40099998474121096,0.017528219148516655,Christian Nørgaard,a,7083,FromCorner,2023,Head,22109,Tottenham,Brentford,3,2,2024-01-31 19:30:00,Josh Dasilva,Aerial
560972,4,MissedShots,0.91,0.51,0.0827508270740509,Dominic Calvert-Lewin,h,5555,OpenPlay,2023,Head,22121,Everton,Tottenham,2,2,2024-02-03 12:30:00,Ashley Young,Cross
560975,14,BlockedShot,0.7869999694824219,0.4229999923706055,0.02836112678050995,Idrissa Gueye,h,668,SetPiece,2023,LeftFoot,22121,Everton,Tottenham,2,2,2024-02-03 12:30:00,Ashley Young,Pass
560976,24,MissedShots,0.9880000305175781,0.595999984741211,0.011584539897739887,Dominic Calvert-Lewin,h,5555,FromCorner,2023,Head,22121,Everton,Tottenham,2,2,2024-02-03 12:30:00,Dwight McNeil,Aerial
560977,29,BlockedShot,0.9780000305175781,0.49599998474121093,0.6824019551277161,Dominic Calvert-Lewin,h,5555,FromCorner,2023,Head,22121,Everton,Tottenham,2,2,2024-02-03 12:30:00,James Tarkowski,HeadPass
560978,29,Goal,0.9919999694824219,0.495,0.9601159691810608,Jack Harrison,h,8720,FromCorner,2023,RightFoot,22121,Everton,Tottenham,2,2,2024-02-03 12:30:00,Dominic Calvert-Lewin,None
560980,42,MissedShots,0.7480000305175781,0.514000015258789,0.010858219116926193,Dwight McNeil,h,6756,OpenPlay,2023,LeftFoot,22121,Everton,Tottenham,2,2,2024-02-03 12:30:00,,Aerial
560981,44,BlockedShot,0.8069999694824219,0.49900001525878906,0.043632905930280685,Idrissa Gueye,h,668,OpenPlay,2023,RightFoot,22121,Everton,Tottenham,2,2,2024-02-03 12:30:00,,BallRecovery
560982,45,SavedShot,0.9519999694824218,0.455,0.07039259374141693,Ben Godfrey,h,7689,FromCorner,2023,Head,22121,Everton,Tottenham,2,2,2024-02-03 12:30:00,James Garner,Aerial
560983,46,BlockedShot,0.870999984741211,0.5109999847412109,0.07600940763950348,Dominic Calvert-Lewin,h,5555,OpenPlay,2023,RightFoot,22121,Everton,Tottenham,2,2,2024-02-03 12:30:00,Dwight McNeil,Cross
560984,49,MissedShots,0.785,0.6969999694824218,0.018946891650557518,Jack Harrison,h,8720,OpenPlay,2023,LeftFoot,22121,Everton,Tottenham,2,2,2024-02-03 12:30:00,James Tarkowski,Chipped
560989,64,MissedShots,0.8180000305175781,0.5070000076293946,0.022662701085209846,Dominic Calvert-Lewin,h,5555,SetPiece,2023,Head,22121,Everton,Tottenham,2,2,2024-02-03 12:30:00,James Garner,Chipped
560990,67,MissedShots,0.7330000305175781,0.36900001525878906,0.010532249696552753,Ben Godfrey,h,7689,SetPiece,2023,RightFoot,22121,Everton,Tottenham,2,2,2024-02-03 12:30:00,,None
560992,87,SavedShot,0.9,0.48400001525878905,0.34960487484931946,Youssef Chermiti,h,11984,OpenPlay,2023,RightFoot,22121,Everton,Tottenham,2,2,2024-02-03 12:30:00,Lewis Dobbin,Cross
560993,93,Goal,0.985999984741211,0.47200000762939454,0.8909584283828735,Jarrad Branthwaite,h,8476,SetPiece,2023,Head,22121,Everton,Tottenham,2,2,2024-02-03 12:30:00,,None
560971,3,Goal,0.92,0.5479999923706055,0.47536227107048035,Richarlison,a,6026,OpenPlay,2023,LeftFoot,22121,Everton,Tottenham,2,2,2024-02-03 12:30:00,Iyenoma Destiny Udogie,Pass
560973,8,SavedShot,0.7930000305175782,0.6370000076293946,0.03915691375732422,James Maddison,a,6818,OpenPlay,2023,LeftFoot,22121,Everton,Tottenham,2,2,2024-02-03 12:30:00,Richarlison,Pass
560974,9,MissedShots,0.825999984741211,0.625,0.03151600435376167,Pierre-Emile Højbjerg,a,343,FromCorner,2023,RightFoot,22121,Everton,Tottenham,2,2,2024-02-03 12:30:00,,None
560979,40,Goal,0.8119999694824219,0.5970000076293945,0.04515125975012779,Richarlison,a,6026,OpenPlay,2023,RightFoot,22121,Everton,Tottenham,2,2,2024-02-03 12:30:00,James Maddison,Pass
560985,49,SavedShot,0.7969999694824219,0.36200000762939455,0.04078846797347069,Pedro Porro,a,6912,OpenPlay,2023,RightFoot,22121,Everton,Tottenham,2,2,2024-02-03 12:30:00,Timo Werner,Pass
560986,51,MissedShots,0.8780000305175781,0.634000015258789,0.04024987667798996,Pierre-Emile Højbjerg,a,343,FromCorner,2023,LeftFoot,22121,Everton,Tottenham,2,2,2024-02-03 12:30:00,Richarlison,HeadPass
560987,57,SavedShot,0.8059999847412109,0.5279999923706055,0.06106920167803764,James Maddison,a,6818,OpenPlay,2023,LeftFoot,22121,Everton,Tottenham,2,2,2024-02-03 12:30:00,,None
560988,59,BlockedShot,0.885,0.6270000076293946,0.0876704752445221,Richarlison,a,6026,OpenPlay,2023,LeftFoot,22121,Everton,Tottenham,2,2,2024-02-03 12:30:00,Iyenoma Destiny Udogie,Pass
560991,69,SavedShot,0.894000015258789,0.3509999847412109,0.10140691697597504,Richarlison,a,6026,OpenPlay,2023,RightFoot,22121,Everton,Tottenham,2,2,2024-02-03 12:30:00,Dejan Kulusevski,Pass
562562,19,BlockedShot,0.875,0.41400001525878904,0.06439626216888428,Richarlison,h,6026,OpenPlay,2023,RightFoot,22132,Tottenham,Brighton,2,1,2024-02-10 15:00:00,,None
562563,21,SavedShot,0.904000015258789,0.665,0.274502158164978,Richarlison,h,6026,OpenPlay,2023,RightFoot,22132,Tottenham,Brighton,2,1,2024-02-10 15:00:00,James Maddison,Throughball
562564,21,MissedShots,0.8069999694824219,0.7269999694824218,0.022017378360033035,Timo Werner,h,65,OpenPlay,2023,RightFoot,22132,Tottenham,Brighton,2,1,2024-02-10 15:00:00,,Rebound
562565,25,MissedShots,0.84,0.625,0.054790787398815155,James Maddison,h,6818,OpenPlay,2023,RightFoot,22132,Tottenham,Brighton,2,1,2024-02-10 15:00:00,Richarlison,Pass
562568,35,MissedShots,0.9280000305175782,0.59,0.08805003017187119,Richarlison,h,6026,OpenPlay,2023,LeftFoot,22132,Tottenham,Brighton,2,1,2024-02-10 15:00:00,Timo Werner,Cross
562569,37,SavedShot,0.9130000305175782,0.3970000076293945,0.3645493686199188,Dejan Kulusevski,h,6691,OpenPlay,2023,LeftFoot,22132,Tottenham,Brighton,2,1,2024-02-10 15:00:00,Richarlison,Pass
562570,40,BlockedShot,0.8490000152587891,0.3870000076293945,0.0915173664689064,Richarlison,h,6026,OpenPlay,2023,RightFoot,22132,Tottenham,Brighton,2,1,2024-02-10 15:00:00,James Maddison,TakeOn
562571,45,BlockedShot,0.769000015258789,0.34599998474121096,0.020896457135677338,Rodrigo Bentancur,h,6108,OpenPlay,2023,LeftFoot,22132,Tottenham,Brighton,2,1,2024-02-10 15:00:00,Dejan Kulusevski,Pass
562572,47,SavedShot,0.7619999694824219,0.3559999847412109,0.05837944895029068,James Maddison,h,6818,DirectFreekick,2023,RightFoot,22132,Tottenham,Brighton,2,1,2024-02-10 15:00:00,,Standard
562573,52,BlockedShot,0.7880000305175782,0.5409999847412109,0.03540848568081856,Timo Werner,h,65,OpenPlay,2023,RightFoot,22132,Tottenham,Brighton,2,1,2024-02-10 15:00:00,Micky van de Ven,Pass
562574,54,BlockedShot,0.735999984741211,0.6,0.014644174836575985,Pape Sarr,h,9021,FromCorner,2023,RightFoot,22132,Tottenham,Brighton,2,1,2024-02-10 15:00:00,,None
562575,57,BlockedShot,0.8480000305175781,0.5170000076293946,0.060222871601581573,Pape Sarr,h,9021,OpenPlay,2023,RightFoot,22132,Tottenham,Brighton,2,1,2024-02-10 15:00:00,,None
562576,60,Goal,0.9780000305175781,0.3679999923706055,0.31112056970596313,Pape Sarr,h,9021,OpenPlay,2023,LeftFoot,22132,Tottenham,Brighton,2,1,2024-02-10 15:00:00,,None
562577,65,SavedShot,0.8719999694824219,0.33599998474121096,0.060219913721084595,Brennan Johnson,h,10760,OpenPlay,2023,RightFoot,22132,Tottenham,Brighton,2,1,2024-02-10 15:00:00,Son Heung-Min,Pass
562580,93,MissedShots,0.784000015258789,0.37400001525878906,0.027763038873672485,Pierre-Emile Højbjerg,h,343,OpenPlay,2023,RightFoot,22132,Tottenham,Brighton,2,1,2024-02-10 15:00:00,James Maddison,Pass
562581,95,Goal,0.95,0.44299999237060544,0.5668436288833618,Brennan Johnson,h,10760,OpenPlay,2023,RightFoot,22132,Tottenham,Brighton,2,1,2024-02-10 15:00:00,Son Heung-Min,Pass
562560,0,SavedShot,0.8669999694824219,0.3039999961853027,0.059902697801589966,Danny Welbeck,a,501,OpenPlay,2023,LeftFoot,22132,Tottenham,Brighton,2,1,2024-02-10 15:00:00,,TakeOn
562561,16,Goal,0.885,0.5,0.7611688375473022,Pascal Groß,a,239,Penalty,2023,RightFoot,22132,Tottenham,Brighton,2,1,2024-02-10 15:00:00,,Standard
562566,28,BlockedShot,0.774000015258789,0.590999984741211,0.048368170857429504,Danny Welbeck,a,501,OpenPlay,2023,RightFoot,22132,Tottenham,Brighton,2,1,2024-02-10 15:00:00,,TakeOn
562567,28,SavedShot,0.9340000152587891,0.649000015258789,0.10487795621156693,Kaoru Mitoma,a,10806,OpenPlay,2023,RightFoot,22132,Tottenham,Brighton,2,1,2024-02-10 15:00:00,Adam Lallana,Pass
562578,75,MissedShots,0.9269999694824219,0.5929999923706055,0.41081592440605164,Anssumane Fati,a,7967,OpenPlay,2023,LeftFoot,22132,Tottenham,Brighton,2,1,2024-02-10 15:00:00,Kaoru Mitoma,Pass
562579,77,BlockedShot,0.87,0.5520000076293945,0.10771503299474716,Facundo Buonanotte,a,11362,OpenPlay,2023,LeftFoot,22132,Tottenham,Brighton,2,1,2024-02-10 15:00:00,Anssumane Fati,Pass
563941,6,MissedShots,0.730999984741211,0.4909999847412109,0.01731722801923752,Richarlison,h,6026,OpenPlay,2023,RightFoot,22144,Tottenham,Wolverhampton Wanderers,1,2,2024-02-17 15:00:00,Yves Bissouma,BallRecovery
563942,13,MissedShots,0.8490000152587891,0.615,0.047136787325143814,Ben Davies,h,660,OpenPlay,2023,LeftFoot,22144,Tottenham,Wolverhampton Wanderers,1,2,2024-02-17 15:00:00,Pape Sarr,HeadPass
563944,25,MissedShots,0.7780000305175782,0.5109999847412109,0.023914339020848274,Pape Sarr,h,9021,SetPiece,2023,RightFoot,22144,Tottenham,Wolverhampton Wanderers,1,2,2024-02-17 15:00:00,,None
563945,27,BlockedShot,0.9540000152587891,0.5179999923706055,0.09266617894172668,Richarlison,h,6026,FromCorner,2023,Head,22144,Tottenham,Wolverhampton Wanderers,1,2,2024-02-17 15:00:00,Ben Davies,None
563946,35,MissedShots,0.8980000305175782,0.5970000076293945,0.11063562333583832,Dejan Kulusevski,h,6691,OpenPlay,2023,LeftFoot,22144,Tottenham,Wolverhampton Wanderers,1,2,2024-02-17 15:00:00,James Maddison,Pass
563949,45,Goal,0.9540000152587891,0.38099998474121094,0.3729393482208252,Dejan Kulusevski,h,6691,OpenPlay,2023,LeftFoot,22144,Tottenham,Wolverhampton Wanderers,1,2,2024-02-17 15:00:00,,TakeOn
563950,48,MissedShots,0.9640000152587891,0.534000015258789,0.08765200525522232,Richarlison,h,6026,FromCorner,2023,Head,22144,Tottenham,Wolverhampton Wanderers,1,2,2024-02-17 15:00:00,James Maddison,Aerial
563952,59,SavedShot,0.7959999847412109,0.5740000152587891,0.046040162444114685,Dejan Kulusevski,h,6691,OpenPlay,2023,LeftFoot,22144,Tottenham,Wolverhampton Wanderers,1,2,2024-02-17 15:00:00,Ben Davies,LayOff
563953,62,BlockedShot,0.9,0.39299999237060546,0.10920639336109161,Dejan Kulusevski,h,6691,OpenPlay,2023,LeftFoot,22144,Tottenham,Wolverhampton Wanderers,1,2,2024-02-17 15:00:00,Ben Davies,Pass
563955,67,MissedShots,0.77,0.6459999847412109,0.019369158893823624,James Maddison,h,6818,OpenPlay,2023,RightFoot,22144,Tottenham,Wolverhampton Wanderers,1,2,2024-02-17 15:00:00,Son Heung-Min,Pass
563958,82,SavedShot,0.825999984741211,0.37599998474121094,0.049096930772066116,Emerson,h,7430,OpenPlay,2023,RightFoot,22144,Tottenham,Wolverhampton Wanderers,1,2,2024-02-17 15:00:00,Rodrigo Bentancur,Pass
563960,89,SavedShot,0.914000015258789,0.5129999923706055,0.05512262135744095,Ben Davies,h,660,SetPiece,2023,Head,22144,Tottenham,Wolverhampton Wanderers,1,2,2024-02-17 15:00:00,Giovani Lo Celso,Aerial
563962,92,BlockedShot,0.955999984741211,0.6179999923706054,0.09097466617822647,Timo Werner,h,65,OpenPlay,2023,LeftFoot,22144,Tottenham,Wolverhampton Wanderers,1,2,2024-02-17 15:00:00,Rodrigo Bentancur,TakeOn
563963,92,BlockedShot,0.9259999847412109,0.6609999847412109,0.057394031435251236,Timo Werner,h,65,OpenPlay,2023,RightFoot,22144,Tottenham,Wolverhampton Wanderers,1,2,2024-02-17 15:00:00,,Rebound
563964,93,MissedShots,0.9369999694824219,0.4909999847412109,0.4234379827976227,Ben Davies,h,660,OpenPlay,2023,Head,22144,Tottenham,Wolverhampton Wanderers,1,2,2024-02-17 15:00:00,Dejan Kulusevski,Cross
563938,4,SavedShot,0.7569999694824219,0.33299999237060546,0.02061966434121132,Pablo Sarabia,a,2199,OpenPlay,2023,LeftFoot,22144,Tottenham,Wolverhampton Wanderers,1,2,2024-02-17 15:00:00,Hee-Chan Hwang,Pass
563939,5,SavedShot,0.8930000305175781,0.25799999237060545,0.03510136157274246,Nélson Semedo,a,6163,OpenPlay,2023,RightFoot,22144,Tottenham,Wolverhampton Wanderers,1,2,2024-02-17 15:00:00,Pablo Sarabia,Pass
563940,5,MissedShots,0.9469999694824218,0.4129999923706055,0.4139343202114105,Hee-Chan Hwang,a,8845,OpenPlay,2023,RightFoot,22144,Tottenham,Wolverhampton Wanderers,1,2,2024-02-17 15:00:00,,Rebound
563943,14,SavedShot,0.825,0.595999984741211,0.06002669408917427,Rayan Ait Nouri,a,6674,OpenPlay,2023,RightFoot,22144,Tottenham,Wolverhampton Wanderers,1,2,2024-02-17 15:00:00,Pablo Sarabia,Pass
563947,41,Goal,0.9269999694824219,0.48200000762939454,0.11245949566364288,João Gomes,a,11384,FromCorner,2023,Head,22144,Tottenham,Wolverhampton Wanderers,1,2,2024-02-17 15:00:00,Pablo Sarabia,Cross
563948,48,MissedShots,0.8819999694824219,0.2620000076293945,0.042798712849617004,Pablo Sarabia,a,2199,OpenPlay,2023,LeftFoot,22144,Tottenham,Wolverhampton Wanderers,1,2,2024-02-17 15:00:00,Rayan Ait Nouri,Pass
563951,55,SavedShot,0.870999984741211,0.4909999847412109,0.28885990381240845,Pablo Sarabia,a,2199,OpenPlay,2023,LeftFoot,22144,Tottenham,Wolverhampton Wanderers,1,2,2024-02-17 15:00:00,Nélson Semedo,Cross
563954,62,Goal,0.8669999694824219,0.51,0.5096959471702576,João Gomes,a,11384,OpenPlay,2023,RightFoot,22144,Tottenham,Wolverhampton Wanderers,1,2,2024-02-17 15:00:00,Pedro Neto,Pass
563956,77,BlockedShot,0.9030000305175782,0.6020000076293945,0.1497369110584259,Jean-Ricner Bellegarde,a,7762,OpenPlay,2023,RightFoot,22144,Tottenham,Wolverhampton Wanderers,1,2,2024-02-17 15:00:00,,TakeOn
563957,80,SavedShot,0.89,0.7269999694824218,0.040047068148851395,Mario Lemina,a,1299,FromCorner,2023,RightFoot,22144,Tottenham,Wolverhampton Wanderers,1,2,2024-02-17 15:00:00,Craig Dawson,Pass
563959,88,MissedShots,0.7930000305175782,0.6940000152587891,0.04767246171832085,Pedro Neto,a,6382,OpenPlay,2023,LeftFoot,22144,Tottenham,Wolverhampton Wanderers,1,2,2024-02-17 15:00:00,Jean-Ricner Bellegarde,Pass
563961,90,MissedShots,0.8880000305175781,0.395,0.06948930770158768,Pedro Neto,a,6382,OpenPlay,2023,LeftFoot,22144,Tottenham,Wolverhampton Wanderers,1,2,2024-02-17 15:00:00,Jean-Ricner Bellegarde,Cross
566626,17,SavedShot,0.9030000305175782,0.40099998474121096,0.561333179473877,Timo Werner,h,65,OpenPlay,2023,RightFoot,22164,Tottenham,Crystal Palace,3,1,2024-03-02 15:00:00,Son Heung-Min,Throughball
566627,45,MissedShots,0.7619999694824219,0.6279999923706054,0.018900126218795776,Rodrigo Bentancur,h,6108,OpenPlay,2023,RightFoot,22164,Tottenham,Crystal Palace,3,1,2024-03-02 15:00:00,James Maddison,Pass
566628,48,BlockedShot,0.8569999694824219,0.6530000305175782,0.01978939212858677,Timo Werner,h,65,FromCorner,2023,RightFoot,22164,Tottenham,Crystal Palace,3,1,2024-03-02 15:00:00,,Aerial
566629,53,BlockedShot,0.9730000305175781,0.38299999237060545,0.030586695298552513,Son Heung-Min,h,453,FromCorner,2023,RightFoot,22164,Tottenham,Crystal Palace,3,1,2024-03-02 15:00:00,,Aerial
566630,53,ShotOnPost,0.86,0.4229999923706055,0.09452860057353973,Son Heung-Min,h,453,OpenPlay,2023,RightFoot,22164,Tottenham,Crystal Palace,3,1,2024-03-02 15:00:00,Dejan Kulusevski,Pass
566631,54,MissedShots,0.91,0.6669999694824219,0.08183301985263824,Iyenoma Destiny Udogie,h,8831,OpenPlay,2023,LeftFoot,22164,Tottenham,Crystal Palace,3,1,2024-03-02 15:00:00,Timo Werner,Pass
566633,61,SavedShot,0.874000015258789,0.6459999847412109,0.06665892899036407,Timo Werner,h,65,OpenPlay,2023,RightFoot,22164,Tottenham,Crystal Palace,3,1,2024-03-02 15:00:00,Son Heung-Min,Pass
566634,64,MissedShots,0.9,0.615,0.34462377429008484,Son Heung-Min,h,453,OpenPlay,2023,LeftFoot,22164,Tottenham,Crystal Palace,3,1,2024-03-02 15:00:00,Timo Werner,Pass
566635,64,MissedShots,0.9230000305175782,0.54,0.12285035848617554,Brennan Johnson,h,10760,OpenPlay,2023,RightFoot,22164,Tottenham,Crystal Palace,3,1,2024-03-02 15:00:00,Son Heung-Min,Rebound
566636,67,SavedShot,0.8919999694824219,0.47299999237060547,0.027036800980567932,Cristian Romero,h,7218,OpenPlay,2023,Head,22164,Tottenham,Crystal Palace,3,1,2024-03-02 15:00:00,Dejan Kulusevski,Aerial
566637,73,MissedShots,0.8919999694824219,0.6990000152587891,0.04806317016482353,Son Heung-Min,h,453,OpenPlay,2023,LeftFoot,22164,Tottenham,Crystal Palace,3,1,2024-03-02 15:00:00,Iyenoma Destiny Udogie,Pass
566638,76,Goal,0.9319999694824219,0.545,0.4859383702278137,Timo Werner,h,65,OpenPlay,2023,RightFoot,22164,Tottenham,Crystal Palace,3,1,2024-03-02 15:00:00,Brennan Johnson,Pass
566639,79,Goal,0.9319999694824219,0.5059999847412109,0.47222432494163513,Cristian Romero,h,7218,OpenPlay,2023,Head,22164,Tottenham,Crystal Palace,3,1,2024-03-02 15:00:00,James Maddison,Aerial
566640,87,Goal,0.8190000152587891,0.5359999847412109,0.3304694890975952,Son Heung-Min,h,453,OpenPlay,2023,RightFoot,22164,Tottenham,Crystal Palace,3,1,2024-03-02 15:00:00,Brennan Johnson,BlockedPass
566623,4,MissedShots,0.8180000305175781,0.4909999847412109,0.06851787120103836,Jordan Ayew,a,672,OpenPlay,2023,RightFoot,22164,Tottenham,Crystal Palace,3,1,2024-03-02 15:00:00,Jefferson Lerma,Pass
566624,12,BlockedShot,0.8909999847412109,0.46700000762939453,0.07985234260559082,Jean-Philippe Mateta,a,5735,SetPiece,2023,RightFoot,22164,Tottenham,Crystal Palace,3,1,2024-03-02 15:00:00,Jordan Ayew,Cross
566625,12,MissedShots,0.8569999694824219,0.3579999923706055,0.04172930493950844,Adam Wharton,a,12409,SetPiece,2023,LeftFoot,22164,Tottenham,Crystal Palace,3,1,2024-03-02 15:00:00,,Rebound
566632,58,Goal,0.785,0.5840000152587891,0.0911196693778038,Eberechi Eze,a,8706,DirectFreekick,2023,RightFoot,22164,Tottenham,Crystal Palace,3,1,2024-03-02 15:00:00,,Standard
568441,14,BlockedShot,0.870999984741211,0.6419999694824219,0.07898522913455963,Youri Tielemans,h,5956,OpenPlay,2023,LeftFoot,22167,Aston Villa,Tottenham,0,4,2024-03-10 13:00:00,Ollie Watkins,Pass
568442,21,BlockedShot,0.8219999694824218,0.45,0.02119007520377636,Leon Bailey,h,5221,OpenPlay,2023,LeftFoot,22167,Aston Villa,Tottenham,0,4,2024-03-10 13:00:00,,Aerial
568443,28,MissedShots,0.97,0.40700000762939453,0.4007386565208435,Matthew Cash,h,8864,OpenPlay,2023,RightFoot,22167,Aston Villa,Tottenham,0,4,2024-03-10 13:00:00,,None
568445,44,BlockedShot,0.899000015258789,0.6029999923706054,0.13910004496574402,Ollie Watkins,h,8865,OpenPlay,2023,RightFoot,22167,Aston Villa,Tottenham,0,4,2024-03-10 13:00:00,Leon Bailey,Pass
568446,44,MissedShots,0.8959999847412109,0.5620000076293945,0.03647547960281372,Lucas Digne,h,1823,FromCorner,2023,OtherBodyPart,22167,Aston Villa,Tottenham,0,4,2024-03-10 13:00:00,John McGinn,Cross
568447,45,BlockedShot,0.8690000152587891,0.38,0.06681228429079056,Matthew Cash,h,8864,OpenPlay,2023,LeftFoot,22167,Aston Villa,Tottenham,0,4,2024-03-10 13:00:00,John McGinn,Chipped
568449,51,BlockedShot,0.750999984741211,0.5309999847412109,0.022895511239767075,Youri Tielemans,h,5956,OpenPlay,2023,RightFoot,22167,Aston Villa,Tottenham,0,4,2024-03-10 13:00:00,John McGinn,Pass
568451,73,BlockedShot,0.799000015258789,0.41,0.031228169798851013,Moussa Diaby,h,6556,OpenPlay,2023,LeftFoot,22167,Aston Villa,Tottenham,0,4,2024-03-10 13:00:00,Douglas Luiz,Chipped
568454,83,BlockedShot,0.9330000305175781,0.500999984741211,0.06304457038640976,Ezri Konsa Ngoyo,h,7726,FromCorner,2023,Head,22167,Aston Villa,Tottenham,0,4,2024-03-10 13:00:00,Douglas Luiz,Aerial
568455,83,SavedShot,0.970999984741211,0.5890000152587891,0.39724597334861755,Nicolo Zaniolo,h,6686,FromCorner,2023,LeftFoot,22167,Aston Villa,Tottenham,0,4,2024-03-10 13:00:00,,Rebound
568444,34,BlockedShot,0.9390000152587891,0.754000015258789,0.02416595257818699,James Maddison,a,6818,FromCorner,2023,RightFoot,22167,Aston Villa,Tottenham,0,4,2024-03-10 13:00:00,,None
568448,49,Goal,0.9569999694824218,0.49900001525878906,0.609562337398529,James Maddison,a,6818,OpenPlay,2023,LeftFoot,22167,Aston Villa,Tottenham,0,4,2024-03-10 13:00:00,Pape Sarr,Cross
568450,52,Goal,0.8930000305175781,0.585,0.38794225454330444,Brennan Johnson,a,10760,OpenPlay,2023,RightFoot,22167,Aston Villa,Tottenham,0,4,2024-03-10 13:00:00,Son Heung-Min,Pass
568452,74,MissedShots,0.7809999847412109,0.4179999923706055,0.047509461641311646,Dejan Kulusevski,a,6691,OpenPlay,2023,LeftFoot,22167,Aston Villa,Tottenham,0,4,2024-03-10 13:00:00,Rodrigo Bentancur,Pass
568453,79,BlockedShot,0.9390000152587891,0.6519999694824219,0.09624242782592773,Brennan Johnson,a,10760,OpenPlay,2023,RightFoot,22167,Aston Villa,Tottenham,0,4,2024-03-10 13:00:00,Dejan Kulusevski,Cross
568456,89,BlockedShot,0.85,0.47299999237060547,0.08601733297109604,Dejan Kulusevski,a,6691,OpenPlay,2023,LeftFoot,22167,Aston Villa,Tottenham,0,4,2024-03-10 13:00:00,,None
568457,90,Goal,0.8669999694824219,0.5029999923706054,0.4404544532299042,Son Heung-Min,a,453,OpenPlay,2023,RightFoot,22167,Aston Villa,Tottenham,0,4,2024-03-10 13:00:00,Dejan Kulusevski,Pass
568458,91,SavedShot,0.7909999847412109,0.30700000762939456,0.13076995313167572,Son Heung-Min,a,453,OpenPlay,2023,RightFoot,22167,Aston Villa,Tottenham,0,4,2024-03-10 13:00:00,Pedro Porro,Throughball
568459,93,Goal,0.889000015258789,0.600999984741211,0.4311489462852478,Timo Werner,a,65,OpenPlay,2023,RightFoot,22167,Aston Villa,Tottenham,0,4,2024-03-10 13:00:00,Son Heung-Min,Pass
569562,1,BlockedShot,0.8780000305175781,0.285,0.06966977566480637,Rodrigo Muniz,h,10717,OpenPlay,2023,RightFoot,22180,Fulham,Tottenham,3,0,2024-03-16 17:30:00,Andreas Pereira,Pass
569563,1,BlockedShot,0.8569999694824219,0.4490000152587891,0.1233922615647316,Andreas Pereira,h,922,OpenPlay,2023,RightFoot,22180,Fulham,Tottenham,3,0,2024-03-16 17:30:00,,Rebound
569564,10,BlockedShot,0.924000015258789,0.4879999923706055,0.1114879697561264,Andreas Pereira,h,922,OpenPlay,2023,LeftFoot,22180,Fulham,Tottenham,3,0,2024-03-16 17:30:00,,None
569565,10,SavedShot,0.93,0.3390000152587891,0.08842074871063232,Sasa Lukic,h,1537,OpenPlay,2023,RightFoot,22180,Fulham,Tottenham,3,0,2024-03-16 17:30:00,Alex Iwobi,Pass
569567,24,SavedShot,0.855,0.38,0.10905877500772476,Willian,h,700,OpenPlay,2023,RightFoot,22180,Fulham,Tottenham,3,0,2024-03-16 17:30:00,Alex Iwobi,Pass
569568,25,MissedShots,0.72,0.5179999923706055,0.017091089859604836,Andreas Pereira,h,922,OpenPlay,2023,RightFoot,22180,Fulham,Tottenham,3,0,2024-03-16 17:30:00,Alex Iwobi,Pass
569573,41,Goal,0.9119999694824219,0.39299999237060546,0.2809586524963379,Rodrigo Muniz,h,10717,OpenPlay,2023,RightFoot,22180,Fulham,Tottenham,3,0,2024-03-16 17:30:00,Antonee Robinson,Cross
569574,45,MissedShots,0.9109999847412109,0.44,0.020776506513357162,João Palhinha,h,10715,FromCorner,2023,Head,22180,Fulham,Tottenham,3,0,2024-03-16 17:30:00,Andreas Pereira,Aerial
569576,48,Goal,0.9309999847412109,0.405,0.11171688139438629,Sasa Lukic,h,1537,OpenPlay,2023,LeftFoot,22180,Fulham,Tottenham,3,0,2024-03-16 17:30:00,Timothy Castagne,Cross
569577,59,SavedShot,0.9619999694824218,0.37799999237060544,0.1176653653383255,Timothy Castagne,h,6157,OpenPlay,2023,RightFoot,22180,Fulham,Tottenham,3,0,2024-03-16 17:30:00,Alex Iwobi,Pass
569578,60,BlockedShot,0.8769999694824219,0.5540000152587891,0.013103237375617027,João Palhinha,h,10715,FromCorner,2023,Head,22180,Fulham,Tottenham,3,0,2024-03-16 17:30:00,Andreas Pereira,Aerial
569579,60,ShotOnPost,0.965999984741211,0.585,0.12779000401496887,Calvin Bassey,h,11728,FromCorner,2023,LeftFoot,22180,Fulham,Tottenham,3,0,2024-03-16 17:30:00,,Rebound
569580,60,Goal,0.9819999694824219,0.49200000762939455,0.949984610080719,Rodrigo Muniz,h,10717,FromCorner,2023,RightFoot,22180,Fulham,Tottenham,3,0,2024-03-16 17:30:00,,Rebound
569581,63,BlockedShot,0.87,0.5659999847412109,0.07023991644382477,João Palhinha,h,10715,SetPiece,2023,LeftFoot,22180,Fulham,Tottenham,3,0,2024-03-16 17:30:00,,None
569587,89,SavedShot,0.8369999694824218,0.6780000305175782,0.14710257947444916,Harry Wilson,h,5596,OpenPlay,2023,LeftFoot,22180,Fulham,Tottenham,3,0,2024-03-16 17:30:00,Raúl Jiménez,Throughball
569589,91,BlockedShot,0.884000015258789,0.43200000762939456,0.25640785694122314,Bobby Reid,h,6827,OpenPlay,2023,RightFoot,22180,Fulham,Tottenham,3,0,2024-03-16 17:30:00,Harry Wilson,TakeOn
569566,23,MissedShots,0.8680000305175781,0.629000015258789,0.06959818303585052,Son Heung-Min,a,453,OpenPlay,2023,RightFoot,22180,Fulham,Tottenham,3,0,2024-03-16 17:30:00,James Maddison,Pass
569569,26,SavedShot,0.895,0.6790000152587891,0.22130875289440155,Brennan Johnson,a,10760,OpenPlay,2023,RightFoot,22180,Fulham,Tottenham,3,0,2024-03-16 17:30:00,James Maddison,Pass
569570,28,MissedShots,0.9359999847412109,0.6609999847412109,0.07337670773267746,Radu Dragusin,a,9105,OpenPlay,2023,LeftFoot,22180,Fulham,Tottenham,3,0,2024-03-16 17:30:00,Cristian Romero,HeadPass
569571,31,MissedShots,0.860999984741211,0.555,0.09495148807764053,James Maddison,a,6818,OpenPlay,2023,RightFoot,22180,Fulham,Tottenham,3,0,2024-03-16 17:30:00,Iyenoma Destiny Udogie,Pass
569572,39,BlockedShot,0.8580000305175781,0.305,0.06006807088851929,Dejan Kulusevski,a,6691,OpenPlay,2023,LeftFoot,22180,Fulham,Tottenham,3,0,2024-03-16 17:30:00,,TakeOn
569575,47,MissedShots,0.9209999847412109,0.610999984741211,0.042231395840644836,Son Heung-Min,a,453,OpenPlay,2023,Head,22180,Fulham,Tottenham,3,0,2024-03-16 17:30:00,Brennan Johnson,Cross
569582,67,MissedShots,0.9619999694824218,0.5309999847412109,0.6352412104606628,Brennan Johnson,a,10760,OpenPlay,2023,RightFoot,22180,Fulham,Tottenham,3,0,2024-03-16 17:30:00,Son Heung-Min,Pass
569583,68,MissedShots,0.9740000152587891,0.5429999923706055,0.7102182507514954,Timo Werner,a,65,OpenPlay,2023,LeftFoot,22180,Fulham,Tottenham,3,0,2024-03-16 17:30:00,Brennan Johnson,Pass
569584,68,SavedShot,0.9519999694824218,0.7090000152587891,0.05360541120171547,Timo Werner,a,65,OpenPlay,2023,LeftFoot,22180,Fulham,Tottenham,3,0,2024-03-16 17:30:00,Rodrigo Bentancur,Pass
569585,70,SavedShot,0.7680000305175781,0.40400001525878904,0.02169107086956501,Rodrigo Bentancur,a,6108,OpenPlay,2023,RightFoot,22180,Fulham,Tottenham,3,0,2024-03-16 17:30:00,Timo Werner,Pass
569586,86,MissedShots,0.865999984741211,0.4379999923706055,0.04097099229693413,Richarlison,a,6026,OpenPlay,2023,RightFoot,22180,Fulham,Tottenham,3,0,2024-03-16 17:30:00,Dejan Kulusevski,HeadPass
569588,89,SavedShot,0.8919999694824219,0.580999984741211,0.05562273785471916,Richarlison,a,6026,OpenPlay,2023,LeftFoot,22180,Fulham,Tottenham,3,0,2024-03-16 17:30:00,Pedro Porro,Chipped
569590,91,MissedShots,0.87,0.695,0.04204767197370529,Timo Werner,a,65,OpenPlay,2023,RightFoot,22180,Fulham,Tottenham,3,0,2024-03-16 17:30:00,Pierre-Emile Højbjerg,TakeOn
569591,93,SavedShot,0.7869999694824219,0.35200000762939454,0.024704240262508392,Giovani Lo Celso,a,5681,OpenPlay,2023,LeftFoot,22180,Fulham,Tottenham,3,0,2024-03-16 17:30:00,Pedro Porro,Pass
570804,5,MissedShots,0.925,0.4420000076293945,0.040837112814188004,Pape Sarr,h,9021,OpenPlay,2023,Head,22194,Tottenham,Luton,2,1,2024-03-30 15:00:00,Timo Werner,Aerial
570805,14,MissedShots,0.9080000305175782,0.5820000076293945,0.3222470283508301,Timo Werner,h,65,OpenPlay,2023,LeftFoot,22194,Tottenham,Luton,2,1,2024-03-30 15:00:00,Dejan Kulusevski,TakeOn
570807,19,ShotOnPost,0.9380000305175781,0.3340000152587891,0.5555652976036072,Son Heung-Min,h,453,OpenPlay,2023,RightFoot,22194,Tottenham,Luton,2,1,2024-03-30 15:00:00,Dejan Kulusevski,TakeOn
570808,19,BlockedShot,0.8919999694824219,0.6170000076293946,0.06326454132795334,Timo Werner,h,65,OpenPlay,2023,RightFoot,22194,Tottenham,Luton,2,1,2024-03-30 15:00:00,,Rebound
570809,19,BlockedShot,0.8590000152587891,0.5070000076293946,0.06566553562879562,Pape Sarr,h,9021,OpenPlay,2023,LeftFoot,22194,Tottenham,Luton,2,1,2024-03-30 15:00:00,,Rebound
570810,37,BlockedShot,0.7980000305175782,0.3060000038146973,0.020302696153521538,Son Heung-Min,h,453,OpenPlay,2023,LeftFoot,22194,Tottenham,Luton,2,1,2024-03-30 15:00:00,Dejan Kulusevski,Pass
570813,47,BlockedShot,0.8690000152587891,0.4979999923706055,0.09832467883825302,Son Heung-Min,h,453,OpenPlay,2023,RightFoot,22194,Tottenham,Luton,2,1,2024-03-30 15:00:00,Timo Werner,Pass
570814,47,BlockedShot,0.8980000305175782,0.509000015258789,0.07667271792888641,Son Heung-Min,h,453,OpenPlay,2023,RightFoot,22194,Tottenham,Luton,2,1,2024-03-30 15:00:00,Brennan Johnson,Foul
570817,55,SavedShot,0.8909999847412109,0.46599998474121096,0.09320543706417084,Son Heung-Min,h,453,OpenPlay,2023,RightFoot,22194,Tottenham,Luton,2,1,2024-03-30 15:00:00,Pedro Porro,Cross
570818,56,BlockedShot,0.769000015258789,0.37900001525878907,0.029922155663371086,Brennan Johnson,h,10760,FromCorner,2023,RightFoot,22194,Tottenham,Luton,2,1,2024-03-30 15:00:00,Yves Bissouma,Pass
570819,61,BlockedShot,0.8869999694824219,0.575999984741211,0.1190720945596695,James Maddison,h,6818,OpenPlay,2023,RightFoot,22194,Tottenham,Luton,2,1,2024-03-30 15:00:00,Son Heung-Min,TakeOn
570821,69,MissedShots,0.9390000152587891,0.30100000381469727,0.0430605486035347,Rodrigo Bentancur,h,6108,OpenPlay,2023,RightFoot,22194,Tottenham,Luton,2,1,2024-03-30 15:00:00,Timo Werner,HeadPass
570822,70,MissedShots,0.8680000305175781,0.4229999923706055,0.0965544804930687,Pedro Porro,h,6912,OpenPlay,2023,LeftFoot,22194,Tottenham,Luton,2,1,2024-03-30 15:00:00,Brennan Johnson,Pass
570823,77,BlockedShot,0.9640000152587891,0.529000015258789,0.6894879937171936,Brennan Johnson,h,10760,OpenPlay,2023,RightFoot,22194,Tottenham,Luton,2,1,2024-03-30 15:00:00,Giovani Lo Celso,Pass
570824,78,MissedShots,0.8569999694824219,0.8719999694824219,0.03839162737131119,Pedro Porro,h,6912,DirectFreekick,2023,RightFoot,22194,Tottenham,Luton,2,1,2024-03-30 15:00:00,,Standard
570825,85,Goal,0.865999984741211,0.555,0.1293095201253891,Son Heung-Min,h,453,OpenPlay,2023,RightFoot,22194,Tottenham,Luton,2,1,2024-03-30 15:00:00,Brennan Johnson,Pass
570827,92,MissedShots,0.9690000152587891,0.7230000305175781,0.05682207643985748,Timo Werner,h,65,OpenPlay,2023,LeftFoot,22194,Tottenham,Luton,2,1,2024-03-30 15:00:00,Pierre-Emile Højbjerg,Pass
570803,2,Goal,0.8819999694824219,0.615,0.09459588676691055,Tahith Chong,a,7439,OpenPlay,2023,LeftFoot,22194,Tottenham,Luton,2,1,2024-03-30 15:00:00,Ross Barkley,Pass
570806,16,BlockedShot,0.9230000305175782,0.5720000076293945,0.1202625259757042,Carlton Morris,a,11717,OpenPlay,2023,RightFoot,22194,Tottenham,Luton,2,1,2024-03-30 15:00:00,Reece Burke,Clearance
570811,43,BlockedShot,0.8930000305175781,0.6359999847412109,0.061271071434020996,Alfie Doughty,a,11723,OpenPlay,2023,LeftFoot,22194,Tottenham,Luton,2,1,2024-03-30 15:00:00,Andros Townsend,Cross
570812,43,MissedShots,0.889000015258789,0.4779999923706055,0.04426060616970062,Luke Berry,a,11722,FromCorner,2023,Head,22194,Tottenham,Luton,2,1,2024-03-30 15:00:00,Alfie Doughty,Cross
570815,49,SavedShot,0.7580000305175781,0.6140000152587891,0.023524178192019463,Ross Barkley,a,592,OpenPlay,2023,LeftFoot,22194,Tottenham,Luton,2,1,2024-03-30 15:00:00,Alfie Doughty,Pass
570816,50,OwnGoal,0.045999999046325686,0.455,0,Issa Kabore,a,9619,OpenPlay,2023,LeftFoot,22194,Tottenham,Luton,2,1,2024-03-30 15:00:00,,None
570820,64,SavedShot,0.7909999847412109,0.5879999923706055,0.02356451004743576,Jordan Clark,a,12187,FromCorner,2023,RightFoot,22194,Tottenham,Luton,2,1,2024-03-30 15:00:00,,None
570826,88,BlockedShot,0.78,0.47900001525878905,0.034922849386930466,Andros Townsend,a,775,OpenPlay,2023,LeftFoot,22194,Tottenham,Luton,2,1,2024-03-30 15:00:00,Ross Barkley,Pass
571841,3,MissedShots,0.8909999847412109,0.5459999847412109,0.09336411952972412,Jarrod Bowen,h,1776,OpenPlay,2023,LeftFoot,22199,West Ham,Tottenham,1,1,2024-04-02 19:15:00,,None
571843,6,BlockedShot,0.905,0.4929999923706055,0.1056375801563263,Mohammed Kudus,h,12027,FromCorner,2023,LeftFoot,22199,West Ham,Tottenham,1,1,2024-04-02 19:15:00,Tomas Soucek,None
571846,18,Goal,0.9590000152587891,0.51,0.5028918385505676,Kurt Zouma,h,935,FromCorner,2023,Head,22199,West Ham,Tottenham,1,1,2024-04-02 19:15:00,Jarrod Bowen,Cross
571847,25,BlockedShot,0.8330000305175781,0.519000015258789,0.061214983463287354,Jarrod Bowen,h,1776,OpenPlay,2023,RightFoot,22199,West Ham,Tottenham,1,1,2024-04-02 19:15:00,,None
571848,36,SavedShot,0.7119999694824218,0.35200000762939454,0.036105185747146606,James Ward-Prowse,h,843,DirectFreekick,2023,RightFoot,22199,West Ham,Tottenham,1,1,2024-04-02 19:15:00,,Standard
571850,47,SavedShot,0.825999984741211,0.4829999923706055,0.05243336781859398,Michail Antonio,h,531,OpenPlay,2023,LeftFoot,22199,West Ham,Tottenham,1,1,2024-04-02 19:15:00,James Ward-Prowse,BallRecovery
571851,49,MissedShots,0.8140000152587891,0.46700000762939453,0.060085415840148926,Lucas Paquetá,h,7365,OpenPlay,2023,LeftFoot,22199,West Ham,Tottenham,1,1,2024-04-02 19:15:00,Jarrod Bowen,Pass
571855,56,MissedShots,0.7709999847412109,0.29,0.014468101784586906,Lucas Paquetá,h,7365,OpenPlay,2023,LeftFoot,22199,West Ham,Tottenham,1,1,2024-04-02 19:15:00,,None
571856,59,SavedShot,0.9019999694824219,0.425,0.4344601631164551,Michail Antonio,h,531,OpenPlay,2023,RightFoot,22199,West Ham,Tottenham,1,1,2024-04-02 19:15:00,James Ward-Prowse,TakeOn
571861,85,MissedShots,0.9630000305175781,0.545,0.07791978865861893,Tomas Soucek,h,8288,FromCorner,2023,Head,22199,West Ham,Tottenham,1,1,2024-04-02 19:15:00,Jarrod Bowen,Aerial
571864,93,BlockedShot,0.840999984741211,0.3139999961853027,0.03159090131521225,Mohammed Kudus,h,12027,OpenPlay,2023,LeftFoot,22199,West Ham,Tottenham,1,1,2024-04-02 19:15:00,Konstantinos Mavropanos,TakeOn
571842,4,Goal,0.965,0.52,0.7096827030181885,Brennan Johnson,a,10760,OpenPlay,2023,RightFoot,22199,West Ham,Tottenham,1,1,2024-04-02 19:15:00,Timo Werner,Pass
571844,9,MissedShots,0.78,0.29399999618530276,0.024210501462221146,Pedro Porro,a,6912,OpenPlay,2023,RightFoot,22199,West Ham,Tottenham,1,1,2024-04-02 19:15:00,Son Heung-Min,Pass
571845,12,SavedShot,0.8530000305175781,0.59,0.09076282382011414,Son Heung-Min,a,453,OpenPlay,2023,RightFoot,22199,West Ham,Tottenham,1,1,2024-04-02 19:15:00,James Maddison,Pass
571849,47,MissedShots,0.860999984741211,0.3509999847412109,0.048323944211006165,Rodrigo Bentancur,a,6108,FromCorner,2023,RightFoot,22199,West Ham,Tottenham,1,1,2024-04-02 19:15:00,Yves Bissouma,Pass
571852,51,BlockedShot,0.8490000152587891,0.4370000076293945,0.08963868767023087,James Maddison,a,6818,OpenPlay,2023,LeftFoot,22199,West Ham,Tottenham,1,1,2024-04-02 19:15:00,Brennan Johnson,Pass
571853,53,BlockedShot,0.8440000152587891,0.6079999923706054,0.07019448280334473,James Maddison,a,6818,OpenPlay,2023,LeftFoot,22199,West Ham,Tottenham,1,1,2024-04-02 19:15:00,Son Heung-Min,Pass
571854,54,MissedShots,0.7880000305175782,0.41900001525878905,0.036686528474092484,Yves Bissouma,a,5609,OpenPlay,2023,RightFoot,22199,West Ham,Tottenham,1,1,2024-04-02 19:15:00,,BallTouch
571857,64,MissedShots,0.9030000305175782,0.3120000076293945,0.06191198155283928,Son Heung-Min,a,453,OpenPlay,2023,RightFoot,22199,West Ham,Tottenham,1,1,2024-04-02 19:15:00,Rodrigo Bentancur,Pass
571858,67,BlockedShot,0.850999984741211,0.34599998474121096,0.048508208245038986,Brennan Johnson,a,10760,OpenPlay,2023,RightFoot,22199,West Ham,Tottenham,1,1,2024-04-02 19:15:00,,None
571859,68,SavedShot,0.895,0.33299999237060546,0.05763603374361992,Pedro Porro,a,6912,OpenPlay,2023,LeftFoot,22199,West Ham,Tottenham,1,1,2024-04-02 19:15:00,,None
571860,71,BlockedShot,0.9069999694824219,0.685,0.0653042197227478,Timo Werner,a,65,OpenPlay,2023,RightFoot,22199,West Ham,Tottenham,1,1,2024-04-02 19:15:00,Son Heung-Min,Pass
571862,87,MissedShots,0.755,0.42400001525878905,0.017012745141983032,Pape Sarr,a,9021,FromCorner,2023,RightFoot,22199,West Ham,Tottenham,1,1,2024-04-02 19:15:00,,None
571863,93,SavedShot,0.8490000152587891,0.56,0.07435786724090576,Iyenoma Destiny Udogie,a,8831,OpenPlay,2023,RightFoot,22199,West Ham,Tottenham,1,1,2024-04-02 19:15:00,Giovani Lo Celso,BallTouch
573144,1,MissedShots,0.7930000305175782,0.669000015258789,0.026038000360131264,Yves Bissouma,h,5609,FromCorner,2023,RightFoot,22213,Tottenham,Nottingham Forest,3,1,2024-04-07 19:00:00,James Maddison,Pass
573145,5,BlockedShot,0.8590000152587891,0.7230000305175781,0.02287697233259678,Timo Werner,h,65,FromCorner,2023,RightFoot,22213,Tottenham,Nottingham Forest,3,1,2024-04-07 19:00:00,,None
573146,7,BlockedShot,0.855999984741211,0.64,0.05135535076260567,James Maddison,h,6818,OpenPlay,2023,RightFoot,22213,Tottenham,Nottingham Forest,3,1,2024-04-07 19:00:00,Son Heung-Min,Pass
573148,11,MissedShots,0.8159999847412109,0.3870000076293945,0.03198022022843361,Yves Bissouma,h,5609,FromCorner,2023,RightFoot,22213,Tottenham,Nottingham Forest,3,1,2024-04-07 19:00:00,Brennan Johnson,Pass
573150,16,MissedShots,0.7569999694824219,0.3890000152587891,0.02826647460460663,Yves Bissouma,h,5609,OpenPlay,2023,RightFoot,22213,Tottenham,Nottingham Forest,3,1,2024-04-07 19:00:00,,None
573152,23,SavedShot,0.7630000305175781,0.4929999923706055,0.03528482839465141,Yves Bissouma,h,5609,OpenPlay,2023,RightFoot,22213,Tottenham,Nottingham Forest,3,1,2024-04-07 19:00:00,James Maddison,Pass
573153,23,SavedShot,0.9730000305175781,0.534000015258789,0.8439615368843079,Brennan Johnson,h,10760,OpenPlay,2023,RightFoot,22213,Tottenham,Nottingham Forest,3,1,2024-04-07 19:00:00,Timo Werner,Pass
573154,23,BlockedShot,0.8540000152587891,0.544000015258789,0.10953065752983093,Son Heung-Min,h,453,OpenPlay,2023,LeftFoot,22213,Tottenham,Nottingham Forest,3,1,2024-04-07 19:00:00,James Maddison,Pass
573160,46,SavedShot,0.7630000305175781,0.58,0.01804114505648613,Pierre-Emile Højbjerg,h,343,FromCorner,2023,RightFoot,22213,Tottenham,Nottingham Forest,3,1,2024-04-07 19:00:00,,None
573161,48,MissedShots,0.960999984741211,0.3679999923706055,0.0722755715250969,Brennan Johnson,h,10760,OpenPlay,2023,RightFoot,22213,Tottenham,Nottingham Forest,3,1,2024-04-07 19:00:00,,None
573163,52,Goal,0.8480000305175781,0.605,0.04874492436647415,Micky van de Ven,h,10050,FromCorner,2023,LeftFoot,22213,Tottenham,Nottingham Forest,3,1,2024-04-07 19:00:00,Son Heung-Min,Pass
573165,57,Goal,0.8809999847412109,0.3870000076293945,0.08517362922430038,Pedro Porro,h,6912,OpenPlay,2023,RightFoot,22213,Tottenham,Nottingham Forest,3,1,2024-04-07 19:00:00,Rodrigo Bentancur,HeadPass
573166,61,BlockedShot,0.794000015258789,0.3729999923706055,0.0353466272354126,James Maddison,h,6818,OpenPlay,2023,RightFoot,22213,Tottenham,Nottingham Forest,3,1,2024-04-07 19:00:00,Iyenoma Destiny Udogie,Pass
573167,62,SavedShot,0.7290000152587891,0.48900001525878906,0.021773559972643852,Pierre-Emile Højbjerg,h,343,FromCorner,2023,RightFoot,22213,Tottenham,Nottingham Forest,3,1,2024-04-07 19:00:00,Pedro Porro,Pass
573169,78,BlockedShot,0.750999984741211,0.6419999694824219,0.05256294459104538,Pierre-Emile Højbjerg,h,343,DirectFreekick,2023,RightFoot,22213,Tottenham,Nottingham Forest,3,1,2024-04-07 19:00:00,,Standard
573171,84,SavedShot,0.8530000305175781,0.5559999847412109,0.11348467320203781,Son Heung-Min,h,453,OpenPlay,2023,LeftFoot,22213,Tottenham,Nottingham Forest,3,1,2024-04-07 19:00:00,Brennan Johnson,Pass
573173,95,MissedShots,0.7869999694824219,0.35700000762939454,0.02308124303817749,Giovani Lo Celso,h,5681,FromCorner,2023,LeftFoot,22213,Tottenham,Nottingham Forest,3,1,2024-04-07 19:00:00,Dejan Kulusevski,Pass
573147,10,MissedShots,0.33099998474121095,0.84,0.00932837650179863,Murillo,a,12123,OpenPlay,2023,LeftFoot,22213,Tottenham,Nottingham Forest,3,1,2024-04-07 19:00:00,,BallRecovery
573149,14,OwnGoal,0.04400000095367432,0.49200000762939455,0,Murillo,a,12123,OpenPlay,2023,RightFoot,22213,Tottenham,Nottingham Forest,3,1,2024-04-07 19:00:00,,TakeOn
573151,18,SavedShot,0.855999984741211,0.6969999694824218,0.035544127225875854,Callum Hudson-Odoi,a,6456,OpenPlay,2023,RightFoot,22213,Tottenham,Nottingham Forest,3,1,2024-04-07 19:00:00,Morgan Gibbs-White,Pass
573155,26,Goal,0.8919999694824219,0.41700000762939454,0.39241740107536316,Chris Wood,a,4456,OpenPlay,2023,RightFoot,22213,Tottenham,Nottingham Forest,3,1,2024-04-07 19:00:00,Anthony Elanga,Pass
573156,33,SavedShot,0.8480000305175781,0.48200000762939454,0.09247975796461105,Ryan Yates,a,11003,OpenPlay,2023,RightFoot,22213,Tottenham,Nottingham Forest,3,1,2024-04-07 19:00:00,Ola Aina,Pass
573157,33,ShotOnPost,0.975,0.445,0.6510992646217346,Chris Wood,a,4456,OpenPlay,2023,RightFoot,22213,Tottenham,Nottingham Forest,3,1,2024-04-07 19:00:00,,Rebound
573158,34,MissedShots,0.794000015258789,0.629000015258789,0.02837664633989334,Morgan Gibbs-White,a,6857,OpenPlay,2023,RightFoot,22213,Tottenham,Nottingham Forest,3,1,2024-04-07 19:00:00,Ola Aina,Pass
573159,37,SavedShot,0.815,0.5029999923706054,0.05670614913105965,Anthony Elanga,a,9524,OpenPlay,2023,LeftFoot,22213,Tottenham,Nottingham Forest,3,1,2024-04-07 19:00:00,Andrew Omobamidele,Pass
573162,50,SavedShot,0.9540000152587891,0.524000015258789,0.6363325119018555,Chris Wood,a,4456,OpenPlay,2023,Head,22213,Tottenham,Nottingham Forest,3,1,2024-04-07 19:00:00,,Aerial
573164,54,MissedShots,0.9740000152587891,0.6659999847412109,0.03516841679811478,Callum Hudson-Odoi,a,6456,OpenPlay,2023,LeftFoot,22213,Tottenham,Nottingham Forest,3,1,2024-04-07 19:00:00,Neco Williams,Cross
573168,66,MissedShots,0.6980000305175781,0.4159999847412109,0.008715841919183731,Neco Williams,a,8204,OpenPlay,2023,RightFoot,22213,Tottenham,Nottingham Forest,3,1,2024-04-07 19:00:00,Morgan Gibbs-White,Pass
573170,82,SavedShot,0.785,0.43099998474121093,0.029090795665979385,Nicolás Domínguez,a,8252,OpenPlay,2023,RightFoot,22213,Tottenham,Nottingham Forest,3,1,2024-04-07 19:00:00,Anthony Elanga,Pass
573172,88,MissedShots,0.7930000305175782,0.6790000152587891,0.06951507925987244,Callum Hudson-Odoi,a,6456,DirectFreekick,2023,RightFoot,22213,Tottenham,Nottingham Forest,3,1,2024-04-07 19:00:00,,Standard
573174,96,MissedShots,0.7390000152587891,0.385,0.01665441505610943,Divock Origi,a,484,OpenPlay,2023,LeftFoot,22213,Tottenham,Nottingham Forest,3,1,2024-04-07 19:00:00,Anthony Elanga,Pass
573405,2,BlockedShot,0.875999984741211,0.54,0.03577015921473503,Elliot Anderson,h,9154,OpenPlay,2023,Head,22222,Newcastle United,Tottenham,4,0,2024-04-13 11:30:00,Jacob Murphy,Cross
573407,9,MissedShots,0.9430000305175781,0.4809999847412109,0.12893912196159363,Elliot Anderson,h,9154,FromCorner,2023,Head,22222,Newcastle United,Tottenham,4,0,2024-04-13 11:30:00,Anthony Gordon,Cross
573408,9,MissedShots,0.9330000305175781,0.46799999237060547,0.11444458365440369,Harvey Barnes,h,6681,FromCorner,2023,Head,22222,Newcastle United,Tottenham,4,0,2024-04-13 11:30:00,Anthony Gordon,Cross
573410,16,BlockedShot,0.87,0.6419999694824219,0.07339581102132797,Harvey Barnes,h,6681,OpenPlay,2023,RightFoot,22222,Newcastle United,Tottenham,4,0,2024-04-13 11:30:00,Alexander Isak,Pass
573412,29,Goal,0.8719999694824219,0.5279999923706055,0.47428464889526367,Alexander Isak,h,5232,OpenPlay,2023,RightFoot,22222,Newcastle United,Tottenham,4,0,2024-04-13 11:30:00,Anthony Gordon,TakeOn
573413,31,Goal,0.914000015258789,0.5790000152587891,0.42511066794395447,Anthony Gordon,h,8150,OpenPlay,2023,RightFoot,22222,Newcastle United,Tottenham,4,0,2024-04-13 11:30:00,,BallRecovery
573414,35,MissedShots,0.9569999694824218,0.44,0.06387610733509064,Dan Burn,h,7382,FromCorner,2023,Head,22222,Newcastle United,Tottenham,4,0,2024-04-13 11:30:00,Anthony Gordon,Aerial
573415,36,BlockedShot,0.8730000305175781,0.51,0.39165183901786804,Alexander Isak,h,5232,OpenPlay,2023,RightFoot,22222,Newcastle United,Tottenham,4,0,2024-04-13 11:30:00,Harvey Barnes,Pass
573416,40,MissedShots,0.93,0.4809999847412109,0.057463593780994415,Alexander Isak,h,5232,FromCorner,2023,Head,22222,Newcastle United,Tottenham,4,0,2024-04-13 11:30:00,Anthony Gordon,Aerial
573418,43,MissedShots,0.9309999847412109,0.519000015258789,0.05874231457710266,Alexander Isak,h,5232,FromCorner,2023,Head,22222,Newcastle United,Tottenham,4,0,2024-04-13 11:30:00,Anthony Gordon,Aerial
573419,47,BlockedShot,0.9619999694824218,0.6029999923706054,0.08169715106487274,Alexander Isak,h,5232,SetPiece,2023,RightFoot,22222,Newcastle United,Tottenham,4,0,2024-04-13 11:30:00,Fabian Schär,HeadPass
573421,50,Goal,0.924000015258789,0.5790000152587891,0.5431457757949829,Alexander Isak,h,5232,OpenPlay,2023,RightFoot,22222,Newcastle United,Tottenham,4,0,2024-04-13 11:30:00,Bruno Guimarães,Chipped
573423,62,SavedShot,0.9490000152587891,0.6709999847412109,0.06498701125383377,Elliot Anderson,h,9154,OpenPlay,2023,RightFoot,22222,Newcastle United,Tottenham,4,0,2024-04-13 11:30:00,Harvey Barnes,TakeOn
573424,62,MissedShots,0.9269999694824219,0.5209999847412109,0.050784774124622345,Elliot Anderson,h,9154,FromCorner,2023,Head,22222,Newcastle United,Tottenham,4,0,2024-04-13 11:30:00,Anthony Gordon,CornerAwarded
573428,72,MissedShots,0.7830000305175782,0.3679999923706055,0.011709580197930336,Elliot Anderson,h,9154,SetPiece,2023,RightFoot,22222,Newcastle United,Tottenham,4,0,2024-04-13 11:30:00,,Aerial
573430,80,ShotOnPost,0.8240000152587891,0.4229999923706055,0.03836623206734657,Emil Krafth,h,1545,FromCorner,2023,RightFoot,22222,Newcastle United,Tottenham,4,0,2024-04-13 11:30:00,,None
573431,85,BlockedShot,0.905,0.4420000076293945,0.45114633440971375,Anthony Gordon,h,8150,OpenPlay,2023,RightFoot,22222,Newcastle United,Tottenham,4,0,2024-04-13 11:30:00,Harvey Barnes,Pass
573432,86,Goal,0.92,0.549000015258789,0.08278388530015945,Fabian Schär,h,76,FromCorner,2023,Head,22222,Newcastle United,Tottenham,4,0,2024-04-13 11:30:00,Anthony Gordon,Cross
573404,0,BlockedShot,0.840999984741211,0.5409999847412109,0.06461359560489655,Rodrigo Bentancur,a,6108,OpenPlay,2023,LeftFoot,22222,Newcastle United,Tottenham,4,0,2024-04-13 11:30:00,,None
573406,6,MissedShots,0.914000015258789,0.5740000152587891,0.3165394365787506,Timo Werner,a,65,OpenPlay,2023,RightFoot,22222,Newcastle United,Tottenham,4,0,2024-04-13 11:30:00,Brennan Johnson,Cross
573409,15,BlockedShot,0.924000015258789,0.7180000305175781,0.041825950145721436,Timo Werner,a,65,OpenPlay,2023,RightFoot,22222,Newcastle United,Tottenham,4,0,2024-04-13 11:30:00,Son Heung-Min,Chipped
573411,16,MissedShots,0.9459999847412109,0.595999984741211,0.131307452917099,Timo Werner,a,65,OpenPlay,2023,LeftFoot,22222,Newcastle United,Tottenham,4,0,2024-04-13 11:30:00,James Maddison,Pass
573417,41,SavedShot,0.785,0.6320000076293946,0.027965936809778214,James Maddison,a,6818,OpenPlay,2023,RightFoot,22222,Newcastle United,Tottenham,4,0,2024-04-13 11:30:00,Son Heung-Min,Pass
573420,49,SavedShot,0.7880000305175782,0.6919999694824219,0.02097717672586441,Timo Werner,a,65,OpenPlay,2023,RightFoot,22222,Newcastle United,Tottenham,4,0,2024-04-13 11:30:00,James Maddison,Pass
573422,60,MissedShots,0.765,0.33799999237060546,0.015367199666798115,Brennan Johnson,a,10760,OpenPlay,2023,RightFoot,22222,Newcastle United,Tottenham,4,0,2024-04-13 11:30:00,Pierre-Emile Højbjerg,Chipped
573425,64,BlockedShot,0.960999984741211,0.6809999847412109,0.07749179750680923,Dejan Kulusevski,a,6691,OpenPlay,2023,LeftFoot,22222,Newcastle United,Tottenham,4,0,2024-04-13 11:30:00,James Maddison,Throughball
573426,69,MissedShots,0.7330000305175781,0.6020000076293945,0.011929097585380077,James Maddison,a,6818,OpenPlay,2023,RightFoot,22222,Newcastle United,Tottenham,4,0,2024-04-13 11:30:00,Iyenoma Destiny Udogie,Pass
573427,69,BlockedShot,0.915,0.26600000381469724,0.017446797341108322,Dejan Kulusevski,a,6691,OpenPlay,2023,LeftFoot,22222,Newcastle United,Tottenham,4,0,2024-04-13 11:30:00,James Maddison,Cross
573429,75,BlockedShot,0.7440000152587891,0.6079999923706054,0.012131357565522194,Pierre-Emile Højbjerg,a,343,OpenPlay,2023,RightFoot,22222,Newcastle United,Tottenham,4,0,2024-04-13 11:30:00,Timo Werner,Pass
577217,11,MissedShots,0.825,0.36400001525878906,0.04029727727174759,James Maddison,h,6818,OpenPlay,2023,RightFoot,22241,Tottenham,Arsenal,2,3,2024-04-28 13:00:00,Son Heung-Min,Pass
577219,14,OwnGoal,0.022999999523162843,0.565,0,Pierre-Emile Højbjerg,h,343,FromCorner,2023,Head,22241,Tottenham,Arsenal,2,3,2024-04-28 13:00:00,,CornerAwarded
577220,20,ShotOnPost,0.9590000152587891,0.4470000076293945,0.4592956602573395,Cristian Romero,h,7218,SetPiece,2023,Head,22241,Tottenham,Arsenal,2,3,2024-04-28 13:00:00,James Maddison,Aerial
577221,21,BlockedShot,0.78,0.5720000076293945,0.02714565582573414,Dejan Kulusevski,h,6691,OpenPlay,2023,LeftFoot,22241,Tottenham,Arsenal,2,3,2024-04-28 13:00:00,,BallRecovery
577222,21,BlockedShot,0.725,0.40299999237060546,0.0138865876942873,Pedro Porro,h,6912,FromCorner,2023,RightFoot,22241,Tottenham,Arsenal,2,3,2024-04-28 13:00:00,,None
577225,44,MissedShots,0.870999984741211,0.435,0.29551446437835693,Son Heung-Min,h,453,OpenPlay,2023,RightFoot,22241,Tottenham,Arsenal,2,3,2024-04-28 13:00:00,Pedro Porro,Throughball
577226,48,MissedShots,0.845999984741211,0.37,0.038339488208293915,Pedro Porro,h,6912,OpenPlay,2023,RightFoot,22241,Tottenham,Arsenal,2,3,2024-04-28 13:00:00,,None
577227,50,BlockedShot,0.914000015258789,0.495,0.11130133271217346,Brennan Johnson,h,10760,FromCorner,2023,RightFoot,22241,Tottenham,Arsenal,2,3,2024-04-28 13:00:00,,None
577228,50,BlockedShot,0.8919999694824219,0.4859999847412109,0.08008977770805359,Brennan Johnson,h,10760,FromCorner,2023,RightFoot,22241,Tottenham,Arsenal,2,3,2024-04-28 13:00:00,,BallTouch
577230,50,MissedShots,0.9540000152587891,0.47700000762939454,0.5857158303260803,Cristian Romero,h,7218,OpenPlay,2023,Head,22241,Tottenham,Arsenal,2,3,2024-04-28 13:00:00,Dejan Kulusevski,Cross
577232,56,MissedShots,0.870999984741211,0.27799999237060546,0.041941747069358826,Pedro Porro,h,6912,OpenPlay,2023,RightFoot,22241,Tottenham,Arsenal,2,3,2024-04-28 13:00:00,Dejan Kulusevski,Pass
577234,63,Goal,0.8180000305175781,0.4859999847412109,0.05250925570726395,Cristian Romero,h,7218,OpenPlay,2023,RightFoot,22241,Tottenham,Arsenal,2,3,2024-04-28 13:00:00,,BallRecovery
577237,83,BlockedShot,0.9119999694824219,0.49700000762939456,0.08248989284038544,Cristian Romero,h,7218,OpenPlay,2023,LeftFoot,22241,Tottenham,Arsenal,2,3,2024-04-28 13:00:00,Pape Sarr,Cross
577238,86,Goal,0.885,0.5,0.7611688375473022,Son Heung-Min,h,453,Penalty,2023,RightFoot,22241,Tottenham,Arsenal,2,3,2024-04-28 13:00:00,,Standard
577239,95,MissedShots,0.740999984741211,0.61,0.01488252729177475,Giovani Lo Celso,h,5681,FromCorner,2023,LeftFoot,22241,Tottenham,Arsenal,2,3,2024-04-28 13:00:00,,None
577216,10,BlockedShot,0.750999984741211,0.605999984741211,0.05776505917310715,Martin Odegaard,a,2517,DirectFreekick,2023,LeftFoot,22241,Tottenham,Arsenal,2,3,2024-04-28 13:00:00,,Standard
577218,14,BlockedShot,0.914000015258789,0.3270000076293945,0.0796167179942131,Declan Rice,a,5553,OpenPlay,2023,RightFoot,22241,Tottenham,Arsenal,2,3,2024-04-28 13:00:00,Martin Odegaard,Pass
577223,26,Goal,0.8909999847412109,0.4229999923706055,0.13872048258781433,Bukayo Saka,a,7322,OpenPlay,2023,LeftFoot,22241,Tottenham,Arsenal,2,3,2024-04-28 13:00:00,Kai Havertz,Chipped
577224,37,Goal,0.9619999694824218,0.5309999847412109,0.5010649561882019,Kai Havertz,a,5220,FromCorner,2023,Head,22241,Tottenham,Arsenal,2,3,2024-04-28 13:00:00,Declan Rice,Cross
577229,47,MissedShots,0.8769999694824219,0.5659999847412109,0.10630717128515244,Takehiro Tomiyasu,a,7931,SetPiece,2023,Head,22241,Tottenham,Arsenal,2,3,2024-04-28 13:00:00,Declan Rice,Cross
577231,52,SavedShot,0.9309999847412109,0.43200000762939456,0.40084895491600037,Bukayo Saka,a,7322,OpenPlay,2023,LeftFoot,22241,Tottenham,Arsenal,2,3,2024-04-28 13:00:00,Kai Havertz,Chipped
577233,57,BlockedShot,0.8780000305175781,0.6480000305175782,0.09908457100391388,Leandro Trossard,a,7698,OpenPlay,2023,RightFoot,22241,Tottenham,Arsenal,2,3,2024-04-28 13:00:00,Bukayo Saka,Pass
577235,67,BlockedShot,0.9,0.33,0.08758149296045303,Bukayo Saka,a,7322,OpenPlay,2023,LeftFoot,22241,Tottenham,Arsenal,2,3,2024-04-28 13:00:00,Martin Odegaard,Pass
577236,82,BlockedShot,0.8340000152587891,0.6170000076293946,0.04370170086622238,Gabriel Martinelli,a,7752,SetPiece,2023,RightFoot,22241,Tottenham,Arsenal,2,3,2024-04-28 13:00:00,,None
577969,4,BlockedShot,0.8719999694824219,0.644000015258789,0.2884739637374878,Nicolas Jackson,h,10048,OpenPlay,2023,RightFoot,22149,Chelsea,Tottenham,2,0,2024-05-02 18:30:00,Mykhailo Mudryk,Pass
577970,4,MissedShots,0.960999984741211,0.45599998474121095,0.7339301705360413,Cole Palmer,h,8497,OpenPlay,2023,RightFoot,22149,Chelsea,Tottenham,2,0,2024-05-02 18:30:00,,Rebound
577971,4,MissedShots,0.9169999694824219,0.6419999694824219,0.07952815294265747,Mykhailo Mudryk,h,11305,OpenPlay,2023,LeftFoot,22149,Chelsea,Tottenham,2,0,2024-05-02 18:30:00,,BallRecovery
577973,16,MissedShots,0.8059999847412109,0.3089999961853027,0.02422717586159706,Alfie Gilchrist,h,11595,OpenPlay,2023,RightFoot,22149,Chelsea,Tottenham,2,0,2024-05-02 18:30:00,,None
577974,19,BlockedShot,0.8469999694824218,0.6959999847412109,0.028321117162704468,Benoit Badiashile Mukinayi,h,7240,SetPiece,2023,LeftFoot,22149,Chelsea,Tottenham,2,0,2024-05-02 18:30:00,,None
577975,20,SavedShot,0.975999984741211,0.615,0.07636650651693344,Mykhailo Mudryk,h,11305,OpenPlay,2023,LeftFoot,22149,Chelsea,Tottenham,2,0,2024-05-02 18:30:00,,None
577976,22,MissedShots,0.815,0.45599998474121095,0.04550646245479584,Noni Madueke,h,11357,OpenPlay,2023,LeftFoot,22149,Chelsea,Tottenham,2,0,2024-05-02 18:30:00,Mykhailo Mudryk,Chipped
577977,23,Goal,0.9019999694824219,0.5670000076293945,0.24202457070350647,Trevoh Chalobah,h,6615,SetPiece,2023,Head,22149,Chelsea,Tottenham,2,0,2024-05-02 18:30:00,Conor Gallagher,Chipped
577978,31,MissedShots,0.8490000152587891,0.6459999847412109,0.06890509277582169,Mykhailo Mudryk,h,11305,OpenPlay,2023,RightFoot,22149,Chelsea,Tottenham,2,0,2024-05-02 18:30:00,Cole Palmer,Pass
577980,40,MissedShots,0.74,0.5940000152587891,0.0210743211209774,Mykhailo Mudryk,h,11305,SetPiece,2023,RightFoot,22149,Chelsea,Tottenham,2,0,2024-05-02 18:30:00,Cole Palmer,Pass
577982,49,MissedShots,0.94,0.575,0.08607999980449677,Alfie Gilchrist,h,11595,FromCorner,2023,Head,22149,Chelsea,Tottenham,2,0,2024-05-02 18:30:00,Mykhailo Mudryk,Cross
577984,51,MissedShots,0.87,0.37200000762939456,0.09541893005371094,Cole Palmer,h,8497,OpenPlay,2023,LeftFoot,22149,Chelsea,Tottenham,2,0,2024-05-02 18:30:00,Noni Madueke,Pass
577986,59,BlockedShot,0.9230000305175782,0.3509999847412109,0.25284719467163086,Cole Palmer,h,8497,OpenPlay,2023,RightFoot,22149,Chelsea,Tottenham,2,0,2024-05-02 18:30:00,Noni Madueke,TakeOn
577991,71,ShotOnPost,0.7340000152587891,0.4759999847412109,0.05376102402806282,Cole Palmer,h,8497,DirectFreekick,2023,LeftFoot,22149,Chelsea,Tottenham,2,0,2024-05-02 18:30:00,,Standard
577992,71,Goal,0.9119999694824219,0.46599998474121096,0.3207683563232422,Nicolas Jackson,h,10048,SetPiece,2023,Head,22149,Chelsea,Tottenham,2,0,2024-05-02 18:30:00,,Rebound
577994,86,SavedShot,0.7909999847412109,0.18,0.03604787215590477,Cole Palmer,h,8497,DirectFreekick,2023,LeftFoot,22149,Chelsea,Tottenham,2,0,2024-05-02 18:30:00,,Standard
577972,5,BlockedShot,0.845,0.34299999237060547,0.05011305212974548,Brennan Johnson,a,10760,OpenPlay,2023,RightFoot,22149,Chelsea,Tottenham,2,0,2024-05-02 18:30:00,Dejan Kulusevski,Pass
577979,37,MissedShots,0.9490000152587891,0.5220000076293946,0.09742669761180878,Cristian Romero,a,7218,SetPiece,2023,Head,22149,Chelsea,Tottenham,2,0,2024-05-02 18:30:00,Pedro Porro,Aerial
577981,46,BlockedShot,0.885,0.445,0.10413460433483124,Pape Sarr,a,9021,OpenPlay,2023,RightFoot,22149,Chelsea,Tottenham,2,0,2024-05-02 18:30:00,Brennan Johnson,Pass
577983,45,BlockedShot,0.8469999694824218,0.4540000152587891,0.058295249938964844,Dejan Kulusevski,a,6691,OpenPlay,2023,LeftFoot,22149,Chelsea,Tottenham,2,0,2024-05-02 18:30:00,,None
577985,52,BlockedShot,0.9630000305175781,0.575999984741211,0.1286783665418625,Richarlison,a,6026,OpenPlay,2023,RightFoot,22149,Chelsea,Tottenham,2,0,2024-05-02 18:30:00,Dejan Kulusevski,Pass
577987,61,SavedShot,0.9490000152587891,0.29399999618530276,0.04844905808568001,Pedro Porro,a,6912,OpenPlay,2023,RightFoot,22149,Chelsea,Tottenham,2,0,2024-05-02 18:30:00,Pape Sarr,Pass
577988,61,MissedShots,0.8280000305175781,0.4420000076293945,0.06238285452127457,Pape Sarr,a,9021,OpenPlay,2023,RightFoot,22149,Chelsea,Tottenham,2,0,2024-05-02 18:30:00,Pedro Porro,Pass
577989,62,MissedShots,0.754000015258789,0.4279999923706055,0.022254150360822678,Emerson,a,7430,OpenPlay,2023,RightFoot,22149,Chelsea,Tottenham,2,0,2024-05-02 18:30:00,Yves Bissouma,Pass
577990,63,SavedShot,0.71,0.5309999847412109,0.014699590392410755,Pierre-Emile Højbjerg,a,343,OpenPlay,2023,RightFoot,22149,Chelsea,Tottenham,2,0,2024-05-02 18:30:00,Emerson,Pass
577993,73,MissedShots,0.9259999847412109,0.6359999847412109,0.258048415184021,Brennan Johnson,a,10760,OpenPlay,2023,RightFoot,22149,Chelsea,Tottenham,2,0,2024-05-02 18:30:00,Pierre-Emile Højbjerg,Cross
577995,88,SavedShot,0.7319999694824219,0.47900001525878905,0.015844352543354034,Rodrigo Bentancur,a,6108,OpenPlay,2023,RightFoot,22149,Chelsea,Tottenham,2,0,2024-05-02 18:30:00,Son Heung-Min,Pass
577996,89,BlockedShot,0.93,0.625,0.05858255922794342,Rodrigo Bentancur,a,6108,OpenPlay,2023,LeftFoot,22149,Chelsea,Tottenham,2,0,2024-05-02 18:30:00,Bryan Gil Salvatierra,Cross
577997,90,BlockedShot,0.93,0.6459999847412109,0.05152473226189613,Giovani Lo Celso,a,5681,FromCorner,2023,LeftFoot,22149,Chelsea,Tottenham,2,0,2024-05-02 18:30:00,Son Heung-Min,Pass
577998,90,BlockedShot,0.8130000305175781,0.6780000305175782,0.03044363670051098,James Maddison,a,6818,FromCorner,2023,RightFoot,22149,Chelsea,Tottenham,2,0,2024-05-02 18:30:00,,Rebound
577999,90,BlockedShot,0.9159999847412109,0.5479999923706055,0.03375520929694176,Cristian Romero,a,7218,FromCorner,2023,Head,22149,Chelsea,Tottenham,2,0,2024-05-02 18:30:00,Giovani Lo Celso,Aerial
578000,90,BlockedShot,0.895,0.654000015258789,0.058209020644426346,Pierre-Emile Højbjerg,a,343,FromCorner,2023,RightFoot,22149,Chelsea,Tottenham,2,0,2024-05-02 18:30:00,,Rebound
578001,91,MissedShots,0.87,0.47200000762939454,0.14381298422813416,Rodrigo Bentancur,a,6108,OpenPlay,2023,RightFoot,22149,Chelsea,Tottenham,2,0,2024-05-02 18:30:00,Son Heung-Min,Pass
578002,92,MissedShots,0.7290000152587891,0.4829999923706055,0.015466048382222652,James Maddison,a,6818,OpenPlay,2023,RightFoot,22149,Chelsea,Tottenham,2,0,2024-05-02 18:30:00,Giovani Lo Celso,Pass
578003,95,MissedShots,0.9080000305175782,0.8090000152587891,0.022050030529499054,Bryan Gil Salvatierra,a,7338,OpenPlay,2023,LeftFoot,22149,Chelsea,Tottenham,2,0,2024-05-02 18:30:00,James Maddison,Pass
579002,7,MissedShots,0.8690000152587891,0.3270000076293945,0.049429960548877716,Trent Alexander-Arnold,h,1791,OpenPlay,2023,RightFoot,22251,Liverpool,Tottenham,4,2,2024-05-05 15:30:00,,None
579003,8,SavedShot,0.925,0.3390000152587891,0.08354854583740234,Mohamed Salah,h,1250,OpenPlay,2023,RightFoot,22251,Liverpool,Tottenham,4,2,2024-05-05 15:30:00,Harvey Elliott,Pass
579004,8,BlockedShot,0.9130000305175782,0.395,0.0929560735821724,Harvey Elliott,h,7546,OpenPlay,2023,RightFoot,22251,Liverpool,Tottenham,4,2,2024-05-05 15:30:00,,Rebound
579005,15,Goal,0.9740000152587891,0.445,0.5794141292572021,Mohamed Salah,h,1250,OpenPlay,2023,Head,22251,Liverpool,Tottenham,4,2,2024-05-05 15:30:00,Cody Gakpo,Cross
579006,21,SavedShot,0.9830000305175781,0.5770000076293945,0.12973713874816895,Luis Díaz,h,10408,OpenPlay,2023,LeftFoot,22251,Liverpool,Tottenham,4,2,2024-05-05 15:30:00,,None
579007,33,MissedShots,0.8569999694824219,0.43400001525878906,0.1351286917924881,Mohamed Salah,h,1250,OpenPlay,2023,LeftFoot,22251,Liverpool,Tottenham,4,2,2024-05-05 15:30:00,,Dispossessed
579008,35,BlockedShot,0.8819999694824219,0.6730000305175782,0.06870462745428085,Andrew Robertson,h,1688,OpenPlay,2023,LeftFoot,22251,Liverpool,Tottenham,4,2,2024-05-05 15:30:00,,None
579009,36,SavedShot,0.7669999694824219,0.644000015258789,0.027836645022034645,Cody Gakpo,h,11296,OpenPlay,2023,RightFoot,22251,Liverpool,Tottenham,4,2,2024-05-05 15:30:00,Wataru Endo,Pass
579010,40,BlockedShot,0.785,0.3240000152587891,0.0313982218503952,Trent Alexander-Arnold,h,1791,OpenPlay,2023,RightFoot,22251,Liverpool,Tottenham,4,2,2024-05-05 15:30:00,,BallRecovery
579011,40,MissedShots,0.9080000305175782,0.585,0.11593489348888397,Luis Díaz,h,10408,OpenPlay,2023,RightFoot,22251,Liverpool,Tottenham,4,2,2024-05-05 15:30:00,Trent Alexander-Arnold,Chipped
579012,41,MissedShots,0.8630000305175781,0.4259999847412109,0.10590890794992447,Trent Alexander-Arnold,h,1791,OpenPlay,2023,LeftFoot,22251,Liverpool,Tottenham,4,2,2024-05-05 15:30:00,Alexis Mac Allister,Pass
579013,43,SavedShot,0.904000015258789,0.34299999237060547,0.09765907377004623,Harvey Elliott,h,7546,OpenPlay,2023,RightFoot,22251,Liverpool,Tottenham,4,2,2024-05-05 15:30:00,Cody Gakpo,Pass
579014,44,SavedShot,0.9159999847412109,0.4759999847412109,0.5161395072937012,Mohamed Salah,h,1250,OpenPlay,2023,LeftFoot,22251,Liverpool,Tottenham,4,2,2024-05-05 15:30:00,Andrew Robertson,Pass
579015,44,Goal,0.9780000305175781,0.53,0.8801809549331665,Andrew Robertson,h,1688,OpenPlay,2023,RightFoot,22251,Liverpool,Tottenham,4,2,2024-05-05 15:30:00,,Rebound
579016,46,SavedShot,0.909000015258789,0.395,0.1334962397813797,Mohamed Salah,h,1250,OpenPlay,2023,RightFoot,22251,Liverpool,Tottenham,4,2,2024-05-05 15:30:00,Harvey Elliott,Pass
579017,49,Goal,0.909000015258789,0.5359999847412109,0.04613855853676796,Cody Gakpo,h,11296,OpenPlay,2023,Head,22251,Liverpool,Tottenham,4,2,2024-05-05 15:30:00,Harvey Elliott,Aerial
579018,51,BlockedShot,0.8730000305175781,0.32099998474121094,0.07235376536846161,Mohamed Salah,h,1250,OpenPlay,2023,LeftFoot,22251,Liverpool,Tottenham,4,2,2024-05-05 15:30:00,Harvey Elliott,Pass
579021,58,Goal,0.7669999694824219,0.4420000076293945,0.03398790955543518,Harvey Elliott,h,7546,OpenPlay,2023,LeftFoot,22251,Liverpool,Tottenham,4,2,2024-05-05 15:30:00,Mohamed Salah,TakeOn
579025,71,SavedShot,0.799000015258789,0.4129999923706055,0.04502308741211891,Harvey Elliott,h,7546,OpenPlay,2023,LeftFoot,22251,Liverpool,Tottenham,4,2,2024-05-05 15:30:00,Luis Díaz,Pass
579028,79,MissedShots,0.9209999847412109,0.6509999847412109,0.08378473669290543,Ryan Gravenberch,h,10697,OpenPlay,2023,RightFoot,22251,Liverpool,Tottenham,4,2,2024-05-05 15:30:00,Harvey Elliott,Chipped
579029,81,MissedShots,0.5520000076293945,0.11699999809265137,0.008803333155810833,Trent Alexander-Arnold,h,1791,OpenPlay,2023,RightFoot,22251,Liverpool,Tottenham,4,2,2024-05-05 15:30:00,,BallRecovery
579031,85,MissedShots,0.9180000305175782,0.3390000152587891,0.09376350790262222,Dominik Szoboszlai,h,9788,OpenPlay,2023,RightFoot,22251,Liverpool,Tottenham,4,2,2024-05-05 15:30:00,Mohamed Salah,Pass
579033,89,MissedShots,0.914000015258789,0.544000015258789,0.028377652168273926,Virgil van Dijk,h,833,FromCorner,2023,Head,22251,Liverpool,Tottenham,4,2,2024-05-05 15:30:00,Trent Alexander-Arnold,Aerial
579035,92,BlockedShot,0.899000015258789,0.5379999923706055,0.018550962209701538,Virgil van Dijk,h,833,FromCorner,2023,Head,22251,Liverpool,Tottenham,4,2,2024-05-05 15:30:00,Dominik Szoboszlai,Aerial
579036,96,SavedShot,0.7930000305175782,0.615,0.2460297793149948,Darwin Núñez,h,10720,OpenPlay,2023,RightFoot,22251,Liverpool,Tottenham,4,2,2024-05-05 15:30:00,Mohamed Salah,Pass
579001,2,MissedShots,0.7919999694824219,0.629000015258789,0.021188629791140556,Yves Bissouma,a,5609,SetPiece,2023,RightFoot,22251,Liverpool,Tottenham,4,2,2024-05-05 15:30:00,,None
579019,53,SavedShot,0.9009999847412109,0.47400001525878904,0.26026877760887146,Brennan Johnson,a,10760,OpenPlay,2023,Head,22251,Liverpool,Tottenham,4,2,2024-05-05 15:30:00,Pedro Porro,Cross
579020,57,MissedShots,0.525,0.13100000381469726,0.004986682441085577,Pedro Porro,a,6912,OpenPlay,2023,RightFoot,22251,Liverpool,Tottenham,4,2,2024-05-05 15:30:00,,None
579022,61,BlockedShot,0.78,0.5629999923706055,0.08975673466920853,James Maddison,a,6818,DirectFreekick,2023,RightFoot,22251,Liverpool,Tottenham,4,2,2024-05-05 15:30:00,,Standard
579023,62,SavedShot,0.769000015258789,0.4809999847412109,0.02455371990799904,James Maddison,a,6818,SetPiece,2023,LeftFoot,22251,Liverpool,Tottenham,4,2,2024-05-05 15:30:00,Brennan Johnson,Pass
579024,65,MissedShots,0.8040000152587891,0.6669999694824219,0.02667997218668461,James Maddison,a,6818,OpenPlay,2023,LeftFoot,22251,Liverpool,Tottenham,4,2,2024-05-05 15:30:00,,BallTouch
579026,71,Goal,0.924000015258789,0.43400001525878906,0.28302261233329773,Richarlison,a,6026,OpenPlay,2023,RightFoot,22251,Liverpool,Tottenham,4,2,2024-05-05 15:30:00,Brennan Johnson,Cross
579027,76,Goal,0.875999984741211,0.509000015258789,0.3291701078414917,Son Heung-Min,a,453,OpenPlay,2023,RightFoot,22251,Liverpool,Tottenham,4,2,2024-05-05 15:30:00,Richarlison,Pass
579030,84,SavedShot,0.7659999847412109,0.6129999923706054,0.015905585139989853,Giovani Lo Celso,a,5681,OpenPlay,2023,LeftFoot,22251,Liverpool,Tottenham,4,2,2024-05-05 15:30:00,Son Heung-Min,Pass
579032,86,SavedShot,0.9259999847412109,0.6780000305175782,0.06270196288824081,Richarlison,a,6026,OpenPlay,2023,LeftFoot,22251,Liverpool,Tottenham,4,2,2024-05-05 15:30:00,Son Heung-Min,Pass
579034,90,BlockedShot,0.8980000305175782,0.6459999847412109,0.053818803280591965,Son Heung-Min,a,453,FromCorner,2023,RightFoot,22251,Liverpool,Tottenham,4,2,2024-05-05 15:30:00,Giovani Lo Celso,Pass
579898,3,BlockedShot,0.860999984741211,0.3679999923706055,0.07187706232070923,James Maddison,h,6818,OpenPlay,2023,RightFoot,22262,Tottenham,Burnley,2,1,2024-05-11 14:00:00,Son Heung-Min,Pass
579900,6,SavedShot,0.895,0.3160000038146973,0.20147112011909485,Brennan Johnson,h,10760,OpenPlay,2023,RightFoot,22262,Tottenham,Burnley,2,1,2024-05-11 14:00:00,Dejan Kulusevski,Cross
579901,21,SavedShot,0.815,0.4640000152587891,0.06236281245946884,Son Heung-Min,h,453,OpenPlay,2023,LeftFoot,22262,Tottenham,Burnley,2,1,2024-05-11 14:00:00,Pape Sarr,Pass
579902,23,MissedShots,0.8019999694824219,0.3110000038146973,0.027584917843341827,Son Heung-Min,h,453,OpenPlay,2023,RightFoot,22262,Tottenham,Burnley,2,1,2024-05-11 14:00:00,Pedro Porro,Pass
579904,28,MissedShots,0.8140000152587891,0.28399999618530275,0.019787274301052094,Pedro Porro,h,6912,OpenPlay,2023,RightFoot,22262,Tottenham,Burnley,2,1,2024-05-11 14:00:00,Dejan Kulusevski,TakeOn
579905,31,Goal,0.8819999694824219,0.31799999237060544,0.05462588369846344,Pedro Porro,h,6912,OpenPlay,2023,RightFoot,22262,Tottenham,Burnley,2,1,2024-05-11 14:00:00,Brennan Johnson,Pass
579907,33,MissedShots,0.970999984741211,0.2720000076293945,0.2907385528087616,Brennan Johnson,h,10760,OpenPlay,2023,RightFoot,22262,Tottenham,Burnley,2,1,2024-05-11 14:00:00,,BallRecovery
579908,41,BlockedShot,0.7719999694824219,0.46099998474121096,0.03142516687512398,Son Heung-Min,h,453,OpenPlay,2023,LeftFoot,22262,Tottenham,Burnley,2,1,2024-05-11 14:00:00,,BallRecovery
579910,50,BlockedShot,0.8530000305175781,0.635,0.05355248972773552,Son Heung-Min,h,453,OpenPlay,2023,LeftFoot,22262,Tottenham,Burnley,2,1,2024-05-11 14:00:00,Brennan Johnson,Pass
579911,53,BlockedShot,0.7330000305175781,0.605999984741211,0.015815390273928642,James Maddison,h,6818,OpenPlay,2023,RightFoot,22262,Tottenham,Burnley,2,1,2024-05-11 14:00:00,Brennan Johnson,BallTouch
579912,53,MissedShots,0.9780000305175781,0.29100000381469726,0.04873543977737427,Pedro Porro,h,6912,OpenPlay,2023,RightFoot,22262,Tottenham,Burnley,2,1,2024-05-11 14:00:00,Son Heung-Min,Pass
579916,58,SavedShot,0.9209999847412109,0.5770000076293945,0.433563768863678,James Maddison,h,6818,OpenPlay,2023,LeftFoot,22262,Tottenham,Burnley,2,1,2024-05-11 14:00:00,Brennan Johnson,TakeOn
579917,61,BlockedShot,0.93,0.49900001525878906,0.1179053783416748,Micky van de Ven,h,10050,FromCorner,2023,Head,22262,Tottenham,Burnley,2,1,2024-05-11 14:00:00,James Maddison,Cross
579918,65,SavedShot,0.894000015258789,0.53,0.031448230147361755,Cristian Romero,h,7218,SetPiece,2023,Head,22262,Tottenham,Burnley,2,1,2024-05-11 14:00:00,Dejan Kulusevski,Aerial
579919,67,SavedShot,0.8780000305175781,0.30200000762939455,0.04949703440070152,Dejan Kulusevski,h,6691,OpenPlay,2023,LeftFoot,22262,Tottenham,Burnley,2,1,2024-05-11 14:00:00,,BallRecovery
579920,71,MissedShots,0.874000015258789,0.30700000762939456,0.05048079788684845,Pedro Porro,h,6912,OpenPlay,2023,RightFoot,22262,Tottenham,Burnley,2,1,2024-05-11 14:00:00,Son Heung-Min,Pass
579921,77,MissedShots,0.9880000305175781,0.4470000076293945,0.8345728516578674,Brennan Johnson,h,10760,OpenPlay,2023,RightFoot,22262,Tottenham,Burnley,2,1,2024-05-11 14:00:00,Son Heung-Min,Pass
579922,79,SavedShot,0.8719999694824219,0.49599998474121093,0.08466117829084396,Pape Sarr,h,9021,OpenPlay,2023,RightFoot,22262,Tottenham,Burnley,2,1,2024-05-11 14:00:00,,None
579923,81,Goal,0.8419999694824218,0.5020000076293946,0.16744951903820038,Micky van de Ven,h,10050,OpenPlay,2023,LeftFoot,22262,Tottenham,Burnley,2,1,2024-05-11 14:00:00,James Maddison,TakeOn
579924,84,BlockedShot,0.8619999694824219,0.5209999847412109,0.11148706823587418,Rodrigo Bentancur,h,6108,OpenPlay,2023,LeftFoot,22262,Tottenham,Burnley,2,1,2024-05-11 14:00:00,Son Heung-Min,Pass
579925,85,SavedShot,0.8980000305175782,0.5070000076293946,0.24333415925502777,Cristian Romero,h,7218,FromCorner,2023,Head,22262,Tottenham,Burnley,2,1,2024-05-11 14:00:00,James Maddison,Cross
579899,4,SavedShot,0.9590000152587891,0.5779999923706055,0.3446391522884369,Vitinho,a,11700,OpenPlay,2023,Head,22262,Tottenham,Burnley,2,1,2024-05-11 14:00:00,Wilson Odobert,Cross
579903,24,Goal,0.8919999694824219,0.405,0.3129802644252777,Jacob Bruun Larsen,a,5355,OpenPlay,2023,RightFoot,22262,Tottenham,Burnley,2,1,2024-05-11 14:00:00,Sander Berge,Pass
579906,32,MissedShots,0.9109999847412109,0.38299999237060545,0.07224806398153305,Jacob Bruun Larsen,a,5355,OpenPlay,2023,RightFoot,22262,Tottenham,Burnley,2,1,2024-05-11 14:00:00,Wilson Odobert,Cross
579909,47,SavedShot,0.8219999694824218,0.40700000762939453,0.0892283022403717,Jacob Bruun Larsen,a,5355,OpenPlay,2023,RightFoot,22262,Tottenham,Burnley,2,1,2024-05-11 14:00:00,Lyle Foster,Pass
579913,56,BlockedShot,0.855,0.634000015258789,0.06087777391076088,Wilson Odobert,a,10822,OpenPlay,2023,RightFoot,22262,Tottenham,Burnley,2,1,2024-05-11 14:00:00,Charlie Taylor,BallRecovery
579914,57,BlockedShot,0.915,0.39799999237060546,0.03257279843091965,Dara O&#039;Shea,a,8756,FromCorner,2023,Head,22262,Tottenham,Burnley,2,1,2024-05-11 14:00:00,Jacob Bruun Larsen,Cross
579915,57,MissedShots,0.925,0.555,0.03778507560491562,Maxime Estève,a,9487,FromCorner,2023,Head,22262,Tottenham,Burnley,2,1,2024-05-11 14:00:00,Dara O&#039;Shea,Aerial
580952,5,SavedShot,0.855,0.46299999237060546,0.09981914609670639,Rodrigo Bentancur,h,6108,OpenPlay,2023,LeftFoot,22233,Tottenham,Manchester City,0,2,2024-05-14 19:00:00,Brennan Johnson,Pass
580955,17,MissedShots,0.914000015258789,0.49599998474121093,0.03825774043798447,Cristian Romero,h,7218,FromCorner,2023,Head,22233,Tottenham,Manchester City,0,2,2024-05-14 19:00:00,James Maddison,Aerial
580956,33,MissedShots,0.8730000305175781,0.6090000152587891,0.05851622670888901,Son Heung-Min,h,453,FromCorner,2023,RightFoot,22233,Tottenham,Manchester City,0,2,2024-05-14 19:00:00,,None
580959,48,SavedShot,0.9569999694824218,0.46,0.5524818897247314,Son Heung-Min,h,453,OpenPlay,2023,RightFoot,22233,Tottenham,Manchester City,0,2,2024-05-14 19:00:00,Brennan Johnson,Cross
580960,50,BlockedShot,0.789000015258789,0.705999984741211,0.02275959588587284,Son Heung-Min,h,453,OpenPlay,2023,RightFoot,22233,Tottenham,Manchester City,0,2,2024-05-14 19:00:00,James Maddison,Pass
580962,70,SavedShot,0.9669999694824218,0.4209999847412109,0.5032688975334167,Dejan Kulusevski,h,6691,OpenPlay,2023,RightFoot,22233,Tottenham,Manchester City,0,2,2024-05-14 19:00:00,,None
580963,77,MissedShots,0.8340000152587891,0.28600000381469726,0.024381427094340324,Dejan Kulusevski,h,6691,FromCorner,2023,LeftFoot,22233,Tottenham,Manchester City,0,2,2024-05-14 19:00:00,James Maddison,Pass
580964,79,SavedShot,0.985999984741211,0.34700000762939454,0.29516109824180603,Dejan Kulusevski,h,6691,OpenPlay,2023,LeftFoot,22233,Tottenham,Manchester City,0,2,2024-05-14 19:00:00,,None
580965,80,BlockedShot,0.7380000305175781,0.5729999923706055,0.01889548823237419,Pape Sarr,h,9021,OpenPlay,2023,RightFoot,22233,Tottenham,Manchester City,0,2,2024-05-14 19:00:00,James Maddison,Pass
580966,85,SavedShot,0.8440000152587891,0.4620000076293945,0.2293049842119217,Son Heung-Min,h,453,OpenPlay,2023,RightFoot,22233,Tottenham,Manchester City,0,2,2024-05-14 19:00:00,Brennan Johnson,BallRecovery
580953,14,MissedShots,0.8209999847412109,0.465,0.04116141423583031,Mateo Kovacic,a,2254,FromCorner,2023,RightFoot,22233,Tottenham,Manchester City,0,2,2024-05-14 19:00:00,,None
580954,15,SavedShot,0.919000015258789,0.5770000076293945,0.4280816316604614,Phil Foden,a,6055,OpenPlay,2023,LeftFoot,22233,Tottenham,Manchester City,0,2,2024-05-14 19:00:00,,BallTouch
580957,37,MissedShots,0.9519999694824218,0.6509999847412109,0.2959517240524292,Josko Gvardiol,a,9790,OpenPlay,2023,LeftFoot,22233,Tottenham,Manchester City,0,2,2024-05-14 19:00:00,Kyle Walker,Chipped
580958,46,SavedShot,0.860999984741211,0.5379999923706055,0.08430086076259613,Kevin De Bruyne,a,447,OpenPlay,2023,RightFoot,22233,Tottenham,Manchester City,0,2,2024-05-14 19:00:00,Bernardo Silva,BallTouch
580961,50,Goal,0.9780000305175781,0.5220000076293946,0.9445824027061462,Erling Haaland,a,8260,OpenPlay,2023,LeftFoot,22233,Tottenham,Manchester City,0,2,2024-05-14 19:00:00,Kevin De Bruyne,Pass
580967,87,BlockedShot,0.8090000152587891,0.514000015258789,0.04883846640586853,Mateo Kovacic,a,2254,SetPiece,2023,RightFoot,22233,Tottenham,Manchester City,0,2,2024-05-14 19:00:00,Rúben Dias,BallTouch
580968,90,Goal,0.885,0.5,0.7611688375473022,Erling Haaland,a,8260,Penalty,2023,LeftFoot,22233,Tottenham,Manchester City,0,2,2024-05-14 19:00:00,,Standard
580969,97,SavedShot,0.96,0.655,0.09922733902931213,Jéremy Doku,a,8981,OpenPlay,2023,LeftFoot,22233,Tottenham,Manchester City,0,2,2024-05-14 19:00:00,Phil Foden,Pass
582072,2,MissedShots,0.874000015258789,0.3579999923706055,0.06546036899089813,Ben Brereton Díaz,h,11815,OpenPlay,2023,RightFoot,22274,Sheffield United,Tottenham,0,3,2024-05-19 15:00:00,Ben Osborn,BallRecovery
582073,6,SavedShot,0.7769999694824219,0.6090000152587891,0.07667269557714462,Gustavo Hamer,h,11839,DirectFreekick,2023,RightFoot,22274,Sheffield United,Tottenham,0,3,2024-05-19 15:00:00,,Standard
582074,9,ShotOnPost,0.9309999847412109,0.41700000762939454,0.32507166266441345,Ben Brereton Díaz,h,11815,OpenPlay,2023,RightFoot,22274,Sheffield United,Tottenham,0,3,2024-05-19 15:00:00,Gustavo Hamer,Chipped
582083,32,BlockedShot,0.8690000152587891,0.59,0.1230035349726677,Cameron Archer,h,9912,OpenPlay,2023,LeftFoot,22274,Sheffield United,Tottenham,0,3,2024-05-19 15:00:00,Gustavo Hamer,Pass
582084,35,BlockedShot,0.8030000305175782,0.595999984741211,0.04205929487943649,Gustavo Hamer,h,11839,OpenPlay,2023,RightFoot,22274,Sheffield United,Tottenham,0,3,2024-05-19 15:00:00,Cameron Archer,Pass
582091,79,MissedShots,0.87,0.30700000762939456,0.06504426151514053,Rhian Brewster,h,5569,OpenPlay,2023,RightFoot,22274,Sheffield United,Tottenham,0,3,2024-05-19 15:00:00,Wes Foderingham,Pass
582075,13,Goal,0.895,0.6559999847412109,0.07824524492025375,Dejan Kulusevski,a,6691,OpenPlay,2023,LeftFoot,22274,Sheffield United,Tottenham,0,3,2024-05-19 15:00:00,Son Heung-Min,Pass
582076,20,SavedShot,0.9019999694824219,0.38,0.1386529952287674,Dejan Kulusevski,a,6691,OpenPlay,2023,RightFoot,22274,Sheffield United,Tottenham,0,3,2024-05-19 15:00:00,James Maddison,Throughball
582077,23,BlockedShot,0.8,0.46900001525878904,0.05954171344637871,Dejan Kulusevski,a,6691,OpenPlay,2023,LeftFoot,22274,Sheffield United,Tottenham,0,3,2024-05-19 15:00:00,Pedro Porro,Pass
582078,23,BlockedShot,0.9209999847412109,0.455,0.13048259913921356,James Maddison,a,6818,OpenPlay,2023,RightFoot,22274,Sheffield United,Tottenham,0,3,2024-05-19 15:00:00,Brennan Johnson,Cross
582079,28,ShotOnPost,0.8180000305175781,0.514000015258789,0.03540795296430588,Rodrigo Bentancur,a,6108,FromCorner,2023,RightFoot,22274,Sheffield United,Tottenham,0,3,2024-05-19 15:00:00,Cristian Romero,BallTouch
582080,28,SavedShot,0.8669999694824219,0.5309999847412109,0.0610804483294487,Son Heung-Min,a,453,FromCorner,2023,RightFoot,22274,Sheffield United,Tottenham,0,3,2024-05-19 15:00:00,Brennan Johnson,Pass
582081,28,MissedShots,0.9230000305175782,0.4879999923706055,0.3988788425922394,Cristian Romero,a,7218,FromCorner,2023,RightFoot,22274,Sheffield United,Tottenham,0,3,2024-05-19 15:00:00,Pedro Porro,Cross
582082,32,SavedShot,0.7919999694824219,0.33,0.03151437267661095,Pedro Porro,a,6912,OpenPlay,2023,RightFoot,22274,Sheffield United,Tottenham,0,3,2024-05-19 15:00:00,James Maddison,Pass
582085,45,SavedShot,0.9209999847412109,0.5370000076293945,0.7027454376220703,James Maddison,a,6818,OpenPlay,2023,RightFoot,22274,Sheffield United,Tottenham,0,3,2024-05-19 15:00:00,Son Heung-Min,Pass
582086,45,BlockedShot,0.9380000305175781,0.3270000076293945,0.09135160595178604,Brennan Johnson,a,10760,OpenPlay,2023,RightFoot,22274,Sheffield United,Tottenham,0,3,2024-05-19 15:00:00,Dejan Kulusevski,Pass
582087,58,Goal,0.865999984741211,0.39099998474121095,0.08259935677051544,Pedro Porro,a,6912,OpenPlay,2023,RightFoot,22274,Sheffield United,Tottenham,0,3,2024-05-19 15:00:00,Brennan Johnson,Pass
582088,63,SavedShot,0.95,0.6819999694824219,0.0845266804099083,Son Heung-Min,a,453,OpenPlay,2023,LeftFoot,22274,Sheffield United,Tottenham,0,3,2024-05-19 15:00:00,James Maddison,Pass
582089,64,Goal,0.9080000305175782,0.555,0.14450928568840027,Dejan Kulusevski,a,6691,OpenPlay,2023,RightFoot,22274,Sheffield United,Tottenham,0,3,2024-05-19 15:00:00,James Maddison,Pass
582090,78,SavedShot,0.9069999694824219,0.48,0.027161676436662674,Cristian Romero,a,7218,FromCorner,2023,Head,22274,Sheffield United,Tottenham,0,3,2024-05-19 15:00:00,James Maddison,Aerial
582092,81,MissedShots,0.9690000152587891,0.4540000152587891,0.901846170425415,Brennan Johnson,a,10760,OpenPlay,2023,RightFoot,22274,Sheffield United,Tottenham,0,3,2024-05-19 15:00:00,Son Heung-Min,Throughball
582093,84,BlockedShot,0.8540000152587891,0.33,0.0675320103764534,Dejan Kulusevski,a,6691,OpenPlay,2023,LeftFoot,22274,Sheffield United,Tottenham,0,3,2024-05-19 15:00:00,Son Heung-Min,Pass
582094,84,BlockedShot,0.85,0.4279999923706055,0.11374907940626144,Oliver Skipp,a,7198,OpenPlay,2023,RightFoot,22274,Sheffield United,Tottenham,0,3,2024-05-19 15:00:00,Dejan Kulusevski,TakeOn
582095,93,BlockedShot,0.7609999847412109,0.7040000152587891,0.046925079077482224,Pierre-Emile Højbjerg,a,343,DirectFreekick,2023,RightFoot,22274,Sheffield United,Tottenham,0,3,2024-05-19 15:00:00,,Standard
585654,35,MissedShots,0.615,0.595999984741211,0.008144781924784184,Bobby Reid,h,6827,OpenPlay,2024,RightFoot,26611,Leicester,Tottenham,1,1,2024-08-19 19:00:00,,None
585659,56,Goal,0.955,0.5420000076293945,0.5048036575317383,Jamie Vardy,h,755,OpenPlay,2024,Head,26611,Leicester,Tottenham,1,1,2024-08-19 19:00:00,Abdul Fatawu,Cross
585660,66,MissedShots,0.9540000152587891,0.325,0.0739603042602539,Wilfred Ndidi,h,5545,OpenPlay,2024,RightFoot,26611,Leicester,Tottenham,1,1,2024-08-19 19:00:00,Abdul Fatawu,Pass
585661,69,SavedShot,0.914000015258789,0.62,0.34279879927635193,Jamie Vardy,h,755,OpenPlay,2024,LeftFoot,26611,Leicester,Tottenham,1,1,2024-08-19 19:00:00,Facundo Buonanotte,Throughball
585663,85,MissedShots,0.895,0.590999984741211,0.013084491714835167,Kasey McAteer,h,10166,SetPiece,2024,Head,26611,Leicester,Tottenham,1,1,2024-08-19 19:00:00,Harry Winks,Aerial
585664,90,SavedShot,0.8630000305175781,0.5329999923706055,0.02317630872130394,Wilfred Ndidi,h,5545,OpenPlay,2024,Head,26611,Leicester,Tottenham,1,1,2024-08-19 19:00:00,Stephy Mavididi,Cross
585665,92,BlockedShot,0.850999984741211,0.5409999847412109,0.060171615332365036,James Justin,h,7753,FromCorner,2024,RightFoot,26611,Leicester,Tottenham,1,1,2024-08-19 19:00:00,,None
585645,5,BlockedShot,0.9580000305175781,0.6120000076293945,0.035186491906642914,Rodrigo Bentancur,a,6108,FromCorner,2024,Head,26611,Leicester,Tottenham,1,1,2024-08-19 19:00:00,James Maddison,Cross
585646,6,SavedShot,0.904000015258789,0.36,0.04266393557190895,Brennan Johnson,a,10760,FromCorner,2024,RightFoot,26611,Leicester,Tottenham,1,1,2024-08-19 19:00:00,Pedro Porro,Cross
585647,7,SavedShot,0.9269999694824219,0.5679999923706055,0.2220737487077713,Dominic Solanke,a,1679,FromCorner,2024,Head,26611,Leicester,Tottenham,1,1,2024-08-19 19:00:00,Son Heung-Min,Cross
585648,11,MissedShots,0.9230000305175782,0.525,0.10307934880256653,Cristian Romero,a,7218,FromCorner,2024,Head,26611,Leicester,Tottenham,1,1,2024-08-19 19:00:00,Pedro Porro,Cross
585649,13,SavedShot,0.914000015258789,0.4620000076293945,0.05033301189541817,Dominic Solanke,a,1679,SetPiece,2024,Head,26611,Leicester,Tottenham,1,1,2024-08-19 19:00:00,Pedro Porro,Aerial
585650,17,BlockedShot,0.8169999694824219,0.64,0.026130743324756622,Son Heung-Min,a,453,FromCorner,2024,LeftFoot,26611,Leicester,Tottenham,1,1,2024-08-19 19:00:00,,None
585651,22,BlockedShot,0.745,0.5409999847412109,0.01829807460308075,Rodrigo Bentancur,a,6108,OpenPlay,2024,RightFoot,26611,Leicester,Tottenham,1,1,2024-08-19 19:00:00,Son Heung-Min,Pass
585652,28,Goal,0.919000015258789,0.5209999847412109,0.13595882058143616,Pedro Porro,a,6912,OpenPlay,2024,Head,26611,Leicester,Tottenham,1,1,2024-08-19 19:00:00,James Maddison,Cross
585653,32,MissedShots,0.9640000152587891,0.3579999923706055,0.02819450944662094,Brennan Johnson,a,10760,SetPiece,2024,RightFoot,26611,Leicester,Tottenham,1,1,2024-08-19 19:00:00,James Maddison,Cross
585655,41,BlockedShot,0.7230000305175781,0.455,0.019326454028487206,Pape Sarr,a,9021,OpenPlay,2024,LeftFoot,26611,Leicester,Tottenham,1,1,2024-08-19 19:00:00,,None
585656,50,BlockedShot,0.9419999694824219,0.2879999923706055,0.06666029989719391,James Maddison,a,6818,OpenPlay,2024,LeftFoot,26611,Leicester,Tottenham,1,1,2024-08-19 19:00:00,Pedro Porro,Pass
585657,54,SavedShot,0.8690000152587891,0.43099998474121093,0.11838139593601227,Dominic Solanke,a,1679,OpenPlay,2024,RightFoot,26611,Leicester,Tottenham,1,1,2024-08-19 19:00:00,Pape Sarr,Pass
585658,55,SavedShot,0.9,0.435,0.1326984018087387,Rodrigo Bentancur,a,6108,OpenPlay,2024,LeftFoot,26611,Leicester,Tottenham,1,1,2024-08-19 19:00:00,Brennan Johnson,Pass
585662,83,BlockedShot,0.85,0.49900001525878906,0.08465122431516647,Lucas Bergvall,a,12912,OpenPlay,2024,RightFoot,26611,Leicester,Tottenham,1,1,2024-08-19 19:00:00,Dominic Solanke,Pass
585666,98,MissedShots,0.9580000305175781,0.42,0.3241162896156311,Richarlison,a,6026,SetPiece,2024,Head,26611,Leicester,Tottenham,1,1,2024-08-19 19:00:00,Lucas Bergvall,Cross
586096,1,MissedShots,0.8530000305175781,0.43599998474121093,0.01224734541028738,Cristian Romero,h,7218,FromCorner,2024,Head,26617,Tottenham,Everton,4,0,2024-08-24 14:00:00,Dejan Kulusevski,Aerial
586097,2,SavedShot,0.895,0.40099998474121096,0.26279959082603455,Cristian Romero,h,7218,FromCorner,2024,RightFoot,26617,Tottenham,Everton,4,0,2024-08-24 14:00:00,Son Heung-Min,Chipped
586098,5,SavedShot,0.7709999847412109,0.7069999694824218,0.018577471375465393,Son Heung-Min,h,453,FromCorner,2024,RightFoot,26617,Tottenham,Everton,4,0,2024-08-24 14:00:00,Wilson Odobert,Pass
586099,10,SavedShot,0.8880000305175781,0.4179999923706055,0.2995178699493408,James Maddison,h,6818,OpenPlay,2024,RightFoot,26617,Tottenham,Everton,4,0,2024-08-24 14:00:00,Cristian Romero,Chipped
586100,10,MissedShots,0.9080000305175782,0.4909999847412109,0.31252968311309814,Brennan Johnson,h,10760,OpenPlay,2024,Head,26617,Tottenham,Everton,4,0,2024-08-24 14:00:00,James Maddison,Cross
586101,13,Goal,0.8180000305175781,0.5429999923706055,0.056783199310302734,Yves Bissouma,h,5609,OpenPlay,2024,RightFoot,26617,Tottenham,Everton,4,0,2024-08-24 14:00:00,Dejan Kulusevski,Pass
586104,24,Goal,0.9259999847412109,0.41700000762939454,0.43906170129776,Son Heung-Min,h,453,OpenPlay,2024,RightFoot,26617,Tottenham,Everton,4,0,2024-08-24 14:00:00,,BallRecovery
586106,37,MissedShots,0.8909999847412109,0.519000015258789,0.0764976516366005,Wilson Odobert,h,10822,OpenPlay,2024,Head,26617,Tottenham,Everton,4,0,2024-08-24 14:00:00,Pedro Porro,Cross
586112,48,MissedShots,0.7980000305175782,0.3060000038146973,0.02135390229523182,Pedro Porro,h,6912,FromCorner,2024,LeftFoot,26617,Tottenham,Everton,4,0,2024-08-24 14:00:00,Dejan Kulusevski,Pass
586115,65,BlockedShot,0.92,0.38799999237060545,0.13456249237060547,James Maddison,h,6818,OpenPlay,2024,LeftFoot,26617,Tottenham,Everton,4,0,2024-08-24 14:00:00,Dejan Kulusevski,LayOff
586116,67,MissedShots,0.815,0.519000015258789,0.16223299503326416,James Maddison,h,6818,DirectFreekick,2024,RightFoot,26617,Tottenham,Everton,4,0,2024-08-24 14:00:00,,Standard
586117,70,Goal,0.965999984741211,0.509000015258789,0.5269524455070496,Cristian Romero,h,7218,FromCorner,2024,Head,26617,Tottenham,Everton,4,0,2024-08-24 14:00:00,James Maddison,Aerial
586118,76,Goal,0.9580000305175781,0.65,0.28831034898757935,Son Heung-Min,h,453,OpenPlay,2024,LeftFoot,26617,Tottenham,Everton,4,0,2024-08-24 14:00:00,Micky van de Ven,Pass
586102,15,BlockedShot,0.9619999694824218,0.5270000076293946,0.12198789417743683,Jack Harrison,a,8720,FromCorner,2024,LeftFoot,26617,Tottenham,Everton,4,0,2024-08-24 14:00:00,James Tarkowski,Foul
586103,16,MissedShots,0.9369999694824219,0.5929999923706055,0.08859848231077194,Jack Harrison,a,8720,OpenPlay,2024,LeftFoot,26617,Tottenham,Everton,4,0,2024-08-24 14:00:00,Dwight McNeil,Cross
586105,34,BlockedShot,0.895,0.549000015258789,0.051233623176813126,Dominic Calvert-Lewin,a,5555,OpenPlay,2024,Head,26617,Tottenham,Everton,4,0,2024-08-24 14:00:00,Dwight McNeil,Aerial
586107,43,MissedShots,0.9719999694824218,0.5790000152587891,0.04519205912947655,James Tarkowski,a,1665,FromCorner,2024,Head,26617,Tottenham,Everton,4,0,2024-08-24 14:00:00,Dwight McNeil,Aerial
586108,43,BlockedShot,0.9119999694824219,0.24799999237060547,0.033606089651584625,Dwight McNeil,a,6756,FromCorner,2024,LeftFoot,26617,Tottenham,Everton,4,0,2024-08-24 14:00:00,,Rebound
586109,44,MissedShots,0.96,0.585,0.03454042598605156,James Tarkowski,a,1665,FromCorner,2024,Head,26617,Tottenham,Everton,4,0,2024-08-24 14:00:00,Dwight McNeil,Aerial
586110,45,BlockedShot,0.9059999847412109,0.43099998474121093,0.048308148980140686,James Tarkowski,a,1665,FromCorner,2024,Head,26617,Tottenham,Everton,4,0,2024-08-24 14:00:00,Dwight McNeil,Cross
586111,45,BlockedShot,0.905,0.5070000076293946,0.12363456189632416,Abdoulaye Doucouré,a,1726,FromCorner,2024,RightFoot,26617,Tottenham,Everton,4,0,2024-08-24 14:00:00,Michael Keane,Rebound
586113,57,SavedShot,0.904000015258789,0.3110000038146973,0.03634314611554146,Jesper Lindstrom,a,9752,OpenPlay,2024,RightFoot,26617,Tottenham,Everton,4,0,2024-08-24 14:00:00,,None
586114,60,BlockedShot,0.865999984741211,0.6320000076293946,0.07291629165410995,Iliman Ndiaye,a,9307,OpenPlay,2024,RightFoot,26617,Tottenham,Everton,4,0,2024-08-24 14:00:00,Dwight McNeil,Pass
589768,4,ShotOnPost,0.9309999847412109,0.16,0.017371533438563347,Alexander Isak,h,5232,FromCorner,2024,RightFoot,26629,Newcastle United,Tottenham,2,1,2024-09-01 12:30:00,,Tackle
589769,8,MissedShots,0.8240000152587891,0.64,0.06793487071990967,Harvey Barnes,h,6681,OpenPlay,2024,RightFoot,26629,Newcastle United,Tottenham,2,1,2024-09-01 12:30:00,Anthony Gordon,Pass
589770,15,BlockedShot,0.8809999847412109,0.3940000152587891,0.027688954025506973,Emil Krafth,h,1545,FromCorner,2024,RightFoot,26629,Newcastle United,Tottenham,2,1,2024-09-01 12:30:00,,Aerial
589771,16,MissedShots,0.9490000152587891,0.5120000076293946,0.13068492710590363,Lloyd Kelly,h,8090,FromCorner,2024,Head,26629,Newcastle United,Tottenham,2,1,2024-09-01 12:30:00,Anthony Gordon,Cross
589780,36,Goal,0.8980000305175782,0.5470000076293945,0.3348408639431,Harvey Barnes,h,6681,OpenPlay,2024,RightFoot,26629,Newcastle United,Tottenham,2,1,2024-09-01 12:30:00,Lloyd Kelly,Cross
589782,46,BlockedShot,0.9069999694824219,0.33,0.10082097351551056,Alexander Isak,h,5232,OpenPlay,2024,RightFoot,26629,Newcastle United,Tottenham,2,1,2024-09-01 12:30:00,Valentino Livramento,Pass
589787,55,OwnGoal,0.01,0.49,0,Dan Burn,h,7382,OpenPlay,2024,LeftFoot,26629,Newcastle United,Tottenham,2,1,2024-09-01 12:30:00,,Save
589789,65,SavedShot,0.9340000152587891,0.6559999847412109,0.11415140330791473,Jacob Murphy,h,6063,OpenPlay,2024,RightFoot,26629,Newcastle United,Tottenham,2,1,2024-09-01 12:30:00,Anthony Gordon,Pass
589796,77,BlockedShot,0.8040000152587891,0.43900001525878907,0.017821433022618294,Jacob Murphy,h,6063,FromCorner,2024,RightFoot,26629,Newcastle United,Tottenham,2,1,2024-09-01 12:30:00,,Aerial
589797,77,Goal,0.9630000305175781,0.5309999847412109,0.7756212949752808,Alexander Isak,h,5232,OpenPlay,2024,LeftFoot,26629,Newcastle United,Tottenham,2,1,2024-09-01 12:30:00,Jacob Murphy,Pass
589772,22,MissedShots,0.8530000305175781,0.26799999237060546,0.08485513925552368,Wilson Odobert,a,10822,OpenPlay,2024,RightFoot,26629,Newcastle United,Tottenham,2,1,2024-09-01 12:30:00,James Maddison,Chipped
589773,24,SavedShot,0.7680000305175781,0.49900001525878906,0.024919988587498665,Pape Sarr,a,9021,OpenPlay,2024,RightFoot,26629,Newcastle United,Tottenham,2,1,2024-09-01 12:30:00,Son Heung-Min,Pass
589774,25,BlockedShot,0.8190000152587891,0.625,0.04559726640582085,Dejan Kulusevski,a,6691,OpenPlay,2024,LeftFoot,26629,Newcastle United,Tottenham,2,1,2024-09-01 12:30:00,James Maddison,Pass
589775,26,BlockedShot,0.8140000152587891,0.4879999923706055,0.059588611125946045,Wilson Odobert,a,10822,OpenPlay,2024,LeftFoot,26629,Newcastle United,Tottenham,2,1,2024-09-01 12:30:00,Pedro Porro,Pass
589776,26,SavedShot,0.7519999694824219,0.539000015258789,0.019193409010767937,Pape Sarr,a,9021,OpenPlay,2024,RightFoot,26629,Newcastle United,Tottenham,2,1,2024-09-01 12:30:00,Dejan Kulusevski,Pass
589777,28,MissedShots,0.715999984741211,0.35,0.015238129533827305,Pedro Porro,a,6912,SetPiece,2024,RightFoot,26629,Newcastle United,Tottenham,2,1,2024-09-01 12:30:00,Wilson Odobert,Pass
589778,31,BlockedShot,0.8130000305175781,0.565,0.03177099674940109,Pedro Porro,a,6912,FromCorner,2024,RightFoot,26629,Newcastle United,Tottenham,2,1,2024-09-01 12:30:00,Son Heung-Min,Pass
589779,31,BlockedShot,0.79,0.4420000076293945,0.025303903967142105,Pedro Porro,a,6912,FromCorner,2024,RightFoot,26629,Newcastle United,Tottenham,2,1,2024-09-01 12:30:00,,BallTouch
589781,45,BlockedShot,0.8590000152587891,0.40299999237060546,0.07581927627325058,Dejan Kulusevski,a,6691,OpenPlay,2024,LeftFoot,26629,Newcastle United,Tottenham,2,1,2024-09-01 12:30:00,Son Heung-Min,Pass
589783,52,MissedShots,0.9790000152587891,0.5879999923706055,0.4282701015472412,Wilson Odobert,a,10822,OpenPlay,2024,LeftFoot,26629,Newcastle United,Tottenham,2,1,2024-09-01 12:30:00,,None
589784,54,BlockedShot,0.8530000305175781,0.43099998474121093,0.07472803443670273,Son Heung-Min,a,453,OpenPlay,2024,RightFoot,26629,Newcastle United,Tottenham,2,1,2024-09-01 12:30:00,Yves Bissouma,Pass
589785,55,SavedShot,0.8469999694824218,0.7130000305175781,0.03264065086841583,James Maddison,a,6818,OpenPlay,2024,RightFoot,26629,Newcastle United,Tottenham,2,1,2024-09-01 12:30:00,Iyenoma Destiny Udogie,Pass
589786,55,SavedShot,0.960999984741211,0.40200000762939453,0.3935340642929077,Brennan Johnson,a,10760,OpenPlay,2024,RightFoot,26629,Newcastle United,Tottenham,2,1,2024-09-01 12:30:00,,Rebound
589788,59,MissedShots,0.749000015258789,0.485,0.0641171932220459,Pedro Porro,a,6912,DirectFreekick,2024,RightFoot,26629,Newcastle United,Tottenham,2,1,2024-09-01 12:30:00,,Standard
589790,69,BlockedShot,0.8430000305175781,0.515,0.0739777460694313,Wilson Odobert,a,10822,OpenPlay,2024,RightFoot,26629,Newcastle United,Tottenham,2,1,2024-09-01 12:30:00,,BallRecovery
589791,70,MissedShots,0.8980000305175782,0.5720000076293945,0.03630290925502777,Radu Dragusin,a,9105,FromCorner,2024,Head,26629,Newcastle United,Tottenham,2,1,2024-09-01 12:30:00,Dejan Kulusevski,Cross
589792,73,SavedShot,0.7930000305175782,0.46,0.0308416485786438,James Maddison,a,6818,SetPiece,2024,LeftFoot,26629,Newcastle United,Tottenham,2,1,2024-09-01 12:30:00,,None
589793,74,SavedShot,0.7780000305175782,0.335,0.02957051433622837,Pedro Porro,a,6912,FromCorner,2024,RightFoot,26629,Newcastle United,Tottenham,2,1,2024-09-01 12:30:00,Yves Bissouma,Pass
589794,75,BlockedShot,0.7980000305175782,0.3290000152587891,0.0364825502038002,Pedro Porro,a,6912,FromCorner,2024,RightFoot,26629,Newcastle United,Tottenham,2,1,2024-09-01 12:30:00,Dejan Kulusevski,Pass
589795,75,MissedShots,0.8669999694824219,0.455,0.0631370022892952,Brennan Johnson,a,10760,FromCorner,2024,LeftFoot,26629,Newcastle United,Tottenham,2,1,2024-09-01 12:30:00,,TakeOn
591308,4,SavedShot,0.92,0.624000015258789,0.10508764535188675,Dejan Kulusevski,h,6691,OpenPlay,2024,LeftFoot,26640,Tottenham,Arsenal,0,1,2024-09-15 13:00:00,Son Heung-Min,Pass
591309,7,BlockedShot,0.845999984741211,0.34599998474121096,0.05642018839716911,Dejan Kulusevski,h,6691,OpenPlay,2024,LeftFoot,26640,Tottenham,Arsenal,0,1,2024-09-15 13:00:00,Pedro Porro,Pass
591315,27,MissedShots,0.9319999694824219,0.43900001525878907,0.12555593252182007,Dominic Solanke,h,1679,OpenPlay,2024,Head,26640,Tottenham,Arsenal,0,1,2024-09-15 13:00:00,James Maddison,Cross
591316,42,BlockedShot,0.9080000305175782,0.3060000038146973,0.08014866709709167,Brennan Johnson,h,10760,OpenPlay,2024,RightFoot,26640,Tottenham,Arsenal,0,1,2024-09-15 13:00:00,Pedro Porro,Pass
591317,45,MissedShots,0.894000015258789,0.3270000076293945,0.07327966392040253,Brennan Johnson,h,10760,OpenPlay,2024,RightFoot,26640,Tottenham,Arsenal,0,1,2024-09-15 13:00:00,Dejan Kulusevski,Pass
591318,47,BlockedShot,0.9059999847412109,0.4420000076293945,0.07831829786300659,Dominic Solanke,h,1679,OpenPlay,2024,Head,26640,Tottenham,Arsenal,0,1,2024-09-15 13:00:00,Brennan Johnson,Cross
591319,48,SavedShot,0.905,0.425,0.016712423413991928,Micky van de Ven,h,10050,FromCorner,2024,Head,26640,Tottenham,Arsenal,0,1,2024-09-15 13:00:00,James Maddison,Aerial
591320,59,SavedShot,0.884000015258789,0.29700000762939455,0.04559268802404404,Brennan Johnson,h,10760,OpenPlay,2024,LeftFoot,26640,Tottenham,Arsenal,0,1,2024-09-15 13:00:00,Pedro Porro,Pass
591321,62,BlockedShot,0.855999984741211,0.415,0.06637480854988098,Brennan Johnson,h,10760,OpenPlay,2024,RightFoot,26640,Tottenham,Arsenal,0,1,2024-09-15 13:00:00,,None
591324,72,SavedShot,0.7559999847412109,0.7369999694824219,0.016993751749396324,Pape Sarr,h,9021,OpenPlay,2024,RightFoot,26640,Tottenham,Arsenal,0,1,2024-09-15 13:00:00,,TakeOn
591325,81,MissedShots,0.7769999694824219,0.3189999961853027,0.01898861676454544,Pape Sarr,h,9021,OpenPlay,2024,RightFoot,26640,Tottenham,Arsenal,0,1,2024-09-15 13:00:00,,None
591326,87,SavedShot,0.8769999694824219,0.5070000076293946,0.04778313264250755,Cristian Romero,h,7218,OpenPlay,2024,Head,26640,Tottenham,Arsenal,0,1,2024-09-15 13:00:00,Pedro Porro,Cross
591327,90,MissedShots,0.749000015258789,0.3129999923706055,0.016219979152083397,Dejan Kulusevski,h,6691,OpenPlay,2024,LeftFoot,26640,Tottenham,Arsenal,0,1,2024-09-15 13:00:00,Wilson Odobert,Pass
591328,93,BlockedShot,0.754000015258789,0.35400001525878905,0.01844249852001667,Wilson Odobert,h,10822,OpenPlay,2024,RightFoot,26640,Tottenham,Arsenal,0,1,2024-09-15 13:00:00,Cristian Romero,Pass
591329,95,BlockedShot,0.7190000152587891,0.44299999237060544,0.026677129790186882,Son Heung-Min,h,453,OpenPlay,2024,LeftFoot,26640,Tottenham,Arsenal,0,1,2024-09-15 13:00:00,Pape Sarr,TakeOn
591310,16,BlockedShot,0.8819999694824219,0.669000015258789,0.06864682585000992,Jurriën Timber,a,11707,OpenPlay,2024,RightFoot,26640,Tottenham,Arsenal,0,1,2024-09-15 13:00:00,Leandro Trossard,Pass
591311,17,SavedShot,0.9169999694824219,0.47099998474121096,0.11044387519359589,Kai Havertz,a,5220,OpenPlay,2024,Head,26640,Tottenham,Arsenal,0,1,2024-09-15 13:00:00,Gabriel Martinelli,Cross
591312,18,SavedShot,0.88,0.65,0.24826005101203918,Gabriel Martinelli,a,7752,OpenPlay,2024,RightFoot,26640,Tottenham,Arsenal,0,1,2024-09-15 13:00:00,Leandro Trossard,Pass
591313,22,BlockedShot,0.8540000152587891,0.59,0.05327018350362778,Leandro Trossard,a,7698,FromCorner,2024,LeftFoot,26640,Tottenham,Arsenal,0,1,2024-09-15 13:00:00,,None
591314,22,SavedShot,0.9119999694824219,0.5459999847412109,0.03263648971915245,Kai Havertz,a,5220,FromCorner,2024,Head,26640,Tottenham,Arsenal,0,1,2024-09-15 13:00:00,Bukayo Saka,Aerial
591322,62,BlockedShot,0.8540000152587891,0.37,0.09245960414409637,Bukayo Saka,a,7322,OpenPlay,2024,LeftFoot,26640,Tottenham,Arsenal,0,1,2024-09-15 13:00:00,Gabriel Martinelli,Pass
591323,63,Goal,0.960999984741211,0.49700000762939456,0.5151799917221069,Gabriel,a,5613,FromCorner,2024,Head,26640,Tottenham,Arsenal,0,1,2024-09-15 13:00:00,Bukayo Saka,Cross
592491,4,BlockedShot,0.784000015258789,0.5279999923706055,0.030185453593730927,Rodrigo Bentancur,h,6108,OpenPlay,2024,RightFoot,26648,Tottenham,Brentford,3,1,2024-09-21 14:00:00,Son Heung-Min,Pass
592492,4,SavedShot,0.955,0.5879999923706055,0.028312718495726585,Cristian Romero,h,7218,FromCorner,2024,Head,26648,Tottenham,Brentford,3,1,2024-09-21 14:00:00,Dejan Kulusevski,Aerial
592493,6,BlockedShot,0.9290000152587891,0.5840000152587891,0.12147873640060425,James Maddison,h,6818,OpenPlay,2024,RightFoot,26648,Tottenham,Brentford,3,1,2024-09-21 14:00:00,Son Heung-Min,Pass
592494,7,SavedShot,0.8880000305175781,0.38299999237060545,0.06078112870454788,James Maddison,h,6818,OpenPlay,2024,RightFoot,26648,Tottenham,Brentford,3,1,2024-09-21 14:00:00,,BallRecovery
592495,7,Goal,0.92,0.47,0.47913888096809387,Dominic Solanke,h,1679,OpenPlay,2024,RightFoot,26648,Tottenham,Brentford,3,1,2024-09-21 14:00:00,,Rebound
592496,9,SavedShot,0.81,0.629000015258789,0.04022001847624779,Son Heung-Min,h,453,OpenPlay,2024,RightFoot,26648,Tottenham,Brentford,3,1,2024-09-21 14:00:00,Iyenoma Destiny Udogie,Pass
592497,10,MissedShots,0.8680000305175781,0.285,0.040112629532814026,Brennan Johnson,h,10760,OpenPlay,2024,RightFoot,26648,Tottenham,Brentford,3,1,2024-09-21 14:00:00,Dejan Kulusevski,Pass
592498,15,BlockedShot,0.85,0.48900001525878906,0.07961323112249374,Brennan Johnson,h,10760,OpenPlay,2024,LeftFoot,26648,Tottenham,Brentford,3,1,2024-09-21 14:00:00,,BallRecovery
592499,17,BlockedShot,0.8859999847412109,0.67,0.06799455732107162,Iyenoma Destiny Udogie,h,8831,OpenPlay,2024,RightFoot,26648,Tottenham,Brentford,3,1,2024-09-21 14:00:00,Son Heung-Min,Pass
592500,17,BlockedShot,0.9059999847412109,0.5609999847412109,0.1191289946436882,Dejan Kulusevski,h,6691,OpenPlay,2024,LeftFoot,26648,Tottenham,Brentford,3,1,2024-09-21 14:00:00,,Rebound
592502,25,BlockedShot,0.8540000152587891,0.48200000762939454,0.08468878269195557,Dejan Kulusevski,h,6691,OpenPlay,2024,LeftFoot,26648,Tottenham,Brentford,3,1,2024-09-21 14:00:00,Son Heung-Min,Pass
592503,25,MissedShots,0.6419999694824219,0.24600000381469728,0.008908462710678577,Pedro Porro,h,6912,OpenPlay,2024,RightFoot,26648,Tottenham,Brentford,3,1,2024-09-21 14:00:00,James Maddison,Pass
592504,27,Goal,0.914000015258789,0.31,0.08929464221000671,Brennan Johnson,h,10760,OpenPlay,2024,RightFoot,26648,Tottenham,Brentford,3,1,2024-09-21 14:00:00,Son Heung-Min,Pass
592505,31,BlockedShot,0.975,0.5370000076293945,0.8213521838188171,Dominic Solanke,h,1679,OpenPlay,2024,LeftFoot,26648,Tottenham,Brentford,3,1,2024-09-21 14:00:00,James Maddison,Pass
592506,35,BlockedShot,0.91,0.34599998474121096,0.09755025058984756,Dejan Kulusevski,h,6691,OpenPlay,2024,RightFoot,26648,Tottenham,Brentford,3,1,2024-09-21 14:00:00,Brennan Johnson,Pass
592509,44,BlockedShot,0.8219999694824218,0.325,0.015894629061222076,Pedro Porro,h,6912,FromCorner,2024,RightFoot,26648,Tottenham,Brentford,3,1,2024-09-21 14:00:00,,Aerial
592510,45,BlockedShot,0.9030000305175782,0.3940000152587891,0.09992604702711105,Brennan Johnson,h,10760,OpenPlay,2024,RightFoot,26648,Tottenham,Brentford,3,1,2024-09-21 14:00:00,,None
592511,50,SavedShot,0.9080000305175782,0.6630000305175782,0.13404396176338196,Dejan Kulusevski,h,6691,OpenPlay,2024,LeftFoot,26648,Tottenham,Brentford,3,1,2024-09-21 14:00:00,James Maddison,Throughball
592512,52,SavedShot,0.9180000305175782,0.4590000152587891,0.45672929286956787,Dominic Solanke,h,1679,OpenPlay,2024,RightFoot,26648,Tottenham,Brentford,3,1,2024-09-21 14:00:00,,TakeOn
592513,52,BlockedShot,0.9159999847412109,0.47299999237060547,0.45318442583084106,Dominic Solanke,h,1679,OpenPlay,2024,LeftFoot,26648,Tottenham,Brentford,3,1,2024-09-21 14:00:00,,Rebound
592514,59,SavedShot,0.8969999694824219,0.3,0.06576535850763321,Brennan Johnson,h,10760,OpenPlay,2024,RightFoot,26648,Tottenham,Brentford,3,1,2024-09-21 14:00:00,Dejan Kulusevski,Pass
592516,62,MissedShots,0.9219999694824219,0.33299999237060546,0.30497488379478455,Brennan Johnson,h,10760,OpenPlay,2024,RightFoot,26648,Tottenham,Brentford,3,1,2024-09-21 14:00:00,Son Heung-Min,Pass
592518,84,Goal,0.885,0.595,0.4397331178188324,James Maddison,h,6818,OpenPlay,2024,LeftFoot,26648,Tottenham,Brentford,3,1,2024-09-21 14:00:00,Son Heung-Min,Pass
592490,0,Goal,0.9,0.49400001525878906,0.10689929127693176,Bryan Mbeumo,a,6552,OpenPlay,2024,LeftFoot,26648,Tottenham,Brentford,3,1,2024-09-21 14:00:00,Keane Lewis-Potter,Cross
592501,24,SavedShot,0.789000015258789,0.7469999694824219,0.01535185519605875,Keane Lewis-Potter,a,10809,OpenPlay,2024,RightFoot,26648,Tottenham,Brentford,3,1,2024-09-21 14:00:00,Mikkel Damsgaard,TakeOn
592507,40,SavedShot,0.9340000152587891,0.40400001525878904,0.43726417422294617,Bryan Mbeumo,a,6552,OpenPlay,2024,LeftFoot,26648,Tottenham,Brentford,3,1,2024-09-21 14:00:00,Fabio Carvalho,Pass
592508,41,SavedShot,0.845,0.6229999923706054,0.05980777367949486,Mikkel Damsgaard,a,8859,OpenPlay,2024,LeftFoot,26648,Tottenham,Brentford,3,1,2024-09-21 14:00:00,Fabio Carvalho,Pass
592515,61,SavedShot,0.8959999847412109,0.639000015258789,0.2274121791124344,Bryan Mbeumo,a,6552,OpenPlay,2024,LeftFoot,26648,Tottenham,Brentford,3,1,2024-09-21 14:00:00,Kristoffer Ajer,Pass
592517,67,SavedShot,0.904000015258789,0.49700000762939456,0.04682979732751846,Kevin Schade,a,9156,FromCorner,2024,Head,26648,Tottenham,Brentford,3,1,2024-09-21 14:00:00,Sepp van den Berg,Chipped
594793,21,SavedShot,0.899000015258789,0.46599998474121096,0.12050066143274307,Joshua Zirkzee,h,8044,OpenPlay,2024,LeftFoot,26660,Manchester United,Tottenham,0,3,2024-09-29 15:30:00,Kobbie Mainoo,Pass
594794,25,SavedShot,0.5929999923706055,0.72,0.007528273388743401,Lisandro Martínez,h,10802,OpenPlay,2024,LeftFoot,26660,Manchester United,Tottenham,0,3,2024-09-29 15:30:00,,None
594799,36,ShotOnPost,0.9519999694824218,0.36,0.05292917788028717,Alejandro Garnacho,h,10552,OpenPlay,2024,RightFoot,26660,Manchester United,Tottenham,0,3,2024-09-29 15:30:00,Marcus Rashford,Cross
594808,59,BlockedShot,0.9169999694824219,0.6530000305175782,0.012668974697589874,Lisandro Martínez,h,10802,FromCorner,2024,Head,26660,Manchester United,Tottenham,0,3,2024-09-29 15:30:00,Mason Mount,Cross
594809,60,MissedShots,0.889000015258789,0.644000015258789,0.04949546605348587,Lisandro Martínez,h,10802,FromCorner,2024,LeftFoot,26660,Manchester United,Tottenham,0,3,2024-09-29 15:30:00,Casemiro,Pass
594810,62,MissedShots,0.9259999847412109,0.5229999923706055,0.05154662951827049,Casemiro,h,2248,FromCorner,2024,Head,26660,Manchester United,Tottenham,0,3,2024-09-29 15:30:00,Alejandro Garnacho,Aerial
594811,68,MissedShots,0.9480000305175781,0.32599998474121095,0.04284628853201866,Casemiro,h,2248,OpenPlay,2024,RightFoot,26660,Manchester United,Tottenham,0,3,2024-09-29 15:30:00,Lisandro Martínez,Chipped
594812,71,BlockedShot,0.8569999694824219,0.5620000076293945,0.09785651415586472,Lisandro Martínez,h,10802,OpenPlay,2024,LeftFoot,26660,Manchester United,Tottenham,0,3,2024-09-29 15:30:00,Casemiro,Pass
594813,71,BlockedShot,0.8540000152587891,0.72,0.033282164484262466,Alejandro Garnacho,h,10552,OpenPlay,2024,RightFoot,26660,Manchester United,Tottenham,0,3,2024-09-29 15:30:00,Mason Mount,Pass
594819,88,BlockedShot,0.9340000152587891,0.705,0.05932397022843361,Alejandro Garnacho,h,10552,OpenPlay,2024,LeftFoot,26660,Manchester United,Tottenham,0,3,2024-09-29 15:30:00,Christian Eriksen,Pass
594822,91,MissedShots,0.935,0.6,0.07274327427148819,Matthijs de Ligt,h,7902,OpenPlay,2024,RightFoot,26660,Manchester United,Tottenham,0,3,2024-09-29 15:30:00,,None
594789,2,Goal,0.9690000152587891,0.46900001525878904,0.8900972008705139,Brennan Johnson,a,10760,OpenPlay,2024,RightFoot,26660,Manchester United,Tottenham,0,3,2024-09-29 15:30:00,Micky van de Ven,Pass
594790,10,SavedShot,0.9309999847412109,0.625999984741211,0.36631518602371216,James Maddison,a,6818,OpenPlay,2024,LeftFoot,26660,Manchester United,Tottenham,0,3,2024-09-29 15:30:00,Dejan Kulusevski,Pass
594791,11,MissedShots,0.8809999847412109,0.6619999694824219,0.08490917831659317,Iyenoma Destiny Udogie,a,8831,OpenPlay,2024,LeftFoot,26660,Manchester United,Tottenham,0,3,2024-09-29 15:30:00,Dejan Kulusevski,Pass
594792,19,ShotOnPost,0.885,0.3120000076293945,0.07164718955755234,Brennan Johnson,a,10760,OpenPlay,2024,RightFoot,26660,Manchester United,Tottenham,0,3,2024-09-29 15:30:00,Dejan Kulusevski,Pass
594795,29,SavedShot,0.7769999694824219,0.4809999847412109,0.04637486860156059,James Maddison,a,6818,OpenPlay,2024,RightFoot,26660,Manchester United,Tottenham,0,3,2024-09-29 15:30:00,Dejan Kulusevski,BallRecovery
594796,30,BlockedShot,0.7930000305175782,0.3920000076293945,0.05360686406493187,Dejan Kulusevski,a,6691,OpenPlay,2024,LeftFoot,26660,Manchester United,Tottenham,0,3,2024-09-29 15:30:00,Rodrigo Bentancur,BallRecovery
594797,31,BlockedShot,0.8880000305175781,0.675,0.07925032079219818,Iyenoma Destiny Udogie,a,8831,OpenPlay,2024,LeftFoot,26660,Manchester United,Tottenham,0,3,2024-09-29 15:30:00,Timo Werner,Pass
594798,32,MissedShots,0.905,0.5579999923706055,0.06655843555927277,Cristian Romero,a,7218,FromCorner,2024,RightFoot,26660,Manchester United,Tottenham,0,3,2024-09-29 15:30:00,Pedro Porro,Cross
594800,38,SavedShot,0.8219999694824218,0.645,0.2564120590686798,Timo Werner,a,65,OpenPlay,2024,RightFoot,26660,Manchester United,Tottenham,0,3,2024-09-29 15:30:00,Dejan Kulusevski,Pass
594801,39,BlockedShot,0.8490000152587891,0.49700000762939456,0.06527247279882431,Micky van de Ven,a,10050,SetPiece,2024,LeftFoot,26660,Manchester United,Tottenham,0,3,2024-09-29 15:30:00,,None
594802,39,BlockedShot,0.884000015258789,0.28,0.025913702324032784,Brennan Johnson,a,10760,SetPiece,2024,RightFoot,26660,Manchester United,Tottenham,0,3,2024-09-29 15:30:00,,Rebound
594803,40,MissedShots,0.914000015258789,0.47200000762939454,0.08427327126264572,Micky van de Ven,a,10050,FromCorner,2024,Head,26660,Manchester United,Tottenham,0,3,2024-09-29 15:30:00,Dejan Kulusevski,Cross
594804,46,Goal,0.955,0.4279999923706055,0.6253494024276733,Dejan Kulusevski,a,6691,OpenPlay,2024,LeftFoot,26660,Manchester United,Tottenham,0,3,2024-09-29 15:30:00,,None
594805,52,SavedShot,0.8819999694824219,0.38299999237060545,0.11955852061510086,Pedro Porro,a,6912,OpenPlay,2024,LeftFoot,26660,Manchester United,Tottenham,0,3,2024-09-29 15:30:00,Dejan Kulusevski,Pass
594806,55,SavedShot,0.850999984741211,0.64,0.3708067238330841,Timo Werner,a,65,OpenPlay,2024,RightFoot,26660,Manchester United,Tottenham,0,3,2024-09-29 15:30:00,Dejan Kulusevski,Throughball
594807,55,SavedShot,0.865999984741211,0.5270000076293946,0.37643444538116455,Dominic Solanke,a,1679,OpenPlay,2024,LeftFoot,26660,Manchester United,Tottenham,0,3,2024-09-29 15:30:00,,Rebound
594814,74,BlockedShot,0.905,0.3870000076293945,0.13291580975055695,James Maddison,a,6818,OpenPlay,2024,RightFoot,26660,Manchester United,Tottenham,0,3,2024-09-29 15:30:00,Brennan Johnson,Pass
594815,75,BlockedShot,0.8030000305175782,0.5120000076293946,0.07013705372810364,Dominic Solanke,a,1679,OpenPlay,2024,RightFoot,26660,Manchester United,Tottenham,0,3,2024-09-29 15:30:00,James Maddison,Pass
594816,76,BlockedShot,0.9490000152587891,0.5459999847412109,0.072849340736866,Pape Sarr,a,9021,FromCorner,2024,Head,26660,Manchester United,Tottenham,0,3,2024-09-29 15:30:00,Dominic Solanke,None
594817,76,Goal,0.975999984741211,0.5029999923706054,0.9056144952774048,Dominic Solanke,a,1679,FromCorner,2024,RightFoot,26660,Manchester United,Tottenham,0,3,2024-09-29 15:30:00,Pape Sarr,Rebound
594818,85,MissedShots,0.720999984741211,0.63,0.05327362194657326,Lucas Bergvall,a,12912,OpenPlay,2024,RightFoot,26660,Manchester United,Tottenham,0,3,2024-09-29 15:30:00,Dejan Kulusevski,Pass
594820,90,SavedShot,0.9030000305175782,0.34599998474121096,0.3080315887928009,Dominic Solanke,a,1679,OpenPlay,2024,RightFoot,26660,Manchester United,Tottenham,0,3,2024-09-29 15:30:00,Pedro Porro,Chipped
594821,90,MissedShots,0.9180000305175782,0.5120000076293946,0.4364696443080902,Pape Sarr,a,9021,OpenPlay,2024,Head,26660,Manchester United,Tottenham,0,3,2024-09-29 15:30:00,,None
594823,95,MissedShots,0.7909999847412109,0.625999984741211,0.05237334221601486,Mikey Moore,a,12603,OpenPlay,2024,RightFoot,26660,Manchester United,Tottenham,0,3,2024-09-29 15:30:00,Pape Sarr,Pass
596300,27,BlockedShot,0.8630000305175781,0.715,0.033475361764431,Kaoru Mitoma,h,10806,OpenPlay,2024,RightFoot,26671,Brighton,Tottenham,3,2,2024-10-06 15:30:00,Carlos Baleba,Pass
596301,31,MissedShots,0.9180000305175782,0.5329999923706055,0.39822131395339966,Danny Welbeck,h,501,OpenPlay,2024,RightFoot,26671,Brighton,Tottenham,3,2,2024-10-06 15:30:00,Kaoru Mitoma,Cross
596302,36,MissedShots,0.899000015258789,0.4490000152587891,0.06326974183320999,Jack Hinshelwood,h,11269,OpenPlay,2024,Head,26671,Brighton,Tottenham,3,2,2024-10-06 15:30:00,Kaoru Mitoma,Cross
596304,39,MissedShots,0.8530000305175781,0.5320000076293945,0.01566069945693016,Danny Welbeck,h,501,OpenPlay,2024,Head,26671,Brighton,Tottenham,3,2,2024-10-06 15:30:00,Ferdi Kadioglu,Cross
596308,47,Goal,0.919000015258789,0.43900001525878907,0.3563140630722046,Yankuba Minteh,h,12759,OpenPlay,2024,LeftFoot,26671,Brighton,Tottenham,3,2,2024-10-06 15:30:00,,None
596310,55,MissedShots,0.9080000305175782,0.47900001525878905,0.03286058083176613,Georginio Rutter,h,6937,FromCorner,2024,Head,26671,Brighton,Tottenham,3,2,2024-10-06 15:30:00,Estupiñán,Aerial
596311,55,SavedShot,0.82,0.61,0.04683449864387512,Kaoru Mitoma,h,10806,OpenPlay,2024,LeftFoot,26671,Brighton,Tottenham,3,2,2024-10-06 15:30:00,Danny Welbeck,Pass
596312,57,Goal,0.875,0.5279999923706055,0.3842136263847351,Georginio Rutter,h,6937,OpenPlay,2024,LeftFoot,26671,Brighton,Tottenham,3,2,2024-10-06 15:30:00,Kaoru Mitoma,Pass
596313,60,BlockedShot,0.8619999694824219,0.5709999847412109,0.09768026322126389,Kaoru Mitoma,h,10806,OpenPlay,2024,RightFoot,26671,Brighton,Tottenham,3,2,2024-10-06 15:30:00,Danny Welbeck,Pass
596314,65,Goal,0.9540000152587891,0.49599998474121093,0.5265805721282959,Danny Welbeck,h,501,OpenPlay,2024,Head,26671,Brighton,Tottenham,3,2,2024-10-06 15:30:00,,None
596319,84,MissedShots,0.740999984741211,0.4279999923706055,0.017060404643416405,Yankuba Minteh,h,12759,FromCorner,2024,LeftFoot,26671,Brighton,Tottenham,3,2,2024-10-06 15:30:00,,TakeOn
596296,2,BlockedShot,0.915,0.33599998474121096,0.07406459003686905,Dejan Kulusevski,a,6691,OpenPlay,2024,LeftFoot,26671,Brighton,Tottenham,3,2,2024-10-06 15:30:00,Brennan Johnson,Pass
596297,4,BlockedShot,0.960999984741211,0.65,0.06692080944776535,James Maddison,a,6818,OpenPlay,2024,LeftFoot,26671,Brighton,Tottenham,3,2,2024-10-06 15:30:00,Cristian Romero,Chipped
596298,14,MissedShots,0.8680000305175781,0.47299999237060547,0.09004025906324387,Timo Werner,a,65,OpenPlay,2024,RightFoot,26671,Brighton,Tottenham,3,2,2024-10-06 15:30:00,,Foul
596299,22,Goal,0.860999984741211,0.534000015258789,0.36535757780075073,Brennan Johnson,a,10760,OpenPlay,2024,LeftFoot,26671,Brighton,Tottenham,3,2,2024-10-06 15:30:00,Dominic Solanke,Throughball
596303,36,Goal,0.8469999694824218,0.5640000152587891,0.09134534746408463,James Maddison,a,6818,OpenPlay,2024,RightFoot,26671,Brighton,Tottenham,3,2,2024-10-06 15:30:00,Timo Werner,Pass
596305,43,MissedShots,0.914000015258789,0.33599998474121096,0.13600607216358185,Brennan Johnson,a,10760,OpenPlay,2024,RightFoot,26671,Brighton,Tottenham,3,2,2024-10-06 15:30:00,Dejan Kulusevski,Throughball
596306,46,MissedShots,0.8540000152587891,0.3390000152587891,0.017307370901107788,Brennan Johnson,a,10760,SetPiece,2024,RightFoot,26671,Brighton,Tottenham,3,2,2024-10-06 15:30:00,,Aerial
596307,46,MissedShots,0.9009999847412109,0.4490000152587891,0.020272893831133842,Cristian Romero,a,7218,SetPiece,2024,Head,26671,Brighton,Tottenham,3,2,2024-10-06 15:30:00,Brennan Johnson,Rebound
596309,52,MissedShots,0.914000015258789,0.5359999847412109,0.08621332794427872,Cristian Romero,a,7218,FromCorner,2024,Head,26671,Brighton,Tottenham,3,2,2024-10-06 15:30:00,Pedro Porro,Cross
596315,71,MissedShots,0.7630000305175781,0.6809999847412109,0.020490694791078568,Timo Werner,a,65,OpenPlay,2024,RightFoot,26671,Brighton,Tottenham,3,2,2024-10-06 15:30:00,Iyenoma Destiny Udogie,Pass
596316,77,BlockedShot,0.7440000152587891,0.5279999923706055,0.020227940753102303,Pedro Porro,a,6912,OpenPlay,2024,RightFoot,26671,Brighton,Tottenham,3,2,2024-10-06 15:30:00,,None
596317,78,MissedShots,0.8369999694824218,0.610999984741211,0.04739881679415703,James Maddison,a,6818,OpenPlay,2024,LeftFoot,26671,Brighton,Tottenham,3,2,2024-10-06 15:30:00,,None
596318,82,SavedShot,0.840999984741211,0.5120000076293946,0.05749429762363434,Iyenoma Destiny Udogie,a,8831,OpenPlay,2024,RightFoot,26671,Brighton,Tottenham,3,2,2024-10-06 15:30:00,,None
596715,5,MissedShots,0.899000015258789,0.2670000076293945,0.04235624894499779,Brennan Johnson,h,10760,OpenPlay,2024,RightFoot,26672,Tottenham,West Ham,4,1,2024-10-19 11:30:00,,BallRecovery
596718,13,BlockedShot,0.7869999694824219,0.3160000038146973,0.021655380725860596,Dejan Kulusevski,h,6691,OpenPlay,2024,LeftFoot,26672,Tottenham,West Ham,4,1,2024-10-19 11:30:00,Brennan Johnson,Pass
596719,15,MissedShots,0.855999984741211,0.6830000305175781,0.04827992245554924,Son Heung-Min,h,453,OpenPlay,2024,RightFoot,26672,Tottenham,West Ham,4,1,2024-10-19 11:30:00,Yves Bissouma,Pass
596722,22,BlockedShot,0.970999984741211,0.4470000076293945,0.12532290816307068,Brennan Johnson,h,10760,OpenPlay,2024,Head,26672,Tottenham,West Ham,4,1,2024-10-19 11:30:00,James Maddison,Cross
596723,24,BlockedShot,0.6730000305175782,0.44299999237060544,0.012517189607024193,Pedro Porro,h,6912,OpenPlay,2024,RightFoot,26672,Tottenham,West Ham,4,1,2024-10-19 11:30:00,James Maddison,Pass
596724,25,BlockedShot,0.9319999694824219,0.7230000305175781,0.01816476136445999,Son Heung-Min,h,453,FromCorner,2024,LeftFoot,26672,Tottenham,West Ham,4,1,2024-10-19 11:30:00,,Aerial
596725,27,MissedShots,0.9619999694824218,0.4829999923706055,0.18597956001758575,Brennan Johnson,h,10760,OpenPlay,2024,OtherBodyPart,26672,Tottenham,West Ham,4,1,2024-10-19 11:30:00,Iyenoma Destiny Udogie,Cross
596726,28,MissedShots,0.9109999847412109,0.5579999923706055,0.07446169853210449,Dominic Solanke,h,1679,FromCorner,2024,RightFoot,26672,Tottenham,West Ham,4,1,2024-10-19 11:30:00,James Maddison,Cross
596727,33,SavedShot,0.7340000152587891,0.43400001525878906,0.023924686014652252,Pedro Porro,h,6912,FromCorner,2024,RightFoot,26672,Tottenham,West Ham,4,1,2024-10-19 11:30:00,James Maddison,Pass
596728,35,Goal,0.8430000305175781,0.3770000076293945,0.0894739106297493,Dejan Kulusevski,h,6691,OpenPlay,2024,LeftFoot,26672,Tottenham,West Ham,4,1,2024-10-19 11:30:00,James Maddison,Pass
596729,39,BlockedShot,0.905,0.695,0.07131318002939224,Dejan Kulusevski,h,6691,OpenPlay,2024,RightFoot,26672,Tottenham,West Ham,4,1,2024-10-19 11:30:00,Son Heung-Min,TakeOn
596730,42,MissedShots,0.875,0.37,0.04806726053357124,Pedro Porro,h,6912,OpenPlay,2024,RightFoot,26672,Tottenham,West Ham,4,1,2024-10-19 11:30:00,Iyenoma Destiny Udogie,Cross
596733,50,BlockedShot,0.899000015258789,0.67,0.06005764752626419,Iyenoma Destiny Udogie,h,8831,OpenPlay,2024,LeftFoot,26672,Tottenham,West Ham,4,1,2024-10-19 11:30:00,Son Heung-Min,Pass
596734,51,Goal,0.855999984741211,0.5379999923706055,0.09176935255527496,Yves Bissouma,h,5609,OpenPlay,2024,RightFoot,26672,Tottenham,West Ham,4,1,2024-10-19 11:30:00,Iyenoma Destiny Udogie,Pass
596736,54,SavedShot,0.894000015258789,0.3270000076293945,0.08826050907373428,Son Heung-Min,h,453,OpenPlay,2024,LeftFoot,26672,Tottenham,West Ham,4,1,2024-10-19 11:30:00,Dejan Kulusevski,Pass
596738,59,Goal,0.9169999694824219,0.6619999694824219,0.11323202401399612,Son Heung-Min,h,453,OpenPlay,2024,LeftFoot,26672,Tottenham,West Ham,4,1,2024-10-19 11:30:00,Pape Sarr,Pass
596739,60,ShotOnPost,0.8180000305175781,0.51,0.05680762231349945,Son Heung-Min,h,453,OpenPlay,2024,RightFoot,26672,Tottenham,West Ham,4,1,2024-10-19 11:30:00,,None
596741,64,MissedShots,0.8080000305175781,0.31799999237060544,0.028883028775453568,Dejan Kulusevski,h,6691,OpenPlay,2024,LeftFoot,26672,Tottenham,West Ham,4,1,2024-10-19 11:30:00,Brennan Johnson,Pass
596743,66,SavedShot,0.8780000305175781,0.34,0.08814588934183121,Brennan Johnson,h,10760,OpenPlay,2024,RightFoot,26672,Tottenham,West Ham,4,1,2024-10-19 11:30:00,Dominic Solanke,Pass
596744,70,MissedShots,0.9519999694824218,0.27299999237060546,0.07134298235177994,Pedro Porro,h,6912,OpenPlay,2024,RightFoot,26672,Tottenham,West Ham,4,1,2024-10-19 11:30:00,Dejan Kulusevski,Pass
596747,75,SavedShot,0.9490000152587891,0.6419999694824219,0.027641218155622482,Timo Werner,h,65,OpenPlay,2024,Head,26672,Tottenham,West Ham,4,1,2024-10-19 11:30:00,Pedro Porro,Cross
596748,96,MissedShots,0.8980000305175782,0.41900001525878905,0.05286085978150368,Brennan Johnson,h,10760,SetPiece,2024,Head,26672,Tottenham,West Ham,4,1,2024-10-19 11:30:00,Pedro Porro,Cross
596716,10,SavedShot,0.875999984741211,0.59,0.06274030357599258,Mohammed Kudus,a,12027,OpenPlay,2024,RightFoot,26672,Tottenham,West Ham,4,1,2024-10-19 11:30:00,Jarrod Bowen,Cross
596717,10,MissedShots,0.7290000152587891,0.7019999694824218,0.007142075337469578,Emerson,a,1245,FromCorner,2024,LeftFoot,26672,Tottenham,West Ham,4,1,2024-10-19 11:30:00,Jean-Clair Todibo,Chipped
596720,17,MissedShots,0.86,0.2989999961853027,0.05864058434963226,Aaron Wan-Bissaka,a,5584,OpenPlay,2024,RightFoot,26672,Tottenham,West Ham,4,1,2024-10-19 11:30:00,,TakeOn
596721,17,Goal,0.9130000305175782,0.580999984741211,0.39186570048332214,Mohammed Kudus,a,12027,OpenPlay,2024,RightFoot,26672,Tottenham,West Ham,4,1,2024-10-19 11:30:00,,None
596731,45,MissedShots,0.9019999694824219,0.33299999237060546,0.055114805698394775,Mohammed Kudus,a,12027,OpenPlay,2024,LeftFoot,26672,Tottenham,West Ham,4,1,2024-10-19 11:30:00,Lucas Paquetá,Chipped
596732,47,BlockedShot,0.8959999847412109,0.26299999237060545,0.028376860544085503,Jarrod Bowen,a,1776,SetPiece,2024,LeftFoot,26672,Tottenham,West Ham,4,1,2024-10-19 11:30:00,,None
596735,53,BlockedShot,0.8159999847412109,0.545,0.0451306514441967,Mohammed Kudus,a,12027,OpenPlay,2024,RightFoot,26672,Tottenham,West Ham,4,1,2024-10-19 11:30:00,Max Kilman,TakeOn
596737,54,OwnGoal,0.035,0.5459999847412109,0,Alphonse Areola,a,2310,OpenPlay,2024,LeftFoot,26672,Tottenham,West Ham,4,1,2024-10-19 11:30:00,,Save
596740,61,BlockedShot,0.9580000305175781,0.425,0.12764666974544525,Mohammed Kudus,a,12027,OpenPlay,2024,LeftFoot,26672,Tottenham,West Ham,4,1,2024-10-19 11:30:00,Emerson,Pass
596742,65,BlockedShot,0.8119999694824219,0.29399999618530276,0.025459280237555504,Mohammed Kudus,a,12027,OpenPlay,2024,LeftFoot,26672,Tottenham,West Ham,4,1,2024-10-19 11:30:00,Aaron Wan-Bissaka,Pass
596745,71,SavedShot,0.7680000305175781,0.27799999237060546,0.011116494424641132,Mohammed Kudus,a,12027,OpenPlay,2024,LeftFoot,26672,Tottenham,West Ham,4,1,2024-10-19 11:30:00,Carlos Soler,TakeOn
596746,72,MissedShots,0.9,0.4370000076293945,0.04556994140148163,Edson Álvarez,a,11926,OpenPlay,2024,Head,26672,Tottenham,West Ham,4,1,2024-10-19 11:30:00,Emerson,Aerial
598868,17,BlockedShot,0.775,0.3189999961853027,0.019794346764683723,Daniel Muñoz,h,12408,OpenPlay,2024,LeftFoot,26689,Crystal Palace,Tottenham,1,0,2024-10-27 14:00:00,,BallRecovery
598869,26,MissedShots,0.9259999847412109,0.48700000762939455,0.05472775176167488,Maxence Lacroix,h,8853,FromCorner,2024,Head,26689,Crystal Palace,Tottenham,1,0,2024-10-27 14:00:00,Will Hughes,Aerial
598870,29,SavedShot,0.855999984741211,0.3029999923706055,0.040743134915828705,Ismaila Sarr,h,5675,OpenPlay,2024,RightFoot,26689,Crystal Palace,Tottenham,1,0,2024-10-27 14:00:00,Will Hughes,Pass
598871,30,Goal,0.9259999847412109,0.575,0.4644821584224701,Jean-Philippe Mateta,h,5735,OpenPlay,2024,LeftFoot,26689,Crystal Palace,Tottenham,1,0,2024-10-27 14:00:00,Eberechi Eze,Pass
598875,34,SavedShot,0.9169999694824219,0.44599998474121094,0.05594401806592941,Marc Guehi,h,7603,SetPiece,2024,Head,26689,Crystal Palace,Tottenham,1,0,2024-10-27 14:00:00,Daniel Muñoz,HeadPass
598878,46,MissedShots,0.735,0.41900001525878905,0.017658548429608345,Will Hughes,h,6104,OpenPlay,2024,LeftFoot,26689,Crystal Palace,Tottenham,1,0,2024-10-27 14:00:00,Ismaila Sarr,HeadPass
598879,48,MissedShots,0.8159999847412109,0.5209999847412109,0.03890955075621605,Eberechi Eze,h,8706,FromCorner,2024,RightFoot,26689,Crystal Palace,Tottenham,1,0,2024-10-27 14:00:00,,None
598882,46,MissedShots,0.74,0.8180000305175781,0.02811647765338421,Eberechi Eze,h,8706,DirectFreekick,2024,RightFoot,26689,Crystal Palace,Tottenham,1,0,2024-10-27 14:00:00,,Standard
598885,56,SavedShot,0.86,0.57,0.06136945262551308,Ismaila Sarr,h,5675,FromCorner,2024,RightFoot,26689,Crystal Palace,Tottenham,1,0,2024-10-27 14:00:00,,None
598886,56,MissedShots,0.850999984741211,0.37900001525878907,0.05324637144804001,Daniel Muñoz,h,12408,FromCorner,2024,RightFoot,26689,Crystal Palace,Tottenham,1,0,2024-10-27 14:00:00,,Rebound
598887,57,MissedShots,0.8680000305175781,0.57,0.0714837834239006,Eberechi Eze,h,8706,OpenPlay,2024,RightFoot,26689,Crystal Palace,Tottenham,1,0,2024-10-27 14:00:00,Tyrick Mitchell,HeadPass
598888,66,SavedShot,0.7709999847412109,0.6430000305175781,0.019106004387140274,Eberechi Eze,h,8706,SetPiece,2024,RightFoot,26689,Crystal Palace,Tottenham,1,0,2024-10-27 14:00:00,Will Hughes,Pass
598889,81,SavedShot,0.7369999694824219,0.46599998474121096,0.022600557655096054,Adam Wharton,h,12409,OpenPlay,2024,RightFoot,26689,Crystal Palace,Tottenham,1,0,2024-10-27 14:00:00,Will Hughes,Pass
598890,82,MissedShots,0.815,0.4229999923706055,0.033696386963129044,Adam Wharton,h,12409,FromCorner,2024,LeftFoot,26689,Crystal Palace,Tottenham,1,0,2024-10-27 14:00:00,,None
598867,12,BlockedShot,0.96,0.38299999237060545,0.050338950008153915,Brennan Johnson,a,10760,FromCorner,2024,RightFoot,26689,Crystal Palace,Tottenham,1,0,2024-10-27 14:00:00,Pedro Porro,Cross
598872,33,BlockedShot,0.955,0.6609999847412109,0.015457166358828545,Cristian Romero,a,7218,FromCorner,2024,Head,26689,Crystal Palace,Tottenham,1,0,2024-10-27 14:00:00,James Maddison,BallTouch
598873,33,MissedShots,0.9569999694824218,0.6309999847412109,0.06818054616451263,Micky van de Ven,a,10050,FromCorner,2024,LeftFoot,26689,Crystal Palace,Tottenham,1,0,2024-10-27 14:00:00,Cristian Romero,None
598874,33,ShotOnPost,0.9519999694824218,0.5570000076293945,0.10827794671058655,Brennan Johnson,a,10760,FromCorner,2024,RightFoot,26689,Crystal Palace,Tottenham,1,0,2024-10-27 14:00:00,,Foul
598876,38,MissedShots,0.9109999847412109,0.5770000076293945,0.020618516951799393,Dominic Solanke,a,1679,FromCorner,2024,Head,26689,Crystal Palace,Tottenham,1,0,2024-10-27 14:00:00,,Aerial
598877,45,MissedShots,0.8059999847412109,0.375,0.03360877186059952,Pedro Porro,a,6912,OpenPlay,2024,RightFoot,26689,Crystal Palace,Tottenham,1,0,2024-10-27 14:00:00,,None
598880,49,SavedShot,0.950999984741211,0.610999984741211,0.2875473201274872,James Maddison,a,6818,OpenPlay,2024,LeftFoot,26689,Crystal Palace,Tottenham,1,0,2024-10-27 14:00:00,Iyenoma Destiny Udogie,Cross
598881,49,BlockedShot,0.870999984741211,0.355,0.05095763877034187,Brennan Johnson,a,10760,OpenPlay,2024,RightFoot,26689,Crystal Palace,Tottenham,1,0,2024-10-27 14:00:00,,None
598883,47,SavedShot,0.9469999694824218,0.40900001525878904,0.3533931374549866,Dejan Kulusevski,a,6691,OpenPlay,2024,LeftFoot,26689,Crystal Palace,Tottenham,1,0,2024-10-27 14:00:00,Brennan Johnson,Cross
598884,54,SavedShot,0.7130000305175781,0.44299999237060544,0.01494566909968853,James Maddison,a,6818,OpenPlay,2024,RightFoot,26689,Crystal Palace,Tottenham,1,0,2024-10-27 14:00:00,Dejan Kulusevski,Pass
598891,90,BlockedShot,0.8090000152587891,0.4640000152587891,0.015871910378336906,Rodrigo Bentancur,a,6108,OpenPlay,2024,RightFoot,26689,Crystal Palace,Tottenham,1,0,2024-10-27 14:00:00,,Aerial
600546,5,MissedShots,0.899000015258789,0.2620000076293945,0.03634335845708847,Pedro Porro,h,6912,OpenPlay,2024,RightFoot,26700,Tottenham,Aston Villa,4,1,2024-11-03 14:00:00,,None
600548,13,MissedShots,0.9030000305175782,0.4370000076293945,0.025041494518518448,Dominic Solanke,h,1679,SetPiece,2024,Head,26700,Tottenham,Aston Villa,4,1,2024-11-03 14:00:00,Son Heung-Min,Aerial
600549,17,MissedShots,0.725999984741211,0.5820000076293945,0.013070286251604557,Rodrigo Bentancur,h,6108,OpenPlay,2024,RightFoot,26700,Tottenham,Aston Villa,4,1,2024-11-03 14:00:00,Dejan Kulusevski,LayOff
600550,19,BlockedShot,0.7319999694824219,0.4159999847412109,0.01455190870910883,Pape Sarr,h,9021,FromCorner,2024,RightFoot,26700,Tottenham,Aston Villa,4,1,2024-11-03 14:00:00,,None
600551,21,MissedShots,0.7230000305175781,0.41900001525878905,0.012712639756500721,Pape Sarr,h,9021,FromCorner,2024,RightFoot,26700,Tottenham,Aston Villa,4,1,2024-11-03 14:00:00,,Aerial
600552,21,MissedShots,0.725999984741211,0.4929999923706055,0.01912618987262249,Rodrigo Bentancur,h,6108,OpenPlay,2024,RightFoot,26700,Tottenham,Aston Villa,4,1,2024-11-03 14:00:00,Cristian Romero,Pass
600557,42,MissedShots,0.7130000305175781,0.580999984741211,0.015559766441583633,Rodrigo Bentancur,h,6108,OpenPlay,2024,RightFoot,26700,Tottenham,Aston Villa,4,1,2024-11-03 14:00:00,Iyenoma Destiny Udogie,Pass
600558,45,BlockedShot,0.894000015258789,0.6840000152587891,0.05757487565279007,Dominic Solanke,h,1679,OpenPlay,2024,RightFoot,26700,Tottenham,Aston Villa,4,1,2024-11-03 14:00:00,Dejan Kulusevski,Pass
600559,48,Goal,0.9630000305175781,0.46900001525878904,0.5867623686790466,Brennan Johnson,h,10760,OpenPlay,2024,RightFoot,26700,Tottenham,Aston Villa,4,1,2024-11-03 14:00:00,Son Heung-Min,Cross
600560,50,SavedShot,0.88,0.48700000762939455,0.1217741072177887,Dominic Solanke,h,1679,OpenPlay,2024,RightFoot,26700,Tottenham,Aston Villa,4,1,2024-11-03 14:00:00,Iyenoma Destiny Udogie,Pass
600561,51,MissedShots,0.894000015258789,0.29200000762939454,0.04428062215447426,Pedro Porro,h,6912,OpenPlay,2024,RightFoot,26700,Tottenham,Aston Villa,4,1,2024-11-03 14:00:00,,None
600565,66,MissedShots,0.75,0.6709999847412109,0.014517647214233875,Pape Sarr,h,9021,OpenPlay,2024,RightFoot,26700,Tottenham,Aston Villa,4,1,2024-11-03 14:00:00,Richarlison,Pass
600566,74,Goal,0.8630000305175781,0.4370000076293945,0.3504043519496918,Dominic Solanke,h,1679,OpenPlay,2024,RightFoot,26700,Tottenham,Aston Villa,4,1,2024-11-03 14:00:00,Dejan Kulusevski,Throughball
600568,78,Goal,0.9480000305175781,0.49700000762939456,0.6680088639259338,Dominic Solanke,h,1679,OpenPlay,2024,LeftFoot,26700,Tottenham,Aston Villa,4,1,2024-11-03 14:00:00,Richarlison,Pass
600570,95,Goal,0.7959999847412109,0.4159999847412109,0.1056327298283577,James Maddison,h,6818,DirectFreekick,2024,RightFoot,26700,Tottenham,Aston Villa,4,1,2024-11-03 14:00:00,,Standard
600571,99,SavedShot,0.6669999694824219,0.415,0.012144235894083977,Pape Sarr,h,9021,OpenPlay,2024,RightFoot,26700,Tottenham,Aston Villa,4,1,2024-11-03 14:00:00,,BallRecovery
600544,2,MissedShots,0.7630000305175781,0.38599998474121094,0.0239594504237175,Morgan Rogers,a,12412,OpenPlay,2024,RightFoot,26700,Tottenham,Aston Villa,4,1,2024-11-03 14:00:00,John McGinn,Pass
600545,2,MissedShots,0.9209999847412109,0.49900001525878906,0.3970460295677185,Ollie Watkins,a,8865,OpenPlay,2024,RightFoot,26700,Tottenham,Aston Villa,4,1,2024-11-03 14:00:00,Lucas Digne,Cross
600547,7,BlockedShot,0.815,0.31799999237060544,0.030602499842643738,John McGinn,a,7723,OpenPlay,2024,LeftFoot,26700,Tottenham,Aston Villa,4,1,2024-11-03 14:00:00,Morgan Rogers,Pass
600553,29,BlockedShot,0.7580000305175781,0.6669999694824219,0.020851965993642807,Jacob Ramsey,a,8941,OpenPlay,2024,RightFoot,26700,Tottenham,Aston Villa,4,1,2024-11-03 14:00:00,Youri Tielemans,TakeOn
600554,29,ShotOnPost,0.919000015258789,0.44299999237060544,0.03504663705825806,Amadou Onana,a,9667,FromCorner,2024,Head,26700,Tottenham,Aston Villa,4,1,2024-11-03 14:00:00,Lucas Digne,Aerial
600555,31,Goal,0.9830000305175781,0.5029999923706054,0.9153240323066711,Morgan Rogers,a,12412,FromCorner,2024,RightFoot,26700,Tottenham,Aston Villa,4,1,2024-11-03 14:00:00,,None
600556,41,MissedShots,0.8719999694824219,0.595999984741211,0.40157508850097656,Ollie Watkins,a,8865,OpenPlay,2024,LeftFoot,26700,Tottenham,Aston Villa,4,1,2024-11-03 14:00:00,Morgan Rogers,Pass
600562,54,MissedShots,0.845999984741211,0.3170000076293945,0.014852401800453663,John McGinn,a,7723,SetPiece,2024,LeftFoot,26700,Tottenham,Aston Villa,4,1,2024-11-03 14:00:00,Amadou Onana,Aerial
600563,63,MissedShots,0.8240000152587891,0.5579999923706055,0.0610746294260025,Lucas Digne,a,1823,OpenPlay,2024,LeftFoot,26700,Tottenham,Aston Villa,4,1,2024-11-03 14:00:00,Youri Tielemans,Pass
600564,63,MissedShots,0.9269999694824219,0.4929999923706055,0.5737699866294861,Diego Carlos,a,5712,SetPiece,2024,RightFoot,26700,Tottenham,Aston Villa,4,1,2024-11-03 14:00:00,Lucas Digne,Rebound
600567,77,MissedShots,0.7709999847412109,0.32,0.021196279674768448,Amadou Onana,a,9667,OpenPlay,2024,LeftFoot,26700,Tottenham,Aston Villa,4,1,2024-11-03 14:00:00,Youri Tielemans,Pass
600569,88,BlockedShot,0.8780000305175781,0.335,0.027230659499764442,Leon Bailey,a,5221,OpenPlay,2024,LeftFoot,26700,Tottenham,Aston Villa,4,1,2024-11-03 14:00:00,Lucas Digne,Cross
601996,2,MissedShots,0.955,0.504000015258789,0.5954378843307495,Brennan Johnson,h,10760,OpenPlay,2024,RightFoot,26709,Tottenham,Ipswich,1,2,2024-11-10 14:00:00,Son Heung-Min,Cross
601998,8,MissedShots,0.8519999694824218,0.41,0.06158577650785446,Brennan Johnson,h,10760,OpenPlay,2024,RightFoot,26709,Tottenham,Ipswich,1,2,2024-11-10 14:00:00,,None
601999,9,BlockedShot,0.735,0.345,0.014319577254354954,Rodrigo Bentancur,h,6108,OpenPlay,2024,RightFoot,26709,Tottenham,Ipswich,1,2,2024-11-10 14:00:00,Dejan Kulusevski,Pass
602000,9,BlockedShot,0.86,0.4929999923706055,0.07713723182678223,Dominic Solanke,h,1679,OpenPlay,2024,RightFoot,26709,Tottenham,Ipswich,1,2,2024-11-10 14:00:00,,Rebound
602001,10,SavedShot,0.8580000305175781,0.629000015258789,0.04822112247347832,Son Heung-Min,h,453,FromCorner,2024,RightFoot,26709,Tottenham,Ipswich,1,2,2024-11-10 14:00:00,Iyenoma Destiny Udogie,TakeOn
602003,18,SavedShot,0.85,0.41900001525878905,0.06579885631799698,Dominic Solanke,h,1679,OpenPlay,2024,RightFoot,26709,Tottenham,Ipswich,1,2,2024-11-10 14:00:00,Cristian Romero,Chipped
602006,47,SavedShot,0.81,0.624000015258789,0.0543069988489151,Son Heung-Min,h,453,OpenPlay,2024,RightFoot,26709,Tottenham,Ipswich,1,2,2024-11-10 14:00:00,Pape Sarr,TakeOn
602007,48,MissedShots,0.9369999694824219,0.45799999237060546,0.11721263825893402,Rodrigo Bentancur,h,6108,FromCorner,2024,Head,26709,Tottenham,Ipswich,1,2,2024-11-10 14:00:00,Pedro Porro,Cross
602008,56,MissedShots,0.6790000152587891,0.5790000152587891,0.02462252415716648,Dominic Solanke,h,1679,OpenPlay,2024,RightFoot,26709,Tottenham,Ipswich,1,2,2024-11-10 14:00:00,Iyenoma Destiny Udogie,Pass
602010,60,MissedShots,0.8059999847412109,0.5629999923706055,0.040180519223213196,Son Heung-Min,h,453,FromCorner,2024,RightFoot,26709,Tottenham,Ipswich,1,2,2024-11-10 14:00:00,Dejan Kulusevski,Pass
602011,68,Goal,0.93,0.455,0.10489817708730698,Rodrigo Bentancur,h,6108,FromCorner,2024,Head,26709,Tottenham,Ipswich,1,2,2024-11-10 14:00:00,Pedro Porro,Cross
602012,71,MissedShots,0.8069999694824219,0.73,0.020199112594127655,Son Heung-Min,h,453,FromCorner,2024,RightFoot,26709,Tottenham,Ipswich,1,2,2024-11-10 14:00:00,Pedro Porro,Pass
602013,72,MissedShots,0.7169999694824218,0.5820000076293945,0.009988647885620594,Timo Werner,h,65,OpenPlay,2024,RightFoot,26709,Tottenham,Ipswich,1,2,2024-11-10 14:00:00,Pedro Porro,Chipped
602014,73,BlockedShot,0.8980000305175782,0.5070000076293946,0.033305246382951736,Cristian Romero,h,7218,OpenPlay,2024,Head,26709,Tottenham,Ipswich,1,2,2024-11-10 14:00:00,Dejan Kulusevski,Aerial
602015,73,MissedShots,0.84,0.39099998474121095,0.049215320497751236,Brennan Johnson,h,10760,OpenPlay,2024,LeftFoot,26709,Tottenham,Ipswich,1,2,2024-11-10 14:00:00,,Rebound
602016,83,MissedShots,0.8580000305175781,0.524000015258789,0.12984400987625122,Timo Werner,h,65,OpenPlay,2024,LeftFoot,26709,Tottenham,Ipswich,1,2,2024-11-10 14:00:00,Son Heung-Min,Pass
602018,94,SavedShot,0.9440000152587891,0.33,0.30734875798225403,Dominic Solanke,h,1679,OpenPlay,2024,RightFoot,26709,Tottenham,Ipswich,1,2,2024-11-10 14:00:00,,None
601994,1,SavedShot,0.9790000152587891,0.40900001525878904,0.38091158866882324,Sammie Szmodics,a,12752,OpenPlay,2024,RightFoot,26709,Tottenham,Ipswich,1,2,2024-11-10 14:00:00,,None
601995,1,BlockedShot,0.9459999847412109,0.4370000076293945,0.11097238957881927,Dara O&#039;Shea,a,8756,FromCorner,2024,Head,26709,Tottenham,Ipswich,1,2,2024-11-10 14:00:00,Leif Davis,Cross
601997,8,ShotOnPost,0.9830000305175781,0.5979999923706054,0.028325797989964485,Cameron Burgess,a,12755,FromCorner,2024,Head,26709,Tottenham,Ipswich,1,2,2024-11-10 14:00:00,Leif Davis,Cross
602002,16,BlockedShot,0.860999984741211,0.7080000305175781,0.0693291574716568,Leif Davis,a,8919,OpenPlay,2024,LeftFoot,26709,Tottenham,Ipswich,1,2,2024-11-10 14:00:00,,None
602004,30,Goal,0.925,0.53,0.5068848133087158,Sammie Szmodics,a,12752,OpenPlay,2024,RightFoot,26709,Tottenham,Ipswich,1,2,2024-11-10 14:00:00,Liam Delap,BallTouch
602005,42,Goal,0.9919999694824219,0.5,0.9746790528297424,Liam Delap,a,8868,OpenPlay,2024,LeftFoot,26709,Tottenham,Ipswich,1,2,2024-11-10 14:00:00,,None
602009,57,MissedShots,0.8190000152587891,0.509000015258789,0.09051547199487686,Omari Hutchinson,a,10348,OpenPlay,2024,RightFoot,26709,Tottenham,Ipswich,1,2,2024-11-10 14:00:00,Liam Delap,Pass
602017,86,BlockedShot,0.7419999694824219,0.455,0.022297048941254616,Jack Clarke,a,13019,OpenPlay,2024,RightFoot,26709,Tottenham,Ipswich,1,2,2024-11-10 14:00:00,Omari Hutchinson,Pass
603095,2,MissedShots,0.9640000152587891,0.37200000762939456,0.020552048459649086,Erling Haaland,h,8260,OpenPlay,2024,Head,26720,Manchester City,Tottenham,0,4,2024-11-23 17:30:00,Josko Gvardiol,Cross
603096,4,BlockedShot,0.8680000305175781,0.4109999847412109,0.09566667675971985,Erling Haaland,h,8260,OpenPlay,2024,LeftFoot,26720,Manchester City,Tottenham,0,4,2024-11-23 17:30:00,Josko Gvardiol,Pass
603097,10,SavedShot,0.879000015258789,0.55,0.37421876192092896,Erling Haaland,h,8260,OpenPlay,2024,LeftFoot,26720,Manchester City,Tottenham,0,4,2024-11-23 17:30:00,Sávio,Pass
603099,15,MissedShots,0.8780000305175781,0.5729999923706055,0.08986862003803253,Phil Foden,h,6055,OpenPlay,2024,LeftFoot,26720,Manchester City,Tottenham,0,4,2024-11-23 17:30:00,Josko Gvardiol,Pass
603102,21,MissedShots,0.8809999847412109,0.5570000076293945,0.11262112110853195,Erling Haaland,h,8260,OpenPlay,2024,LeftFoot,26720,Manchester City,Tottenham,0,4,2024-11-23 17:30:00,Josko Gvardiol,Pass
603103,26,MissedShots,0.895,0.6379999923706055,0.08472387492656708,Phil Foden,h,6055,OpenPlay,2024,LeftFoot,26720,Manchester City,Tottenham,0,4,2024-11-23 17:30:00,Josko Gvardiol,Pass
603105,35,SavedShot,0.7880000305175782,0.45299999237060545,0.03662274032831192,Sávio,h,11735,OpenPlay,2024,LeftFoot,26720,Manchester City,Tottenham,0,4,2024-11-23 17:30:00,Erling Haaland,BallTouch
603107,42,BlockedShot,0.750999984741211,0.4759999847412109,0.01994270272552967,Sávio,h,11735,OpenPlay,2024,LeftFoot,26720,Manchester City,Tottenham,0,4,2024-11-23 17:30:00,Erling Haaland,TakeOn
603108,42,MissedShots,0.9169999694824219,0.495,0.08790653198957443,Phil Foden,h,6055,OpenPlay,2024,LeftFoot,26720,Manchester City,Tottenham,0,4,2024-11-23 17:30:00,Bernardo Silva,Cross
603109,44,MissedShots,0.955,0.605,0.01617369055747986,Manuel Akanji,h,6490,FromCorner,2024,Head,26720,Manchester City,Tottenham,0,4,2024-11-23 17:30:00,Ilkay Gündogan,Aerial
603111,58,BlockedShot,0.9169999694824219,0.5770000076293945,0.12187887728214264,Nathan Aké,h,579,OpenPlay,2024,LeftFoot,26720,Manchester City,Tottenham,0,4,2024-11-23 17:30:00,Josko Gvardiol,Pass
603112,59,ShotOnPost,0.915,0.2989999961853027,0.06337735056877136,Erling Haaland,h,8260,OpenPlay,2024,LeftFoot,26720,Manchester City,Tottenham,0,4,2024-11-23 17:30:00,,TakeOn
603113,60,BlockedShot,0.879000015258789,0.580999984741211,0.10216055810451508,Josko Gvardiol,h,9790,OpenPlay,2024,RightFoot,26720,Manchester City,Tottenham,0,4,2024-11-23 17:30:00,Bernardo Silva,Pass
603114,63,MissedShots,0.919000015258789,0.66,0.04568213224411011,Josko Gvardiol,h,9790,OpenPlay,2024,LeftFoot,26720,Manchester City,Tottenham,0,4,2024-11-23 17:30:00,Sávio,Chipped
603116,66,MissedShots,0.83,0.64,0.03840091824531555,Rico Lewis,h,10847,OpenPlay,2024,RightFoot,26720,Manchester City,Tottenham,0,4,2024-11-23 17:30:00,Josko Gvardiol,Pass
603117,68,MissedShots,0.9319999694824219,0.45799999237060546,0.13761243224143982,Erling Haaland,h,8260,OpenPlay,2024,Head,26720,Manchester City,Tottenham,0,4,2024-11-23 17:30:00,Josko Gvardiol,Cross
603118,72,SavedShot,0.8190000152587891,0.695,0.037502650171518326,Phil Foden,h,6055,OpenPlay,2024,LeftFoot,26720,Manchester City,Tottenham,0,4,2024-11-23 17:30:00,Ilkay Gündogan,TakeOn
603119,76,SavedShot,0.9480000305175781,0.34700000762939454,0.27819252014160156,Ilkay Gündogan,h,314,OpenPlay,2024,RightFoot,26720,Manchester City,Tottenham,0,4,2024-11-23 17:30:00,Kevin De Bruyne,Pass
603120,76,BlockedShot,0.8019999694824219,0.6179999923706054,0.012479647062718868,Phil Foden,h,6055,FromCorner,2024,LeftFoot,26720,Manchester City,Tottenham,0,4,2024-11-23 17:30:00,Bernardo Silva,HeadPass
603121,78,SavedShot,0.9619999694824218,0.35,0.2905358374118805,Erling Haaland,h,8260,OpenPlay,2024,LeftFoot,26720,Manchester City,Tottenham,0,4,2024-11-23 17:30:00,Kevin De Bruyne,Throughball
603122,82,BlockedShot,0.7969999694824219,0.6359999847412109,0.025154849514365196,Manuel Akanji,h,6490,OpenPlay,2024,RightFoot,26720,Manchester City,Tottenham,0,4,2024-11-23 17:30:00,Jack Grealish,Pass
603123,83,BlockedShot,0.8930000305175781,0.32799999237060545,0.03771701455116272,Kevin De Bruyne,h,447,FromCorner,2024,LeftFoot,26720,Manchester City,Tottenham,0,4,2024-11-23 17:30:00,Bernardo Silva,Pass
603124,83,MissedShots,0.9080000305175782,0.35,0.02999689243733883,Bernardo Silva,h,3635,FromCorner,2024,LeftFoot,26720,Manchester City,Tottenham,0,4,2024-11-23 17:30:00,Jack Grealish,Chipped
603098,12,Goal,0.970999984741211,0.5320000076293945,0.6665248274803162,James Maddison,a,6818,OpenPlay,2024,LeftFoot,26720,Manchester City,Tottenham,0,4,2024-11-23 17:30:00,Dejan Kulusevski,Cross
603100,17,SavedShot,0.7869999694824219,0.7440000152587891,0.025322727859020233,Son Heung-Min,a,453,OpenPlay,2024,RightFoot,26720,Manchester City,Tottenham,0,4,2024-11-23 17:30:00,Iyenoma Destiny Udogie,Pass
603101,19,Goal,0.9340000152587891,0.5990000152587891,0.44930556416511536,James Maddison,a,6818,OpenPlay,2024,LeftFoot,26720,Manchester City,Tottenham,0,4,2024-11-23 17:30:00,Son Heung-Min,Pass
603104,27,SavedShot,0.845,0.545,0.1025303304195404,Dominic Solanke,a,1679,OpenPlay,2024,RightFoot,26720,Manchester City,Tottenham,0,4,2024-11-23 17:30:00,Son Heung-Min,Pass
603106,41,MissedShots,0.78,0.3970000076293945,0.029284995049238205,Yves Bissouma,a,5609,OpenPlay,2024,RightFoot,26720,Manchester City,Tottenham,0,4,2024-11-23 17:30:00,Dejan Kulusevski,Pass
603110,51,Goal,0.905,0.36400001525878906,0.449903666973114,Pedro Porro,a,6912,OpenPlay,2024,RightFoot,26720,Manchester City,Tottenham,0,4,2024-11-23 17:30:00,Dominic Solanke,Pass
603115,65,SavedShot,0.9290000152587891,0.3609999847412109,0.12885451316833496,Dejan Kulusevski,a,6691,OpenPlay,2024,LeftFoot,26720,Manchester City,Tottenham,0,4,2024-11-23 17:30:00,Dominic Solanke,Pass
603125,87,ShotOnPost,0.960999984741211,0.7380000305175781,0.4734392464160919,Brennan Johnson,a,10760,OpenPlay,2024,LeftFoot,26720,Manchester City,Tottenham,0,4,2024-11-23 17:30:00,Dejan Kulusevski,TakeOn
603126,92,Goal,0.9880000305175781,0.47,0.9793221354484558,Brennan Johnson,a,10760,OpenPlay,2024,RightFoot,26720,Manchester City,Tottenham,0,4,2024-11-23 17:30:00,Timo Werner,Pass
604626,0,SavedShot,0.8919999694824219,0.40700000762939453,0.35313254594802856,Son Heung-Min,h,453,OpenPlay,2024,RightFoot,26729,Tottenham,Fulham,1,1,2024-12-01 13:30:00,Timo Werner,Pass
604630,23,MissedShots,0.7919999694824219,0.325,0.026928318664431572,Pedro Porro,h,6912,OpenPlay,2024,RightFoot,26729,Tottenham,Fulham,1,1,2024-12-01 13:30:00,Son Heung-Min,HeadPass
604631,24,MissedShots,0.7780000305175782,0.555,0.021719446405768394,Pedro Porro,h,6912,FromCorner,2024,LeftFoot,26729,Tottenham,Fulham,1,1,2024-12-01 13:30:00,,None
604634,37,SavedShot,0.8830000305175781,0.5879999923706055,0.012545285746455193,Radu Dragusin,h,9105,FromCorner,2024,Head,26729,Tottenham,Fulham,1,1,2024-12-01 13:30:00,James Maddison,Aerial
604638,45,BlockedShot,0.7819999694824219,0.6170000076293946,0.07922814786434174,James Maddison,h,6818,DirectFreekick,2024,RightFoot,26729,Tottenham,Fulham,1,1,2024-12-01 13:30:00,,Standard
604643,53,Goal,0.9490000152587891,0.44099998474121094,0.3952912986278534,Brennan Johnson,h,10760,OpenPlay,2024,RightFoot,26729,Tottenham,Fulham,1,1,2024-12-01 13:30:00,Timo Werner,Chipped
604646,76,BlockedShot,0.789000015258789,0.47,0.1075574979186058,James Maddison,h,6818,DirectFreekick,2024,RightFoot,26729,Tottenham,Fulham,1,1,2024-12-01 13:30:00,,Standard
604647,88,MissedShots,0.884000015258789,0.5359999847412109,0.014456759206950665,Radu Dragusin,h,9105,FromCorner,2024,Head,26729,Tottenham,Fulham,1,1,2024-12-01 13:30:00,Pedro Porro,Aerial
604627,11,MissedShots,0.905,0.42400001525878905,0.016070706769824028,Raúl Jiménez,a,4105,FromCorner,2024,Head,26729,Tottenham,Fulham,1,1,2024-12-01 13:30:00,Sasa Lukic,Aerial
604628,20,BlockedShot,0.8219999694824218,0.6220000076293946,0.030438872054219246,Issa Diop,a,3203,FromCorner,2024,RightFoot,26729,Tottenham,Fulham,1,1,2024-12-01 13:30:00,,None
604629,20,BlockedShot,0.8530000305175781,0.5879999923706055,0.06019973009824753,Calvin Bassey,a,11728,FromCorner,2024,LeftFoot,26729,Tottenham,Fulham,1,1,2024-12-01 13:30:00,,Rebound
604632,35,SavedShot,0.9009999847412109,0.519000015258789,0.32512158155441284,Raúl Jiménez,a,4105,OpenPlay,2024,RightFoot,26729,Tottenham,Fulham,1,1,2024-12-01 13:30:00,Kenny Tete,Cross
604633,36,MissedShots,0.9480000305175781,0.4129999923706055,0.026623720303177834,Sander Berge,a,8285,FromCorner,2024,Head,26729,Tottenham,Fulham,1,1,2024-12-01 13:30:00,Sasa Lukic,Aerial
604635,41,SavedShot,0.874000015258789,0.36,0.07948964834213257,Alex Iwobi,a,500,OpenPlay,2024,RightFoot,26729,Tottenham,Fulham,1,1,2024-12-01 13:30:00,Reiss Nelson,Pass
604636,43,BlockedShot,0.8830000305175781,0.5420000076293945,0.08744507282972336,Reiss Nelson,a,6492,OpenPlay,2024,RightFoot,26729,Tottenham,Fulham,1,1,2024-12-01 13:30:00,,None
604637,43,BlockedShot,0.8569999694824219,0.45099998474121095,0.06986229866743088,Raúl Jiménez,a,4105,OpenPlay,2024,RightFoot,26729,Tottenham,Fulham,1,1,2024-12-01 13:30:00,,Rebound
604639,49,SavedShot,0.9519999694824218,0.425,0.27357181906700134,Issa Diop,a,3203,FromCorner,2024,Head,26729,Tottenham,Fulham,1,1,2024-12-01 13:30:00,Reiss Nelson,Cross
604640,49,MissedShots,0.9069999694824219,0.34700000762939454,0.04802984371781349,Kenny Tete,a,5973,FromCorner,2024,RightFoot,26729,Tottenham,Fulham,1,1,2024-12-01 13:30:00,Reiss Nelson,Pass
604641,51,SavedShot,0.94,0.3990000152587891,0.4159921407699585,Alex Iwobi,a,500,OpenPlay,2024,RightFoot,26729,Tottenham,Fulham,1,1,2024-12-01 13:30:00,,None
604642,52,SavedShot,0.9069999694824219,0.5,0.09461554139852524,Raúl Jiménez,a,4105,OpenPlay,2024,Head,26729,Tottenham,Fulham,1,1,2024-12-01 13:30:00,Emile Smith-Rowe,Cross
604644,62,MissedShots,0.7909999847412109,0.6680000305175782,0.02066483534872532,Antonee Robinson,a,8940,OpenPlay,2024,RightFoot,26729,Tottenham,Fulham,1,1,2024-12-01 13:30:00,Alex Iwobi,Pass
604645,66,Goal,0.8630000305175781,0.6959999847412109,0.032559584826231,Tom Cairney,a,6835,OpenPlay,2024,LeftFoot,26729,Tottenham,Fulham,1,1,2024-12-01 13:30:00,Alex Iwobi,Pass
605413,15,SavedShot,0.9669999694824218,0.4490000152587891,0.6199016571044922,Evanilson,h,12963,OpenPlay,2024,RightFoot,26732,Bournemouth,Tottenham,1,0,2024-12-05 20:15:00,,None
605414,16,Goal,0.9740000152587891,0.565,0.4044710695743561,Dean Huijsen,h,11943,FromCorner,2024,Head,26732,Bournemouth,Tottenham,1,0,2024-12-05 20:15:00,Marcus Tavernier,Cross
605417,28,BlockedShot,0.8080000305175781,0.5279999923706055,0.06360450387001038,Antoine Semenyo,h,11363,OpenPlay,2024,LeftFoot,26732,Bournemouth,Tottenham,1,0,2024-12-05 20:15:00,Evanilson,Pass
605418,42,BlockedShot,0.779000015258789,0.710999984741211,0.023152843117713928,Marcus Tavernier,h,10741,OpenPlay,2024,LeftFoot,26732,Bournemouth,Tottenham,1,0,2024-12-05 20:15:00,Antoine Semenyo,Pass
605419,43,SavedShot,0.8980000305175782,0.5359999847412109,0.07789456844329834,Marcus Tavernier,h,10741,OpenPlay,2024,Head,26732,Bournemouth,Tottenham,1,0,2024-12-05 20:15:00,Milos Kerkez,Cross
605421,52,SavedShot,0.909000015258789,0.34,0.23937468230724335,Justin Kluivert,h,6963,OpenPlay,2024,RightFoot,26732,Bournemouth,Tottenham,1,0,2024-12-05 20:15:00,Marcus Tavernier,TakeOn
605424,59,SavedShot,0.860999984741211,0.33,0.08763101696968079,Evanilson,h,12963,OpenPlay,2024,RightFoot,26732,Bournemouth,Tottenham,1,0,2024-12-05 20:15:00,Tyler Adams,Pass
605427,65,ShotOnPost,0.8090000152587891,0.519000015258789,0.057261090725660324,Ryan Christie,h,10744,OpenPlay,2024,RightFoot,26732,Bournemouth,Tottenham,1,0,2024-12-05 20:15:00,Evanilson,Pass
605428,66,BlockedShot,0.95,0.37599998474121094,0.11917074769735336,Evanilson,h,12963,OpenPlay,2024,RightFoot,26732,Bournemouth,Tottenham,1,0,2024-12-05 20:15:00,Ryan Christie,Pass
605429,70,MissedShots,0.8590000152587891,0.3390000152587891,0.06996923685073853,Antoine Semenyo,h,11363,OpenPlay,2024,LeftFoot,26732,Bournemouth,Tottenham,1,0,2024-12-05 20:15:00,Ryan Christie,Pass
605430,70,SavedShot,0.8830000305175781,0.539000015258789,0.40632864832878113,Tyler Adams,h,7352,OpenPlay,2024,LeftFoot,26732,Bournemouth,Tottenham,1,0,2024-12-05 20:15:00,,Interception
605431,74,MissedShots,0.7569999694824219,0.4279999923706055,0.032866086810827255,Marcus Tavernier,h,10741,OpenPlay,2024,LeftFoot,26732,Bournemouth,Tottenham,1,0,2024-12-05 20:15:00,Antoine Semenyo,BallRecovery
605432,76,MissedShots,0.915,0.644000015258789,0.12849977612495422,Dango Ouattara,h,9662,OpenPlay,2024,LeftFoot,26732,Bournemouth,Tottenham,1,0,2024-12-05 20:15:00,Tyler Adams,Pass
605433,79,MissedShots,0.8830000305175781,0.4520000076293945,0.3108688294887543,Marcus Tavernier,h,10741,OpenPlay,2024,LeftFoot,26732,Bournemouth,Tottenham,1,0,2024-12-05 20:15:00,Antoine Semenyo,Cross
605434,82,BlockedShot,0.89,0.6320000076293946,0.10705103725194931,Dango Ouattara,h,9662,OpenPlay,2024,RightFoot,26732,Bournemouth,Tottenham,1,0,2024-12-05 20:15:00,Marcus Tavernier,Pass
605435,82,MissedShots,0.884000015258789,0.5229999923706055,0.12535642087459564,Dango Ouattara,h,9662,OpenPlay,2024,RightFoot,26732,Bournemouth,Tottenham,1,0,2024-12-05 20:15:00,,Rebound
605437,86,MissedShots,0.9419999694824219,0.47,0.07227469235658646,Dango Ouattara,h,9662,FromCorner,2024,Head,26732,Bournemouth,Tottenham,1,0,2024-12-05 20:15:00,Philip Billing,HeadPass
605438,86,SavedShot,0.8640000152587891,0.600999984741211,0.09001411497592926,Enes Ünal,h,6219,OpenPlay,2024,LeftFoot,26732,Bournemouth,Tottenham,1,0,2024-12-05 20:15:00,Dango Ouattara,BallRecovery
605440,88,MissedShots,0.8619999694824219,0.6370000076293946,0.09747356921434402,Dango Ouattara,h,9662,OpenPlay,2024,LeftFoot,26732,Bournemouth,Tottenham,1,0,2024-12-05 20:15:00,Philip Billing,Pass
605441,91,BlockedShot,0.865999984741211,0.5170000076293946,0.11087841540575027,Tyler Adams,h,7352,OpenPlay,2024,LeftFoot,26732,Bournemouth,Tottenham,1,0,2024-12-05 20:15:00,Dango Ouattara,Pass
605442,92,SavedShot,0.9019999694824219,0.41400001525878904,0.04653302952647209,Enes Ünal,h,6219,FromCorner,2024,Head,26732,Bournemouth,Tottenham,1,0,2024-12-05 20:15:00,Milos Kerkez,Cross
605410,5,SavedShot,0.8240000152587891,0.4109999847412109,0.05584069713950157,Dejan Kulusevski,a,6691,OpenPlay,2024,RightFoot,26732,Bournemouth,Tottenham,1,0,2024-12-05 20:15:00,James Maddison,Pass
605411,7,MissedShots,0.8909999847412109,0.45,0.09114840626716614,Dominic Solanke,a,1679,OpenPlay,2024,RightFoot,26732,Bournemouth,Tottenham,1,0,2024-12-05 20:15:00,James Maddison,Chipped
605412,10,BlockedShot,0.9209999847412109,0.6719999694824219,0.11647998541593552,Dominic Solanke,a,1679,OpenPlay,2024,LeftFoot,26732,Bournemouth,Tottenham,1,0,2024-12-05 20:15:00,,BallRecovery
605415,18,MissedShots,0.9169999694824219,0.3890000152587891,0.026189612224698067,Dominic Solanke,a,1679,FromCorner,2024,Head,26732,Bournemouth,Tottenham,1,0,2024-12-05 20:15:00,Dejan Kulusevski,Cross
605416,19,MissedShots,0.8440000152587891,0.325,0.04341305419802666,Dejan Kulusevski,a,6691,OpenPlay,2024,LeftFoot,26732,Bournemouth,Tottenham,1,0,2024-12-05 20:15:00,Yves Bissouma,Pass
605420,49,BlockedShot,0.73,0.415,0.017810992896556854,Yves Bissouma,a,5609,OpenPlay,2024,RightFoot,26732,Bournemouth,Tottenham,1,0,2024-12-05 20:15:00,Brennan Johnson,Pass
605422,53,SavedShot,0.7859999847412109,0.37599998474121094,0.029445655643939972,Archie Gray,a,10184,OpenPlay,2024,LeftFoot,26732,Bournemouth,Tottenham,1,0,2024-12-05 20:15:00,Pape Sarr,Pass
605423,58,SavedShot,0.89,0.265,0.03804870322346687,Dejan Kulusevski,a,6691,OpenPlay,2024,RightFoot,26732,Bournemouth,Tottenham,1,0,2024-12-05 20:15:00,Dominic Solanke,Pass
605425,59,MissedShots,0.9309999847412109,0.590999984741211,0.10093501955270767,James Maddison,a,6818,OpenPlay,2024,RightFoot,26732,Bournemouth,Tottenham,1,0,2024-12-05 20:15:00,Son Heung-Min,Pass
605426,64,SavedShot,0.8169999694824219,0.49599998474121093,0.039914391934871674,Pedro Porro,a,6912,FromCorner,2024,RightFoot,26732,Bournemouth,Tottenham,1,0,2024-12-05 20:15:00,,None
605436,83,MissedShots,0.9230000305175782,0.72,0.04800494387745857,Timo Werner,a,65,OpenPlay,2024,LeftFoot,26732,Bournemouth,Tottenham,1,0,2024-12-05 20:15:00,Lucas Bergvall,Pass
605439,87,BlockedShot,0.8119999694824219,0.500999984741211,0.016702648252248764,Son Heung-Min,a,453,OpenPlay,2024,RightFoot,26732,Bournemouth,Tottenham,1,0,2024-12-05 20:15:00,,Aerial
606501,4,Goal,0.9290000152587891,0.48200000762939454,0.4160557985305786,Dominic Solanke,h,1679,OpenPlay,2024,RightFoot,26745,Tottenham,Chelsea,3,4,2024-12-08 16:30:00,Brennan Johnson,Cross
606502,10,Goal,0.84,0.455,0.09960715472698212,Dejan Kulusevski,h,6691,OpenPlay,2024,LeftFoot,26745,Tottenham,Chelsea,3,4,2024-12-08 16:30:00,Pedro Porro,Pass
606504,23,MissedShots,0.8669999694824219,0.6459999847412109,0.07958535104990005,Son Heung-Min,h,453,OpenPlay,2024,RightFoot,26745,Tottenham,Chelsea,3,4,2024-12-08 16:30:00,Dominic Solanke,Pass
606507,33,ShotOnPost,0.970999984741211,0.5279999923706055,0.5459405183792114,Pape Sarr,h,9021,FromCorner,2024,Head,26745,Tottenham,Chelsea,3,4,2024-12-08 16:30:00,Son Heung-Min,Aerial
606508,34,SavedShot,0.9369999694824219,0.5170000076293946,0.6039182543754578,Dominic Solanke,h,1679,OpenPlay,2024,LeftFoot,26745,Tottenham,Chelsea,3,4,2024-12-08 16:30:00,Son Heung-Min,Pass
606517,67,MissedShots,0.8980000305175782,0.6359999847412109,0.2926943004131317,Son Heung-Min,h,453,OpenPlay,2024,RightFoot,26745,Tottenham,Chelsea,3,4,2024-12-08 16:30:00,Dominic Solanke,Chipped
606518,71,MissedShots,0.9169999694824219,0.455,0.11632119864225388,Micky van de Ven,h,10050,SetPiece,2024,Head,26745,Tottenham,Chelsea,3,4,2024-12-08 16:30:00,Pedro Porro,Cross
606523,89,BlockedShot,0.8630000305175781,0.3920000076293945,0.08562913537025452,Dominic Solanke,h,1679,OpenPlay,2024,RightFoot,26745,Tottenham,Chelsea,3,4,2024-12-08 16:30:00,Timo Werner,Pass
606524,92,MissedShots,0.845999984741211,0.48700000762939455,0.08723480999469757,James Maddison,h,6818,OpenPlay,2024,LeftFoot,26745,Tottenham,Chelsea,3,4,2024-12-08 16:30:00,Timo Werner,Pass
606525,93,SavedShot,0.9319999694824219,0.44,0.3866311311721802,Son Heung-Min,h,453,OpenPlay,2024,LeftFoot,26745,Tottenham,Chelsea,3,4,2024-12-08 16:30:00,Timo Werner,Throughball
606526,95,BlockedShot,0.7519999694824219,0.3940000152587891,0.05839093029499054,Pedro Porro,h,6912,DirectFreekick,2024,RightFoot,26745,Tottenham,Chelsea,3,4,2024-12-08 16:30:00,,Standard
606527,95,BlockedShot,0.76,0.395,0.015211178921163082,Pedro Porro,h,6912,SetPiece,2024,RightFoot,26745,Tottenham,Chelsea,3,4,2024-12-08 16:30:00,,Rebound
606528,95,Goal,0.9159999847412109,0.49599998474121093,0.4685482084751129,Son Heung-Min,h,453,FromCorner,2024,RightFoot,26745,Tottenham,Chelsea,3,4,2024-12-08 16:30:00,James Maddison,Pass
606499,2,BlockedShot,0.8340000152587891,0.6969999694824218,0.02722463570535183,Enzo Fernández,a,11356,OpenPlay,2024,RightFoot,26745,Tottenham,Chelsea,3,4,2024-12-08 16:30:00,Jadon Sancho,Pass
606500,3,MissedShots,0.9430000305175781,0.47299999237060547,0.12266463041305542,Levi Colwill,a,10805,FromCorner,2024,Head,26745,Tottenham,Chelsea,3,4,2024-12-08 16:30:00,Cole Palmer,Cross
606503,16,Goal,0.7869999694824219,0.6170000076293946,0.03006228804588318,Jadon Sancho,a,6345,OpenPlay,2024,RightFoot,26745,Tottenham,Chelsea,3,4,2024-12-08 16:30:00,Marc Cucurella,Pass
606505,30,SavedShot,0.779000015258789,0.5570000076293945,0.031214075163006783,Cole Palmer,a,8497,OpenPlay,2024,LeftFoot,26745,Tottenham,Chelsea,3,4,2024-12-08 16:30:00,Romeo Lavia,ShieldBallOpp
606506,31,SavedShot,0.9230000305175782,0.36400001525878906,0.06556049734354019,Pedro Neto,a,6382,OpenPlay,2024,LeftFoot,26745,Tottenham,Chelsea,3,4,2024-12-08 16:30:00,,Rebound
606509,37,BlockedShot,0.905,0.34599998474121096,0.10901650786399841,Nicolas Jackson,a,10048,OpenPlay,2024,RightFoot,26745,Tottenham,Chelsea,3,4,2024-12-08 16:30:00,Pedro Neto,Pass
606510,40,BlockedShot,0.8769999694824219,0.3970000076293945,0.10561957955360413,Nicolas Jackson,a,10048,OpenPlay,2024,RightFoot,26745,Tottenham,Chelsea,3,4,2024-12-08 16:30:00,Cole Palmer,Throughball
606511,44,MissedShots,0.7709999847412109,0.5659999847412109,0.02676457166671753,Marc Cucurella,a,7134,FromCorner,2024,LeftFoot,26745,Tottenham,Chelsea,3,4,2024-12-08 16:30:00,Jadon Sancho,Pass
606512,47,SavedShot,0.9359999847412109,0.5940000152587891,0.1195133626461029,Jadon Sancho,a,6345,OpenPlay,2024,RightFoot,26745,Tottenham,Chelsea,3,4,2024-12-08 16:30:00,Marc Cucurella,Pass
606513,48,MissedShots,0.9459999847412109,0.534000015258789,0.07017534971237183,Nicolas Jackson,a,10048,FromCorner,2024,Head,26745,Tottenham,Chelsea,3,4,2024-12-08 16:30:00,Cole Palmer,Aerial
606514,51,MissedShots,0.794000015258789,0.600999984741211,0.03215206414461136,Enzo Fernández,a,11356,OpenPlay,2024,RightFoot,26745,Tottenham,Chelsea,3,4,2024-12-08 16:30:00,Marc Cucurella,Pass
606515,56,SavedShot,0.8,0.27899999618530275,0.01999213919043541,Malo Gusto,a,9017,FromCorner,2024,RightFoot,26745,Tottenham,Chelsea,3,4,2024-12-08 16:30:00,Cole Palmer,Pass
606516,60,Goal,0.885,0.5,0.7611688375473022,Cole Palmer,a,8497,Penalty,2024,LeftFoot,26745,Tottenham,Chelsea,3,4,2024-12-08 16:30:00,,Standard
606519,72,BlockedShot,0.87,0.3390000152587891,0.07724519819021225,Cole Palmer,a,8497,OpenPlay,2024,LeftFoot,26745,Tottenham,Chelsea,3,4,2024-12-08 16:30:00,Pedro Neto,TakeOn
606520,72,Goal,0.875,0.5929999923706055,0.0715981125831604,Enzo Fernández,a,11356,OpenPlay,2024,LeftFoot,26745,Tottenham,Chelsea,3,4,2024-12-08 16:30:00,,Rebound
606521,76,BlockedShot,0.915,0.5990000152587891,0.14969532191753387,Jadon Sancho,a,6345,OpenPlay,2024,LeftFoot,26745,Tottenham,Chelsea,3,4,2024-12-08 16:30:00,Pedro Neto,Pass
606522,83,Goal,0.885,0.5,0.7611688375473022,Cole Palmer,a,8497,Penalty,2024,LeftFoot,26745,Tottenham,Chelsea,3,4,2024-12-08 16:30:00,,Standard
607780,17,SavedShot,0.9080000305175782,0.4490000152587891,0.2705343961715698,Adam Armstrong,h,4419,OpenPlay,2024,Head,26759,Southampton,Tottenham,0,5,2024-12-15 19:00:00,Tyler Dibling,Cross
607787,39,MissedShots,0.9480000305175781,0.54,0.5840685367584229,Adam Armstrong,h,4419,OpenPlay,2024,RightFoot,26759,Southampton,Tottenham,0,5,2024-12-15 19:00:00,Ryan Manning,Pass
607791,63,BlockedShot,0.7280000305175781,0.35200000762939454,0.011917664669454098,Tyler Dibling,h,10586,OpenPlay,2024,LeftFoot,26759,Southampton,Tottenham,0,5,2024-12-15 19:00:00,Mateus Fernandes,Pass
607792,65,MissedShots,0.874000015258789,0.6759999847412109,0.06768762320280075,Kyle Walker-Peters,h,885,OpenPlay,2024,RightFoot,26759,Southampton,Tottenham,0,5,2024-12-15 19:00:00,Joe Ayodele-Aribo,Pass
607793,69,MissedShots,0.9540000152587891,0.39799999237060546,0.27850815653800964,Nathan Wood,h,12763,FromCorner,2024,RightFoot,26759,Southampton,Tottenham,0,5,2024-12-15 19:00:00,Joe Ayodele-Aribo,Cross
607794,73,SavedShot,0.7609999847412109,0.275,0.010050946846604347,Tyler Dibling,h,10586,OpenPlay,2024,LeftFoot,26759,Southampton,Tottenham,0,5,2024-12-15 19:00:00,,Dispossessed
607795,78,MissedShots,0.794000015258789,0.3840000152587891,0.021479303017258644,Tyler Dibling,h,10586,OpenPlay,2024,LeftFoot,26759,Southampton,Tottenham,0,5,2024-12-15 19:00:00,Nathan Wood,HeadPass
607797,88,BlockedShot,0.9059999847412109,0.23899999618530274,0.019882015883922577,Yukinari Sugawara,h,12761,OpenPlay,2024,RightFoot,26759,Southampton,Tottenham,0,5,2024-12-15 19:00:00,,None
607798,88,SavedShot,0.7859999847412109,0.26600000381469724,0.00962061807513237,Taylor Harwood-Bellis,h,8495,OpenPlay,2024,RightFoot,26759,Southampton,Tottenham,0,5,2024-12-15 19:00:00,,Rebound
607773,0,Goal,0.8930000305175781,0.36400001525878906,0.34025028347969055,James Maddison,a,6818,OpenPlay,2024,RightFoot,26759,Southampton,Tottenham,0,5,2024-12-15 19:00:00,Djed Spence,Throughball
607774,9,MissedShots,0.8619999694824219,0.3920000076293945,0.05306229367852211,Djed Spence,a,10764,FromCorner,2024,RightFoot,26759,Southampton,Tottenham,0,5,2024-12-15 19:00:00,,None
607775,9,BlockedShot,0.874000015258789,0.33,0.048955611884593964,Dejan Kulusevski,a,6691,FromCorner,2024,RightFoot,26759,Southampton,Tottenham,0,5,2024-12-15 19:00:00,,Rebound
607776,9,SavedShot,0.909000015258789,0.6940000152587891,0.026749340817332268,Son Heung-Min,a,453,FromCorner,2024,RightFoot,26759,Southampton,Tottenham,0,5,2024-12-15 19:00:00,Pape Sarr,Chipped
607777,11,Goal,0.9259999847412109,0.63,0.3789561986923218,Son Heung-Min,a,453,OpenPlay,2024,LeftFoot,26759,Southampton,Tottenham,0,5,2024-12-15 19:00:00,,None
607778,13,BlockedShot,0.9480000305175781,0.5029999923706054,0.1461930274963379,Dominic Solanke,a,1679,OpenPlay,2024,LeftFoot,26759,Southampton,Tottenham,0,5,2024-12-15 19:00:00,Son Heung-Min,Cross
607779,13,Goal,0.9569999694824218,0.5520000076293945,0.6393271088600159,Dejan Kulusevski,a,6691,OpenPlay,2024,LeftFoot,26759,Southampton,Tottenham,0,5,2024-12-15 19:00:00,,Rebound
607781,18,BlockedShot,0.9430000305175781,0.3189999961853027,0.10846524685621262,Dejan Kulusevski,a,6691,OpenPlay,2024,RightFoot,26759,Southampton,Tottenham,0,5,2024-12-15 19:00:00,Pape Sarr,TakeOn
607782,19,BlockedShot,0.799000015258789,0.3029999923706055,0.022469177842140198,Son Heung-Min,a,453,FromCorner,2024,LeftFoot,26759,Southampton,Tottenham,0,5,2024-12-15 19:00:00,Dejan Kulusevski,Pass
607783,20,MissedShots,0.9080000305175782,0.6309999847412109,0.06823646277189255,Son Heung-Min,a,453,SetPiece,2024,RightFoot,26759,Southampton,Tottenham,0,5,2024-12-15 19:00:00,Djed Spence,Chipped
607784,20,MissedShots,0.83,0.5829999923706055,0.04160400107502937,James Maddison,a,6818,SetPiece,2024,RightFoot,26759,Southampton,Tottenham,0,5,2024-12-15 19:00:00,,Rebound
607785,24,Goal,0.9180000305175782,0.515,0.8845734000205994,Pape Sarr,a,9021,OpenPlay,2024,LeftFoot,26759,Southampton,Tottenham,0,5,2024-12-15 19:00:00,Son Heung-Min,TakeOn
607786,33,SavedShot,0.8690000152587891,0.6120000076293945,0.12241016328334808,Son Heung-Min,a,453,OpenPlay,2024,LeftFoot,26759,Southampton,Tottenham,0,5,2024-12-15 19:00:00,James Maddison,Pass
607788,42,ShotOnPost,0.9619999694824218,0.6709999847412109,0.09851892292499542,Son Heung-Min,a,453,OpenPlay,2024,LeftFoot,26759,Southampton,Tottenham,0,5,2024-12-15 19:00:00,James Maddison,Pass
607789,44,SavedShot,0.8809999847412109,0.639000015258789,0.10151378810405731,Son Heung-Min,a,453,OpenPlay,2024,LeftFoot,26759,Southampton,Tottenham,0,5,2024-12-15 19:00:00,Dejan Kulusevski,Pass
607790,48,Goal,0.98,0.615,0.36266693472862244,James Maddison,a,6818,OpenPlay,2024,RightFoot,26759,Southampton,Tottenham,0,5,2024-12-15 19:00:00,Son Heung-Min,TakeOn
607796,86,SavedShot,0.7440000152587891,0.3679999923706055,0.019549736753106117,Pape Sarr,a,9021,FromCorner,2024,RightFoot,26759,Southampton,Tottenham,0,5,2024-12-15 19:00:00,Pedro Porro,Pass
607799,89,MissedShots,0.9259999847412109,0.495,0.5286151170730591,Brennan Johnson,a,10760,OpenPlay,2024,RightFoot,26759,Southampton,Tottenham,0,5,2024-12-15 19:00:00,Timo Werner,Cross
608798,15,MissedShots,0.76,0.4979999923706055,0.022624224424362183,Pape Sarr,h,9021,OpenPlay,2024,LeftFoot,26768,Tottenham,Liverpool,3,6,2024-12-22 16:30:00,Dejan Kulusevski,Pass
608803,23,MissedShots,0.8380000305175781,0.375,0.04696683585643768,Dejan Kulusevski,h,6691,FromCorner,2024,LeftFoot,26768,Tottenham,Liverpool,3,6,2024-12-22 16:30:00,Pedro Porro,Pass
608807,38,MissedShots,0.884000015258789,0.73,0.03403885290026665,Son Heung-Min,h,453,OpenPlay,2024,LeftFoot,26768,Tottenham,Liverpool,3,6,2024-12-22 16:30:00,James Maddison,Pass
608808,40,SavedShot,0.7759999847412109,0.5509999847412109,0.020837044343352318,Pape Sarr,h,9021,OpenPlay,2024,RightFoot,26768,Tottenham,Liverpool,3,6,2024-12-22 16:30:00,,None
608809,40,Goal,0.8190000152587891,0.46599998474121096,0.05241577699780464,James Maddison,h,6818,OpenPlay,2024,RightFoot,26768,Tottenham,Liverpool,3,6,2024-12-22 16:30:00,,BallRecovery
608817,66,BlockedShot,0.9119999694824219,0.3029999923706055,0.06545895338058472,Dejan Kulusevski,h,6691,OpenPlay,2024,RightFoot,26768,Tottenham,Liverpool,3,6,2024-12-22 16:30:00,Pedro Porro,TakeOn
608818,71,Goal,0.9019999694824219,0.5259999847412109,0.2774730324745178,Dejan Kulusevski,h,6691,OpenPlay,2024,LeftFoot,26768,Tottenham,Liverpool,3,6,2024-12-22 16:30:00,Dominic Solanke,Chipped
608821,82,Goal,0.9530000305175781,0.5159999847412109,0.5696644186973572,Dominic Solanke,h,1679,OpenPlay,2024,LeftFoot,26768,Tottenham,Liverpool,3,6,2024-12-22 16:30:00,Brennan Johnson,HeadPass
608825,86,SavedShot,0.9080000305175782,0.41,0.11296751350164413,Brennan Johnson,h,10760,OpenPlay,2024,RightFoot,26768,Tottenham,Liverpool,3,6,2024-12-22 16:30:00,Dominic Solanke,Pass
608793,2,MissedShots,0.8780000305175781,0.28,0.04248105362057686,Mohamed Salah,a,1250,OpenPlay,2024,LeftFoot,26768,Tottenham,Liverpool,3,6,2024-12-22 16:30:00,,BallRecovery
608794,3,MissedShots,0.7669999694824219,0.6370000076293946,0.01941690221428871,Luis Díaz,a,10408,OpenPlay,2024,RightFoot,26768,Tottenham,Liverpool,3,6,2024-12-22 16:30:00,,None
608795,9,SavedShot,0.9569999694824218,0.43,0.41125401854515076,Mohamed Salah,a,1250,OpenPlay,2024,LeftFoot,26768,Tottenham,Liverpool,3,6,2024-12-22 16:30:00,Trent Alexander-Arnold,Cross
608796,9,BlockedShot,0.9019999694824219,0.3940000152587891,0.08463205397129059,Dominik Szoboszlai,a,9788,OpenPlay,2024,RightFoot,26768,Tottenham,Liverpool,3,6,2024-12-22 16:30:00,,Rebound
608797,14,MissedShots,0.8119999694824219,0.5259999847412109,0.05681391805410385,Cody Gakpo,a,11296,OpenPlay,2024,RightFoot,26768,Tottenham,Liverpool,3,6,2024-12-22 16:30:00,Luis Díaz,Pass
608799,16,BlockedShot,0.88,0.41900001525878905,0.07199815660715103,Mohamed Salah,a,1250,OpenPlay,2024,LeftFoot,26768,Tottenham,Liverpool,3,6,2024-12-22 16:30:00,Cody Gakpo,Cross
608800,16,BlockedShot,0.8809999847412109,0.4159999847412109,0.0798204317688942,Mohamed Salah,a,1250,OpenPlay,2024,LeftFoot,26768,Tottenham,Liverpool,3,6,2024-12-22 16:30:00,,Rebound
608801,17,ShotOnPost,0.899000015258789,0.3609999847412109,0.13126632571220398,Mohamed Salah,a,1250,OpenPlay,2024,RightFoot,26768,Tottenham,Liverpool,3,6,2024-12-22 16:30:00,Luis Díaz,TakeOn
608802,22,Goal,0.914000015258789,0.5120000076293946,0.30775609612464905,Luis Díaz,a,10408,OpenPlay,2024,Head,26768,Tottenham,Liverpool,3,6,2024-12-22 16:30:00,Trent Alexander-Arnold,Cross
608804,25,SavedShot,0.7730000305175782,0.3160000038146973,0.025730568915605545,Luis Díaz,a,10408,OpenPlay,2024,LeftFoot,26768,Tottenham,Liverpool,3,6,2024-12-22 16:30:00,,Dispossessed
608805,35,BlockedShot,0.9030000305175782,0.475,0.05899326130747795,Dominik Szoboszlai,a,9788,OpenPlay,2024,Head,26768,Tottenham,Liverpool,3,6,2024-12-22 16:30:00,Andrew Robertson,Aerial
608806,35,Goal,0.9730000305175781,0.49,0.8932812809944153,Alexis Mac Allister,a,8379,OpenPlay,2024,Head,26768,Tottenham,Liverpool,3,6,2024-12-22 16:30:00,,Rebound
608810,45,Goal,0.8909999847412109,0.4620000076293945,0.43661344051361084,Dominik Szoboszlai,a,9788,OpenPlay,2024,LeftFoot,26768,Tottenham,Liverpool,3,6,2024-12-22 16:30:00,Mohamed Salah,Pass
608811,53,BlockedShot,0.955999984741211,0.5020000076293946,0.768365204334259,Dominik Szoboszlai,a,9788,OpenPlay,2024,RightFoot,26768,Tottenham,Liverpool,3,6,2024-12-22 16:30:00,,None
608812,53,Goal,0.9669999694824218,0.4909999847412109,0.9530402421951294,Mohamed Salah,a,1250,OpenPlay,2024,LeftFoot,26768,Tottenham,Liverpool,3,6,2024-12-22 16:30:00,,Rebound
608813,56,MissedShots,0.925,0.615,0.4981032609939575,Dominik Szoboszlai,a,9788,OpenPlay,2024,LeftFoot,26768,Tottenham,Liverpool,3,6,2024-12-22 16:30:00,Alisson,TakeOn
608814,60,Goal,0.9009999847412109,0.5179999923706055,0.513583242893219,Mohamed Salah,a,1250,OpenPlay,2024,RightFoot,26768,Tottenham,Liverpool,3,6,2024-12-22 16:30:00,Dominik Szoboszlai,Pass
608815,62,SavedShot,0.6990000152587891,0.534000015258789,0.015538700856268406,Trent Alexander-Arnold,a,1791,SetPiece,2024,RightFoot,26768,Tottenham,Liverpool,3,6,2024-12-22 16:30:00,Ryan Gravenberch,Pass
608816,63,SavedShot,0.914000015258789,0.5890000152587891,0.08944838494062424,Luis Díaz,a,10408,FromCorner,2024,RightFoot,26768,Tottenham,Liverpool,3,6,2024-12-22 16:30:00,Cody Gakpo,None
608819,75,MissedShots,0.8069999694824219,0.49,0.2599138617515564,Luis Díaz,a,10408,OpenPlay,2024,RightFoot,26768,Tottenham,Liverpool,3,6,2024-12-22 16:30:00,Mohamed Salah,BallRecovery
608820,79,MissedShots,0.9019999694824219,0.5690000152587891,0.07474000751972198,Dominik Szoboszlai,a,9788,OpenPlay,2024,Head,26768,Tottenham,Liverpool,3,6,2024-12-22 16:30:00,Trent Alexander-Arnold,Cross
608822,83,SavedShot,0.8119999694824219,0.669000015258789,0.04806426912546158,Luis Díaz,a,10408,OpenPlay,2024,RightFoot,26768,Tottenham,Liverpool,3,6,2024-12-22 16:30:00,Diogo Jota,Pass
608823,83,MissedShots,0.9069999694824219,0.515,0.06379381567239761,Diogo Jota,a,6854,OpenPlay,2024,Head,26768,Tottenham,Liverpool,3,6,2024-12-22 16:30:00,Trent Alexander-Arnold,Chipped
608824,84,Goal,0.92,0.35,0.12302748113870621,Luis Díaz,a,10408,OpenPlay,2024,RightFoot,26768,Tottenham,Liverpool,3,6,2024-12-22 16:30:00,Mohamed Salah,Pass
609137,10,MissedShots,0.8390000152587891,0.6830000305175781,0.05685380846261978,Callum Hudson-Odoi,h,6456,OpenPlay,2024,RightFoot,26779,Nottingham Forest,Tottenham,1,0,2024-12-26 15:00:00,Morgan Gibbs-White,Pass
609138,12,BlockedShot,0.805,0.5970000076293945,0.03588489815592766,Elliot Anderson,h,9154,OpenPlay,2024,RightFoot,26779,Nottingham Forest,Tottenham,1,0,2024-12-26 15:00:00,Callum Hudson-Odoi,Pass
609141,25,MissedShots,0.7759999847412109,0.5670000076293945,0.03028203919529915,Anthony Elanga,h,9524,OpenPlay,2024,RightFoot,26779,Nottingham Forest,Tottenham,1,0,2024-12-26 15:00:00,Callum Hudson-Odoi,Pass
609142,27,Goal,0.9059999847412109,0.41900001525878905,0.5826987028121948,Anthony Elanga,h,9524,OpenPlay,2024,LeftFoot,26779,Nottingham Forest,Tottenham,1,0,2024-12-26 15:00:00,Morgan Gibbs-White,Throughball
609148,52,SavedShot,0.8690000152587891,0.54,0.10400202870368958,Morgan Gibbs-White,h,6857,OpenPlay,2024,LeftFoot,26779,Nottingham Forest,Tottenham,1,0,2024-12-26 15:00:00,,None
609151,60,SavedShot,0.8680000305175781,0.48700000762939455,0.10080678015947342,Anthony Elanga,h,9524,OpenPlay,2024,RightFoot,26779,Nottingham Forest,Tottenham,1,0,2024-12-26 15:00:00,,None
609152,62,MissedShots,0.9390000152587891,0.49700000762939456,0.06987939774990082,Nikola Milenkovic,h,6174,FromCorner,2024,Head,26779,Nottingham Forest,Tottenham,1,0,2024-12-26 15:00:00,Elliot Anderson,Aerial
609154,67,BlockedShot,0.8180000305175781,0.6409999847412109,0.10284178704023361,Neco Williams,h,8204,OpenPlay,2024,RightFoot,26779,Nottingham Forest,Tottenham,1,0,2024-12-26 15:00:00,,Dispossessed
609155,67,MissedShots,0.8830000305175781,0.4229999923706055,0.15671366453170776,Ola Aina,h,725,OpenPlay,2024,RightFoot,26779,Nottingham Forest,Tottenham,1,0,2024-12-26 15:00:00,,Rebound
609157,87,MissedShots,0.9730000305175781,0.34599998474121096,0.07633382081985474,Taiwo Awoniyi,h,7814,OpenPlay,2024,RightFoot,26779,Nottingham Forest,Tottenham,1,0,2024-12-26 15:00:00,,None
609136,4,SavedShot,0.8640000152587891,0.575999984741211,0.10114055126905441,Son Heung-Min,a,453,OpenPlay,2024,RightFoot,26779,Nottingham Forest,Tottenham,1,0,2024-12-26 15:00:00,Dejan Kulusevski,Pass
609139,25,BlockedShot,0.845,0.46599998474121096,0.09168517589569092,Dominic Solanke,a,1679,OpenPlay,2024,LeftFoot,26779,Nottingham Forest,Tottenham,1,0,2024-12-26 15:00:00,Djed Spence,Pass
609140,25,SavedShot,0.8909999847412109,0.325,0.06413431465625763,Brennan Johnson,a,10760,OpenPlay,2024,RightFoot,26779,Nottingham Forest,Tottenham,1,0,2024-12-26 15:00:00,Rodrigo Bentancur,Pass
609143,31,BlockedShot,0.7219999694824218,0.47099998474121096,0.016208704560995102,Djed Spence,a,10764,OpenPlay,2024,LeftFoot,26779,Nottingham Forest,Tottenham,1,0,2024-12-26 15:00:00,Radu Dragusin,Pass
609144,38,SavedShot,0.87,0.34400001525878904,0.053891029208898544,Brennan Johnson,a,10760,OpenPlay,2024,RightFoot,26779,Nottingham Forest,Tottenham,1,0,2024-12-26 15:00:00,Dejan Kulusevski,Pass
609145,39,BlockedShot,0.7809999847412109,0.6819999694824219,0.02165699005126953,Dominic Solanke,a,1679,FromCorner,2024,RightFoot,26779,Nottingham Forest,Tottenham,1,0,2024-12-26 15:00:00,Son Heung-Min,Pass
609146,45,MissedShots,0.7430000305175781,0.3820000076293945,0.0516199916601181,Son Heung-Min,a,453,DirectFreekick,2024,RightFoot,26779,Nottingham Forest,Tottenham,1,0,2024-12-26 15:00:00,,Standard
609147,46,MissedShots,0.7709999847412109,0.3039999961853027,0.018511049449443817,Dejan Kulusevski,a,6691,OpenPlay,2024,LeftFoot,26779,Nottingham Forest,Tottenham,1,0,2024-12-26 15:00:00,Brennan Johnson,Pass
609149,56,BlockedShot,0.8430000305175781,0.595999984741211,0.04561706259846687,Pape Sarr,a,9021,FromCorner,2024,RightFoot,26779,Nottingham Forest,Tottenham,1,0,2024-12-26 15:00:00,,None
609150,56,SavedShot,0.9109999847412109,0.4809999847412109,0.4970286786556244,Brennan Johnson,a,10760,FromCorner,2024,LeftFoot,26779,Nottingham Forest,Tottenham,1,0,2024-12-26 15:00:00,Djed Spence,TakeOn
609153,66,MissedShots,0.789000015258789,0.57,0.03740664944052696,James Maddison,a,6818,OpenPlay,2024,LeftFoot,26779,Nottingham Forest,Tottenham,1,0,2024-12-26 15:00:00,Son Heung-Min,Pass
609156,75,BlockedShot,0.769000015258789,0.46599998474121096,0.029272712767124176,James Maddison,a,6818,OpenPlay,2024,RightFoot,26779,Nottingham Forest,Tottenham,1,0,2024-12-26 15:00:00,Son Heung-Min,Pass
609158,90,MissedShots,0.8569999694824219,0.5120000076293946,0.029405001550912857,Dominic Solanke,a,1679,OpenPlay,2024,Head,26779,Nottingham Forest,Tottenham,1,0,2024-12-26 15:00:00,Pedro Porro,Cross
609530,1,BlockedShot,0.73,0.5670000076293945,0.015429737977683544,Rodrigo Bentancur,h,6108,OpenPlay,2024,RightFoot,26790,Tottenham,Wolverhampton Wanderers,2,2,2024-12-29 15:00:00,Son Heung-Min,Pass
609532,11,Goal,0.9380000305175781,0.45299999237060545,0.3638014793395996,Rodrigo Bentancur,h,6108,FromCorner,2024,Head,26790,Tottenham,Wolverhampton Wanderers,2,2,2024-12-29 15:00:00,Pedro Porro,Cross
609535,23,MissedShots,0.919000015258789,0.5020000076293946,0.10053130984306335,Radu Dragusin,h,9105,FromCorner,2024,Head,26790,Tottenham,Wolverhampton Wanderers,2,2,2024-12-29 15:00:00,Pedro Porro,Cross
609537,38,MissedShots,0.9440000152587891,0.5840000152587891,0.03337254002690315,Dominic Solanke,h,1679,FromCorner,2024,Head,26790,Tottenham,Wolverhampton Wanderers,2,2,2024-12-29 15:00:00,,Aerial
609538,38,MissedShots,0.8159999847412109,0.46,0.036179590970277786,Yves Bissouma,h,5609,FromCorner,2024,RightFoot,26790,Tottenham,Wolverhampton Wanderers,2,2,2024-12-29 15:00:00,Dejan Kulusevski,Pass
609539,42,SavedShot,0.885,0.5,0.7611688375473022,Son Heung-Min,h,453,Penalty,2024,RightFoot,26790,Tottenham,Wolverhampton Wanderers,2,2,2024-12-29 15:00:00,,Standard
609540,44,BlockedShot,0.7780000305175782,0.46299999237060546,0.0723605826497078,Son Heung-Min,h,453,OpenPlay,2024,RightFoot,26790,Tottenham,Wolverhampton Wanderers,2,2,2024-12-29 15:00:00,Iyenoma Destiny Udogie,BallRecovery
609541,47,Goal,0.8969999694824219,0.42700000762939455,0.11781694740056992,Brennan Johnson,h,10760,OpenPlay,2024,RightFoot,26790,Tottenham,Wolverhampton Wanderers,2,2,2024-12-29 15:00:00,Dejan Kulusevski,Pass
609545,65,MissedShots,0.865,0.6509999847412109,0.06077437475323677,James Maddison,h,6818,OpenPlay,2024,LeftFoot,26790,Tottenham,Wolverhampton Wanderers,2,2,2024-12-29 15:00:00,Dejan Kulusevski,Pass
609547,70,BlockedShot,0.9059999847412109,0.66,0.09419922530651093,Dominic Solanke,h,1679,OpenPlay,2024,RightFoot,26790,Tottenham,Wolverhampton Wanderers,2,2,2024-12-29 15:00:00,Timo Werner,Pass
609548,77,MissedShots,0.8730000305175781,0.5370000076293945,0.0298521239310503,Dominic Solanke,h,1679,OpenPlay,2024,Head,26790,Tottenham,Wolverhampton Wanderers,2,2,2024-12-29 15:00:00,Sergio Reguilón,Aerial
609549,79,MissedShots,0.8980000305175782,0.26399999618530273,0.2503125071525574,Dejan Kulusevski,h,6691,OpenPlay,2024,RightFoot,26790,Tottenham,Wolverhampton Wanderers,2,2,2024-12-29 15:00:00,Dominic Solanke,Pass
609553,91,MissedShots,0.95,0.4209999847412109,0.3485347032546997,Pape Sarr,h,9021,OpenPlay,2024,Head,26790,Tottenham,Wolverhampton Wanderers,2,2,2024-12-29 15:00:00,Dejan Kulusevski,Cross
609531,6,Goal,0.7969999694824219,0.51,0.03500880300998688,Hee-Chan Hwang,a,8845,SetPiece,2024,RightFoot,26790,Tottenham,Wolverhampton Wanderers,2,2,2024-12-29 15:00:00,Rayan Ait Nouri,Pass
609533,13,MissedShots,0.7709999847412109,0.3940000152587891,0.023961758241057396,Matheus Cunha,a,7080,OpenPlay,2024,RightFoot,26790,Tottenham,Wolverhampton Wanderers,2,2,2024-12-29 15:00:00,,None
609534,16,BlockedShot,0.7430000305175781,0.65,0.0475030280649662,Matheus Cunha,a,7080,DirectFreekick,2024,RightFoot,26790,Tottenham,Wolverhampton Wanderers,2,2,2024-12-29 15:00:00,,Standard
609536,34,MissedShots,0.72,0.32599998474121095,0.017915237694978714,Matheus Cunha,a,7080,OpenPlay,2024,RightFoot,26790,Tottenham,Wolverhampton Wanderers,2,2,2024-12-29 15:00:00,André,Pass
609542,57,MissedShots,0.750999984741211,0.545,0.019521662965416908,Santiago Bueno,a,10945,OpenPlay,2024,RightFoot,26790,Tottenham,Wolverhampton Wanderers,2,2,2024-12-29 15:00:00,Nélson Semedo,BallRecovery
609543,60,BlockedShot,0.764000015258789,0.705,0.014275111258029938,Gonçalo Guedes,a,5682,FromCorner,2024,RightFoot,26790,Tottenham,Wolverhampton Wanderers,2,2,2024-12-29 15:00:00,,None
609544,61,BlockedShot,0.899000015258789,0.6680000305175782,0.06427168101072311,Rayan Ait Nouri,a,6674,OpenPlay,2024,LeftFoot,26790,Tottenham,Wolverhampton Wanderers,2,2,2024-12-29 15:00:00,Gonçalo Guedes,Pass
609546,69,MissedShots,0.9080000305175782,0.40200000762939453,0.029881251975893974,Craig Dawson,a,804,FromCorner,2024,Head,26790,Tottenham,Wolverhampton Wanderers,2,2,2024-12-29 15:00:00,Rayan Ait Nouri,Cross
609550,85,BlockedShot,0.8009999847412109,0.6320000076293946,0.034817419946193695,Carlos Forbs,a,13092,FromCorner,2024,LeftFoot,26790,Tottenham,Wolverhampton Wanderers,2,2,2024-12-29 15:00:00,Rodrigo Gomes,Pass
609551,86,Goal,0.9669999694824218,0.6559999847412109,0.2948162257671356,Jørgen Strand Larsen,a,11070,OpenPlay,2024,LeftFoot,26790,Tottenham,Wolverhampton Wanderers,2,2,2024-12-29 15:00:00,Rayan Ait Nouri,Throughball
609552,89,SavedShot,0.935,0.46599998474121096,0.05872489884495735,Matt Doherty,a,6852,FromCorner,2024,Head,26790,Tottenham,Wolverhampton Wanderers,2,2,2024-12-29 15:00:00,Tommy Doyle,Aerial
609846,3,Goal,0.93,0.5259999847412109,0.404704749584198,Dominic Solanke,h,1679,OpenPlay,2024,Head,26800,Tottenham,Newcastle United,1,2,2025-01-04 12:30:00,Pedro Porro,Cross
609848,10,BlockedShot,0.8580000305175781,0.47,0.08334869891405106,Dominic Solanke,h,1679,OpenPlay,2024,RightFoot,26800,Tottenham,Newcastle United,1,2,2025-01-04 12:30:00,,Dispossessed
609849,10,SavedShot,0.745,0.5720000076293945,0.014687987044453621,Pape Sarr,h,9021,OpenPlay,2024,RightFoot,26800,Tottenham,Newcastle United,1,2,2025-01-04 12:30:00,,Rebound
609852,27,MissedShots,0.730999984741211,0.33599998474121096,0.015331209637224674,Pedro Porro,h,6912,OpenPlay,2024,RightFoot,26800,Tottenham,Newcastle United,1,2,2025-01-04 12:30:00,Pape Sarr,Pass
609859,54,SavedShot,0.765,0.4520000076293945,0.02372957579791546,Pape Sarr,h,9021,OpenPlay,2024,RightFoot,26800,Tottenham,Newcastle United,1,2,2025-01-04 12:30:00,Dejan Kulusevski,Pass
609860,54,ShotOnPost,0.9869999694824219,0.3659999847412109,0.05548617243766785,Brennan Johnson,h,10760,OpenPlay,2024,RightFoot,26800,Tottenham,Newcastle United,1,2,2025-01-04 12:30:00,,Rebound
609861,54,BlockedShot,0.9359999847412109,0.3170000076293945,0.05079365149140358,Dejan Kulusevski,h,6691,OpenPlay,2024,RightFoot,26800,Tottenham,Newcastle United,1,2,2025-01-04 12:30:00,,Rebound
609864,75,BlockedShot,0.8190000152587891,0.35400001525878905,0.028984209522604942,Pedro Porro,h,6912,OpenPlay,2024,LeftFoot,26800,Tottenham,Newcastle United,1,2,2025-01-04 12:30:00,Dejan Kulusevski,Pass
609865,80,MissedShots,0.8680000305175781,0.76,0.02327275648713112,James Maddison,h,6818,FromCorner,2024,RightFoot,26800,Tottenham,Newcastle United,1,2,2025-01-04 12:30:00,Son Heung-Min,Pass
609866,81,MissedShots,0.9380000305175781,0.3579999923706055,0.07991426438093185,Brennan Johnson,h,10760,OpenPlay,2024,RightFoot,26800,Tottenham,Newcastle United,1,2,2025-01-04 12:30:00,Dejan Kulusevski,Pass
609867,81,MissedShots,0.9769999694824218,0.6129999923706054,0.07086511701345444,Sergio Reguilón,h,7187,OpenPlay,2024,LeftFoot,26800,Tottenham,Newcastle United,1,2,2025-01-04 12:30:00,Brennan Johnson,Rebound
609868,93,MissedShots,0.9019999694824219,0.43099998474121093,0.06308171898126602,Dominic Solanke,h,1679,OpenPlay,2024,Head,26800,Tottenham,Newcastle United,1,2,2025-01-04 12:30:00,Dejan Kulusevski,Cross
609872,96,SavedShot,0.9180000305175782,0.455,0.10129186511039734,Dominic Solanke,h,1679,OpenPlay,2024,Head,26800,Tottenham,Newcastle United,1,2,2025-01-04 12:30:00,Pedro Porro,Cross
609847,5,Goal,0.9209999847412109,0.6580000305175782,0.24864892661571503,Anthony Gordon,a,8150,OpenPlay,2024,LeftFoot,26800,Tottenham,Newcastle United,1,2,2025-01-04 12:30:00,Bruno Guimarães,Pass
609850,20,SavedShot,0.885,0.6409999847412109,0.08565083891153336,Anthony Gordon,a,8150,OpenPlay,2024,LeftFoot,26800,Tottenham,Newcastle United,1,2,2025-01-04 12:30:00,Alexander Isak,Pass
609851,27,BlockedShot,0.735999984741211,0.605999984741211,0.022224336862564087,Anthony Gordon,a,8150,FromCorner,2024,RightFoot,26800,Tottenham,Newcastle United,1,2,2025-01-04 12:30:00,Jacob Murphy,Pass
609853,31,MissedShots,0.9330000305175781,0.4540000152587891,0.5422434210777283,Alexander Isak,a,5232,OpenPlay,2024,LeftFoot,26800,Tottenham,Newcastle United,1,2,2025-01-04 12:30:00,Jacob Murphy,Pass
609854,37,Goal,0.9630000305175781,0.4979999923706055,0.6582426428794861,Alexander Isak,a,5232,OpenPlay,2024,RightFoot,26800,Tottenham,Newcastle United,1,2,2025-01-04 12:30:00,,None
609855,42,BlockedShot,0.8980000305175782,0.6559999847412109,0.09557408839464188,Anthony Gordon,a,8150,OpenPlay,2024,RightFoot,26800,Tottenham,Newcastle United,1,2,2025-01-04 12:30:00,Bruno Guimarães,Pass
609856,43,MissedShots,0.9180000305175782,0.6730000305175782,0.050766974687576294,Joelinton,a,87,FromCorner,2024,LeftFoot,26800,Tottenham,Newcastle United,1,2,2025-01-04 12:30:00,Anthony Gordon,Pass
609857,50,BlockedShot,0.7830000305175782,0.5079999923706054,0.05005945265293121,Sandro Tonali,a,7958,OpenPlay,2024,RightFoot,26800,Tottenham,Newcastle United,1,2,2025-01-04 12:30:00,Anthony Gordon,BallTouch
609858,52,BlockedShot,0.8980000305175782,0.505,0.06125294789671898,Sven Botman,a,8635,FromCorner,2024,Head,26800,Tottenham,Newcastle United,1,2,2025-01-04 12:30:00,Lewis Hall,Cross
609862,56,BlockedShot,0.855999984741211,0.5720000076293945,0.12940572202205658,Sandro Tonali,a,7958,OpenPlay,2024,RightFoot,26800,Tottenham,Newcastle United,1,2,2025-01-04 12:30:00,Bruno Guimarães,Pass
609863,56,MissedShots,0.9380000305175781,0.6509999847412109,0.39554736018180847,Anthony Gordon,a,8150,OpenPlay,2024,RightFoot,26800,Tottenham,Newcastle United,1,2,2025-01-04 12:30:00,,Rebound
609869,94,SavedShot,0.9219999694824219,0.6309999847412109,0.09411900490522385,Harvey Barnes,a,6681,OpenPlay,2024,RightFoot,26800,Tottenham,Newcastle United,1,2,2025-01-04 12:30:00,Joe Willock,HeadPass
609870,95,BlockedShot,0.8780000305175781,0.5770000076293945,0.013314194045960903,Dan Burn,a,7382,FromCorner,2024,Head,26800,Tottenham,Newcastle United,1,2,2025-01-04 12:30:00,Lewis Hall,Aerial
609871,95,BlockedShot,0.7959999847412109,0.61,0.03422229737043381,Joe Willock,a,6630,FromCorner,2024,RightFoot,26800,Tottenham,Newcastle United,1,2,2025-01-04 12:30:00,,Rebound
611834,12,BlockedShot,0.9069999694824219,0.5820000076293945,0.38892415165901184,Leandro Trossard,h,7698,OpenPlay,2024,RightFoot,26802,Arsenal,Tottenham,2,1,2025-01-15 20:00:00,Declan Rice,Pass
611835,12,BlockedShot,0.784000015258789,0.47200000762939454,0.026476643979549408,Thomas Partey,h,2328,OpenPlay,2024,RightFoot,26802,Arsenal,Tottenham,2,1,2025-01-15 20:00:00,,Rebound
611839,43,Goal,0.84,0.6780000305175782,0.06399378925561905,Leandro Trossard,h,7698,OpenPlay,2024,LeftFoot,26802,Arsenal,Tottenham,2,1,2025-01-15 20:00:00,Martin Odegaard,Pass
611840,47,BlockedShot,0.865,0.325,0.0718853697180748,Kai Havertz,h,5220,OpenPlay,2024,LeftFoot,26802,Arsenal,Tottenham,2,1,2025-01-15 20:00:00,Martin Odegaard,Pass
611841,45,BlockedShot,0.9230000305175782,0.6530000305175782,0.10035835206508636,Raheem Sterling,h,618,OpenPlay,2024,RightFoot,26802,Arsenal,Tottenham,2,1,2025-01-15 20:00:00,Leandro Trossard,Pass
611843,52,MissedShots,0.955,0.47700000762939454,0.402858704328537,Kai Havertz,h,5220,FromCorner,2024,Head,26802,Arsenal,Tottenham,2,1,2025-01-15 20:00:00,Martin Odegaard,Aerial
611844,55,SavedShot,0.895,0.5329999923706055,0.26358526945114136,Kai Havertz,h,5220,OpenPlay,2024,Head,26802,Arsenal,Tottenham,2,1,2025-01-15 20:00:00,Thomas Partey,Cross
611846,58,MissedShots,0.9269999694824219,0.6559999847412109,0.08403277397155762,Leandro Trossard,h,7698,OpenPlay,2024,RightFoot,26802,Arsenal,Tottenham,2,1,2025-01-15 20:00:00,,None
611847,58,BlockedShot,0.9059999847412109,0.37799999237060544,0.09402220696210861,Raheem Sterling,h,618,OpenPlay,2024,LeftFoot,26802,Arsenal,Tottenham,2,1,2025-01-15 20:00:00,,Rebound
611850,72,SavedShot,0.8140000152587891,0.5129999923706055,0.08972174674272537,Declan Rice,h,5553,OpenPlay,2024,RightFoot,26802,Arsenal,Tottenham,2,1,2025-01-15 20:00:00,Martin Odegaard,Pass
611851,73,SavedShot,0.8640000152587891,0.375,0.08666901290416718,Martin Odegaard,h,2517,OpenPlay,2024,LeftFoot,26802,Arsenal,Tottenham,2,1,2025-01-15 20:00:00,Gabriel Martinelli,Pass
611852,75,BlockedShot,0.8519999694824218,0.39599998474121095,0.07588257640600204,Gabriel Martinelli,h,7752,OpenPlay,2024,RightFoot,26802,Arsenal,Tottenham,2,1,2025-01-15 20:00:00,,None
611853,76,MissedShots,0.7230000305175781,0.48,0.019118860363960266,Gabriel,h,5613,OpenPlay,2024,LeftFoot,26802,Arsenal,Tottenham,2,1,2025-01-15 20:00:00,,None
611854,83,MissedShots,0.9109999847412109,0.4879999923706055,0.5056803822517395,Martin Odegaard,h,2517,OpenPlay,2024,LeftFoot,26802,Arsenal,Tottenham,2,1,2025-01-15 20:00:00,Kieran Tierney,Pass
611836,21,SavedShot,0.960999984741211,0.42700000762939455,0.3271491825580597,Dejan Kulusevski,a,6691,FromCorner,2024,RightFoot,26802,Arsenal,Tottenham,2,1,2025-01-15 20:00:00,Radu Dragusin,TakeOn
611837,24,Goal,0.8669999694824219,0.53,0.03120294399559498,Son Heung-Min,a,453,FromCorner,2024,RightFoot,26802,Arsenal,Tottenham,2,1,2025-01-15 20:00:00,,Aerial
611838,39,OwnGoal,0.017000000476837158,0.575999984741211,0,Dominic Solanke,a,1679,FromCorner,2024,OtherBodyPart,26802,Arsenal,Tottenham,2,1,2025-01-15 20:00:00,,CornerAwarded
611842,49,BlockedShot,0.78,0.39299999237060546,0.031016718596220016,Son Heung-Min,a,453,OpenPlay,2024,LeftFoot,26802,Arsenal,Tottenham,2,1,2025-01-15 20:00:00,Lucas Bergvall,Pass
611845,56,BlockedShot,0.855999984741211,0.35,0.033180881291627884,Brennan Johnson,a,10760,OpenPlay,2024,RightFoot,26802,Arsenal,Tottenham,2,1,2025-01-15 20:00:00,Dejan Kulusevski,Cross
611848,65,MissedShots,0.8640000152587891,0.44799999237060545,0.08826432377099991,James Maddison,a,6818,OpenPlay,2024,RightFoot,26802,Arsenal,Tottenham,2,1,2025-01-15 20:00:00,Dejan Kulusevski,Pass
611849,72,BlockedShot,0.8569999694824219,0.49599998474121093,0.07716662436723709,Dominic Solanke,a,1679,OpenPlay,2024,RightFoot,26802,Arsenal,Tottenham,2,1,2025-01-15 20:00:00,Dejan Kulusevski,Pass
611855,84,BlockedShot,0.9080000305175782,0.5320000076293945,0.08844185620546341,Dominic Solanke,a,1679,OpenPlay,2024,RightFoot,26802,Arsenal,Tottenham,2,1,2025-01-15 20:00:00,Richarlison,Cross
611856,86,MissedShots,0.7780000305175782,0.4909999847412109,0.02264900505542755,Pedro Porro,a,6912,FromCorner,2024,LeftFoot,26802,Arsenal,Tottenham,2,1,2025-01-15 20:00:00,,None
611857,91,MissedShots,0.8880000305175781,0.6329999923706054,0.047933224588632584,Dominic Solanke,a,1679,OpenPlay,2024,RightFoot,26802,Arsenal,Tottenham,2,1,2025-01-15 20:00:00,Pedro Porro,Cross
611858,93,ShotOnPost,0.960999984741211,0.22899999618530273,0.030066613107919693,Pedro Porro,a,6912,OpenPlay,2024,RightFoot,26802,Arsenal,Tottenham,2,1,2025-01-15 20:00:00,Dejan Kulusevski,Pass
612605,6,SavedShot,0.7859999847412109,0.37099998474121093,0.028573332354426384,Jesper Lindstrom,h,9752,OpenPlay,2024,RightFoot,26815,Everton,Tottenham,3,2,2025-01-19 14:00:00,Orel Mangala,Pass
612606,10,BlockedShot,0.8040000152587891,0.495,0.08339082449674606,Iliman Ndiaye,h,9307,OpenPlay,2024,RightFoot,26815,Everton,Tottenham,3,2,2025-01-19 14:00:00,,None
612607,12,Goal,0.8819999694824219,0.5709999847412109,0.39370909333229065,Dominic Calvert-Lewin,h,5555,OpenPlay,2024,RightFoot,26815,Everton,Tottenham,3,2,2025-01-19 14:00:00,Idrissa Gueye,TakeOn
612610,25,SavedShot,0.860999984741211,0.555,0.11558856815099716,Orel Mangala,h,6088,OpenPlay,2024,RightFoot,26815,Everton,Tottenham,3,2,2025-01-19 14:00:00,Dominic Calvert-Lewin,Pass
612611,25,SavedShot,0.924000015258789,0.53,0.06799516081809998,Dominic Calvert-Lewin,h,5555,OpenPlay,2024,Head,26815,Everton,Tottenham,3,2,2025-01-19 14:00:00,Jesper Lindstrom,Aerial
612613,29,Goal,0.9069999694824219,0.5970000076293945,0.40072596073150635,Iliman Ndiaye,h,9307,OpenPlay,2024,LeftFoot,26815,Everton,Tottenham,3,2,2025-01-19 14:00:00,Idrissa Gueye,TakeOn
612615,50,SavedShot,0.9109999847412109,0.48900001525878906,0.2857520878314972,James Tarkowski,h,1665,SetPiece,2024,Head,26815,Everton,Tottenham,3,2,2025-01-19 14:00:00,Jesper Lindstrom,Cross
612616,51,MissedShots,0.960999984741211,0.534000015258789,0.4385579824447632,Dominic Calvert-Lewin,h,5555,FromCorner,2024,Head,26815,Everton,Tottenham,3,2,2025-01-19 14:00:00,James Tarkowski,HeadPass
612618,52,MissedShots,0.8490000152587891,0.47900001525878905,0.0215449295938015,Dominic Calvert-Lewin,h,5555,FromCorner,2024,Head,26815,Everton,Tottenham,3,2,2025-01-19 14:00:00,Jesper Lindstrom,Cross
612619,60,MissedShots,0.8219999694824218,0.575,0.11027567088603973,Vitalii Mykolenko,h,10291,OpenPlay,2024,LeftFoot,26815,Everton,Tottenham,3,2,2025-01-19 14:00:00,Iliman Ndiaye,Pass
612620,60,MissedShots,0.92,0.41900001525878905,0.49228012561798096,Dominic Calvert-Lewin,h,5555,OpenPlay,2024,LeftFoot,26815,Everton,Tottenham,3,2,2025-01-19 14:00:00,Jesper Lindstrom,Pass
612621,70,BlockedShot,0.895,0.43599998474121093,0.1224970817565918,Dominic Calvert-Lewin,h,5555,OpenPlay,2024,RightFoot,26815,Everton,Tottenham,3,2,2025-01-19 14:00:00,Jake O&#039;Brien,Cross
612608,21,BlockedShot,0.7969999694824219,0.705999984741211,0.02440490573644638,Djed Spence,a,10764,OpenPlay,2024,RightFoot,26815,Everton,Tottenham,3,2,2025-01-19 14:00:00,Dejan Kulusevski,Pass
612609,23,SavedShot,0.865999984741211,0.47099998474121096,0.3740466237068176,Son Heung-Min,a,453,OpenPlay,2024,RightFoot,26815,Everton,Tottenham,3,2,2025-01-19 14:00:00,Dejan Kulusevski,Pass
612612,26,SavedShot,0.9269999694824219,0.6869999694824219,0.08382917940616608,Son Heung-Min,a,453,OpenPlay,2024,LeftFoot,26815,Everton,Tottenham,3,2,2025-01-19 14:00:00,Dejan Kulusevski,Pass
612614,32,MissedShots,0.759000015258789,0.5379999923706055,0.020202483981847763,Lucas Bergvall,a,12912,OpenPlay,2024,RightFoot,26815,Everton,Tottenham,3,2,2025-01-19 14:00:00,Dejan Kulusevski,Pass
612617,51,OwnGoal,0.04099999904632568,0.509000015258789,0,Archie Gray,a,10184,FromCorner,2024,RightFoot,26815,Everton,Tottenham,3,2,2025-01-19 14:00:00,,Clearance
612622,72,MissedShots,0.8209999847412109,0.5259999847412109,0.04128050059080124,James Maddison,a,6818,OpenPlay,2024,RightFoot,26815,Everton,Tottenham,3,2,2025-01-19 14:00:00,,None
612623,76,BlockedShot,0.9130000305175782,0.3940000152587891,0.06836473941802979,Mikey Moore,a,12603,OpenPlay,2024,RightFoot,26815,Everton,Tottenham,3,2,2025-01-19 14:00:00,,None
612624,76,Goal,0.8580000305175781,0.34599998474121096,0.02965887449681759,Dejan Kulusevski,a,6691,OpenPlay,2024,LeftFoot,26815,Everton,Tottenham,3,2,2025-01-19 14:00:00,,Rebound
612625,83,BlockedShot,0.8680000305175781,0.5520000076293945,0.06350848078727722,Richarlison,a,6026,OpenPlay,2024,LeftFoot,26815,Everton,Tottenham,3,2,2025-01-19 14:00:00,,None
612626,83,SavedShot,0.874000015258789,0.5329999923706055,0.07669335603713989,Richarlison,a,6026,OpenPlay,2024,RightFoot,26815,Everton,Tottenham,3,2,2025-01-19 14:00:00,,Rebound
612627,91,Goal,0.9719999694824218,0.4570000076293945,0.5499570965766907,Richarlison,a,6026,FromCorner,2024,LeftFoot,26815,Everton,Tottenham,3,2,2025-01-19 14:00:00,Mikey Moore,Cross
612628,93,BlockedShot,0.799000015258789,0.35400001525878905,0.03214303031563759,James Maddison,a,6818,OpenPlay,2024,RightFoot,26815,Everton,Tottenham,3,2,2025-01-19 14:00:00,Dejan Kulusevski,Pass
613835,11,SavedShot,0.7769999694824219,0.6569999694824219,0.02051364816725254,Pape Sarr,h,9021,OpenPlay,2024,RightFoot,26830,Tottenham,Leicester,1,2,2025-01-26 14:00:00,,None
613836,13,SavedShot,0.8169999694824219,0.38799999237060545,0.03691300377249718,Pedro Porro,h,6912,OpenPlay,2024,RightFoot,26830,Tottenham,Leicester,1,2,2025-01-26 14:00:00,Lucas Bergvall,Pass
613837,16,SavedShot,0.7769999694824219,0.5420000076293945,0.02767602726817131,Son Heung-Min,h,453,OpenPlay,2024,RightFoot,26830,Tottenham,Leicester,1,2,2025-01-26 14:00:00,Lucas Bergvall,TakeOn
613839,31,MissedShots,0.9119999694824219,0.509000015258789,0.11930437386035919,Ben Davies,h,660,SetPiece,2024,Head,26830,Tottenham,Leicester,1,2,2025-01-26 14:00:00,Radu Dragusin,Cross
613840,32,Goal,0.9690000152587891,0.54,0.5901252627372742,Richarlison,h,6026,OpenPlay,2024,Head,26830,Tottenham,Leicester,1,2,2025-01-26 14:00:00,Pedro Porro,Cross
613844,42,MissedShots,0.9459999847412109,0.28,0.05477086082100868,Pedro Porro,h,6912,OpenPlay,2024,RightFoot,26830,Tottenham,Leicester,1,2,2025-01-26 14:00:00,Radu Dragusin,Chipped
613849,57,SavedShot,0.879000015258789,0.37,0.22034624218940735,Dejan Kulusevski,h,6691,OpenPlay,2024,RightFoot,26830,Tottenham,Leicester,1,2,2025-01-26 14:00:00,Antonín Kinsky,Chipped
613850,61,BlockedShot,0.715999984741211,0.485,0.04443832486867905,Pedro Porro,h,6912,DirectFreekick,2024,RightFoot,26830,Tottenham,Leicester,1,2,2025-01-26 14:00:00,,Standard
613851,61,MissedShots,0.794000015258789,0.6419999694824219,0.018840407952666283,Rodrigo Bentancur,h,6108,SetPiece,2024,LeftFoot,26830,Tottenham,Leicester,1,2,2025-01-26 14:00:00,,Rebound
613852,65,MissedShots,0.9690000152587891,0.2979999923706055,0.054848551750183105,Pedro Porro,h,6912,OpenPlay,2024,RightFoot,26830,Tottenham,Leicester,1,2,2025-01-26 14:00:00,Dejan Kulusevski,TakeOn
613853,71,MissedShots,0.874000015258789,0.45099998474121095,0.013423202559351921,Radu Dragusin,h,9105,SetPiece,2024,Head,26830,Tottenham,Leicester,1,2,2025-01-26 14:00:00,Pedro Porro,Aerial
613854,80,BlockedShot,0.785,0.6609999847412109,0.043088652193546295,Mikey Moore,h,12603,OpenPlay,2024,RightFoot,26830,Tottenham,Leicester,1,2,2025-01-26 14:00:00,Son Heung-Min,Pass
613855,84,SavedShot,0.749000015258789,0.28,0.014894022606313229,Pedro Porro,h,6912,FromCorner,2024,RightFoot,26830,Tottenham,Leicester,1,2,2025-01-26 14:00:00,Son Heung-Min,Pass
613856,96,BlockedShot,0.8419999694824218,0.3089999961853027,0.01648019813001156,Rodrigo Bentancur,h,6108,FromCorner,2024,LeftFoot,26830,Tottenham,Leicester,1,2,2025-01-26 14:00:00,,Aerial
613831,7,BlockedShot,0.8580000305175781,0.69,0.04072384908795357,Jordan Ayew,a,672,OpenPlay,2024,LeftFoot,26830,Tottenham,Leicester,1,2,2025-01-26 14:00:00,,TakeOn
613832,7,BlockedShot,0.8580000305175781,0.4520000076293945,0.06308364868164062,Jamie Vardy,a,755,OpenPlay,2024,RightFoot,26830,Tottenham,Leicester,1,2,2025-01-26 14:00:00,Boubakary Soumare,Cross
613833,9,BlockedShot,0.805,0.5170000076293946,0.05096082016825676,Jordan Ayew,a,672,OpenPlay,2024,RightFoot,26830,Tottenham,Leicester,1,2,2025-01-26 14:00:00,Victor Kristiansen,Pass
613834,9,BlockedShot,0.7130000305175781,0.6769999694824219,0.010102581232786179,Bilal El Khannouss,a,13020,OpenPlay,2024,RightFoot,26830,Tottenham,Leicester,1,2,2025-01-26 14:00:00,,Rebound
613838,20,SavedShot,0.775,0.4420000076293945,0.021050425246357918,James Justin,a,7753,OpenPlay,2024,LeftFoot,26830,Tottenham,Leicester,1,2,2025-01-26 14:00:00,Jannik Vestergaard,Chipped
613841,34,BlockedShot,0.895,0.34700000762939454,0.06625902652740479,James Justin,a,7753,OpenPlay,2024,RightFoot,26830,Tottenham,Leicester,1,2,2025-01-26 14:00:00,Harry Winks,Pass
613842,37,BlockedShot,0.749000015258789,0.664000015258789,0.012845605611801147,Bilal El Khannouss,a,13020,OpenPlay,2024,RightFoot,26830,Tottenham,Leicester,1,2,2025-01-26 14:00:00,Bobby Reid,TakeOn
613843,38,MissedShots,0.9480000305175781,0.44299999237060544,0.06291244179010391,Wout Faes,a,8646,FromCorner,2024,Head,26830,Tottenham,Leicester,1,2,2025-01-26 14:00:00,,Aerial
613845,45,Goal,0.9730000305175781,0.4859999847412109,0.8919147849082947,Jamie Vardy,a,755,OpenPlay,2024,RightFoot,26830,Tottenham,Leicester,1,2,2025-01-26 14:00:00,Bobby Reid,Pass
613846,49,Goal,0.7809999847412109,0.5159999847412109,0.0349152572453022,Bilal El Khannouss,a,13020,OpenPlay,2024,RightFoot,26830,Tottenham,Leicester,1,2,2025-01-26 14:00:00,Bobby Reid,Pass
613847,51,MissedShots,0.7190000152587891,0.6029999923706054,0.01662781462073326,Boubakary Soumare,a,6310,OpenPlay,2024,LeftFoot,26830,Tottenham,Leicester,1,2,2025-01-26 14:00:00,Bobby Reid,Pass
613848,53,BlockedShot,0.894000015258789,0.5629999923706055,0.13380910456180573,Jamie Vardy,a,755,OpenPlay,2024,RightFoot,26830,Tottenham,Leicester,1,2,2025-01-26 14:00:00,Jordan Ayew,Cross
615373,2,BlockedShot,0.914000015258789,0.580999984741211,0.09468540549278259,Mikkel Damsgaard,h,8859,OpenPlay,2024,LeftFoot,26834,Brentford,Tottenham,0,2,2025-02-02 14:00:00,,None
615375,11,BlockedShot,0.955999984741211,0.509000015258789,0.13192185759544373,Yoane Wissa,h,5786,OpenPlay,2024,Head,26834,Brentford,Tottenham,0,2,2025-02-02 14:00:00,Bryan Mbeumo,Aerial
615376,18,BlockedShot,0.9119999694824219,0.64,0.10552652180194855,Kevin Schade,h,9156,OpenPlay,2024,RightFoot,26834,Brentford,Tottenham,0,2,2025-02-02 14:00:00,Mikkel Damsgaard,TakeOn
615379,22,MissedShots,0.9180000305175782,0.5359999847412109,0.05315404385328293,Yoane Wissa,h,5786,OpenPlay,2024,Head,26834,Brentford,Tottenham,0,2,2025-02-02 14:00:00,Vitaly Janelt,Aerial
615382,26,SavedShot,0.865,0.28299999237060547,0.0920931026339531,Bryan Mbeumo,h,6552,OpenPlay,2024,LeftFoot,26834,Brentford,Tottenham,0,2,2025-02-02 14:00:00,Mikkel Damsgaard,Chipped
615385,28,OwnGoal,0.02700000047683716,0.49,0,Vitaly Janelt,h,9680,FromCorner,2024,OtherBodyPart,26834,Brentford,Tottenham,0,2,2025-02-02 14:00:00,,CornerAwarded
615386,32,BlockedShot,0.9119999694824219,0.34900001525878904,0.06112140789628029,Kristoffer Ajer,h,9677,OpenPlay,2024,RightFoot,26834,Brentford,Tottenham,0,2,2025-02-02 14:00:00,Mikkel Damsgaard,TakeOn
615387,32,SavedShot,0.8719999694824219,0.44799999237060545,0.07063969224691391,Christian Nørgaard,h,7083,OpenPlay,2024,RightFoot,26834,Brentford,Tottenham,0,2,2025-02-02 14:00:00,Kristoffer Ajer,Rebound
615388,36,MissedShots,0.905,0.5170000076293946,0.09109702706336975,Kevin Schade,h,9156,OpenPlay,2024,Head,26834,Brentford,Tottenham,0,2,2025-02-02 14:00:00,Mikkel Damsgaard,Cross
615392,46,BlockedShot,0.8159999847412109,0.47900001525878905,0.03890955075621605,Bryan Mbeumo,h,6552,FromCorner,2024,RightFoot,26834,Brentford,Tottenham,0,2,2025-02-02 14:00:00,,None
615393,51,MissedShots,0.9180000305175782,0.7140000152587891,0.04173324257135391,Kevin Schade,h,9156,OpenPlay,2024,LeftFoot,26834,Brentford,Tottenham,0,2,2025-02-02 14:00:00,,None
615394,52,ShotOnPost,0.93,0.47900001525878905,0.4996553063392639,Yoane Wissa,h,5786,OpenPlay,2024,LeftFoot,26834,Brentford,Tottenham,0,2,2025-02-02 14:00:00,Kevin Schade,HeadPass
615397,61,BlockedShot,0.784000015258789,0.6459999847412109,0.017120148986577988,Mikkel Damsgaard,h,8859,SetPiece,2024,RightFoot,26834,Brentford,Tottenham,0,2,2025-02-02 14:00:00,,None
615398,66,MissedShots,0.700999984741211,0.5329999923706055,0.012904430739581585,Keane Lewis-Potter,h,10809,FromCorner,2024,RightFoot,26834,Brentford,Tottenham,0,2,2025-02-02 14:00:00,,None
615399,67,MissedShots,0.6859999847412109,0.6569999694824219,0.011922686360776424,Mathias Jensen,h,7166,OpenPlay,2024,RightFoot,26834,Brentford,Tottenham,0,2,2025-02-02 14:00:00,Kevin Schade,Pass
615400,74,MissedShots,0.8530000305175781,0.3659999847412109,0.048709526658058167,Bryan Mbeumo,h,6552,OpenPlay,2024,LeftFoot,26834,Brentford,Tottenham,0,2,2025-02-02 14:00:00,,None
615401,77,SavedShot,0.905,0.4209999847412109,0.02797054499387741,Sepp van den Berg,h,10721,OpenPlay,2024,Head,26834,Brentford,Tottenham,0,2,2025-02-02 14:00:00,Michael Kayode,Aerial
615402,79,MissedShots,0.7680000305175781,0.49400001525878906,0.027474133297801018,Keane Lewis-Potter,h,10809,OpenPlay,2024,RightFoot,26834,Brentford,Tottenham,0,2,2025-02-02 14:00:00,,None
615403,85,BlockedShot,0.955,0.519000015258789,0.10931260138750076,Fabio Carvalho,h,9501,OpenPlay,2024,RightFoot,26834,Brentford,Tottenham,0,2,2025-02-02 14:00:00,,None
615405,90,MissedShots,0.85,0.16200000762939454,0.04454810172319412,Bryan Mbeumo,h,6552,DirectFreekick,2024,LeftFoot,26834,Brentford,Tottenham,0,2,2025-02-02 14:00:00,,Standard
615406,94,MissedShots,0.9059999847412109,0.5259999847412109,0.08856824785470963,Kevin Schade,h,9156,OpenPlay,2024,Head,26834,Brentford,Tottenham,0,2,2025-02-02 14:00:00,Michael Kayode,Cross
615374,5,MissedShots,0.8619999694824219,0.34200000762939453,0.06329425424337387,Dejan Kulusevski,a,6691,OpenPlay,2024,RightFoot,26834,Brentford,Tottenham,0,2,2025-02-02 14:00:00,Djed Spence,Pass
615377,19,BlockedShot,0.9030000305175782,0.534000015258789,0.1067989319562912,Richarlison,a,6026,OpenPlay,2024,RightFoot,26834,Brentford,Tottenham,0,2,2025-02-02 14:00:00,Djed Spence,Cross
615378,19,BlockedShot,0.8640000152587891,0.47400001525878904,0.09277341514825821,Dejan Kulusevski,a,6691,OpenPlay,2024,LeftFoot,26834,Brentford,Tottenham,0,2,2025-02-02 14:00:00,Mikey Moore,Pass
615380,23,BlockedShot,0.715,0.580999984741211,0.01711953990161419,Djed Spence,a,10764,OpenPlay,2024,RightFoot,26834,Brentford,Tottenham,0,2,2025-02-02 14:00:00,Rodrigo Bentancur,Pass
615381,24,MissedShots,0.76,0.3039999961853027,0.01774718053638935,Pedro Porro,a,6912,OpenPlay,2024,RightFoot,26834,Brentford,Tottenham,0,2,2025-02-02 14:00:00,Yves Bissouma,Pass
615383,27,BlockedShot,0.8090000152587891,0.6719999694824219,0.030870560556650162,Son Heung-Min,a,453,OpenPlay,2024,RightFoot,26834,Brentford,Tottenham,0,2,2025-02-02 14:00:00,Mikey Moore,Pass
615384,27,BlockedShot,0.855999984741211,0.654000015258789,0.04172971844673157,Yves Bissouma,a,5609,OpenPlay,2024,LeftFoot,26834,Brentford,Tottenham,0,2,2025-02-02 14:00:00,,Rebound
615389,36,BlockedShot,0.845,0.69,0.05329257249832153,Son Heung-Min,a,453,OpenPlay,2024,RightFoot,26834,Brentford,Tottenham,0,2,2025-02-02 14:00:00,Richarlison,Pass
615390,39,MissedShots,0.97,0.644000015258789,0.012608733959496021,Dejan Kulusevski,a,6691,FromCorner,2024,Head,26834,Brentford,Tottenham,0,2,2025-02-02 14:00:00,Son Heung-Min,Cross
615391,40,SavedShot,0.7069999694824218,0.49700000762939456,0.01966949924826622,Yves Bissouma,a,5609,OpenPlay,2024,RightFoot,26834,Brentford,Tottenham,0,2,2025-02-02 14:00:00,Rodrigo Bentancur,Pass
615395,54,MissedShots,0.9169999694824219,0.35400001525878905,0.10013503581285477,Dejan Kulusevski,a,6691,OpenPlay,2024,RightFoot,26834,Brentford,Tottenham,0,2,2025-02-02 14:00:00,Rodrigo Bentancur,Pass
615396,59,MissedShots,0.8169999694824219,0.44,0.06101955100893974,Lucas Bergvall,a,12912,OpenPlay,2024,LeftFoot,26834,Brentford,Tottenham,0,2,2025-02-02 14:00:00,Dejan Kulusevski,Pass
615404,86,Goal,0.9259999847412109,0.664000015258789,0.32958465814590454,Pape Sarr,a,9021,OpenPlay,2024,RightFoot,26834,Brentford,Tottenham,0,2,2025-02-02 14:00:00,Son Heung-Min,Throughball
617802,11,MissedShots,0.9230000305175782,0.7030000305175781,0.025077957659959793,Son Heung-Min,h,453,OpenPlay,2024,LeftFoot,26850,Tottenham,Manchester United,1,0,2025-02-16 16:30:00,Rodrigo Bentancur,Cross
617803,12,SavedShot,0.865999984741211,0.5990000152587891,0.06337539851665497,Lucas Bergvall,h,12912,OpenPlay,2024,LeftFoot,26850,Tottenham,Manchester United,1,0,2025-02-16 16:30:00,,Rebound
617804,12,Goal,0.9619999694824218,0.45799999237060546,0.6534203290939331,James Maddison,h,6818,OpenPlay,2024,RightFoot,26850,Tottenham,Manchester United,1,0,2025-02-16 16:30:00,,Rebound
617805,18,BlockedShot,0.845999984741211,0.5629999923706055,0.07878575474023819,Dejan Kulusevski,h,6691,OpenPlay,2024,LeftFoot,26850,Tottenham,Manchester United,1,0,2025-02-16 16:30:00,Mathys Tel,Pass
617809,25,SavedShot,0.8719999694824219,0.63,0.07978497445583344,Mathys Tel,h,9780,OpenPlay,2024,LeftFoot,26850,Tottenham,Manchester United,1,0,2025-02-16 16:30:00,Son Heung-Min,Pass
617811,48,MissedShots,0.88,0.385,0.015523633919656277,Kevin Danso,h,5261,FromCorner,2024,Head,26850,Tottenham,Manchester United,1,0,2025-02-16 16:30:00,Pedro Porro,OffsideProvoked
617812,48,MissedShots,0.8440000152587891,0.5870000076293945,0.04597165435552597,Lucas Bergvall,h,12912,FromCorner,2024,LeftFoot,26850,Tottenham,Manchester United,1,0,2025-02-16 16:30:00,Ben Davies,Pass
617813,48,SavedShot,0.850999984741211,0.46,0.06028857082128525,Mathys Tel,h,9780,FromCorner,2024,RightFoot,26850,Tottenham,Manchester United,1,0,2025-02-16 16:30:00,Kevin Danso,None
617814,52,MissedShots,0.895,0.5990000152587891,0.11713530868291855,Dejan Kulusevski,h,6691,OpenPlay,2024,LeftFoot,26850,Tottenham,Manchester United,1,0,2025-02-16 16:30:00,Djed Spence,Pass
617815,52,MissedShots,0.914000015258789,0.45,0.1464894413948059,Mathys Tel,h,9780,OpenPlay,2024,LeftFoot,26850,Tottenham,Manchester United,1,0,2025-02-16 16:30:00,Dejan Kulusevski,Rebound
617818,60,BlockedShot,0.875,0.5840000152587891,0.13955560326576233,Mathys Tel,h,9780,OpenPlay,2024,LeftFoot,26850,Tottenham,Manchester United,1,0,2025-02-16 16:30:00,James Maddison,Throughball
617819,60,BlockedShot,0.850999984741211,0.5629999923706055,0.056955933570861816,Son Heung-Min,h,453,FromCorner,2024,RightFoot,26850,Tottenham,Manchester United,1,0,2025-02-16 16:30:00,,None
617820,61,MissedShots,0.8909999847412109,0.45799999237060546,0.039494678378105164,Rodrigo Bentancur,h,6108,FromCorner,2024,OtherBodyPart,26850,Tottenham,Manchester United,1,0,2025-02-16 16:30:00,Pedro Porro,Aerial
617821,61,BlockedShot,0.87,0.6079999923706054,0.047669488936662674,Mathys Tel,h,9780,FromCorner,2024,RightFoot,26850,Tottenham,Manchester United,1,0,2025-02-16 16:30:00,Lucas Bergvall,BallTouch
617822,65,BlockedShot,0.9340000152587891,0.6519999694824219,0.03616033121943474,Dejan Kulusevski,h,6691,SetPiece,2024,LeftFoot,26850,Tottenham,Manchester United,1,0,2025-02-16 16:30:00,Son Heung-Min,Cross
617823,67,SavedShot,0.710999984741211,0.6419999694824219,0.011244582943618298,Djed Spence,h,10764,OpenPlay,2024,RightFoot,26850,Tottenham,Manchester United,1,0,2025-02-16 16:30:00,Rodrigo Bentancur,TakeOn
617824,68,BlockedShot,0.895,0.6580000305175782,0.0922863781452179,Son Heung-Min,h,453,OpenPlay,2024,LeftFoot,26850,Tottenham,Manchester United,1,0,2025-02-16 16:30:00,Pape Sarr,Pass
617827,74,SavedShot,0.7869999694824219,0.5540000152587891,0.04039204865694046,Mathys Tel,h,9780,OpenPlay,2024,RightFoot,26850,Tottenham,Manchester United,1,0,2025-02-16 16:30:00,Son Heung-Min,Pass
617828,78,BlockedShot,0.8080000305175781,0.5129999923706055,0.034171491861343384,Yves Bissouma,h,5609,FromCorner,2024,RightFoot,26850,Tottenham,Manchester United,1,0,2025-02-16 16:30:00,Pedro Porro,Cross
617829,78,SavedShot,0.8769999694824219,0.385,0.08467981219291687,Dejan Kulusevski,h,6691,OpenPlay,2024,LeftFoot,26850,Tottenham,Manchester United,1,0,2025-02-16 16:30:00,Son Heung-Min,Pass
617834,89,BlockedShot,0.875,0.649000015258789,0.08341953903436661,Mathys Tel,h,9780,OpenPlay,2024,LeftFoot,26850,Tottenham,Manchester United,1,0,2025-02-16 16:30:00,Pape Sarr,Pass
617835,90,BlockedShot,0.850999984741211,0.4329999923706055,0.0947122573852539,Ben Davies,h,660,SetPiece,2024,RightFoot,26850,Tottenham,Manchester United,1,0,2025-02-16 16:30:00,,TakeOn
617798,9,SavedShot,0.914000015258789,0.2979999923706055,0.04456302523612976,Rasmus Højlund,a,11055,OpenPlay,2024,LeftFoot,26850,Tottenham,Manchester United,1,0,2025-02-16 16:30:00,Harry Maguire,Chipped
617799,9,SavedShot,0.8480000305175781,0.7319999694824219,0.029734758660197258,Alejandro Garnacho,a,10552,OpenPlay,2024,RightFoot,26850,Tottenham,Manchester United,1,0,2025-02-16 16:30:00,Matthijs de Ligt,Pass
617800,9,MissedShots,0.9619999694824218,0.3970000076293945,0.10965963453054428,Diogo Dalot,a,7281,OpenPlay,2024,RightFoot,26850,Tottenham,Manchester United,1,0,2025-02-16 16:30:00,,Rebound
617801,10,MissedShots,0.845999984741211,0.7269999694824218,0.027864953503012657,Patrick Dorgu,a,11944,FromCorner,2024,LeftFoot,26850,Tottenham,Manchester United,1,0,2025-02-16 16:30:00,Bruno Fernandes,Cross
617806,21,MissedShots,0.7619999694824219,0.664000015258789,0.01921289972960949,Joshua Zirkzee,a,8044,OpenPlay,2024,RightFoot,26850,Tottenham,Manchester United,1,0,2025-02-16 16:30:00,Patrick Dorgu,Pass
617807,22,MissedShots,0.904000015258789,0.615,0.3035920262336731,Alejandro Garnacho,a,10552,OpenPlay,2024,RightFoot,26850,Tottenham,Manchester United,1,0,2025-02-16 16:30:00,Bruno Fernandes,Pass
617808,24,BlockedShot,0.725999984741211,0.509000015258789,0.017189664766192436,Bruno Fernandes,a,1228,OpenPlay,2024,RightFoot,26850,Tottenham,Manchester United,1,0,2025-02-16 16:30:00,Alejandro Garnacho,Pass
617810,39,MissedShots,0.9169999694824219,0.5459999847412109,0.05016190931200981,Matthijs de Ligt,a,7902,SetPiece,2024,Head,26850,Tottenham,Manchester United,1,0,2025-02-16 16:30:00,Casemiro,Aerial
617816,54,SavedShot,0.8909999847412109,0.35700000762939454,0.10670050978660583,Alejandro Garnacho,a,10552,OpenPlay,2024,RightFoot,26850,Tottenham,Manchester United,1,0,2025-02-16 16:30:00,Joshua Zirkzee,Throughball
617817,57,SavedShot,0.8690000152587891,0.6419999694824219,0.05132530629634857,Alejandro Garnacho,a,10552,OpenPlay,2024,RightFoot,26850,Tottenham,Manchester United,1,0,2025-02-16 16:30:00,,None
617825,71,MissedShots,0.924000015258789,0.47299999237060547,0.29604607820510864,Joshua Zirkzee,a,8044,OpenPlay,2024,Head,26850,Tottenham,Manchester United,1,0,2025-02-16 16:30:00,Noussair Mazraoui,Cross
617826,71,SavedShot,0.874000015258789,0.6869999694824219,0.04794329032301903,Rasmus Højlund,a,11055,OpenPlay,2024,RightFoot,26850,Tottenham,Manchester United,1,0,2025-02-16 16:30:00,Casemiro,Pass
617830,78,BlockedShot,0.924000015258789,0.7019999694824218,0.0836716741323471,Rasmus Højlund,a,11055,OpenPlay,2024,LeftFoot,26850,Tottenham,Manchester United,1,0,2025-02-16 16:30:00,Patrick Dorgu,Pass
617831,83,BlockedShot,0.9130000305175782,0.5220000076293946,0.03430583328008652,Matthijs de Ligt,a,7902,FromCorner,2024,Head,26850,Tottenham,Manchester United,1,0,2025-02-16 16:30:00,Bruno Fernandes,Aerial
617832,84,BlockedShot,0.9119999694824219,0.585999984741211,0.1002102792263031,Casemiro,a,2248,FromCorner,2024,LeftFoot,26850,Tottenham,Manchester United,1,0,2025-02-16 16:30:00,,Rebound
617833,88,SavedShot,0.9259999847412109,0.509000015258789,0.11103316396474838,Casemiro,a,2248,FromCorner,2024,Head,26850,Tottenham,Manchester United,1,0,2025-02-16 16:30:00,Bruno Fernandes,Cross
618423,0,SavedShot,0.899000015258789,0.6559999847412109,0.0771448165178299,Liam Delap,h,8868,OpenPlay,2024,LeftFoot,26857,Ipswich,Tottenham,1,4,2025-02-22 15:00:00,Jens Cajuste,Pass
618424,0,BlockedShot,0.924000015258789,0.3990000152587891,0.10446411371231079,Jaden Philogene-Bidace,h,9415,OpenPlay,2024,RightFoot,26857,Ipswich,Tottenham,1,4,2025-02-22 15:00:00,Omari Hutchinson,Rebound
618425,2,MissedShots,0.945,0.6079999923706054,0.10584486275911331,Liam Delap,h,8868,OpenPlay,2024,RightFoot,26857,Ipswich,Tottenham,1,4,2025-02-22 15:00:00,Leif Davis,Pass
618426,5,ShotOnPost,0.904000015258789,0.44299999237060544,0.08390778303146362,Liam Delap,h,8868,SetPiece,2024,Head,26857,Ipswich,Tottenham,1,4,2025-02-22 15:00:00,Kalvin Phillips,Cross
618427,5,MissedShots,0.835999984741211,0.495,0.06630437076091766,Jaden Philogene-Bidace,h,9415,SetPiece,2024,RightFoot,26857,Ipswich,Tottenham,1,4,2025-02-22 15:00:00,Jack Clarke,HeadPass
618428,6,BlockedShot,0.8190000152587891,0.3060000038146973,0.03149501606822014,Jaden Philogene-Bidace,h,9415,OpenPlay,2024,LeftFoot,26857,Ipswich,Tottenham,1,4,2025-02-22 15:00:00,Omari Hutchinson,Pass
618432,19,SavedShot,0.8590000152587891,0.49400001525878906,0.026465460658073425,Jack Clarke,h,13019,OpenPlay,2024,Head,26857,Ipswich,Tottenham,1,4,2025-02-22 15:00:00,Omari Hutchinson,Cross
618433,20,BlockedShot,0.76,0.47900001525878905,0.025172265246510506,Liam Delap,h,8868,OpenPlay,2024,RightFoot,26857,Ipswich,Tottenham,1,4,2025-02-22 15:00:00,Jaden Philogene-Bidace,Pass
618434,20,MissedShots,0.749000015258789,0.6730000305175782,0.013988806866109371,Jaden Philogene-Bidace,h,9415,FromCorner,2024,RightFoot,26857,Ipswich,Tottenham,1,4,2025-02-22 15:00:00,,TakeOn
618435,23,SavedShot,0.7809999847412109,0.6320000076293946,0.026333995163440704,Liam Delap,h,8868,OpenPlay,2024,RightFoot,26857,Ipswich,Tottenham,1,4,2025-02-22 15:00:00,Leif Davis,Pass
618438,35,Goal,0.8540000152587891,0.575,0.2994804382324219,Omari Hutchinson,h,10348,OpenPlay,2024,LeftFoot,26857,Ipswich,Tottenham,1,4,2025-02-22 15:00:00,Jack Clarke,Pass
618439,38,SavedShot,0.8130000305175781,0.5359999847412109,0.04873110353946686,Omari Hutchinson,h,10348,OpenPlay,2024,RightFoot,26857,Ipswich,Tottenham,1,4,2025-02-22 15:00:00,Jack Clarke,Pass
618442,59,BlockedShot,0.79,0.38799999237060545,0.08874871581792831,Omari Hutchinson,h,10348,DirectFreekick,2024,LeftFoot,26857,Ipswich,Tottenham,1,4,2025-02-22 15:00:00,,Standard
618443,59,BlockedShot,0.7880000305175782,0.38799999237060545,0.019683774560689926,Kalvin Phillips,h,8719,SetPiece,2024,RightFoot,26857,Ipswich,Tottenham,1,4,2025-02-22 15:00:00,,Rebound
618445,70,BlockedShot,0.8880000305175781,0.56,0.07830605655908585,Nathan Broadhead,h,9406,OpenPlay,2024,RightFoot,26857,Ipswich,Tottenham,1,4,2025-02-22 15:00:00,Jaden Philogene-Bidace,Cross
618448,86,MissedShots,0.975,0.6609999847412109,0.009452498517930508,Dara O&#039;Shea,h,8756,FromCorner,2024,Head,26857,Ipswich,Tottenham,1,4,2025-02-22 15:00:00,Leif Davis,Cross
618449,93,BlockedShot,0.855999984741211,0.33,0.058172401040792465,Omari Hutchinson,h,10348,OpenPlay,2024,LeftFoot,26857,Ipswich,Tottenham,1,4,2025-02-22 15:00:00,Sam Morsy,Pass
618429,12,BlockedShot,0.8469999694824218,0.67,0.03686922416090965,Lucas Bergvall,a,12912,OpenPlay,2024,RightFoot,26857,Ipswich,Tottenham,1,4,2025-02-22 15:00:00,Son Heung-Min,Pass
618430,17,MissedShots,0.9719999694824218,0.6730000305175782,0.05141005665063858,Son Heung-Min,a,453,OpenPlay,2024,LeftFoot,26857,Ipswich,Tottenham,1,4,2025-02-22 15:00:00,Archie Gray,Chipped
618431,17,Goal,0.9740000152587891,0.4809999847412109,0.8625643253326416,Brennan Johnson,a,10760,OpenPlay,2024,RightFoot,26857,Ipswich,Tottenham,1,4,2025-02-22 15:00:00,Son Heung-Min,Rebound
618436,25,Goal,0.875999984741211,0.44099998474121094,0.11762532591819763,Brennan Johnson,a,10760,OpenPlay,2024,LeftFoot,26857,Ipswich,Tottenham,1,4,2025-02-22 15:00:00,Son Heung-Min,Pass
618437,26,SavedShot,0.9280000305175782,0.6659999847412109,0.11869212985038757,Son Heung-Min,a,453,OpenPlay,2024,LeftFoot,26857,Ipswich,Tottenham,1,4,2025-02-22 15:00:00,Dejan Kulusevski,Pass
618440,40,SavedShot,0.8669999694824219,0.36900001525878906,0.08096645027399063,Rodrigo Bentancur,a,6108,OpenPlay,2024,RightFoot,26857,Ipswich,Tottenham,1,4,2025-02-22 15:00:00,,BallRecovery
618441,45,BlockedShot,0.8519999694824218,0.6580000305175782,0.08556574583053589,Son Heung-Min,a,453,OpenPlay,2024,RightFoot,26857,Ipswich,Tottenham,1,4,2025-02-22 15:00:00,Dejan Kulusevski,Pass
618444,61,BlockedShot,0.91,0.34900001525878904,0.10398492962121964,Brennan Johnson,a,10760,OpenPlay,2024,RightFoot,26857,Ipswich,Tottenham,1,4,2025-02-22 15:00:00,Dejan Kulusevski,Pass
618446,76,Goal,0.87,0.6020000076293945,0.09795958548784256,Djed Spence,a,10764,OpenPlay,2024,RightFoot,26857,Ipswich,Tottenham,1,4,2025-02-22 15:00:00,James Maddison,Pass
618447,83,Goal,0.8469999694824218,0.34,0.07612059265375137,Dejan Kulusevski,a,6691,OpenPlay,2024,LeftFoot,26857,Ipswich,Tottenham,1,4,2025-02-22 15:00:00,Dane Scarlett,HeadPass
619567,5,SavedShot,0.915,0.5990000152587891,0.054907821118831635,Mathys Tel,h,9780,FromCorner,2024,RightFoot,26865,Tottenham,Manchester City,0,1,2025-02-26 19:30:00,James Maddison,Cross
619575,44,SavedShot,0.8490000152587891,0.5120000076293946,0.021459266543388367,Kevin Danso,h,5261,SetPiece,2024,Head,26865,Tottenham,Manchester City,0,1,2025-02-26 19:30:00,Pedro Porro,Cross
619578,54,MissedShots,0.9540000152587891,0.5659999847412109,0.4394040107727051,Wilson Odobert,h,10822,OpenPlay,2024,LeftFoot,26865,Tottenham,Manchester City,0,1,2025-02-26 19:30:00,Pedro Porro,Cross
619579,59,SavedShot,0.885,0.5479999923706055,0.055044881999492645,Kevin Danso,h,5261,SetPiece,2024,Head,26865,Tottenham,Manchester City,0,1,2025-02-26 19:30:00,Pedro Porro,Cross
619580,60,SavedShot,0.875,0.6719999694824219,0.04709639027714729,Wilson Odobert,h,10822,OpenPlay,2024,RightFoot,26865,Tottenham,Manchester City,0,1,2025-02-26 19:30:00,James Maddison,Pass
619581,61,BlockedShot,0.8780000305175781,0.46599998474121096,0.021594803780317307,Rodrigo Bentancur,h,6108,OpenPlay,2024,Head,26865,Tottenham,Manchester City,0,1,2025-02-26 19:30:00,Pedro Porro,Aerial
619582,62,SavedShot,0.9219999694824219,0.5179999923706055,0.10380952805280685,Rodrigo Bentancur,h,6108,FromCorner,2024,Head,26865,Tottenham,Manchester City,0,1,2025-02-26 19:30:00,James Maddison,Cross
619584,66,MissedShots,0.945,0.5429999923706055,0.12425108999013901,Brennan Johnson,h,10760,FromCorner,2024,Head,26865,Tottenham,Manchester City,0,1,2025-02-26 19:30:00,James Maddison,Cross
619585,68,BlockedShot,0.89,0.5879999923706055,0.09113761782646179,Pape Sarr,h,9021,OpenPlay,2024,RightFoot,26865,Tottenham,Manchester City,0,1,2025-02-26 19:30:00,Djed Spence,Pass
619587,83,SavedShot,0.875999984741211,0.4179999923706055,0.08932241797447205,Son Heung-Min,h,453,OpenPlay,2024,RightFoot,26865,Tottenham,Manchester City,0,1,2025-02-26 19:30:00,Brennan Johnson,Pass
619589,97,MissedShots,0.9080000305175782,0.56,0.23623055219650269,Pape Sarr,h,9021,OpenPlay,2024,Head,26865,Tottenham,Manchester City,0,1,2025-02-26 19:30:00,Son Heung-Min,Pass
619568,6,SavedShot,0.9119999694824219,0.5120000076293946,0.4735439419746399,Erling Haaland,a,8260,OpenPlay,2024,RightFoot,26865,Tottenham,Manchester City,0,1,2025-02-26 19:30:00,Matheus Nunes,Pass
619569,11,Goal,0.9319999694824219,0.5020000076293946,0.5715054273605347,Erling Haaland,a,8260,OpenPlay,2024,LeftFoot,26865,Tottenham,Manchester City,0,1,2025-02-26 19:30:00,,None
619570,20,SavedShot,0.8019999694824219,0.49400001525878906,0.08155591785907745,Jéremy Doku,a,8981,OpenPlay,2024,RightFoot,26865,Tottenham,Manchester City,0,1,2025-02-26 19:30:00,Nico González,TakeOn
619571,26,MissedShots,0.9119999694824219,0.43,0.32170483469963074,Sávio,a,11735,OpenPlay,2024,LeftFoot,26865,Tottenham,Manchester City,0,1,2025-02-26 19:30:00,Jéremy Doku,Cross
619572,29,SavedShot,0.924000015258789,0.515,0.550898015499115,Erling Haaland,a,8260,OpenPlay,2024,LeftFoot,26865,Tottenham,Manchester City,0,1,2025-02-26 19:30:00,Jéremy Doku,Pass
619573,31,BlockedShot,0.8830000305175781,0.3970000076293945,0.09057964384555817,Sávio,a,11735,OpenPlay,2024,LeftFoot,26865,Tottenham,Manchester City,0,1,2025-02-26 19:30:00,Abduqodir Khusanov,Chipped
619574,34,BlockedShot,0.745999984741211,0.34799999237060547,0.048617955297231674,Omar Marmoush,a,8393,DirectFreekick,2024,RightFoot,26865,Tottenham,Manchester City,0,1,2025-02-26 19:30:00,,Standard
619576,50,MissedShots,0.84,0.66,0.06335173547267914,Jéremy Doku,a,8981,SetPiece,2024,RightFoot,26865,Tottenham,Manchester City,0,1,2025-02-26 19:30:00,,TakeOn
619577,53,BlockedShot,0.835999984741211,0.3990000152587891,0.06686490774154663,Sávio,a,11735,OpenPlay,2024,LeftFoot,26865,Tottenham,Manchester City,0,1,2025-02-26 19:30:00,Josko Gvardiol,Pass
619583,64,BlockedShot,0.7919999694824219,0.3970000076293945,0.040298569947481155,Sávio,a,11735,OpenPlay,2024,LeftFoot,26865,Tottenham,Manchester City,0,1,2025-02-26 19:30:00,Omar Marmoush,Pass
619586,82,BlockedShot,0.775,0.34,0.01058797724545002,Sávio,a,11735,SetPiece,2024,LeftFoot,26865,Tottenham,Manchester City,0,1,2025-02-26 19:30:00,,Aerial
619588,87,SavedShot,0.86,0.3270000076293945,0.06690571457147598,Sávio,a,11735,OpenPlay,2024,LeftFoot,26865,Tottenham,Manchester City,0,1,2025-02-26 19:30:00,Erling Haaland,Pass
621800,5,BlockedShot,0.9530000305175781,0.44299999237060544,0.06324715912342072,Dominic Solanke,h,1679,FromCorner,2024,Head,26879,Tottenham,Bournemouth,2,2,2025-03-09 14:00:00,Pedro Porro,Aerial
621801,5,MissedShots,0.98,0.4520000076293945,0.1276262402534485,Kevin Danso,h,5261,FromCorner,2024,RightFoot,26879,Tottenham,Bournemouth,2,2,2025-03-09 14:00:00,Dominic Solanke,BallTouch
621802,9,BlockedShot,0.8730000305175781,0.620999984741211,0.08648716658353806,Yves Bissouma,h,5609,OpenPlay,2024,RightFoot,26879,Tottenham,Bournemouth,2,2,2025-03-09 14:00:00,Pape Sarr,Pass
621806,21,SavedShot,0.9059999847412109,0.4129999923706055,0.04848666116595268,Dominic Solanke,h,1679,OpenPlay,2024,Head,26879,Tottenham,Bournemouth,2,2,2025-03-09 14:00:00,Pedro Porro,Cross
621809,47,BlockedShot,0.77,0.4879999923706055,0.02803182043135166,Wilson Odobert,h,10822,OpenPlay,2024,LeftFoot,26879,Tottenham,Bournemouth,2,2,2025-03-09 14:00:00,,None
621810,53,BlockedShot,0.825,0.6480000305175782,0.040160417556762695,Son Heung-Min,h,453,OpenPlay,2024,RightFoot,26879,Tottenham,Bournemouth,2,2,2025-03-09 14:00:00,Pape Sarr,Pass
621811,54,SavedShot,0.8959999847412109,0.5320000076293945,0.05347302183508873,Cristian Romero,h,7218,FromCorner,2024,Head,26879,Tottenham,Bournemouth,2,2,2025-03-09 14:00:00,Pedro Porro,Cross
621815,62,MissedShots,0.8590000152587891,0.4809999847412109,0.08957868069410324,Pape Sarr,h,9021,OpenPlay,2024,RightFoot,26879,Tottenham,Bournemouth,2,2,2025-03-09 14:00:00,James Maddison,Pass
621817,65,ShotOnPost,0.74,0.5670000076293945,0.014400861226022243,Lucas Bergvall,h,12912,OpenPlay,2024,RightFoot,26879,Tottenham,Bournemouth,2,2,2025-03-09 14:00:00,Son Heung-Min,Pass
621818,66,Goal,0.7909999847412109,0.19,0.013739526271820068,Pape Sarr,h,9021,OpenPlay,2024,RightFoot,26879,Tottenham,Bournemouth,2,2,2025-03-09 14:00:00,Lucas Bergvall,Pass
621823,83,Goal,0.885,0.5,0.7611688375473022,Son Heung-Min,h,453,Penalty,2024,RightFoot,26879,Tottenham,Bournemouth,2,2,2025-03-09 14:00:00,,Standard
621825,95,BlockedShot,0.8680000305175781,0.28600000381469726,0.024127617478370667,James Maddison,h,6818,OpenPlay,2024,RightFoot,26879,Tottenham,Bournemouth,2,2,2025-03-09 14:00:00,Pape Sarr,TakeOn
621797,0,SavedShot,0.84,0.500999984741211,0.07332805544137955,Evanilson,a,12963,OpenPlay,2024,RightFoot,26879,Tottenham,Bournemouth,2,2,2025-03-09 14:00:00,,BallRecovery
621798,3,SavedShot,0.8980000305175782,0.575,0.3904417157173157,Justin Kluivert,a,6963,OpenPlay,2024,RightFoot,26879,Tottenham,Bournemouth,2,2,2025-03-09 14:00:00,,BallRecovery
621799,3,SavedShot,0.8830000305175781,0.45599998474121095,0.04577255621552467,Marcus Tavernier,a,10741,OpenPlay,2024,Head,26879,Tottenham,Bournemouth,2,2,2025-03-09 14:00:00,Ryan Christie,Cross
621803,18,BlockedShot,0.8080000305175781,0.5929999923706055,0.12087082862854004,Marcus Tavernier,a,10741,DirectFreekick,2024,LeftFoot,26879,Tottenham,Bournemouth,2,2,2025-03-09 14:00:00,,Standard
621804,18,BlockedShot,0.8669999694824219,0.495,0.08802178502082825,Antoine Semenyo,a,11363,SetPiece,2024,RightFoot,26879,Tottenham,Bournemouth,2,2,2025-03-09 14:00:00,,Rebound
621805,18,SavedShot,0.8640000152587891,0.515,0.0476032979786396,Evanilson,a,12963,SetPiece,2024,RightFoot,26879,Tottenham,Bournemouth,2,2,2025-03-09 14:00:00,Marcus Tavernier,Cross
621807,33,BlockedShot,0.75,0.495,0.018999475985765457,Tyler Adams,a,7352,OpenPlay,2024,RightFoot,26879,Tottenham,Bournemouth,2,2,2025-03-09 14:00:00,Evanilson,Pass
621808,41,Goal,0.9390000152587891,0.45299999237060545,0.5758326053619385,Marcus Tavernier,a,10741,OpenPlay,2024,RightFoot,26879,Tottenham,Bournemouth,2,2,2025-03-09 14:00:00,Milos Kerkez,Cross
621812,58,BlockedShot,0.9340000152587891,0.6869999694824219,0.07052377611398697,Antoine Semenyo,a,11363,OpenPlay,2024,LeftFoot,26879,Tottenham,Bournemouth,2,2,2025-03-09 14:00:00,,None
621813,59,MissedShots,0.8809999847412109,0.4329999923706055,0.013318185694515705,James Hill,a,10747,FromCorner,2024,Head,26879,Tottenham,Bournemouth,2,2,2025-03-09 14:00:00,Ryan Christie,Aerial
621814,61,SavedShot,0.93,0.7730000305175782,0.04213298484683037,Milos Kerkez,a,11709,OpenPlay,2024,LeftFoot,26879,Tottenham,Bournemouth,2,2,2025-03-09 14:00:00,Antoine Semenyo,Pass
621816,64,Goal,0.8819999694824219,0.5470000076293945,0.41193878650665283,Evanilson,a,12963,OpenPlay,2024,LeftFoot,26879,Tottenham,Bournemouth,2,2,2025-03-09 14:00:00,Justin Kluivert,Throughball
621819,72,ShotOnPost,0.9440000152587891,0.3120000076293945,0.10193479806184769,Justin Kluivert,a,6963,OpenPlay,2024,RightFoot,26879,Tottenham,Bournemouth,2,2,2025-03-09 14:00:00,Marcus Tavernier,Pass
621820,72,BlockedShot,0.855,0.62,0.11821861565113068,Dango Ouattara,a,9662,OpenPlay,2024,RightFoot,26879,Tottenham,Bournemouth,2,2,2025-03-09 14:00:00,,Rebound
621821,73,MissedShots,0.9669999694824218,0.5879999923706055,0.032703571021556854,Dean Huijsen,a,11943,FromCorner,2024,Head,26879,Tottenham,Bournemouth,2,2,2025-03-09 14:00:00,,Aerial
621822,78,MissedShots,0.9530000305175781,0.5779999923706055,0.0419086292386055,Dean Huijsen,a,11943,FromCorner,2024,Head,26879,Tottenham,Bournemouth,2,2,2025-03-09 14:00:00,Marcus Tavernier,Aerial
621824,90,SavedShot,0.9119999694824219,0.5420000076293945,0.05450211837887764,Alex Scott,a,12149,OpenPlay,2024,Head,26879,Tottenham,Bournemouth,2,2,2025-03-09 14:00:00,,None
623230,30,BlockedShot,0.740999984741211,0.485,0.017930414527654648,Joachim Andersen,h,6314,OpenPlay,2024,LeftFoot,26886,Fulham,Tottenham,2,0,2025-03-16 13:30:00,Andreas Pereira,Pass
623231,30,BlockedShot,0.7519999694824219,0.49599998474121093,0.017435597255825996,Andreas Pereira,h,922,FromCorner,2024,RightFoot,26886,Fulham,Tottenham,2,0,2025-03-16 13:30:00,,None
623232,33,SavedShot,0.884000015258789,0.39299999237060546,0.07384104281663895,Timothy Castagne,h,6157,OpenPlay,2024,LeftFoot,26886,Fulham,Tottenham,2,0,2025-03-16 13:30:00,,None
623233,39,BlockedShot,0.894000015258789,0.565,0.09926941245794296,Alex Iwobi,h,500,OpenPlay,2024,RightFoot,26886,Fulham,Tottenham,2,0,2025-03-16 13:30:00,,Dispossessed
623234,41,BlockedShot,0.8980000305175782,0.4879999923706055,0.029614008963108063,Joachim Andersen,h,6314,FromCorner,2024,Head,26886,Fulham,Tottenham,2,0,2025-03-16 13:30:00,Andreas Pereira,CornerAwarded
623235,43,BlockedShot,0.8209999847412109,0.43599998474121093,0.04182836785912514,Raúl Jiménez,h,4105,OpenPlay,2024,RightFoot,26886,Fulham,Tottenham,2,0,2025-03-16 13:30:00,Timothy Castagne,HeadPass
623238,50,BlockedShot,0.8130000305175781,0.5359999847412109,0.057456422597169876,Willian,h,700,OpenPlay,2024,RightFoot,26886,Fulham,Tottenham,2,0,2025-03-16 13:30:00,Raúl Jiménez,Pass
623239,50,MissedShots,0.815,0.56,0.03555576130747795,Emile Smith-Rowe,h,7230,FromCorner,2024,LeftFoot,26886,Fulham,Tottenham,2,0,2025-03-16 13:30:00,,None
623246,75,MissedShots,0.7980000305175782,0.6769999694824219,0.02360101044178009,Willian,h,700,OpenPlay,2024,RightFoot,26886,Fulham,Tottenham,2,0,2025-03-16 13:30:00,,None
623247,77,Goal,0.8690000152587891,0.49599998474121093,0.372164249420166,Rodrigo Muniz,h,10717,OpenPlay,2024,RightFoot,26886,Fulham,Tottenham,2,0,2025-03-16 13:30:00,Andreas Pereira,Pass
623249,87,Goal,0.8690000152587891,0.5970000076293945,0.11756441742181778,Ryan Sessegnon,h,6837,OpenPlay,2024,RightFoot,26886,Fulham,Tottenham,2,0,2025-03-16 13:30:00,,TakeOn
623251,90,MissedShots,0.8859999847412109,0.5890000152587891,0.09765923768281937,Andreas Pereira,h,922,SetPiece,2024,RightFoot,26886,Fulham,Tottenham,2,0,2025-03-16 13:30:00,Rodrigo Muniz,Pass
623252,90,SavedShot,0.9269999694824219,0.44799999237060545,0.05574508756399155,Rodrigo Muniz,h,10717,SetPiece,2024,Head,26886,Fulham,Tottenham,2,0,2025-03-16 13:30:00,Ryan Sessegnon,Aerial
623229,14,MissedShots,0.915,0.4879999923706055,0.03898044303059578,Rodrigo Bentancur,a,6108,FromCorner,2024,Head,26886,Fulham,Tottenham,2,0,2025-03-16 13:30:00,Archie Gray,Aerial
623236,45,BlockedShot,0.93,0.4759999847412109,0.052584458142519,Rodrigo Bentancur,a,6108,FromCorner,2024,Head,26886,Fulham,Tottenham,2,0,2025-03-16 13:30:00,,Foul
623237,46,BlockedShot,0.8430000305175781,0.35200000762939454,0.03248606249690056,Rodrigo Bentancur,a,6108,FromCorner,2024,RightFoot,26886,Fulham,Tottenham,2,0,2025-03-16 13:30:00,Son Heung-Min,Pass
623240,52,MissedShots,0.8869999694824219,0.5579999923706055,0.05379272252321243,Dominic Solanke,a,1679,OpenPlay,2024,Head,26886,Fulham,Tottenham,2,0,2025-03-16 13:30:00,Lucas Bergvall,Cross
623241,54,MissedShots,0.85,0.544000015258789,0.00879664346575737,Dominic Solanke,a,1679,SetPiece,2024,Head,26886,Fulham,Tottenham,2,0,2025-03-16 13:30:00,Son Heung-Min,Aerial
623242,60,BlockedShot,0.8280000305175781,0.35,0.03369496390223503,Lucas Bergvall,a,12912,OpenPlay,2024,RightFoot,26886,Fulham,Tottenham,2,0,2025-03-16 13:30:00,Mathys Tel,Pass
623243,65,SavedShot,0.865,0.5120000076293946,0.012246840633451939,Ben Davies,a,660,SetPiece,2024,Head,26886,Fulham,Tottenham,2,0,2025-03-16 13:30:00,Mathys Tel,Aerial
623244,68,SavedShot,0.799000015258789,0.3089999961853027,0.024770639836788177,Mathys Tel,a,9780,OpenPlay,2024,LeftFoot,26886,Fulham,Tottenham,2,0,2025-03-16 13:30:00,Rodrigo Bentancur,Pass
623245,68,MissedShots,0.9269999694824219,0.5329999923706055,0.5533648133277893,Dominic Solanke,a,1679,OpenPlay,2024,RightFoot,26886,Fulham,Tottenham,2,0,2025-03-16 13:30:00,James Maddison,Pass
623248,82,BlockedShot,0.9290000152587891,0.6790000152587891,0.06487483531236649,Son Heung-Min,a,453,OpenPlay,2024,LeftFoot,26886,Fulham,Tottenham,2,0,2025-03-16 13:30:00,Iyenoma Destiny Udogie,Pass
623250,89,SavedShot,0.8769999694824219,0.585,0.2694910168647766,Dane Scarlett,a,9332,OpenPlay,2024,Head,26886,Fulham,Tottenham,2,0,2025-03-16 13:30:00,Djed Spence,Chipped
623253,93,SavedShot,0.8869999694824219,0.6459999847412109,0.2635710537433624,Dominic Solanke,a,1679,OpenPlay,2024,LeftFoot,26886,Fulham,Tottenham,2,0,2025-03-16 13:30:00,Son Heung-Min,Pass
625249,1,BlockedShot,0.8390000152587891,0.3679999923706055,0.05470385029911995,Pedro Neto,h,6382,OpenPlay,2024,LeftFoot,26897,Chelsea,Tottenham,1,0,2025-04-03 19:00:00,,BallTouch
625251,6,MissedShots,0.845,0.3729999923706055,0.0529167503118515,Malo Gusto,h,9017,OpenPlay,2024,RightFoot,26897,Chelsea,Tottenham,1,0,2025-04-03 19:00:00,,None
625252,10,BlockedShot,0.8030000305175782,0.57,0.07216566801071167,Jadon Sancho,h,6345,OpenPlay,2024,RightFoot,26897,Chelsea,Tottenham,1,0,2025-04-03 19:00:00,Cole Palmer,Pass
625253,13,SavedShot,0.8030000305175782,0.62,0.036877576261758804,Nicolas Jackson,h,10048,OpenPlay,2024,RightFoot,26897,Chelsea,Tottenham,1,0,2025-04-03 19:00:00,,None
625254,28,MissedShots,0.8490000152587891,0.6559999847412109,0.09395576268434525,Nicolas Jackson,h,10048,OpenPlay,2024,RightFoot,26897,Chelsea,Tottenham,1,0,2025-04-03 19:00:00,Pedro Neto,BallRecovery
625256,43,SavedShot,0.914000015258789,0.6170000076293946,0.26654860377311707,Jadon Sancho,h,6345,OpenPlay,2024,RightFoot,26897,Chelsea,Tottenham,1,0,2025-04-03 19:00:00,Pedro Neto,Cross
625257,49,SavedShot,0.8809999847412109,0.669000015258789,0.06821193546056747,Cole Palmer,h,8497,OpenPlay,2024,LeftFoot,26897,Chelsea,Tottenham,1,0,2025-04-03 19:00:00,Jadon Sancho,Pass
625258,49,Goal,0.9430000305175781,0.4829999923706055,0.5040026903152466,Enzo Fernández,h,11356,OpenPlay,2024,Head,26897,Chelsea,Tottenham,1,0,2025-04-03 19:00:00,Cole Palmer,Cross
625259,53,MissedShots,0.8669999694824219,0.4640000152587891,0.09955862909555435,Enzo Fernández,h,11356,OpenPlay,2024,RightFoot,26897,Chelsea,Tottenham,1,0,2025-04-03 19:00:00,,None
625260,63,MissedShots,0.7669999694824219,0.22,0.021661432459950447,Pedro Neto,h,6382,OpenPlay,2024,LeftFoot,26897,Chelsea,Tottenham,1,0,2025-04-03 19:00:00,Malo Gusto,Pass
625265,82,SavedShot,0.879000015258789,0.735999984741211,0.03382265940308571,Cole Palmer,h,8497,OpenPlay,2024,LeftFoot,26897,Chelsea,Tottenham,1,0,2025-04-03 19:00:00,Malo Gusto,Pass
625250,1,BlockedShot,0.905,0.6769999694824219,0.0875883623957634,Son Heung-Min,a,453,OpenPlay,2024,LeftFoot,26897,Chelsea,Tottenham,1,0,2025-04-03 19:00:00,Iyenoma Destiny Udogie,Pass
625255,32,BlockedShot,0.8569999694824219,0.43900001525878907,0.09720390290021896,Lucas Bergvall,a,12912,OpenPlay,2024,LeftFoot,26897,Chelsea,Tottenham,1,0,2025-04-03 19:00:00,Wilson Odobert,Pass
625261,65,SavedShot,0.8969999694824219,0.445,0.42024582624435425,Micky van de Ven,a,10050,FromCorner,2024,RightFoot,26897,Chelsea,Tottenham,1,0,2025-04-03 19:00:00,James Maddison,None
625262,80,BlockedShot,0.7869999694824219,0.6959999847412109,0.060968536883592606,James Maddison,a,6818,DirectFreekick,2024,RightFoot,26897,Chelsea,Tottenham,1,0,2025-04-03 19:00:00,,Standard
625263,80,MissedShots,0.9069999694824219,0.610999984741211,0.022160135209560394,Pape Sarr,a,9021,FromCorner,2024,Head,26897,Chelsea,Tottenham,1,0,2025-04-03 19:00:00,Brennan Johnson,Cross
625264,80,MissedShots,0.8190000152587891,0.48700000762939455,0.05134425312280655,Djed Spence,a,10764,FromCorner,2024,RightFoot,26897,Chelsea,Tottenham,1,0,2025-04-03 19:00:00,,Rebound
625266,88,SavedShot,0.9619999694824218,0.585,0.6265213489532471,Son Heung-Min,a,453,OpenPlay,2024,LeftFoot,26897,Chelsea,Tottenham,1,0,2025-04-03 19:00:00,Brennan Johnson,Pass
625267,89,MissedShots,0.8140000152587891,0.5179999923706055,0.03784191235899925,Mathys Tel,a,9780,FromCorner,2024,LeftFoot,26897,Chelsea,Tottenham,1,0,2025-04-03 19:00:00,,None
626197,2,BlockedShot,0.8880000305175781,0.605999984741211,0.09794461727142334,Dominic Solanke,h,1679,OpenPlay,2024,LeftFoot,26910,Tottenham,Southampton,3,1,2025-04-06 13:00:00,Lucas Bergvall,Pass
626198,7,BlockedShot,0.9069999694824219,0.5579999923706055,0.13280032575130463,Brennan Johnson,h,10760,OpenPlay,2024,LeftFoot,26910,Tottenham,Southampton,3,1,2025-04-06 13:00:00,Son Heung-Min,Pass
626199,9,SavedShot,0.9209999847412109,0.49900001525878906,0.10418123006820679,Cristian Romero,h,7218,FromCorner,2024,Head,26910,Tottenham,Southampton,3,1,2025-04-06 13:00:00,Pedro Porro,Cross
626200,10,SavedShot,0.8909999847412109,0.43099998474121093,0.0985649824142456,Lucas Bergvall,h,12912,OpenPlay,2024,LeftFoot,26910,Tottenham,Southampton,3,1,2025-04-06 13:00:00,Brennan Johnson,BallTouch
626203,12,Goal,0.9130000305175782,0.4879999923706055,0.14163613319396973,Brennan Johnson,h,10760,OpenPlay,2024,LeftFoot,26910,Tottenham,Southampton,3,1,2025-04-06 13:00:00,Djed Spence,Pass
626207,25,SavedShot,0.9680000305175781,0.5670000076293945,0.43338435888290405,Cristian Romero,h,7218,SetPiece,2024,Head,26910,Tottenham,Southampton,3,1,2025-04-06 13:00:00,Pedro Porro,Cross
626208,41,Goal,0.9109999847412109,0.4859999847412109,0.45408058166503906,Brennan Johnson,h,10760,OpenPlay,2024,RightFoot,26910,Tottenham,Southampton,3,1,2025-04-06 13:00:00,James Maddison,HeadPass
626210,51,SavedShot,0.92,0.66,0.09267505258321762,Djed Spence,h,10764,OpenPlay,2024,RightFoot,26910,Tottenham,Southampton,3,1,2025-04-06 13:00:00,Dominic Solanke,Pass
626212,52,BlockedShot,0.9030000305175782,0.6940000152587891,0.13604244589805603,Son Heung-Min,h,453,OpenPlay,2024,LeftFoot,26910,Tottenham,Southampton,3,1,2025-04-06 13:00:00,James Maddison,Chipped
626214,64,SavedShot,0.8169999694824219,0.519000015258789,0.09485792368650436,Dominic Solanke,h,1679,OpenPlay,2024,LeftFoot,26910,Tottenham,Southampton,3,1,2025-04-06 13:00:00,Pedro Porro,Chipped
626217,78,MissedShots,0.71,0.41200000762939454,0.02144121751189232,Pedro Porro,h,6912,OpenPlay,2024,RightFoot,26910,Tottenham,Southampton,3,1,2025-04-06 13:00:00,Lucas Bergvall,Chipped
626218,83,MissedShots,0.8640000152587891,0.6270000076293946,0.07922354340553284,Dominic Solanke,h,1679,OpenPlay,2024,LeftFoot,26910,Tottenham,Southampton,3,1,2025-04-06 13:00:00,Yves Bissouma,Pass
626221,95,Goal,0.885,0.5,0.7611688375473022,Mathys Tel,h,9780,Penalty,2024,RightFoot,26910,Tottenham,Southampton,3,1,2025-04-06 13:00:00,,Standard
626201,11,BlockedShot,0.9780000305175781,0.5890000152587891,0.09712227433919907,Kamaldeen Sulemana,a,9630,OpenPlay,2024,LeftFoot,26910,Tottenham,Southampton,3,1,2025-04-06 13:00:00,Tyler Dibling,Cross
626202,11,BlockedShot,0.904000015258789,0.7390000152587891,0.03673456981778145,Mateus Fernandes,a,12948,OpenPlay,2024,RightFoot,26910,Tottenham,Southampton,3,1,2025-04-06 13:00:00,Ryan Manning,Pass
626204,15,BlockedShot,0.850999984741211,0.4179999923706055,0.0718316063284874,Cameron Archer,a,9912,SetPiece,2024,LeftFoot,26910,Tottenham,Southampton,3,1,2025-04-06 13:00:00,Jan Bednarek,Pass
626205,15,MissedShots,0.755,0.56,0.015610975213348866,Mateus Fernandes,a,12948,SetPiece,2024,LeftFoot,26910,Tottenham,Southampton,3,1,2025-04-06 13:00:00,Cameron Archer,Rebound
626206,15,MissedShots,0.8859999847412109,0.455,0.1027492880821228,Chimuanya Ugochukwu,a,9451,SetPiece,2024,LeftFoot,26910,Tottenham,Southampton,3,1,2025-04-06 13:00:00,Mateus Fernandes,Rebound
626209,49,SavedShot,0.78,0.2989999961853027,0.013697363436222076,Mateus Fernandes,a,12948,OpenPlay,2024,RightFoot,26910,Tottenham,Southampton,3,1,2025-04-06 13:00:00,Joe Ayodele-Aribo,Pass
626211,50,BlockedShot,0.8530000305175781,0.6580000305175782,0.06215178221464157,Joe Ayodele-Aribo,a,10766,OpenPlay,2024,LeftFoot,26910,Tottenham,Southampton,3,1,2025-04-06 13:00:00,Chimuanya Ugochukwu,Pass
626213,60,BlockedShot,0.7909999847412109,0.3,0.013866717927157879,Mateus Fernandes,a,12948,OpenPlay,2024,LeftFoot,26910,Tottenham,Southampton,3,1,2025-04-06 13:00:00,Kamaldeen Sulemana,TakeOn
626215,76,BlockedShot,0.8430000305175781,0.749000015258789,0.016706736758351326,Kamaldeen Sulemana,a,9630,OpenPlay,2024,RightFoot,26910,Tottenham,Southampton,3,1,2025-04-06 13:00:00,,None
626216,77,SavedShot,0.9109999847412109,0.73,0.02821868658065796,Kamaldeen Sulemana,a,9630,OpenPlay,2024,LeftFoot,26910,Tottenham,Southampton,3,1,2025-04-06 13:00:00,,None
626219,87,SavedShot,0.850999984741211,0.2879999923706055,0.03340929001569748,Yukinari Sugawara,a,12761,OpenPlay,2024,RightFoot,26910,Tottenham,Southampton,3,1,2025-04-06 13:00:00,Kamaldeen Sulemana,Pass
626220,89,Goal,0.9369999694824219,0.44599998474121094,0.29833105206489563,Mateus Fernandes,a,12948,OpenPlay,2024,LeftFoot,26910,Tottenham,Southampton,3,1,2025-04-06 13:00:00,Kamaldeen Sulemana,Chipped
627596,1,Goal,0.8440000152587891,0.585,0.05539344996213913,Rayan Ait Nouri,h,6674,SetPiece,2024,LeftFoot,26919,Wolverhampton Wanderers,Tottenham,4,2,2025-04-13 13:00:00,,None
627597,5,MissedShots,0.9290000152587891,0.4640000152587891,0.548841118812561,Jørgen Strand Larsen,h,11070,OpenPlay,2024,RightFoot,26919,Wolverhampton Wanderers,Tottenham,4,2,2025-04-13 13:00:00,,None
627599,11,MissedShots,0.9359999847412109,0.534000015258789,0.10683862119913101,Jørgen Strand Larsen,h,11070,OpenPlay,2024,Head,26919,Wolverhampton Wanderers,Tottenham,4,2,2025-04-13 13:00:00,Rayan Ait Nouri,Aerial
627604,37,SavedShot,0.9169999694824219,0.5720000076293945,0.04947279393672943,Marshall Munetsi,h,7908,OpenPlay,2024,Head,26919,Wolverhampton Wanderers,Tottenham,4,2,2025-04-13 13:00:00,,None
627606,46,MissedShots,0.9109999847412109,0.43200000762939456,0.15540599822998047,Pablo Sarabia,h,2199,OpenPlay,2024,Head,26919,Wolverhampton Wanderers,Tottenham,4,2,2025-04-13 13:00:00,Rayan Ait Nouri,Cross
627608,56,SavedShot,0.924000015258789,0.29200000762939454,0.0703936442732811,Jørgen Strand Larsen,h,11070,OpenPlay,2024,RightFoot,26919,Wolverhampton Wanderers,Tottenham,4,2,2025-04-13 13:00:00,Pablo Sarabia,Pass
627610,63,Goal,0.9630000305175781,0.44,0.6235001683235168,Jørgen Strand Larsen,h,11070,OpenPlay,2024,RightFoot,26919,Wolverhampton Wanderers,Tottenham,4,2,2025-04-13 13:00:00,Rayan Ait Nouri,Pass
627612,70,MissedShots,0.9290000152587891,0.539000015258789,0.06331554055213928,Emmanuel Agbadou,h,10856,SetPiece,2024,Head,26919,Wolverhampton Wanderers,Tottenham,4,2,2025-04-13 13:00:00,Pablo Sarabia,Aerial
627613,73,MissedShots,0.7559999847412109,0.5209999847412109,0.06955994665622711,Matheus Cunha,h,7080,DirectFreekick,2024,RightFoot,26919,Wolverhampton Wanderers,Tottenham,4,2,2025-04-13 13:00:00,,Standard
627614,75,BlockedShot,0.8140000152587891,0.3189999961853027,0.04152463376522064,Nélson Semedo,h,6163,OpenPlay,2024,RightFoot,26919,Wolverhampton Wanderers,Tottenham,4,2,2025-04-13 13:00:00,Matheus Cunha,Pass
627615,76,BlockedShot,0.7290000152587891,0.6419999694824219,0.015431439504027367,João Gomes,h,11384,OpenPlay,2024,RightFoot,26919,Wolverhampton Wanderers,Tottenham,4,2,2025-04-13 13:00:00,Matheus Cunha,Pass
627616,79,MissedShots,0.805,0.509000015258789,0.06063562631607056,João Gomes,h,11384,OpenPlay,2024,RightFoot,26919,Wolverhampton Wanderers,Tottenham,4,2,2025-04-13 13:00:00,Marshall Munetsi,Pass
627619,85,Goal,0.8530000305175781,0.515,0.369459867477417,Matheus Cunha,h,7080,OpenPlay,2024,RightFoot,26919,Wolverhampton Wanderers,Tottenham,4,2,2025-04-13 13:00:00,,BallRecovery
627598,9,BlockedShot,0.845,0.5259999847412109,0.05867836996912956,Mathys Tel,a,9780,OpenPlay,2024,RightFoot,26919,Wolverhampton Wanderers,Tottenham,4,2,2025-04-13 13:00:00,,None
627600,21,SavedShot,0.700999984741211,0.5509999847412109,0.01522024068981409,Yves Bissouma,a,5609,OpenPlay,2024,RightFoot,26919,Wolverhampton Wanderers,Tottenham,4,2,2025-04-13 13:00:00,James Maddison,Pass
627601,27,MissedShots,0.9309999847412109,0.5379999923706055,0.4554694592952728,Dominic Solanke,a,1679,OpenPlay,2024,RightFoot,26919,Wolverhampton Wanderers,Tottenham,4,2,2025-04-13 13:00:00,Mathys Tel,Cross
627602,33,BlockedShot,0.7340000152587891,0.5029999923706054,0.01789562776684761,Pape Sarr,a,9021,OpenPlay,2024,RightFoot,26919,Wolverhampton Wanderers,Tottenham,4,2,2025-04-13 13:00:00,James Maddison,Pass
627603,36,MissedShots,0.87,0.46099998474121096,0.08731614798307419,Brennan Johnson,a,10760,OpenPlay,2024,LeftFoot,26919,Wolverhampton Wanderers,Tottenham,4,2,2025-04-13 13:00:00,Cristian Romero,Pass
627605,37,OwnGoal,0.02,0.5120000076293946,0,Djed Spence,a,10764,OpenPlay,2024,OtherBodyPart,26919,Wolverhampton Wanderers,Tottenham,4,2,2025-04-13 13:00:00,,Save
627607,48,MissedShots,0.9159999847412109,0.5179999923706055,0.12300701439380646,Ben Davies,a,660,SetPiece,2024,Head,26919,Wolverhampton Wanderers,Tottenham,4,2,2025-04-13 13:00:00,James Maddison,Cross
627609,58,Goal,0.9330000305175781,0.5709999847412109,0.07946024090051651,Mathys Tel,a,9780,OpenPlay,2024,LeftFoot,26919,Wolverhampton Wanderers,Tottenham,4,2,2025-04-13 13:00:00,Brennan Johnson,Cross
627611,68,MissedShots,0.7219999694824218,0.5270000076293946,0.047105446457862854,James Maddison,a,6818,DirectFreekick,2024,RightFoot,26919,Wolverhampton Wanderers,Tottenham,4,2,2025-04-13 13:00:00,,Standard
627617,84,SavedShot,0.9169999694824219,0.515,0.0532112754881382,Cristian Romero,a,7218,FromCorner,2024,Head,26919,Wolverhampton Wanderers,Tottenham,4,2,2025-04-13 13:00:00,Ben Davies,HeadPass
627618,84,Goal,0.980999984741211,0.519000015258789,0.7113115191459656,Richarlison,a,6026,FromCorner,2024,Head,26919,Wolverhampton Wanderers,Tottenham,4,2,2025-04-13 13:00:00,,Rebound
627620,94,MissedShots,0.894000015258789,0.5179999923706055,0.018043790012598038,Richarlison,a,6026,FromCorner,2024,Head,26919,Wolverhampton Wanderers,Tottenham,4,2,2025-04-13 13:00:00,Lucas Bergvall,Aerial
629538,1,BlockedShot,0.9080000305175782,0.7069999694824218,0.05246968939900398,Mathys Tel,h,9780,OpenPlay,2024,RightFoot,26930,Tottenham,Nottingham Forest,1,2,2025-04-21 19:00:00,,Tackle
629541,11,BlockedShot,0.7909999847412109,0.325,0.020933683961629868,Pedro Porro,h,6912,OpenPlay,2024,LeftFoot,26930,Tottenham,Nottingham Forest,1,2,2025-04-21 19:00:00,Dejan Kulusevski,Pass
629542,13,BlockedShot,0.92,0.6930000305175781,0.03502754867076874,Mathys Tel,h,9780,FromCorner,2024,RightFoot,26930,Tottenham,Nottingham Forest,1,2,2025-04-21 19:00:00,Rodrigo Bentancur,BallTouch
629544,19,SavedShot,0.7819999694824219,0.6070000076293945,0.028423776850104332,Wilson Odobert,h,10822,OpenPlay,2024,RightFoot,26930,Tottenham,Nottingham Forest,1,2,2025-04-21 19:00:00,Mathys Tel,Pass
629545,21,MissedShots,0.9290000152587891,0.49900001525878906,0.05791254714131355,Cristian Romero,h,7218,FromCorner,2024,Head,26930,Tottenham,Nottingham Forest,1,2,2025-04-21 19:00:00,Mathys Tel,Aerial
629546,22,MissedShots,0.9490000152587891,0.64,0.017771532759070396,Mathys Tel,h,9780,OpenPlay,2024,Head,26930,Tottenham,Nottingham Forest,1,2,2025-04-21 19:00:00,Pedro Porro,Cross
629547,23,SavedShot,0.8080000305175781,0.6969999694824218,0.01963752880692482,Dejan Kulusevski,h,6691,OpenPlay,2024,RightFoot,26930,Tottenham,Nottingham Forest,1,2,2025-04-21 19:00:00,Mathys Tel,Pass
629548,39,MissedShots,0.8809999847412109,0.6359999847412109,0.050138480961322784,Mathys Tel,h,9780,OpenPlay,2024,LeftFoot,26930,Tottenham,Nottingham Forest,1,2,2025-04-21 19:00:00,,None
629549,40,MissedShots,0.975999984741211,0.5359999847412109,0.6548455953598022,Richarlison,h,6026,OpenPlay,2024,Head,26930,Tottenham,Nottingham Forest,1,2,2025-04-21 19:00:00,Wilson Odobert,Cross
629550,43,MissedShots,0.9109999847412109,0.445,0.2836386263370514,Richarlison,h,6026,OpenPlay,2024,Head,26930,Tottenham,Nottingham Forest,1,2,2025-04-21 19:00:00,Mathys Tel,Cross
629551,53,MissedShots,0.889000015258789,0.47,0.0678231418132782,Pape Sarr,h,9021,OpenPlay,2024,RightFoot,26930,Tottenham,Nottingham Forest,1,2,2025-04-21 19:00:00,Pedro Porro,Cross
629553,54,MissedShots,0.7119999694824218,0.5620000076293945,0.00961453840136528,Pape Sarr,h,9021,OpenPlay,2024,RightFoot,26930,Tottenham,Nottingham Forest,1,2,2025-04-21 19:00:00,,BallTouch
629554,62,BlockedShot,0.9580000305175781,0.405,0.2502608895301819,Dejan Kulusevski,h,6691,FromCorner,2024,Head,26930,Tottenham,Nottingham Forest,1,2,2025-04-21 19:00:00,Pedro Porro,Cross
629555,66,SavedShot,0.915,0.45599998474121095,0.38285863399505615,Richarlison,h,6026,OpenPlay,2024,RightFoot,26930,Tottenham,Nottingham Forest,1,2,2025-04-21 19:00:00,,None
629556,71,MissedShots,0.74,0.5279999923706055,0.014230543747544289,Kevin Danso,h,5261,OpenPlay,2024,LeftFoot,26930,Tottenham,Nottingham Forest,1,2,2025-04-21 19:00:00,Pedro Porro,Pass
629557,74,MissedShots,0.9369999694824219,0.43400001525878906,0.12503115832805634,Richarlison,h,6026,OpenPlay,2024,Head,26930,Tottenham,Nottingham Forest,1,2,2025-04-21 19:00:00,Mathys Tel,Cross
629558,79,SavedShot,0.8930000305175781,0.4859999847412109,0.08998289704322815,Richarlison,h,6026,OpenPlay,2024,Head,26930,Tottenham,Nottingham Forest,1,2,2025-04-21 19:00:00,Pedro Porro,Cross
629559,82,MissedShots,0.92,0.44799999237060545,0.0807945728302002,Richarlison,h,6026,FromCorner,2024,Head,26930,Tottenham,Nottingham Forest,1,2,2025-04-21 19:00:00,Pedro Porro,Cross
629560,83,MissedShots,0.8519999694824218,0.63,0.04483107104897499,Djed Spence,h,10764,OpenPlay,2024,LeftFoot,26930,Tottenham,Nottingham Forest,1,2,2025-04-21 19:00:00,,None
629561,86,Goal,0.9009999847412109,0.49,0.0894283652305603,Richarlison,h,6026,OpenPlay,2024,Head,26930,Tottenham,Nottingham Forest,1,2,2025-04-21 19:00:00,Pedro Porro,Cross
629562,89,MissedShots,0.7069999694824218,0.580999984741211,0.012179065495729446,Ben Davies,h,660,OpenPlay,2024,LeftFoot,26930,Tottenham,Nottingham Forest,1,2,2025-04-21 19:00:00,,None
629563,94,BlockedShot,0.8590000152587891,0.7030000305175781,0.014565295539796352,Mathys Tel,h,9780,SetPiece,2024,RightFoot,26930,Tottenham,Nottingham Forest,1,2,2025-04-21 19:00:00,,Aerial
629539,3,SavedShot,0.720999984741211,0.575,0.01976199261844158,Morgan Gibbs-White,a,6857,OpenPlay,2024,RightFoot,26930,Tottenham,Nottingham Forest,1,2,2025-04-21 19:00:00,Elliot Anderson,Pass
629540,4,Goal,0.7930000305175782,0.5629999923706055,0.02573508210480213,Elliot Anderson,a,9154,FromCorner,2024,RightFoot,26930,Tottenham,Nottingham Forest,1,2,2025-04-21 19:00:00,Nicolás Domínguez,None
629543,15,Goal,0.9159999847412109,0.49599998474121093,0.37292513251304626,Chris Wood,a,4456,SetPiece,2024,Head,26930,Tottenham,Nottingham Forest,1,2,2025-04-21 19:00:00,Anthony Elanga,Cross
629552,54,MissedShots,0.8230000305175781,0.5070000076293946,0.13926011323928833,Morgan Gibbs-White,a,6857,OpenPlay,2024,LeftFoot,26930,Tottenham,Nottingham Forest,1,2,2025-04-21 19:00:00,Chris Wood,Throughball
630808,2,MissedShots,0.8569999694824219,0.3189999961853027,0.03963223844766617,Mohamed Salah,h,1250,SetPiece,2024,LeftFoot,26936,Liverpool,Tottenham,5,1,2025-04-27 15:30:00,Alexis Mac Allister,Pass
630809,8,MissedShots,0.9419999694824219,0.644000015258789,0.07510558515787125,Cody Gakpo,h,11296,OpenPlay,2024,RightFoot,26936,Liverpool,Tottenham,5,1,2025-04-27 15:30:00,Virgil van Dijk,Chipped
630810,9,MissedShots,0.8030000305175782,0.6359999847412109,0.022847570478916168,Dominik Szoboszlai,h,9788,FromCorner,2024,LeftFoot,26936,Liverpool,Tottenham,5,1,2025-04-27 15:30:00,,None
630811,9,MissedShots,0.870999984741211,0.48900001525878906,0.08366668969392776,Cody Gakpo,h,11296,FromCorner,2024,RightFoot,26936,Liverpool,Tottenham,5,1,2025-04-27 15:30:00,Dominik Szoboszlai,Rebound
630813,15,Goal,0.97,0.5370000076293945,0.7251431941986084,Luis Díaz,h,10408,OpenPlay,2024,RightFoot,26936,Liverpool,Tottenham,5,1,2025-04-27 15:30:00,Dominik Szoboszlai,Pass
630814,23,Goal,0.7919999694824219,0.4370000076293945,0.04095499590039253,Alexis Mac Allister,h,8379,OpenPlay,2024,LeftFoot,26936,Liverpool,Tottenham,5,1,2025-04-27 15:30:00,Ryan Gravenberch,BallRecovery
630816,30,MissedShots,0.7519999694824219,0.5070000076293946,0.022013965994119644,Trent Alexander-Arnold,h,1791,SetPiece,2024,RightFoot,26936,Liverpool,Tottenham,5,1,2025-04-27 15:30:00,Dominik Szoboszlai,Pass
630817,33,Goal,0.8590000152587891,0.41700000762939454,0.08949798345565796,Cody Gakpo,h,11296,FromCorner,2024,RightFoot,26936,Liverpool,Tottenham,5,1,2025-04-27 15:30:00,,TakeOn
630818,38,BlockedShot,0.8069999694824219,0.46700000762939453,0.060347799211740494,Trent Alexander-Arnold,h,1791,OpenPlay,2024,RightFoot,26936,Liverpool,Tottenham,5,1,2025-04-27 15:30:00,Dominik Szoboszlai,Pass
630821,50,BlockedShot,0.7759999847412109,0.30700000762939456,0.032441943883895874,Mohamed Salah,h,1250,OpenPlay,2024,LeftFoot,26936,Liverpool,Tottenham,5,1,2025-04-27 15:30:00,Dominik Szoboszlai,Pass
630822,52,MissedShots,0.8969999694824219,0.500999984741211,0.020036518573760986,Ibrahima Konaté,h,6326,FromCorner,2024,Head,26936,Liverpool,Tottenham,5,1,2025-04-27 15:30:00,Alexis Mac Allister,Aerial
630823,53,BlockedShot,0.830999984741211,0.29200000762939454,0.044276073575019836,Alexis Mac Allister,h,8379,OpenPlay,2024,RightFoot,26936,Liverpool,Tottenham,5,1,2025-04-27 15:30:00,Dominik Szoboszlai,Pass
630824,56,BlockedShot,0.8819999694824219,0.38,0.09347609430551529,Mohamed Salah,h,1250,OpenPlay,2024,LeftFoot,26936,Liverpool,Tottenham,5,1,2025-04-27 15:30:00,Dominik Szoboszlai,Pass
630825,57,BlockedShot,0.885,0.600999984741211,0.06757187843322754,Alexis Mac Allister,h,8379,FromCorner,2024,LeftFoot,26936,Liverpool,Tottenham,5,1,2025-04-27 15:30:00,,None
630826,57,BlockedShot,0.8440000152587891,0.4209999847412109,0.03845452517271042,Trent Alexander-Arnold,h,1791,FromCorner,2024,LeftFoot,26936,Liverpool,Tottenham,5,1,2025-04-27 15:30:00,Mohamed Salah,Pass
630827,57,BlockedShot,0.9309999847412109,0.41400001525878904,0.0840691328048706,Andrew Robertson,h,1688,FromCorner,2024,LeftFoot,26936,Liverpool,Tottenham,5,1,2025-04-27 15:30:00,Mohamed Salah,BallTouch
630829,60,SavedShot,0.7130000305175781,0.5309999847412109,0.032279182225465775,Ryan Gravenberch,h,10697,OpenPlay,2024,RightFoot,26936,Liverpool,Tottenham,5,1,2025-04-27 15:30:00,Cody Gakpo,TakeOn
630831,62,Goal,0.8540000152587891,0.38299999237060545,0.16789975762367249,Mohamed Salah,h,1250,OpenPlay,2024,LeftFoot,26936,Liverpool,Tottenham,5,1,2025-04-27 15:30:00,Dominik Szoboszlai,TakeOn
630833,65,SavedShot,0.885,0.5629999923706055,0.41057851910591125,Dominik Szoboszlai,h,9788,OpenPlay,2024,LeftFoot,26936,Liverpool,Tottenham,5,1,2025-04-27 15:30:00,Mohamed Salah,Pass
630834,66,MissedShots,0.7140000152587891,0.610999984741211,0.014327812939882278,Virgil van Dijk,h,833,OpenPlay,2024,RightFoot,26936,Liverpool,Tottenham,5,1,2025-04-27 15:30:00,Luis Díaz,Pass
630835,68,BlockedShot,0.8530000305175781,0.519000015258789,0.12345026433467865,Diogo Jota,h,6854,OpenPlay,2024,LeftFoot,26936,Liverpool,Tottenham,5,1,2025-04-27 15:30:00,,TakeOn
630838,86,BlockedShot,0.7880000305175782,0.685,0.021807314828038216,Curtis Jones,h,6665,FromCorner,2024,RightFoot,26936,Liverpool,Tottenham,5,1,2025-04-27 15:30:00,Harvey Elliott,Pass
630839,89,BlockedShot,0.8690000152587891,0.5279999923706055,0.14865930378437042,Harvey Elliott,h,7546,OpenPlay,2024,LeftFoot,26936,Liverpool,Tottenham,5,1,2025-04-27 15:30:00,Mohamed Salah,Pass
630840,91,BlockedShot,0.8440000152587891,0.25799999237060545,0.04506024345755577,Darwin Núñez,h,10720,OpenPlay,2024,RightFoot,26936,Liverpool,Tottenham,5,1,2025-04-27 15:30:00,Mohamed Salah,Pass
630841,93,MissedShots,0.580999984741211,0.5870000076293945,0.009349623695015907,Curtis Jones,h,6665,OpenPlay,2024,RightFoot,26936,Liverpool,Tottenham,5,1,2025-04-27 15:30:00,,BallRecovery
630812,11,Goal,0.925,0.534000015258789,0.04585251212120056,Dominic Solanke,a,1679,FromCorner,2024,Head,26936,Liverpool,Tottenham,5,1,2025-04-27 15:30:00,James Maddison,Aerial
630815,27,SavedShot,0.86,0.5579999923706055,0.023632898926734924,Dominic Solanke,a,1679,SetPiece,2024,Head,26936,Liverpool,Tottenham,5,1,2025-04-27 15:30:00,James Maddison,Cross
630819,42,MissedShots,0.955,0.3820000076293945,0.28460076451301575,Dominic Solanke,a,1679,OpenPlay,2024,LeftFoot,26936,Liverpool,Tottenham,5,1,2025-04-27 15:30:00,,None
630820,47,BlockedShot,0.8680000305175781,0.5629999923706055,0.09368502348661423,Mathys Tel,a,9780,SetPiece,2024,RightFoot,26936,Liverpool,Tottenham,5,1,2025-04-27 15:30:00,Iyenoma Destiny Udogie,Pass
630828,59,MissedShots,0.765,0.4620000076293945,0.022361963987350464,Kevin Danso,a,5261,OpenPlay,2024,RightFoot,26936,Liverpool,Tottenham,5,1,2025-04-27 15:30:00,,BallRecovery
630830,62,BlockedShot,0.805,0.3120000076293945,0.023676365613937378,Dejan Kulusevski,a,6691,OpenPlay,2024,LeftFoot,26936,Liverpool,Tottenham,5,1,2025-04-27 15:30:00,,BallRecovery
630832,64,SavedShot,0.7069999694824218,0.46900001525878904,0.010832680389285088,Pape Sarr,a,9021,OpenPlay,2024,RightFoot,26936,Liverpool,Tottenham,5,1,2025-04-27 15:30:00,,BallRecovery
630836,68,OwnGoal,0.012000000476837159,0.5020000076293946,0,Iyenoma Destiny Udogie,a,8831,OpenPlay,2024,LeftFoot,26936,Liverpool,Tottenham,5,1,2025-04-27 15:30:00,,Save
630837,72,MissedShots,0.664000015258789,0.3060000038146973,0.008170257322490215,Djed Spence,a,10764,OpenPlay,2024,RightFoot,26936,Liverpool,Tottenham,5,1,2025-04-27 15:30:00,Kevin Danso,Pass
631887,20,MissedShots,0.6680000305175782,0.305,0.009366278536617756,Tomas Soucek,h,8288,OpenPlay,2024,LeftFoot,26943,West Ham,Tottenham,1,1,2025-05-04 13:00:00,,BallTouch
631889,27,Goal,0.975999984741211,0.41,0.4028262495994568,Jarrod Bowen,h,1776,OpenPlay,2024,LeftFoot,26943,West Ham,Tottenham,1,1,2025-05-04 13:00:00,Aaron Wan-Bissaka,Throughball
631891,42,BlockedShot,0.8980000305175782,0.3160000038146973,0.053770482540130615,Aaron Wan-Bissaka,h,5584,OpenPlay,2024,RightFoot,26943,West Ham,Tottenham,1,1,2025-05-04 13:00:00,,None
631893,53,BlockedShot,0.7519999694824219,0.519000015258789,0.02535334974527359,Mohammed Kudus,h,12027,OpenPlay,2024,LeftFoot,26943,West Ham,Tottenham,1,1,2025-05-04 13:00:00,Lucas Paquetá,Pass
631894,53,BlockedShot,0.7290000152587891,0.4209999847412109,0.01296933088451624,Tomas Soucek,h,8288,OpenPlay,2024,RightFoot,26943,West Ham,Tottenham,1,1,2025-05-04 13:00:00,,Rebound
631896,57,MissedShots,0.874000015258789,0.2589999961853027,0.017856530845165253,Jarrod Bowen,h,1776,OpenPlay,2024,LeftFoot,26943,West Ham,Tottenham,1,1,2025-05-04 13:00:00,Mohammed Kudus,Cross
631898,70,MissedShots,0.9330000305175781,0.42400001525878905,0.04951465129852295,Niclas Füllkrug,h,6098,OpenPlay,2024,Head,26943,West Ham,Tottenham,1,1,2025-05-04 13:00:00,Mohammed Kudus,Aerial
631900,81,SavedShot,0.975,0.56,0.5072879195213318,Jarrod Bowen,h,1776,SetPiece,2024,Head,26943,West Ham,Tottenham,1,1,2025-05-04 13:00:00,James Ward-Prowse,Cross
631901,85,BlockedShot,0.8719999694824219,0.43400001525878906,0.010234681889414787,Max Kilman,h,7332,SetPiece,2024,Head,26943,West Ham,Tottenham,1,1,2025-05-04 13:00:00,James Ward-Prowse,Aerial
631902,90,BlockedShot,0.774000015258789,0.28299999237060547,0.013295209966599941,James Ward-Prowse,h,843,OpenPlay,2024,RightFoot,26943,West Ham,Tottenham,1,1,2025-05-04 13:00:00,,None
631903,93,MissedShots,0.7319999694824219,0.580999984741211,0.04951576143503189,James Ward-Prowse,h,843,DirectFreekick,2024,RightFoot,26943,West Ham,Tottenham,1,1,2025-05-04 13:00:00,,Standard
631886,14,Goal,0.9,0.44299999237060544,0.3750309944152832,Wilson Odobert,a,10822,OpenPlay,2024,RightFoot,26943,West Ham,Tottenham,1,1,2025-05-04 13:00:00,Mathys Tel,Pass
631888,24,MissedShots,0.8569999694824219,0.8209999847412109,0.050486061722040176,Mathys Tel,a,9780,DirectFreekick,2024,RightFoot,26943,West Ham,Tottenham,1,1,2025-05-04 13:00:00,,Standard
631890,33,MissedShots,0.89,0.629000015258789,0.06142409145832062,Richarlison,a,6026,OpenPlay,2024,LeftFoot,26943,West Ham,Tottenham,1,1,2025-05-04 13:00:00,Djed Spence,Cross
631892,51,SavedShot,0.8809999847412109,0.7230000305175781,0.23801280558109283,Mathys Tel,a,9780,OpenPlay,2024,RightFoot,26943,West Ham,Tottenham,1,1,2025-05-04 13:00:00,Pape Sarr,Pass
631895,55,MissedShots,0.860999984741211,0.6079999923706054,0.0943421721458435,Richarlison,a,6026,OpenPlay,2024,RightFoot,26943,West Ham,Tottenham,1,1,2025-05-04 13:00:00,Dejan Kulusevski,LayOff
631897,60,MissedShots,0.7530000305175781,0.38799999237060545,0.01595103181898594,Yves Bissouma,a,5609,FromCorner,2024,RightFoot,26943,West Ham,Tottenham,1,1,2025-05-04 13:00:00,,None
631899,78,MissedShots,0.7680000305175781,0.745999984741211,0.011774942278862,Pape Sarr,a,9021,OpenPlay,2024,RightFoot,26943,West Ham,Tottenham,1,1,2025-05-04 13:00:00,,None
633485,12,BlockedShot,0.895,0.3390000152587891,0.06654611229896545,Dejan Kulusevski,h,6691,OpenPlay,2024,RightFoot,26960,Tottenham,Crystal Palace,0,2,2025-05-11 13:15:00,,Dispossessed
633486,12,BlockedShot,0.9019999694824219,0.4209999847412109,0.015093838796019554,Pape Sarr,h,9021,FromCorner,2024,Head,26960,Tottenham,Crystal Palace,0,2,2025-05-11 13:15:00,Pedro Porro,Aerial
633487,13,SavedShot,0.88,0.4909999847412109,0.017416881397366524,Kevin Danso,h,5261,FromCorner,2024,Head,26960,Tottenham,Crystal Palace,0,2,2025-05-11 13:15:00,,Aerial
633502,48,MissedShots,0.8430000305175781,0.8830000305175781,0.034624990075826645,Pedro Porro,h,6912,DirectFreekick,2024,RightFoot,26960,Tottenham,Crystal Palace,0,2,2025-05-11 13:15:00,,Standard
633503,47,BlockedShot,0.86,0.28399999618530275,0.0330849215388298,Pedro Porro,h,6912,OpenPlay,2024,RightFoot,26960,Tottenham,Crystal Palace,0,2,2025-05-11 13:15:00,,None
633507,54,MissedShots,0.955,0.5459999847412109,0.46929582953453064,Pape Sarr,h,9021,OpenPlay,2024,Head,26960,Tottenham,Crystal Palace,0,2,2025-05-11 13:15:00,Pedro Porro,Cross
633510,72,BlockedShot,0.8419999694824218,0.3340000152587891,0.04835180565714836,Wilson Odobert,h,10822,OpenPlay,2024,RightFoot,26960,Tottenham,Crystal Palace,0,2,2025-05-11 13:15:00,Mathys Tel,Pass
633513,88,BlockedShot,0.870999984741211,0.5940000152587891,0.1223771944642067,Son Heung-Min,h,453,OpenPlay,2024,LeftFoot,26960,Tottenham,Crystal Palace,0,2,2025-05-11 13:15:00,Mathys Tel,Pass
633484,2,SavedShot,0.950999984741211,0.605,0.0831218957901001,Tyrick Mitchell,a,8214,OpenPlay,2024,LeftFoot,26960,Tottenham,Crystal Palace,0,2,2025-05-11 13:15:00,Daniel Muñoz,Cross
633488,14,SavedShot,0.8930000305175781,0.46799999237060547,0.09580682218074799,Daniel Muñoz,a,12408,OpenPlay,2024,LeftFoot,26960,Tottenham,Crystal Palace,0,2,2025-05-11 13:15:00,Tyrick Mitchell,Cross
633489,24,SavedShot,0.97,0.580999984741211,0.4257987141609192,Jean-Philippe Mateta,a,5735,FromCorner,2024,LeftFoot,26960,Tottenham,Crystal Palace,0,2,2025-05-11 13:15:00,Ismaila Sarr,HeadPass
633490,25,MissedShots,0.7469999694824219,0.7709999847412109,0.014156979508697987,Eberechi Eze,a,8706,FromCorner,2024,RightFoot,26960,Tottenham,Crystal Palace,0,2,2025-05-11 13:15:00,Will Hughes,Pass
633491,28,ShotOnPost,0.895,0.2989999961853027,0.07645322382450104,Daniel Muñoz,a,12408,OpenPlay,2024,RightFoot,26960,Tottenham,Crystal Palace,0,2,2025-05-11 13:15:00,Jean-Philippe Mateta,Pass
633492,30,SavedShot,0.9059999847412109,0.5209999847412109,0.05531177669763565,Jefferson Lerma,a,2182,SetPiece,2024,Head,26960,Tottenham,Crystal Palace,0,2,2025-05-11 13:15:00,Maxence Lacroix,HeadPass
633493,31,BlockedShot,0.9340000152587891,0.31,0.06234133616089821,Ismaila Sarr,a,5675,OpenPlay,2024,RightFoot,26960,Tottenham,Crystal Palace,0,2,2025-05-11 13:15:00,Jean-Philippe Mateta,Pass
633494,31,SavedShot,0.9590000152587891,0.39,0.16654834151268005,Chris Richards,a,8430,FromCorner,2024,Head,26960,Tottenham,Crystal Palace,0,2,2025-05-11 13:15:00,Eberechi Eze,Cross
633495,32,BlockedShot,0.8869999694824219,0.34700000762939454,0.1216152086853981,Jean-Philippe Mateta,a,5735,OpenPlay,2024,RightFoot,26960,Tottenham,Crystal Palace,0,2,2025-05-11 13:15:00,Jefferson Lerma,Throughball
633496,33,BlockedShot,0.815,0.5220000076293946,0.03827995806932449,Daniel Muñoz,a,12408,FromCorner,2024,RightFoot,26960,Tottenham,Crystal Palace,0,2,2025-05-11 13:15:00,,None
633497,33,BlockedShot,0.92,0.4929999923706055,0.11442386358976364,Jean-Philippe Mateta,a,5735,FromCorner,2024,RightFoot,26960,Tottenham,Crystal Palace,0,2,2025-05-11 13:15:00,,None
633498,38,BlockedShot,0.665,0.44299999237060544,0.01052206289023161,Jefferson Lerma,a,2182,OpenPlay,2024,RightFoot,26960,Tottenham,Crystal Palace,0,2,2025-05-11 13:15:00,,Goal
633499,41,BlockedShot,0.720999984741211,0.5940000152587891,0.014201384969055653,Eberechi Eze,a,8706,OpenPlay,2024,RightFoot,26960,Tottenham,Crystal Palace,0,2,2025-05-11 13:15:00,Tyrick Mitchell,BallRecovery
633500,42,BlockedShot,0.98,0.5459999847412109,0.22001373767852783,Maxence Lacroix,a,8853,FromCorner,2024,Head,26960,Tottenham,Crystal Palace,0,2,2025-05-11 13:15:00,Will Hughes,End
633501,44,Goal,0.9180000305175782,0.519000015258789,0.5087085366249084,Eberechi Eze,a,8706,OpenPlay,2024,RightFoot,26960,Tottenham,Crystal Palace,0,2,2025-05-11 13:15:00,Daniel Muñoz,Pass
633504,47,Goal,0.875999984741211,0.54,0.5305042266845703,Eberechi Eze,a,8706,OpenPlay,2024,RightFoot,26960,Tottenham,Crystal Palace,0,2,2025-05-11 13:15:00,Ismaila Sarr,Pass
633505,50,SavedShot,0.8319999694824218,0.35400001525878905,0.19004984200000763,Jean-Philippe Mateta,a,5735,OpenPlay,2024,RightFoot,26960,Tottenham,Crystal Palace,0,2,2025-05-11 13:15:00,Ismaila Sarr,TakeOn
633506,51,MissedShots,0.899000015258789,0.415,0.029812470078468323,Ismaila Sarr,a,5675,FromCorner,2024,Head,26960,Tottenham,Crystal Palace,0,2,2025-05-11 13:15:00,Will Hughes,Cross
633508,66,MissedShots,0.7680000305175781,0.40299999237060546,0.031032539904117584,Ismaila Sarr,a,5675,OpenPlay,2024,LeftFoot,26960,Tottenham,Crystal Palace,0,2,2025-05-11 13:15:00,Daniel Muñoz,Pass
633509,67,MissedShots,0.95,0.5029999923706054,0.5749242305755615,Ismaila Sarr,a,5675,OpenPlay,2024,Head,26960,Tottenham,Crystal Palace,0,2,2025-05-11 13:15:00,Ben Chilwell,Cross
633511,78,BlockedShot,0.8180000305175781,0.5509999847412109,0.027786508202552795,Will Hughes,a,6104,OpenPlay,2024,LeftFoot,26960,Tottenham,Crystal Palace,0,2,2025-05-11 13:15:00,,Aerial
633512,78,MissedShots,0.9680000305175781,0.40299999237060546,0.1961861103773117,Eddie Nketiah,a,6482,OpenPlay,2024,Head,26960,Tottenham,Crystal Palace,0,2,2025-05-11 13:15:00,Daichi Kamada,Cross
633514,92,SavedShot,0.840999984741211,0.644000015258789,0.3978557586669922,Eddie Nketiah,a,6482,OpenPlay,2024,RightFoot,26960,Tottenham,Crystal Palace,0,2,2025-05-11 13:15:00,Marc Guehi,Throughball
634219,5,SavedShot,0.8680000305175781,0.415,0.09442503750324249,Ollie Watkins,h,8865,OpenPlay,2024,LeftFoot,26963,Aston Villa,Tottenham,2,0,2025-05-16 18:30:00,Boubacar Kamara,Pass
634220,6,MissedShots,0.86,0.675,0.046153515577316284,John McGinn,h,7723,OpenPlay,2024,LeftFoot,26963,Aston Villa,Tottenham,2,0,2025-05-16 18:30:00,,None
634221,9,MissedShots,0.779000015258789,0.6940000152587891,0.016452079638838768,Ian Maatsen,h,11807,OpenPlay,2024,RightFoot,26963,Aston Villa,Tottenham,2,0,2025-05-16 18:30:00,John McGinn,Pass
634224,18,SavedShot,0.9219999694824219,0.5159999847412109,0.3932551145553589,Morgan Rogers,h,12412,OpenPlay,2024,LeftFoot,26963,Aston Villa,Tottenham,2,0,2025-05-16 18:30:00,Amadou Onana,Cross
634225,26,MissedShots,0.8809999847412109,0.48200000762939454,0.09621968865394592,Marco Asensio,h,2117,OpenPlay,2024,LeftFoot,26963,Aston Villa,Tottenham,2,0,2025-05-16 18:30:00,Ezri Konsa Ngoyo,Chipped
634226,28,BlockedShot,0.9159999847412109,0.3890000152587891,0.10920186340808868,Ollie Watkins,h,8865,OpenPlay,2024,RightFoot,26963,Aston Villa,Tottenham,2,0,2025-05-16 18:30:00,Marco Asensio,Pass
634227,35,MissedShots,0.7969999694824219,0.4229999923706055,0.03816637769341469,Marco Asensio,h,2117,OpenPlay,2024,LeftFoot,26963,Aston Villa,Tottenham,2,0,2025-05-16 18:30:00,Morgan Rogers,Pass
634228,37,SavedShot,0.9219999694824219,0.395,0.047174714505672455,Ezri Konsa Ngoyo,h,7726,SetPiece,2024,Head,26963,Aston Villa,Tottenham,2,0,2025-05-16 18:30:00,John McGinn,Chipped
634229,58,BlockedShot,0.8819999694824219,0.6809999847412109,0.050334442406892776,Ian Maatsen,h,11807,OpenPlay,2024,LeftFoot,26963,Aston Villa,Tottenham,2,0,2025-05-16 18:30:00,,None
634230,58,Goal,0.955,0.47400001525878904,0.1274823397397995,Ezri Konsa Ngoyo,h,7726,FromCorner,2024,RightFoot,26963,Aston Villa,Tottenham,2,0,2025-05-16 18:30:00,Ollie Watkins,HeadPass
634231,60,SavedShot,0.8869999694824219,0.47700000762939454,0.426392138004303,Ollie Watkins,h,8865,OpenPlay,2024,RightFoot,26963,Aston Villa,Tottenham,2,0,2025-05-16 18:30:00,,None
634233,68,MissedShots,0.8080000305175781,0.3,0.021272532641887665,John McGinn,h,7723,FromCorner,2024,LeftFoot,26963,Aston Villa,Tottenham,2,0,2025-05-16 18:30:00,Pau Torres,TakeOn
634234,69,BlockedShot,0.7859999847412109,0.649000015258789,0.036000292748212814,Marco Asensio,h,2117,OpenPlay,2024,RightFoot,26963,Aston Villa,Tottenham,2,0,2025-05-16 18:30:00,Ian Maatsen,Pass
634235,69,MissedShots,0.779000015258789,0.41200000762939454,0.04329698160290718,Matthew Cash,h,8864,OpenPlay,2024,RightFoot,26963,Aston Villa,Tottenham,2,0,2025-05-16 18:30:00,,None
634236,72,Goal,0.8430000305175781,0.3890000152587891,0.06715574860572815,Boubacar Kamara,h,5789,OpenPlay,2024,LeftFoot,26963,Aston Villa,Tottenham,2,0,2025-05-16 18:30:00,Morgan Rogers,Pass
634237,74,MissedShots,0.905,0.7090000152587891,0.02985047735273838,John McGinn,h,7723,FromCorner,2024,RightFoot,26963,Aston Villa,Tottenham,2,0,2025-05-16 18:30:00,Marco Asensio,Pass
634238,94,BlockedShot,0.8130000305175781,0.7319999694824219,0.028302188962697983,Morgan Rogers,h,12412,OpenPlay,2024,RightFoot,26963,Aston Villa,Tottenham,2,0,2025-05-16 18:30:00,,Dispossessed
634239,94,SavedShot,0.765,0.5270000076293946,0.01947198249399662,Marco Asensio,h,2117,FromCorner,2024,LeftFoot,26963,Aston Villa,Tottenham,2,0,2025-05-16 18:30:00,,None
634222,14,MissedShots,0.86,0.7369999694824219,0.053606558591127396,Son Heung-Min,a,453,OpenPlay,2024,RightFoot,26963,Aston Villa,Tottenham,2,0,2025-05-16 18:30:00,Wilson Odobert,Pass
634223,15,SavedShot,0.8980000305175782,0.54,0.4079810380935669,Wilson Odobert,a,10822,OpenPlay,2024,LeftFoot,26963,Aston Villa,Tottenham,2,0,2025-05-16 18:30:00,Mathys Tel,Pass
634232,65,BlockedShot,0.894000015258789,0.18799999237060547,0.06142882630228996,Sergio Reguilón,a,7187,DirectFreekick,2024,LeftFoot,26963,Aston Villa,Tottenham,2,0,2025-05-16 18:30:00,,Standard
636361,6,BlockedShot,0.8619999694824219,0.655,0.06224813312292099,Mathys Tel,h,9780,OpenPlay,2024,RightFoot,26976,Tottenham,Brighton,1,4,2025-05-25 15:00:00,Archie Gray,BallRecovery
636364,16,Goal,0.885,0.5,0.7611688375473022,Dominic Solanke,h,1679,Penalty,2024,RightFoot,26976,Tottenham,Brighton,1,4,2025-05-25 15:00:00,,Standard
636371,37,SavedShot,0.9080000305175782,0.5570000076293945,0.5706691145896912,Mathys Tel,h,9780,OpenPlay,2024,LeftFoot,26976,Tottenham,Brighton,1,4,2025-05-25 15:00:00,Pedro Porro,Pass
636376,55,MissedShots,0.914000015258789,0.5220000076293946,0.45855948328971863,Brennan Johnson,h,10760,OpenPlay,2024,RightFoot,26976,Tottenham,Brighton,1,4,2025-05-25 15:00:00,Mathys Tel,Pass
636360,2,MissedShots,0.8469999694824218,0.37099998474121093,0.0574864000082016,Simon Adingra,a,11710,OpenPlay,2024,RightFoot,26976,Tottenham,Brighton,1,4,2025-05-25 15:00:00,Yankuba Minteh,HeadPass
636362,9,MissedShots,0.9069999694824219,0.27899999618530275,0.04301707074046135,Mats Wieffer,a,12758,OpenPlay,2024,RightFoot,26976,Tottenham,Brighton,1,4,2025-05-25 15:00:00,,None
636363,11,BlockedShot,0.735999984741211,0.565,0.017883218824863434,Simon Adingra,a,11710,OpenPlay,2024,RightFoot,26976,Tottenham,Brighton,1,4,2025-05-25 15:00:00,Jack Hinshelwood,BallRecovery
636365,24,MissedShots,0.925,0.5929999923706055,0.05886491388082504,Brajan Gruda,a,11310,OpenPlay,2024,Head,26976,Tottenham,Brighton,1,4,2025-05-25 15:00:00,Mats Wieffer,Cross
636366,29,SavedShot,0.9519999694824218,0.5820000076293945,0.08674455434083939,Jack Hinshelwood,a,11269,FromCorner,2024,Head,26976,Tottenham,Brighton,1,4,2025-05-25 15:00:00,Yasin Ayari,Cross
636367,29,BlockedShot,0.9119999694824219,0.4879999923706055,0.03993895649909973,Adam Webster,a,7699,FromCorner,2024,Head,26976,Tottenham,Brighton,1,4,2025-05-25 15:00:00,,Aerial
636368,29,BlockedShot,0.885,0.644000015258789,0.052778661251068115,Yasin Ayari,a,11385,FromCorner,2024,RightFoot,26976,Tottenham,Brighton,1,4,2025-05-25 15:00:00,Yankuba Minteh,Pass
636369,36,MissedShots,0.8969999694824219,0.3679999923706055,0.06059633195400238,Simon Adingra,a,11710,OpenPlay,2024,RightFoot,26976,Tottenham,Brighton,1,4,2025-05-25 15:00:00,,None
636370,36,BlockedShot,0.735,0.5559999847412109,0.017841441556811333,Carlos Baleba,a,10527,OpenPlay,2024,LeftFoot,26976,Tottenham,Brighton,1,4,2025-05-25 15:00:00,Igor Julio,Pass
636372,50,BlockedShot,0.9119999694824219,0.5770000076293945,0.04919920489192009,Adam Webster,a,7699,FromCorner,2024,Head,26976,Tottenham,Brighton,1,4,2025-05-25 15:00:00,Brajan Gruda,Cross
636373,50,Goal,0.955999984741211,0.5670000076293945,0.5156320333480835,Jack Hinshelwood,a,11269,FromCorner,2024,RightFoot,26976,Tottenham,Brighton,1,4,2025-05-25 15:00:00,,Rebound
636374,52,SavedShot,0.8590000152587891,0.36700000762939455,0.07048842310905457,Diego Gómez,a,13364,OpenPlay,2024,RightFoot,26976,Tottenham,Brighton,1,4,2025-05-25 15:00:00,Brajan Gruda,Pass
636375,54,MissedShots,0.909000015258789,0.4370000076293945,0.055783212184906006,Adam Webster,a,7699,FromCorner,2024,Head,26976,Tottenham,Brighton,1,4,2025-05-25 15:00:00,Diego Gómez,Cross
636377,56,BlockedShot,0.9369999694824219,0.36200000762939455,0.09996059536933899,Yankuba Minteh,a,12759,OpenPlay,2024,RightFoot,26976,Tottenham,Brighton,1,4,2025-05-25 15:00:00,Diego Gómez,Pass
636378,61,SavedShot,0.9480000305175781,0.34400001525878904,0.08771879225969315,Yankuba Minteh,a,12759,OpenPlay,2024,LeftFoot,26976,Tottenham,Brighton,1,4,2025-05-25 15:00:00,Brajan Gruda,TakeOn
636379,61,BlockedShot,0.7880000305175782,0.5509999847412109,0.024678820744156837,Carlos Baleba,a,10527,FromCorner,2024,LeftFoot,26976,Tottenham,Brighton,1,4,2025-05-25 15:00:00,,None
636380,62,ShotOnPost,0.91,0.514000015258789,0.12796857953071594,Jan Paul van Hecke,a,10807,FromCorner,2024,RightFoot,26976,Tottenham,Brighton,1,4,2025-05-25 15:00:00,Carlos Baleba,Rebound
636381,63,Goal,0.9640000152587891,0.509000015258789,0.6441298127174377,Jack Hinshelwood,a,11269,FromCorner,2024,RightFoot,26976,Tottenham,Brighton,1,4,2025-05-25 15:00:00,,None
636382,67,MissedShots,0.93,0.5109999847412109,0.21985065937042236,Adam Webster,a,7699,FromCorner,2024,Head,26976,Tottenham,Brighton,1,4,2025-05-25 15:00:00,Diego Gómez,Aerial
636383,76,BlockedShot,0.740999984741211,0.46099998474121096,0.0265313982963562,Carlos Baleba,a,10527,OpenPlay,2024,LeftFoot,26976,Tottenham,Brighton,1,4,2025-05-25 15:00:00,Mats Wieffer,BallRecovery
636384,81,SavedShot,0.855999984741211,0.4329999923706055,0.013049203902482986,Diego Gómez,a,13364,FromCorner,2024,Head,26976,Tottenham,Brighton,1,4,2025-05-25 15:00:00,Matt O&#039;Riley,Cross
636385,87,Goal,0.885,0.5,0.7611688375473022,Matt O&#039;Riley,a,13206,Penalty,2024,LeftFoot,26976,Tottenham,Brighton,1,4,2025-05-25 15:00:00,,Standard
636386,92,Goal,0.7369999694824219,0.7319999694824219,0.013453835621476173,Diego Gómez,a,13364,OpenPlay,2024,RightFoot,26976,Tottenham,Brighton,1,4,2025-05-25 15:00:00,Kaoru Mitoma,Pass
637706,0,SavedShot,0.9769999694824218,0.41200000762939454,0.09277527779340744,Lucas Bergvall,h,12912,OpenPlay,2025,RightFoot,28782,Tottenham,Burnley,3,0,2025-08-16 14:00:00,,None
637707,0,MissedShots,0.8109999847412109,0.4829999923706055,0.036160849034786224,Brennan Johnson,h,10760,FromCorner,2025,RightFoot,28782,Tottenham,Burnley,3,0,2025-08-16 14:00:00,,None
637708,9,Goal,0.874000015258789,0.46,0.07443246245384216,Richarlison,h,6026,OpenPlay,2025,RightFoot,28782,Tottenham,Burnley,3,0,2025-08-16 14:00:00,Mohammed Kudus,Cross
637709,11,MissedShots,0.9259999847412109,0.5220000076293946,0.08871733397245407,Richarlison,h,6026,OpenPlay,2025,Head,28782,Tottenham,Burnley,3,0,2025-08-16 14:00:00,Pedro Porro,Aerial
637719,39,MissedShots,0.774000015258789,0.6170000076293946,0.03260151296854019,Djed Spence,h,10764,OpenPlay,2025,RightFoot,28782,Tottenham,Burnley,3,0,2025-08-16 14:00:00,Mohammed Kudus,Pass
637721,48,MissedShots,0.9740000152587891,0.485,0.14553724229335785,Micky van de Ven,h,10050,FromCorner,2025,Head,28782,Tottenham,Burnley,3,0,2025-08-16 14:00:00,Mohammed Kudus,Cross
637722,51,BlockedShot,0.885,0.5879999923706055,0.08876293897628784,Richarlison,h,6026,OpenPlay,2025,RightFoot,28782,Tottenham,Burnley,3,0,2025-08-16 14:00:00,Brennan Johnson,Cross
637723,51,SavedShot,0.965,0.5770000076293945,0.49988359212875366,Richarlison,h,6026,OpenPlay,2025,LeftFoot,28782,Tottenham,Burnley,3,0,2025-08-16 14:00:00,,Rebound
637724,51,MissedShots,0.9169999694824219,0.22700000762939454,0.029406428337097168,Mohammed Kudus,h,12027,OpenPlay,2025,LeftFoot,28782,Tottenham,Burnley,3,0,2025-08-16 14:00:00,,Rebound
637727,59,Goal,0.8859999847412109,0.5429999923706055,0.09355449676513672,Richarlison,h,6026,OpenPlay,2025,RightFoot,28782,Tottenham,Burnley,3,0,2025-08-16 14:00:00,Mohammed Kudus,Cross
637728,63,MissedShots,0.7669999694824219,0.3220000076293945,0.025929126888513565,Pedro Porro,h,6912,OpenPlay,2025,RightFoot,28782,Tottenham,Burnley,3,0,2025-08-16 14:00:00,Brennan Johnson,Pass
637729,65,Goal,0.914000015258789,0.5790000152587891,0.5134420394897461,Brennan Johnson,h,10760,OpenPlay,2025,RightFoot,28782,Tottenham,Burnley,3,0,2025-08-16 14:00:00,Pape Sarr,Throughball
637731,69,MissedShots,0.9640000152587891,0.4640000152587891,0.13427750766277313,Micky van de Ven,h,10050,FromCorner,2025,Head,28782,Tottenham,Burnley,3,0,2025-08-16 14:00:00,Mohammed Kudus,Cross
637733,74,MissedShots,0.850999984741211,0.4829999923706055,0.09272023290395737,Dominic Solanke,h,1679,OpenPlay,2025,LeftFoot,28782,Tottenham,Burnley,3,0,2025-08-16 14:00:00,Pedro Porro,Cross
637734,83,SavedShot,0.960999984741211,0.669000015258789,0.06407608836889267,Djed Spence,h,10764,OpenPlay,2025,RightFoot,28782,Tottenham,Burnley,3,0,2025-08-16 14:00:00,Wilson Odobert,TakeOn
637735,84,MissedShots,0.7619999694824219,0.37099998474121093,0.02667970582842827,Mohammed Kudus,h,12027,FromCorner,2025,LeftFoot,28782,Tottenham,Burnley,3,0,2025-08-16 14:00:00,Pedro Porro,Pass
637710,13,MissedShots,0.8909999847412109,0.504000015258789,0.02793847769498825,Jaidon Anthony,a,10746,SetPiece,2025,Head,28782,Tottenham,Burnley,3,0,2025-08-16 14:00:00,Josh Cullen,Aerial
637711,14,MissedShots,0.830999984741211,0.665,0.016889376565814018,Oliver Sonne,a,13726,FromCorner,2025,LeftFoot,28782,Tottenham,Burnley,3,0,2025-08-16 14:00:00,,Aerial
637712,22,SavedShot,0.7430000305175781,0.3990000152587891,0.01934977062046528,Josh Laurent,a,13728,OpenPlay,2025,RightFoot,28782,Tottenham,Burnley,3,0,2025-08-16 14:00:00,Jaidon Anthony,Pass
637713,23,MissedShots,0.7040000152587891,0.37900001525878907,0.01382085494697094,Kyle Walker,a,638,OpenPlay,2025,RightFoot,28782,Tottenham,Burnley,3,0,2025-08-16 14:00:00,Josh Cullen,Pass
637714,23,BlockedShot,0.774000015258789,0.6359999847412109,0.02467920072376728,Jaidon Anthony,a,10746,OpenPlay,2025,RightFoot,28782,Tottenham,Burnley,3,0,2025-08-16 14:00:00,Josh Cullen,Pass
637715,26,BlockedShot,0.775,0.4129999923706055,0.13910795748233795,Lyle Foster,a,7498,OpenPlay,2025,RightFoot,28782,Tottenham,Burnley,3,0,2025-08-16 14:00:00,Josh Cullen,Throughball
637716,28,SavedShot,0.92,0.505,0.045311152935028076,Maxime Estève,a,9487,FromCorner,2025,OtherBodyPart,28782,Tottenham,Burnley,3,0,2025-08-16 14:00:00,Jaidon Anthony,Aerial
637717,29,MissedShots,0.865999984741211,0.7019999694824218,0.03751162067055702,Josh Laurent,a,13728,OpenPlay,2025,RightFoot,28782,Tottenham,Burnley,3,0,2025-08-16 14:00:00,Quilindschy Hartman,Pass
637718,31,MissedShots,0.784000015258789,0.7819999694824219,0.04063680022954941,Hannibal Mejbri,a,9558,DirectFreekick,2025,RightFoot,28782,Tottenham,Burnley,3,0,2025-08-16 14:00:00,,Standard
637720,42,SavedShot,0.784000015258789,0.41200000762939454,0.02691812254488468,Josh Laurent,a,13728,OpenPlay,2025,RightFoot,28782,Tottenham,Burnley,3,0,2025-08-16 14:00:00,Oliver Sonne,Pass
637725,57,MissedShots,0.905,0.46299999237060546,0.12265605479478836,Lyle Foster,a,7498,OpenPlay,2025,LeftFoot,28782,Tottenham,Burnley,3,0,2025-08-16 14:00:00,Josh Laurent,Pass
637726,57,SavedShot,0.9309999847412109,0.54,0.12898607552051544,Jaidon Anthony,a,10746,OpenPlay,2025,RightFoot,28782,Tottenham,Burnley,3,0,2025-08-16 14:00:00,Lyle Foster,Rebound
637730,67,MissedShots,0.8230000305175781,0.5120000076293946,0.074710913002491,Chimuanya Ugochukwu,a,9451,OpenPlay,2025,RightFoot,28782,Tottenham,Burnley,3,0,2025-08-16 14:00:00,Lyle Foster,Pass
637732,72,BlockedShot,0.8490000152587891,0.46599998474121096,0.03144283592700958,Jaidon Anthony,a,10746,FromCorner,2025,RightFoot,28782,Tottenham,Burnley,3,0,2025-08-16 14:00:00,Josh Cullen,Chipped
638641,9,MissedShots,0.96,0.7169999694824218,0.04282860457897186,Omar Marmoush,h,8393,OpenPlay,2025,LeftFoot,28789,Manchester City,Tottenham,0,2,2025-08-23 11:30:00,,None
638642,17,SavedShot,0.7930000305175782,0.7090000152587891,0.023535283282399178,Omar Marmoush,h,8393,OpenPlay,2025,RightFoot,28789,Manchester City,Tottenham,0,2,2025-08-23 11:30:00,Oscar Bobb,Pass
638643,18,BlockedShot,0.8119999694824219,0.544000015258789,0.05850129574537277,Tijjani Reijnders,h,11965,OpenPlay,2025,RightFoot,28789,Manchester City,Tottenham,0,2,2025-08-23 11:30:00,Oscar Bobb,Pass
638644,27,SavedShot,0.875,0.43200000762939456,0.36525797843933105,Omar Marmoush,h,8393,OpenPlay,2025,RightFoot,28789,Manchester City,Tottenham,0,2,2025-08-23 11:30:00,Erling Haaland,Throughball
638647,51,MissedShots,0.9519999694824218,0.485,0.4975411593914032,Erling Haaland,h,8260,FromCorner,2025,Head,28789,Manchester City,Tottenham,0,2,2025-08-23 11:30:00,Mathis Cherki,Cross
638648,47,BlockedShot,0.8959999847412109,0.605,0.0981948971748352,Nathan Aké,h,579,OpenPlay,2025,LeftFoot,28789,Manchester City,Tottenham,0,2,2025-08-23 11:30:00,Rico Lewis,Pass
638654,69,MissedShots,0.7569999694824219,0.41700000762939454,0.017117779701948166,Rico Lewis,h,10847,FromCorner,2025,RightFoot,28789,Manchester City,Tottenham,0,2,2025-08-23 11:30:00,,None
638655,75,SavedShot,0.914000015258789,0.43200000762939456,0.019334079697728157,Rodri,h,2496,FromCorner,2025,Head,28789,Manchester City,Tottenham,0,2,2025-08-23 11:30:00,Phil Foden,Aerial
638656,78,BlockedShot,0.9259999847412109,0.5529999923706055,0.10486970096826553,Phil Foden,h,6055,OpenPlay,2025,LeftFoot,28789,Manchester City,Tottenham,0,2,2025-08-23 11:30:00,Jéremy Doku,Challenge
638657,84,SavedShot,0.755,0.57,0.020318936556577682,Phil Foden,h,6055,OpenPlay,2025,LeftFoot,28789,Manchester City,Tottenham,0,2,2025-08-23 11:30:00,Rodri,Pass
638639,8,BlockedShot,0.78,0.695,0.05749478563666344,Pedro Porro,a,6912,DirectFreekick,2025,RightFoot,28789,Manchester City,Tottenham,0,2,2025-08-23 11:30:00,,Standard
638640,8,MissedShots,0.845999984741211,0.685,0.025627147406339645,Pedro Porro,a,6912,SetPiece,2025,RightFoot,28789,Manchester City,Tottenham,0,2,2025-08-23 11:30:00,,Rebound
638645,34,Goal,0.8869999694824219,0.5279999923706055,0.37564074993133545,Brennan Johnson,a,10760,OpenPlay,2025,RightFoot,28789,Manchester City,Tottenham,0,2,2025-08-23 11:30:00,Richarlison,Pass
638646,46,Goal,0.899000015258789,0.41700000762939454,0.38038206100463867,João Palhinha,a,10715,OpenPlay,2025,RightFoot,28789,Manchester City,Tottenham,0,2,2025-08-23 11:30:00,,TakeOn
638649,53,SavedShot,0.9059999847412109,0.585,0.0277139563113451,Pape Sarr,a,9021,OpenPlay,2025,Head,28789,Manchester City,Tottenham,0,2,2025-08-23 11:30:00,Brennan Johnson,Aerial
638650,55,BlockedShot,0.9119999694824219,0.5829999923706055,0.02252925932407379,Richarlison,a,6026,OpenPlay,2025,Head,28789,Manchester City,Tottenham,0,2,2025-08-23 11:30:00,Pedro Porro,Aerial
638651,56,MissedShots,0.7930000305175782,0.7240000152587891,0.07568179816007614,Brennan Johnson,a,10760,OpenPlay,2025,RightFoot,28789,Manchester City,Tottenham,0,2,2025-08-23 11:30:00,Rodrigo Bentancur,Pass
638652,60,MissedShots,0.92,0.605,0.017172716557979584,Richarlison,a,6026,SetPiece,2025,Head,28789,Manchester City,Tottenham,0,2,2025-08-23 11:30:00,Pedro Porro,Aerial
638653,61,MissedShots,0.93,0.6079999923706054,0.05051447078585625,Richarlison,a,6026,OpenPlay,2025,Head,28789,Manchester City,Tottenham,0,2,2025-08-23 11:30:00,Mohammed Kudus,Cross
638658,86,MissedShots,0.860999984741211,0.47,0.1438920646905899,Wilson Odobert,a,10822,OpenPlay,2025,RightFoot,28789,Manchester City,Tottenham,0,2,2025-08-23 11:30:00,Lucas Bergvall,Pass
638659,92,SavedShot,0.8619999694824219,0.40099998474121096,0.09157638251781464,Dominic Solanke,a,1679,OpenPlay,2025,RightFoot,28789,Manchester City,Tottenham,0,2,2025-08-23 11:30:00,,FormationChange
638660,92,SavedShot,0.9009999847412109,0.580999984741211,0.014750823378562927,Wilson Odobert,a,10822,OpenPlay,2025,Head,28789,Manchester City,Tottenham,0,2,2025-08-23 11:30:00,,Rebound
640235,54,BlockedShot,0.7090000152587891,0.41700000762939454,0.011876707896590233,Pedro Porro,h,6912,OpenPlay,2025,RightFoot,28799,Tottenham,Bournemouth,0,1,2025-08-30 14:00:00,,None
640239,67,SavedShot,0.8430000305175781,0.47200000762939454,0.06134890392422676,Lucas Bergvall,h,12912,OpenPlay,2025,LeftFoot,28799,Tottenham,Bournemouth,0,1,2025-08-30 14:00:00,Richarlison,BallTouch
640241,78,MissedShots,0.870999984741211,0.654000015258789,0.049304671585559845,Wilson Odobert,h,10822,OpenPlay,2025,RightFoot,28799,Tottenham,Bournemouth,0,1,2025-08-30 14:00:00,,None
640242,91,MissedShots,0.8159999847412109,0.495,0.03729104623198509,Mathys Tel,h,9780,OpenPlay,2025,RightFoot,28799,Tottenham,Bournemouth,0,1,2025-08-30 14:00:00,Djed Spence,Cross
640243,97,MissedShots,0.885,0.5879999923706055,0.010849026031792164,Iyenoma Destiny Udogie,h,8831,SetPiece,2025,Head,28799,Tottenham,Bournemouth,0,1,2025-08-30 14:00:00,Mohammed Kudus,Aerial
640220,4,Goal,0.9159999847412109,0.674000015258789,0.06930409371852875,Evanilson,a,12963,OpenPlay,2025,LeftFoot,28799,Tottenham,Bournemouth,0,1,2025-08-30 14:00:00,Marcos Senesi,Pass
640221,6,MissedShots,0.815,0.5109999847412109,0.0680580884218216,Evanilson,a,12963,OpenPlay,2025,RightFoot,28799,Tottenham,Bournemouth,0,1,2025-08-30 14:00:00,,None
640222,10,MissedShots,0.9309999847412109,0.514000015258789,0.44312477111816406,Antoine Semenyo,a,11363,OpenPlay,2025,Head,28799,Tottenham,Bournemouth,0,1,2025-08-30 14:00:00,David Brooks,Cross
640223,16,MissedShots,0.9030000305175782,0.5420000076293945,0.053629983216524124,Evanilson,a,12963,OpenPlay,2025,Head,28799,Tottenham,Bournemouth,0,1,2025-08-30 14:00:00,Alex Scott,Aerial
640224,20,SavedShot,0.71,0.75,0.02855549193918705,David Brooks,a,6820,DirectFreekick,2025,LeftFoot,28799,Tottenham,Bournemouth,0,1,2025-08-30 14:00:00,,Standard
640225,20,MissedShots,0.9269999694824219,0.544000015258789,0.10050594806671143,David Brooks,a,6820,FromCorner,2025,Head,28799,Tottenham,Bournemouth,0,1,2025-08-30 14:00:00,Alex Scott,Cross
640226,27,BlockedShot,0.874000015258789,0.6379999923706055,0.09486189484596252,Marcus Tavernier,a,10741,OpenPlay,2025,LeftFoot,28799,Tottenham,Bournemouth,0,1,2025-08-30 14:00:00,Antoine Semenyo,Pass
640227,42,MissedShots,0.9330000305175781,0.534000015258789,0.08631952106952667,Evanilson,a,12963,OpenPlay,2025,Head,28799,Tottenham,Bournemouth,0,1,2025-08-30 14:00:00,Adrien Truffert,Aerial
640228,44,BlockedShot,0.725,0.45,0.020391372963786125,Marcos Senesi,a,10864,OpenPlay,2025,LeftFoot,28799,Tottenham,Bournemouth,0,1,2025-08-30 14:00:00,,None
640229,45,MissedShots,0.7040000152587891,0.49900001525878906,0.016705336049199104,Adrien Truffert,a,8640,OpenPlay,2025,LeftFoot,28799,Tottenham,Bournemouth,0,1,2025-08-30 14:00:00,,None
640230,45,SavedShot,0.855999984741211,0.6730000305175782,0.06928935647010803,Antoine Semenyo,a,11363,OpenPlay,2025,LeftFoot,28799,Tottenham,Bournemouth,0,1,2025-08-30 14:00:00,Marcus Tavernier,HeadPass
640231,48,SavedShot,0.9530000305175781,0.40200000762939453,0.3890567719936371,Evanilson,a,12963,OpenPlay,2025,RightFoot,28799,Tottenham,Bournemouth,0,1,2025-08-30 14:00:00,David Brooks,HeadPass
640232,48,BlockedShot,0.895,0.33299999237060546,0.06823419034481049,David Brooks,a,6820,OpenPlay,2025,LeftFoot,28799,Tottenham,Bournemouth,0,1,2025-08-30 14:00:00,Evanilson,Pass
640233,48,BlockedShot,0.919000015258789,0.7090000152587891,0.05085977911949158,Antoine Semenyo,a,11363,OpenPlay,2025,LeftFoot,28799,Tottenham,Bournemouth,0,1,2025-08-30 14:00:00,,Rebound
640234,52,SavedShot,0.8630000305175781,0.6279999923706054,0.08793351799249649,David Brooks,a,6820,OpenPlay,2025,LeftFoot,28799,Tottenham,Bournemouth,0,1,2025-08-30 14:00:00,Evanilson,Pass
640236,61,BlockedShot,0.8340000152587891,0.695,0.04566556587815285,Alex Scott,a,12149,OpenPlay,2025,RightFoot,28799,Tottenham,Bournemouth,0,1,2025-08-30 14:00:00,Antoine Semenyo,Pass
640237,65,MissedShots,0.9619999694824218,0.37799999237060544,0.360321968793869,Marcus Tavernier,a,10741,OpenPlay,2025,RightFoot,28799,Tottenham,Bournemouth,0,1,2025-08-30 14:00:00,,None
640238,66,MissedShots,0.7680000305175781,0.36400001525878906,0.02112388238310814,Marcus Tavernier,a,10741,SetPiece,2025,LeftFoot,28799,Tottenham,Bournemouth,0,1,2025-08-30 14:00:00,Amine Adli,Pass
640240,74,SavedShot,0.9430000305175781,0.32099998474121094,0.04962950944900513,Tyler Adams,a,7352,FromCorner,2025,RightFoot,28799,Tottenham,Bournemouth,0,1,2025-08-30 14:00:00,Bafode Diakite,Pass
641891,13,MissedShots,0.9,0.5359999847412109,0.13077595829963684,Lucas Paquetá,h,7365,OpenPlay,2025,LeftFoot,28814,West Ham,Tottenham,0,3,2025-09-13 16:30:00,Mateus Fernandes,Pass
641893,21,SavedShot,0.955,0.3189999961853027,0.009753167629241943,Tomas Soucek,h,8288,FromCorner,2025,Head,28814,West Ham,Tottenham,0,3,2025-09-13 16:30:00,James Ward-Prowse,Cross
641896,45,MissedShots,0.74,0.505,0.01826786994934082,Jarrod Bowen,h,1776,OpenPlay,2025,LeftFoot,28814,West Ham,Tottenham,0,3,2025-09-13 16:30:00,Lucas Paquetá,Pass
641898,48,SavedShot,0.8490000152587891,0.519000015258789,0.05773388221859932,Jarrod Bowen,h,1776,OpenPlay,2025,LeftFoot,28814,West Ham,Tottenham,0,3,2025-09-13 16:30:00,Mateus Fernandes,TakeOn
641899,49,SavedShot,0.8480000305175781,0.534000015258789,0.03183525800704956,El Hadji Malick Diouf,h,13723,FromCorner,2025,Head,28814,West Ham,Tottenham,0,3,2025-09-13 16:30:00,,None
641901,52,MissedShots,0.9640000152587891,0.55,0.4949305057525635,Max Kilman,h,7332,SetPiece,2025,Head,28814,West Ham,Tottenham,0,3,2025-09-13 16:30:00,James Ward-Prowse,Aerial
641906,68,SavedShot,0.8859999847412109,0.28299999237060547,0.04995102062821388,Jarrod Bowen,h,1776,OpenPlay,2025,LeftFoot,28814,West Ham,Tottenham,0,3,2025-09-13 16:30:00,Kyle Walker-Peters,Pass
641890,0,BlockedShot,0.8490000152587891,0.315,0.03891247138381004,Mohammed Kudus,a,12027,OpenPlay,2025,RightFoot,28814,West Ham,Tottenham,0,3,2025-09-13 16:30:00,,None
641892,17,MissedShots,0.7819999694824219,0.634000015258789,0.02330196090042591,Xavi Simons,a,8700,OpenPlay,2025,RightFoot,28814,West Ham,Tottenham,0,3,2025-09-13 16:30:00,Cristian Romero,Chipped
641894,37,BlockedShot,0.9640000152587891,0.44299999237060544,0.07163672894239426,Pape Sarr,a,9021,FromCorner,2025,Head,28814,West Ham,Tottenham,0,3,2025-09-13 16:30:00,Pedro Porro,Aerial
641895,42,SavedShot,0.945,0.415,0.10526277869939804,Cristian Romero,a,7218,FromCorner,2025,LeftFoot,28814,West Ham,Tottenham,0,3,2025-09-13 16:30:00,Micky van de Ven,None
641897,46,Goal,0.9740000152587891,0.41700000762939454,0.23158390820026398,Pape Sarr,a,9021,FromCorner,2025,Head,28814,West Ham,Tottenham,0,3,2025-09-13 16:30:00,Xavi Simons,Cross
641900,50,BlockedShot,0.769000015258789,0.705999984741211,0.022355901077389717,Mathys Tel,a,9780,OpenPlay,2025,RightFoot,28814,West Ham,Tottenham,0,3,2025-09-13 16:30:00,,BallRecovery
641902,56,Goal,0.9080000305175782,0.5709999847412109,0.21987707912921906,Lucas Bergvall,a,12912,OpenPlay,2025,Head,28814,West Ham,Tottenham,0,3,2025-09-13 16:30:00,Cristian Romero,Chipped
641903,59,MissedShots,0.975999984741211,0.415,0.029265418648719788,João Palhinha,a,10715,FromCorner,2025,Head,28814,West Ham,Tottenham,0,3,2025-09-13 16:30:00,Mohammed Kudus,Aerial
641904,63,Goal,0.8819999694824219,0.45299999237060545,0.06834226846694946,Micky van de Ven,a,10050,FromCorner,2025,RightFoot,28814,West Ham,Tottenham,0,3,2025-09-13 16:30:00,Lucas Bergvall,BallTouch
641905,66,MissedShots,0.8119999694824219,0.47900001525878905,0.05813427269458771,Mohammed Kudus,a,12027,OpenPlay,2025,LeftFoot,28814,West Ham,Tottenham,0,3,2025-09-13 16:30:00,,None
641907,73,BlockedShot,0.7880000305175782,0.63,0.028478236868977547,João Palhinha,a,10715,OpenPlay,2025,RightFoot,28814,West Ham,Tottenham,0,3,2025-09-13 16:30:00,Iyenoma Destiny Udogie,Pass
641908,90,SavedShot,0.9180000305175782,0.47,0.4398770332336426,Mohammed Kudus,a,12027,OpenPlay,2025,RightFoot,28814,West Ham,Tottenham,0,3,2025-09-13 16:30:00,Pedro Porro,Cross
641909,92,BlockedShot,0.9180000305175782,0.5570000076293945,0.12657597661018372,Mohammed Kudus,a,12027,OpenPlay,2025,LeftFoot,28814,West Ham,Tottenham,0,3,2025-09-13 16:30:00,Richarlison,BallTouch
641910,94,MissedShots,0.9640000152587891,0.3990000152587891,0.05041293799877167,João Palhinha,a,10715,FromCorner,2025,Head,28814,West Ham,Tottenham,0,3,2025-09-13 16:30:00,Mohammed Kudus,Cross
643108,7,Goal,0.970999984741211,0.40700000762939453,0.6801360845565796,Yankuba Minteh,h,12759,OpenPlay,2025,LeftFoot,28821,Brighton,Tottenham,2,2,2025-09-20 14:00:00,Georginio Rutter,TakeOn
643110,26,SavedShot,0.7530000305175781,0.4470000076293945,0.029110973700881004,Yasin Ayari,h,11385,OpenPlay,2025,RightFoot,28821,Brighton,Tottenham,2,2,2025-09-20 14:00:00,Brajan Gruda,Pass
643111,26,MissedShots,0.775,0.395,0.03572119399905205,Brajan Gruda,h,11310,OpenPlay,2025,LeftFoot,28821,Brighton,Tottenham,2,2,2025-09-20 14:00:00,Yankuba Minteh,Pass
643113,30,Goal,0.7680000305175781,0.7709999847412109,0.016534868627786636,Yasin Ayari,h,11385,OpenPlay,2025,RightFoot,28821,Brighton,Tottenham,2,2,2025-09-20 14:00:00,,BallRecovery
643118,58,MissedShots,0.43900001525878907,0.915,0.015729200094938278,Lewis Dunk,h,6048,DirectFreekick,2025,RightFoot,28821,Brighton,Tottenham,2,2,2025-09-20 14:00:00,,Standard
643119,61,MissedShots,0.7909999847412109,0.5509999847412109,0.041304536163806915,Yasin Ayari,h,11385,OpenPlay,2025,RightFoot,28821,Brighton,Tottenham,2,2,2025-09-20 14:00:00,Georginio Rutter,Pass
643123,75,MissedShots,0.639000015258789,0.3679999923706055,0.027654215693473816,Diego Gómez,h,13364,OpenPlay,2025,RightFoot,28821,Brighton,Tottenham,2,2,2025-09-20 14:00:00,Yasin Ayari,Pass
643124,78,SavedShot,0.9009999847412109,0.6480000305175782,0.21523454785346985,Kaoru Mitoma,h,10806,OpenPlay,2025,RightFoot,28821,Brighton,Tottenham,2,2,2025-09-20 14:00:00,Ferdi Kadioglu,TakeOn
643125,79,MissedShots,0.960999984741211,0.675,0.07813909649848938,Ferdi Kadioglu,h,13066,OpenPlay,2025,RightFoot,28821,Brighton,Tottenham,2,2,2025-09-20 14:00:00,Kaoru Mitoma,Pass
643127,81,OwnGoal,0.07300000190734864,0.4979999923706055,0,Jan Paul van Hecke,h,10807,OpenPlay,2025,RightFoot,28821,Brighton,Tottenham,2,2,2025-09-20 14:00:00,,Challenge
643128,83,BlockedShot,0.874000015258789,0.6120000076293945,0.14432482421398163,Danny Welbeck,h,501,OpenPlay,2025,LeftFoot,28821,Brighton,Tottenham,2,2,2025-09-20 14:00:00,James Milner,TakeOn
643129,86,MissedShots,0.8819999694824219,0.48900001525878906,0.08411257714033127,Yasin Ayari,h,11385,OpenPlay,2025,RightFoot,28821,Brighton,Tottenham,2,2,2025-09-20 14:00:00,Diego Gómez,Cross
643130,87,MissedShots,0.8119999694824219,0.519000015258789,0.03666158393025398,Yasin Ayari,h,11385,FromCorner,2025,RightFoot,28821,Brighton,Tottenham,2,2,2025-09-20 14:00:00,,None
643109,24,MissedShots,0.9359999847412109,0.6580000305175782,0.056550201028585434,Richarlison,a,6026,OpenPlay,2025,LeftFoot,28821,Brighton,Tottenham,2,2,2025-09-20 14:00:00,Pedro Porro,Chipped
643112,27,MissedShots,0.904000015258789,0.6179999923706054,0.0659448653459549,Wilson Odobert,a,10822,OpenPlay,2025,RightFoot,28821,Brighton,Tottenham,2,2,2025-09-20 14:00:00,,None
643114,40,BlockedShot,0.9130000305175782,0.61,0.11073101311922073,Richarlison,a,6026,OpenPlay,2025,LeftFoot,28821,Brighton,Tottenham,2,2,2025-09-20 14:00:00,Rodrigo Bentancur,Pass
643115,41,MissedShots,0.9309999847412109,0.41900001525878905,0.023174528032541275,Richarlison,a,6026,FromCorner,2025,Head,28821,Brighton,Tottenham,2,2,2025-09-20 14:00:00,Pedro Porro,Aerial
643116,42,MissedShots,0.87,0.415,0.09663721919059753,Mohammed Kudus,a,12027,OpenPlay,2025,LeftFoot,28821,Brighton,Tottenham,2,2,2025-09-20 14:00:00,Rodrigo Bentancur,Pass
643117,42,Goal,0.955,0.4909999847412109,0.650574803352356,Richarlison,a,6026,OpenPlay,2025,RightFoot,28821,Brighton,Tottenham,2,2,2025-09-20 14:00:00,Mohammed Kudus,Rebound
643120,63,MissedShots,0.8169999694824219,0.615,0.03264937177300453,Xavi Simons,a,8700,OpenPlay,2025,RightFoot,28821,Brighton,Tottenham,2,2,2025-09-20 14:00:00,Richarlison,Pass
643121,67,SavedShot,0.865,0.655,0.06090184673666954,Xavi Simons,a,8700,OpenPlay,2025,RightFoot,28821,Brighton,Tottenham,2,2,2025-09-20 14:00:00,Iyenoma Destiny Udogie,Pass
643122,69,MissedShots,0.8519999694824218,0.4809999847412109,0.06405803561210632,Xavi Simons,a,8700,OpenPlay,2025,RightFoot,28821,Brighton,Tottenham,2,2,2025-09-20 14:00:00,Mohammed Kudus,Cross
643126,80,SavedShot,0.874000015258789,0.6919999694824219,0.07350193709135056,Richarlison,a,6026,OpenPlay,2025,RightFoot,28821,Brighton,Tottenham,2,2,2025-09-20 14:00:00,Xavi Simons,Pass
643131,93,BlockedShot,0.764000015258789,0.27299999237060546,0.019953982904553413,Mohammed Kudus,a,12027,OpenPlay,2025,LeftFoot,28821,Brighton,Tottenham,2,2,2025-09-20 14:00:00,Archie Gray,Pass
645065,14,SavedShot,0.9719999694824218,0.43200000762939456,0.4103844463825226,Mohammed Kudus,h,12027,OpenPlay,2025,Head,28835,Tottenham,Wolverhampton Wanderers,1,1,2025-09-27 19:00:00,Xavi Simons,Cross
645066,22,MissedShots,0.8640000152587891,0.5029999923706054,0.13262152671813965,Lucas Bergvall,h,12912,OpenPlay,2025,RightFoot,28835,Tottenham,Wolverhampton Wanderers,1,1,2025-09-27 19:00:00,,End
645068,29,BlockedShot,0.8930000305175781,0.4,0.021339932456612587,Micky van de Ven,h,10050,FromCorner,2025,Head,28835,Tottenham,Wolverhampton Wanderers,1,1,2025-09-27 19:00:00,Djed Spence,Cross
645070,40,MissedShots,0.889000015258789,0.47900001525878905,0.061938971281051636,Lucas Bergvall,h,12912,FromCorner,2025,RightFoot,28835,Tottenham,Wolverhampton Wanderers,1,1,2025-09-27 19:00:00,Mohammed Kudus,Cross
645071,42,SavedShot,0.8530000305175781,0.28399999618530275,0.03407825157046318,Mohammed Kudus,h,12027,OpenPlay,2025,LeftFoot,28835,Tottenham,Wolverhampton Wanderers,1,1,2025-09-27 19:00:00,João Palhinha,Chipped
645076,60,BlockedShot,0.8930000305175781,0.625999984741211,0.06092238053679466,Rodrigo Bentancur,h,6108,OpenPlay,2025,RightFoot,28835,Tottenham,Wolverhampton Wanderers,1,1,2025-09-27 19:00:00,,None
645079,79,MissedShots,0.8680000305175781,0.585999984741211,0.013495173305273056,Richarlison,h,6026,OpenPlay,2025,Head,28835,Tottenham,Wolverhampton Wanderers,1,1,2025-09-27 19:00:00,Pedro Porro,Aerial
645080,81,MissedShots,0.730999984741211,0.4620000076293945,0.018122714012861252,Cristian Romero,h,7218,OpenPlay,2025,RightFoot,28835,Tottenham,Wolverhampton Wanderers,1,1,2025-09-27 19:00:00,Micky van de Ven,Pass
645081,82,MissedShots,0.7330000305175781,0.5629999923706055,0.015520984306931496,João Palhinha,h,10715,OpenPlay,2025,RightFoot,28835,Tottenham,Wolverhampton Wanderers,1,1,2025-09-27 19:00:00,,Dispossessed
645082,93,Goal,0.8169999694824219,0.629000015258789,0.050286512821912766,João Palhinha,h,10715,OpenPlay,2025,RightFoot,28835,Tottenham,Wolverhampton Wanderers,1,1,2025-09-27 19:00:00,Pape Sarr,LayOff
645064,5,MissedShots,0.945,0.57,0.06253957748413086,Jørgen Strand Larsen,a,11070,OpenPlay,2025,Head,28835,Tottenham,Wolverhampton Wanderers,1,1,2025-09-27 19:00:00,,Aerial
645067,24,MissedShots,0.7130000305175781,0.7180000305175781,0.01300862617790699,Hee-Chan Hwang,a,8845,FromCorner,2025,RightFoot,28835,Tottenham,Wolverhampton Wanderers,1,1,2025-09-27 19:00:00,Jhon Arias,Pass
645069,37,MissedShots,0.8080000305175781,0.2560000038146973,0.02225051261484623,Jhon Arias,a,13741,OpenPlay,2025,RightFoot,28835,Tottenham,Wolverhampton Wanderers,1,1,2025-09-27 19:00:00,Santiago Bueno,Pass
645072,47,BlockedShot,0.765,0.639000015258789,0.03637189418077469,Jhon Arias,a,13741,OpenPlay,2025,LeftFoot,28835,Tottenham,Wolverhampton Wanderers,1,1,2025-09-27 19:00:00,,None
645073,48,ShotOnPost,0.9309999847412109,0.335,0.05208981782197952,Matt Doherty,a,6852,FromCorner,2025,RightFoot,28835,Tottenham,Wolverhampton Wanderers,1,1,2025-09-27 19:00:00,,None
645074,53,SavedShot,0.899000015258789,0.4,0.0227481909096241,Ladislav Krejcí,a,12721,FromCorner,2025,Head,28835,Tottenham,Wolverhampton Wanderers,1,1,2025-09-27 19:00:00,Jhon Arias,Cross
645075,53,Goal,0.9569999694824218,0.524000015258789,0.627437174320221,Santiago Bueno,a,10945,FromCorner,2025,RightFoot,28835,Tottenham,Wolverhampton Wanderers,1,1,2025-09-27 19:00:00,,Rebound
645077,67,MissedShots,0.8969999694824219,0.645,0.0792684480547905,Jean-Ricner Bellegarde,a,7762,OpenPlay,2025,LeftFoot,28835,Tottenham,Wolverhampton Wanderers,1,1,2025-09-27 19:00:00,Ladislav Krejcí,Chipped
645078,73,SavedShot,0.8930000305175781,0.6940000152587891,0.2580723166465759,Hugo Bueno,a,10140,OpenPlay,2025,LeftFoot,28835,Tottenham,Wolverhampton Wanderers,1,1,2025-09-27 19:00:00,Jhon Arias,Pass
645900,4,MissedShots,0.8719999694824219,0.3679999923706055,0.03810622915625572,Anton Stach,h,9910,FromCorner,2025,RightFoot,28844,Leeds,Tottenham,1,2,2025-10-04 11:30:00,Sean Longstaff,Cross
645901,6,ShotOnPost,0.97,0.40099998474121096,0.2322663515806198,Joe Rodon,h,6377,SetPiece,2025,Head,28844,Leeds,Tottenham,1,2,2025-10-04 11:30:00,Sean Longstaff,Aerial
645902,6,MissedShots,0.914000015258789,0.48700000762939455,0.06113003194332123,Pascal Struijk,h,8717,SetPiece,2025,Head,28844,Leeds,Tottenham,1,2,2025-10-04 11:30:00,Dominic Calvert-Lewin,HeadPass
645906,25,MissedShots,0.8590000152587891,0.585999984741211,0.060694314539432526,Dominic Calvert-Lewin,h,5555,OpenPlay,2025,RightFoot,28844,Leeds,Tottenham,1,2,2025-10-04 11:30:00,Noah Okafor,BallRecovery
645908,33,SavedShot,0.879000015258789,0.37799999237060544,0.07747303694486618,Brenden Aaronson,h,10751,OpenPlay,2025,LeftFoot,28844,Leeds,Tottenham,1,2,2025-10-04 11:30:00,Dominic Calvert-Lewin,LayOff
645909,33,Goal,0.9669999694824218,0.54,0.6810007095336914,Noah Okafor,h,11966,OpenPlay,2025,RightFoot,28844,Leeds,Tottenham,1,2,2025-10-04 11:30:00,,Rebound
645910,36,BlockedShot,0.784000015258789,0.5509999847412109,0.032637957483530045,Sean Longstaff,h,7078,OpenPlay,2025,RightFoot,28844,Leeds,Tottenham,1,2,2025-10-04 11:30:00,Brenden Aaronson,Pass
645911,36,MissedShots,0.8159999847412109,0.5359999847412109,0.044881537556648254,Sean Longstaff,h,7078,OpenPlay,2025,RightFoot,28844,Leeds,Tottenham,1,2,2025-10-04 11:30:00,,Rebound
645914,47,SavedShot,0.86,0.43400001525878906,0.09731337428092957,Dominic Calvert-Lewin,h,5555,OpenPlay,2025,RightFoot,28844,Leeds,Tottenham,1,2,2025-10-04 11:30:00,Noah Okafor,Pass
645917,61,MissedShots,0.955999984741211,0.6480000305175782,0.007910280488431454,Joe Rodon,h,6377,SetPiece,2025,Head,28844,Leeds,Tottenham,1,2,2025-10-04 11:30:00,Sean Longstaff,Aerial
645918,70,MissedShots,0.7769999694824219,0.5209999847412109,0.03436124697327614,Sean Longstaff,h,7078,OpenPlay,2025,RightFoot,28844,Leeds,Tottenham,1,2,2025-10-04 11:30:00,Ao Tanaka,Pass
645919,77,MissedShots,0.725999984741211,0.33599998474121096,0.013216808438301086,Jayden Bogle,h,9205,OpenPlay,2025,RightFoot,28844,Leeds,Tottenham,1,2,2025-10-04 11:30:00,Sean Longstaff,BallRecovery
645921,90,MissedShots,0.7680000305175781,0.40099998474121096,0.023350631818175316,Sean Longstaff,h,7078,OpenPlay,2025,RightFoot,28844,Leeds,Tottenham,1,2,2025-10-04 11:30:00,,None
645922,91,MissedShots,0.909000015258789,0.634000015258789,0.010916526429355145,Pascal Struijk,h,8717,OpenPlay,2025,Head,28844,Leeds,Tottenham,1,2,2025-10-04 11:30:00,Ethan Ampadu,Aerial
645923,93,SavedShot,0.8469999694824218,0.5109999847412109,0.058323636651039124,Joël Piroe,h,13835,OpenPlay,2025,LeftFoot,28844,Leeds,Tottenham,1,2,2025-10-04 11:30:00,Dominic Calvert-Lewin,HeadPass
645924,93,BlockedShot,0.9380000305175781,0.5359999847412109,0.06115124002099037,Pascal Struijk,h,8717,FromCorner,2025,Head,28844,Leeds,Tottenham,1,2,2025-10-04 11:30:00,Sean Longstaff,Aerial
645903,9,MissedShots,0.8130000305175781,0.46099998474121096,0.04990726336836815,João Palhinha,a,10715,OpenPlay,2025,RightFoot,28844,Leeds,Tottenham,1,2,2025-10-04 11:30:00,,None
645904,15,BlockedShot,0.775,0.509000015258789,0.032749954611063004,João Palhinha,a,10715,OpenPlay,2025,RightFoot,28844,Leeds,Tottenham,1,2,2025-10-04 11:30:00,Xavi Simons,Pass
645905,22,Goal,0.87,0.3060000038146973,0.0721215233206749,Mathys Tel,a,9780,OpenPlay,2025,RightFoot,28844,Leeds,Tottenham,1,2,2025-10-04 11:30:00,Mohammed Kudus,Pass
645907,26,MissedShots,0.8590000152587891,0.425,0.32727721333503723,Mohammed Kudus,a,12027,OpenPlay,2025,LeftFoot,28844,Leeds,Tottenham,1,2,2025-10-04 11:30:00,Iyenoma Destiny Udogie,Pass
645912,44,MissedShots,0.7090000152587891,0.5229999923706055,0.013940145261585712,Rodrigo Bentancur,a,6108,OpenPlay,2025,RightFoot,28844,Leeds,Tottenham,1,2,2025-10-04 11:30:00,Xavi Simons,Pass
645913,45,ShotOnPost,0.9180000305175782,0.5429999923706055,0.05292653664946556,Mathys Tel,a,9780,OpenPlay,2025,Head,28844,Leeds,Tottenham,1,2,2025-10-04 11:30:00,Wilson Odobert,Aerial
645915,54,SavedShot,0.7930000305175782,0.34599998474121096,0.07763850688934326,Mohammed Kudus,a,12027,DirectFreekick,2025,LeftFoot,28844,Leeds,Tottenham,1,2,2025-10-04 11:30:00,,Standard
645916,56,Goal,0.7969999694824219,0.425,0.03842801973223686,Mohammed Kudus,a,12027,OpenPlay,2025,LeftFoot,28844,Leeds,Tottenham,1,2,2025-10-04 11:30:00,,None
645920,86,BlockedShot,0.8919999694824219,0.28899999618530275,0.023208579048514366,Richarlison,a,6026,OpenPlay,2025,RightFoot,28844,Leeds,Tottenham,1,2,2025-10-04 11:30:00,,Aerial
648079,4,Goal,0.9130000305175782,0.5279999923706055,0.4010891914367676,Rodrigo Bentancur,h,6108,FromCorner,2025,RightFoot,28856,Tottenham,Aston Villa,1,2,2025-10-19 13:00:00,João Palhinha,HeadPass
648082,26,SavedShot,0.8469999694824218,0.7240000152587891,0.09124181419610977,Wilson Odobert,h,10822,OpenPlay,2025,RightFoot,28856,Tottenham,Aston Villa,1,2,2025-10-19 13:00:00,Pedro Porro,Chipped
648084,45,MissedShots,0.9009999847412109,0.4909999847412109,0.2573102116584778,Micky van de Ven,h,10050,SetPiece,2025,Head,28856,Tottenham,Aston Villa,1,2,2025-10-19 13:00:00,Wilson Odobert,Cross
648085,52,BlockedShot,0.9230000305175782,0.48900001525878906,0.5299350023269653,Wilson Odobert,h,10822,OpenPlay,2025,RightFoot,28856,Tottenham,Aston Villa,1,2,2025-10-19 13:00:00,,None
648086,53,SavedShot,0.794000015258789,0.37599998474121094,0.03177473694086075,João Palhinha,h,10715,OpenPlay,2025,RightFoot,28856,Tottenham,Aston Villa,1,2,2025-10-19 13:00:00,Rodrigo Bentancur,Pass
648088,56,MissedShots,0.7819999694824219,0.4229999923706055,0.031818948686122894,João Palhinha,h,10715,OpenPlay,2025,RightFoot,28856,Tottenham,Aston Villa,1,2,2025-10-19 13:00:00,Xavi Simons,Pass
648090,66,BlockedShot,0.8180000305175781,0.4859999847412109,0.05909617245197296,Rodrigo Bentancur,h,6108,OpenPlay,2025,LeftFoot,28856,Tottenham,Aston Villa,1,2,2025-10-19 13:00:00,Pedro Porro,BallTouch
648094,92,MissedShots,0.914000015258789,0.519000015258789,0.06208477169275284,Randal Kolo Muani,h,5743,FromCorner,2025,RightFoot,28856,Tottenham,Aston Villa,1,2,2025-10-19 13:00:00,Richarlison,Aerial
648095,94,MissedShots,0.8830000305175781,0.6619999694824219,0.05026136338710785,Brennan Johnson,h,10760,OpenPlay,2025,RightFoot,28856,Tottenham,Aston Villa,1,2,2025-10-19 13:00:00,,None
648080,11,BlockedShot,0.8119999694824219,0.28399999618530275,0.017699720337986946,Matthew Cash,a,8864,FromCorner,2025,RightFoot,28856,Tottenham,Aston Villa,1,2,2025-10-19 13:00:00,,None
648081,14,MissedShots,0.7680000305175781,0.4379999923706055,0.028522029519081116,Matthew Cash,a,8864,OpenPlay,2025,RightFoot,28856,Tottenham,Aston Villa,1,2,2025-10-19 13:00:00,Evann Guessand,Pass
648083,36,Goal,0.795,0.33599998474121096,0.025275209918618202,Morgan Rogers,a,12412,OpenPlay,2025,RightFoot,28856,Tottenham,Aston Villa,1,2,2025-10-19 13:00:00,,None
648087,56,MissedShots,0.899000015258789,0.6480000305175782,0.08622466772794724,Donyell Malen,a,9749,OpenPlay,2025,LeftFoot,28856,Tottenham,Aston Villa,1,2,2025-10-19 13:00:00,John McGinn,Pass
648089,61,MissedShots,0.7959999847412109,0.6869999694824219,0.05368897691369057,John McGinn,a,7723,OpenPlay,2025,LeftFoot,28856,Tottenham,Aston Villa,1,2,2025-10-19 13:00:00,Matthew Cash,BallRecovery
648091,76,Goal,0.8209999847412109,0.32599998474121095,0.03128521516919136,Emiliano Buendía,a,2203,OpenPlay,2025,LeftFoot,28856,Tottenham,Aston Villa,1,2,2025-10-19 13:00:00,Lucas Digne,Pass
648092,86,MissedShots,0.784000015258789,0.5929999923706055,0.021490737795829773,Ian Maatsen,a,11807,FromCorner,2025,LeftFoot,28856,Tottenham,Aston Villa,1,2,2025-10-19 13:00:00,,None
648093,89,BlockedShot,0.865,0.37400001525878906,0.08804439753293991,Ollie Watkins,a,8865,OpenPlay,2025,RightFoot,28856,Tottenham,Aston Villa,1,2,2025-10-19 13:00:00,Ian Maatsen,Pass
649805,2,BlockedShot,0.9590000152587891,0.6020000076293945,0.3938571810722351,Jack Grealish,h,675,OpenPlay,2025,LeftFoot,28863,Everton,Tottenham,0,3,2025-10-26 15:30:00,Beto,BallTouch
649806,2,MissedShots,0.8919999694824219,0.33299999237060546,0.05082811415195465,Kiernan Dewsbury-Hall,h,9739,OpenPlay,2025,LeftFoot,28863,Everton,Tottenham,0,3,2025-10-26 15:30:00,,Rebound
649808,23,MissedShots,0.6940000152587891,0.49200000762939455,0.014132481068372726,James Garner,h,7438,OpenPlay,2025,RightFoot,28863,Everton,Tottenham,0,3,2025-10-26 15:30:00,Jack Grealish,Pass
649812,47,BlockedShot,0.970999984741211,0.5790000152587891,0.08305452018976212,Kiernan Dewsbury-Hall,h,9739,OpenPlay,2025,LeftFoot,28863,Everton,Tottenham,0,3,2025-10-26 15:30:00,,None
649813,48,MissedShots,0.9180000305175782,0.4420000076293945,0.07586800307035446,Iliman Ndiaye,h,9307,OpenPlay,2025,RightFoot,28863,Everton,Tottenham,0,3,2025-10-26 15:30:00,James Garner,Cross
649814,53,SavedShot,0.9519999694824218,0.46700000762939453,0.5746387243270874,Beto,h,9983,OpenPlay,2025,RightFoot,28863,Everton,Tottenham,0,3,2025-10-26 15:30:00,,None
649817,67,MissedShots,0.855999984741211,0.6969999694824218,0.03287873417139053,James Garner,h,7438,SetPiece,2025,RightFoot,28863,Everton,Tottenham,0,3,2025-10-26 15:30:00,Jack Grealish,Pass
649818,72,SavedShot,0.8069999694824219,0.5170000076293946,0.05390496924519539,Iliman Ndiaye,h,9307,OpenPlay,2025,LeftFoot,28863,Everton,Tottenham,0,3,2025-10-26 15:30:00,Jack Grealish,Pass
649819,73,BlockedShot,0.8519999694824218,0.4229999923706055,0.032558731734752655,Idrissa Gueye,h,668,OpenPlay,2025,RightFoot,28863,Everton,Tottenham,0,3,2025-10-26 15:30:00,James Tarkowski,HeadPass
649820,76,BlockedShot,0.765,0.5420000076293945,0.023833973333239555,Thierno Barry,h,12916,OpenPlay,2025,LeftFoot,28863,Everton,Tottenham,0,3,2025-10-26 15:30:00,James Tarkowski,Chipped
649821,77,MissedShots,0.9530000305175781,0.4879999923706055,0.07411415129899979,Merlin Röhl,h,11331,FromCorner,2025,Head,28863,Everton,Tottenham,0,3,2025-10-26 15:30:00,Kiernan Dewsbury-Hall,Aerial
649822,81,BlockedShot,0.7219999694824218,0.5420000076293945,0.013551244512200356,Vitalii Mykolenko,h,10291,OpenPlay,2025,LeftFoot,28863,Everton,Tottenham,0,3,2025-10-26 15:30:00,Kiernan Dewsbury-Hall,Pass
649807,18,Goal,0.965,0.47900001525878905,0.268822580575943,Micky van de Ven,a,10050,FromCorner,2025,Head,28863,Everton,Tottenham,0,3,2025-10-26 15:30:00,Rodrigo Bentancur,BallTouch
649809,34,MissedShots,0.8080000305175781,0.5829999923706055,0.03265386447310448,Rodrigo Bentancur,a,6108,FromCorner,2025,RightFoot,28863,Everton,Tottenham,0,3,2025-10-26 15:30:00,Randal Kolo Muani,Pass
649810,48,MissedShots,0.9540000152587891,0.44299999237060544,0.07056132704019547,Rodrigo Bentancur,a,6108,FromCorner,2025,Head,28863,Everton,Tottenham,0,3,2025-10-26 15:30:00,,Aerial
649811,50,Goal,0.975,0.49400001525878906,0.6043665409088135,Micky van de Ven,a,10050,FromCorner,2025,Head,28863,Everton,Tottenham,0,3,2025-10-26 15:30:00,Pedro Porro,Aerial
649815,59,BlockedShot,0.750999984741211,0.4979999923706055,0.06584076583385468,Mohammed Kudus,a,12027,DirectFreekick,2025,LeftFoot,28863,Everton,Tottenham,0,3,2025-10-26 15:30:00,,Standard
649816,64,SavedShot,0.9,0.3629999923706055,0.41355663537979126,Richarlison,a,6026,OpenPlay,2025,RightFoot,28863,Everton,Tottenham,0,3,2025-10-26 15:30:00,,None
649823,88,Goal,0.955,0.47400001525878904,0.6374728679656982,Pape Sarr,a,9021,OpenPlay,2025,Head,28863,Everton,Tottenham,0,3,2025-10-26 15:30:00,Richarlison,Aerial
651049,31,MissedShots,0.8109999847412109,0.29200000762939454,0.02562577649950981,Mohammed Kudus,h,12027,OpenPlay,2025,LeftFoot,28876,Tottenham,Chelsea,0,1,2025-11-01 17:30:00,Randal Kolo Muani,Pass
651052,50,SavedShot,0.8819999694824219,0.3,0.05039970949292183,Mohammed Kudus,h,12027,OpenPlay,2025,LeftFoot,28876,Tottenham,Chelsea,0,1,2025-11-01 17:30:00,Pape Sarr,Pass
651058,70,BlockedShot,0.875,0.35400001525878905,0.07092811167240143,Mohammed Kudus,h,12027,OpenPlay,2025,LeftFoot,28876,Tottenham,Chelsea,0,1,2025-11-01 17:30:00,Pape Sarr,TakeOn
651045,10,BlockedShot,0.8490000152587891,0.41200000762939454,0.050805579870939255,Marc Cucurella,a,7134,FromCorner,2025,LeftFoot,28876,Tottenham,Chelsea,0,1,2025-11-01 17:30:00,,None
651046,18,MissedShots,0.7030000305175781,0.5540000152587891,0.014707226306200027,Reece James,a,8067,OpenPlay,2025,RightFoot,28876,Tottenham,Chelsea,0,1,2025-11-01 17:30:00,Enzo Fernández,Pass
651047,19,SavedShot,0.8519999694824218,0.64,0.06115251034498215,Alejandro Garnacho,a,10552,OpenPlay,2025,RightFoot,28876,Tottenham,Chelsea,0,1,2025-11-01 17:30:00,Enzo Fernández,Pass
651048,30,SavedShot,0.875999984741211,0.6859999847412109,0.30618831515312195,João Pedro,a,8272,OpenPlay,2025,RightFoot,28876,Tottenham,Chelsea,0,1,2025-11-01 17:30:00,Alejandro Garnacho,BallRecovery
651050,33,Goal,0.9159999847412109,0.48200000762939454,0.5045353174209595,João Pedro,a,8272,OpenPlay,2025,RightFoot,28876,Tottenham,Chelsea,0,1,2025-11-01 17:30:00,Moisés Caicedo,Pass
651051,42,SavedShot,0.8980000305175782,0.46599998474121096,0.3248288333415985,João Pedro,a,8272,OpenPlay,2025,RightFoot,28876,Tottenham,Chelsea,0,1,2025-11-01 17:30:00,Malo Gusto,Cross
651053,47,SavedShot,0.7709999847412109,0.5179999923706055,0.03798317164182663,Enzo Fernández,a,11356,OpenPlay,2025,RightFoot,28876,Tottenham,Chelsea,0,1,2025-11-01 17:30:00,Moisés Caicedo,Pass
651054,52,MissedShots,0.950999984741211,0.49900001525878906,0.6195019483566284,Enzo Fernández,a,11356,OpenPlay,2025,Head,28876,Tottenham,Chelsea,0,1,2025-11-01 17:30:00,Reece James,Aerial
651055,55,SavedShot,0.89,0.2979999923706055,0.050810255110263824,Pedro Neto,a,6382,OpenPlay,2025,LeftFoot,28876,Tottenham,Chelsea,0,1,2025-11-01 17:30:00,João Pedro,Pass
651056,56,MissedShots,0.950999984741211,0.545,0.154220849275589,Pedro Neto,a,6382,OpenPlay,2025,LeftFoot,28876,Tottenham,Chelsea,0,1,2025-11-01 17:30:00,Alejandro Garnacho,Pass
651057,56,SavedShot,0.9569999694824218,0.654000015258789,0.014432013034820557,João Pedro,a,8272,OpenPlay,2025,Head,28876,Tottenham,Chelsea,0,1,2025-11-01 17:30:00,Pedro Neto,Rebound
651059,73,SavedShot,0.8930000305175781,0.3290000152587891,0.08520326018333435,Pedro Neto,a,6382,OpenPlay,2025,RightFoot,28876,Tottenham,Chelsea,0,1,2025-11-01 17:30:00,Enzo Fernández,Pass
651060,73,MissedShots,0.8180000305175781,0.47900001525878905,0.0824153870344162,Reece James,a,8067,OpenPlay,2025,RightFoot,28876,Tottenham,Chelsea,0,1,2025-11-01 17:30:00,Malo Gusto,Pass
651061,92,MissedShots,0.889000015258789,0.6029999923706054,0.4768640100955963,Jamie Bynoe-Gittens,a,10542,OpenPlay,2025,RightFoot,28876,Tottenham,Chelsea,0,1,2025-11-01 17:30:00,João Pedro,Pass
651062,93,SavedShot,0.905,0.44,0.5610902309417725,João Pedro,a,8272,OpenPlay,2025,RightFoot,28876,Tottenham,Chelsea,0,1,2025-11-01 17:30:00,Enzo Fernández,Pass
652036,0,BlockedShot,0.8040000152587891,0.5,0.04628419131040573,Xavi Simons,h,8700,OpenPlay,2025,RightFoot,28886,Tottenham,Manchester United,2,2,2025-11-08 12:30:00,,None
652037,15,MissedShots,0.9119999694824219,0.4909999847412109,0.30131447315216064,Richarlison,h,6026,OpenPlay,2025,OtherBodyPart,28886,Tottenham,Manchester United,2,2,2025-11-08 12:30:00,Brennan Johnson,Cross
652038,16,MissedShots,0.7569999694824219,0.3579999923706055,0.011362091638147831,Pape Sarr,h,9021,OpenPlay,2025,RightFoot,28886,Tottenham,Manchester United,2,2,2025-11-08 12:30:00,,Aerial
652042,53,SavedShot,0.9330000305175781,0.505,0.48611223697662354,Cristian Romero,h,7218,OpenPlay,2025,RightFoot,28886,Tottenham,Manchester United,2,2,2025-11-08 12:30:00,Wilson Odobert,Cross
652043,55,SavedShot,0.875,0.5270000076293946,0.07611942291259766,João Palhinha,h,10715,SetPiece,2025,RightFoot,28886,Tottenham,Manchester United,2,2,2025-11-08 12:30:00,,None
652045,81,BlockedShot,0.8280000305175781,0.73,0.02496527135372162,Richarlison,h,6026,OpenPlay,2025,RightFoot,28886,Tottenham,Manchester United,2,2,2025-11-08 12:30:00,Iyenoma Destiny Udogie,Pass
652046,83,Goal,0.8919999694824219,0.54,0.09045909345149994,Mathys Tel,h,9780,OpenPlay,2025,RightFoot,28886,Tottenham,Manchester United,2,2,2025-11-08 12:30:00,Iyenoma Destiny Udogie,Cross
652047,88,MissedShots,0.8859999847412109,0.575999984741211,0.08093001693487167,Mathys Tel,h,9780,OpenPlay,2025,LeftFoot,28886,Tottenham,Manchester United,2,2,2025-11-08 12:30:00,Wilson Odobert,Cross
652048,90,BlockedShot,0.7809999847412109,0.6329999923706054,0.018778178840875626,Wilson Odobert,h,10822,FromCorner,2025,RightFoot,28886,Tottenham,Manchester United,2,2,2025-11-08 12:30:00,,None
652049,90,Goal,0.904000015258789,0.5079999923706054,0.22318211197853088,Richarlison,h,6026,FromCorner,2025,Head,28886,Tottenham,Manchester United,2,2,2025-11-08 12:30:00,Wilson Odobert,Rebound
652039,21,BlockedShot,0.9,0.3189999961853027,0.06043486297130585,Matheus Cunha,a,7080,OpenPlay,2025,RightFoot,28886,Tottenham,Manchester United,2,2,2025-11-08 12:30:00,,BallRecovery
652040,31,MissedShots,0.914000015258789,0.5,0.11519385129213333,Bryan Mbeumo,a,6552,OpenPlay,2025,Head,28886,Tottenham,Manchester United,2,2,2025-11-08 12:30:00,Patrick Dorgu,Cross
652041,31,Goal,0.9169999694824219,0.575,0.2692733407020569,Bryan Mbeumo,a,6552,OpenPlay,2025,Head,28886,Tottenham,Manchester United,2,2,2025-11-08 12:30:00,Amad Diallo Traore,Cross
652044,69,MissedShots,0.8440000152587891,0.4640000152587891,0.13385501503944397,Bruno Fernandes,a,1228,OpenPlay,2025,RightFoot,28886,Tottenham,Manchester United,2,2,2025-11-08 12:30:00,Amad Diallo Traore,Throughball
652050,95,Goal,0.975,0.41900001525878905,0.24149881303310394,Matthijs de Ligt,a,7902,FromCorner,2025,Head,28886,Tottenham,Manchester United,2,2,2025-11-08 12:30:00,Bruno Fernandes,Cross
654356,2,SavedShot,0.8780000305175781,0.45,0.38447895646095276,Declan Rice,h,5553,OpenPlay,2025,RightFoot,28889,Arsenal,Tottenham,4,1,2025-11-23 16:30:00,Eberechi Eze,Throughball
654357,3,MissedShots,0.9819999694824219,0.3970000076293945,0.024843715131282806,Jurriën Timber,h,11707,FromCorner,2025,Head,28889,Arsenal,Tottenham,4,1,2025-11-23 16:30:00,Bukayo Saka,Cross
654358,8,BlockedShot,0.91,0.6370000076293946,0.09756938368082047,Mikel Merino,h,5304,OpenPlay,2025,LeftFoot,28889,Arsenal,Tottenham,4,1,2025-11-23 16:30:00,Leandro Trossard,Pass
654359,17,MissedShots,0.7780000305175782,0.18600000381469728,0.03439057990908623,Bukayo Saka,h,7322,DirectFreekick,2025,LeftFoot,28889,Arsenal,Tottenham,4,1,2025-11-23 16:30:00,,Standard
654360,29,MissedShots,0.85,0.32299999237060545,0.0426466129720211,Jurriën Timber,h,11707,OpenPlay,2025,RightFoot,28889,Arsenal,Tottenham,4,1,2025-11-23 16:30:00,,None
654361,32,SavedShot,0.7680000305175781,0.20100000381469726,0.03438262268900871,Bukayo Saka,h,7322,DirectFreekick,2025,LeftFoot,28889,Arsenal,Tottenham,4,1,2025-11-23 16:30:00,,Standard
654362,35,Goal,0.9159999847412109,0.46799999237060547,0.352424681186676,Leandro Trossard,h,7698,OpenPlay,2025,LeftFoot,28889,Arsenal,Tottenham,4,1,2025-11-23 16:30:00,Mikel Merino,Chipped
654363,40,Goal,0.875999984741211,0.4640000152587891,0.16085651516914368,Eberechi Eze,h,8706,OpenPlay,2025,RightFoot,28889,Arsenal,Tottenham,4,1,2025-11-23 16:30:00,Declan Rice,TakeOn
654364,45,Goal,0.8380000305175781,0.5079999923706054,0.11195696145296097,Eberechi Eze,h,8706,OpenPlay,2025,LeftFoot,28889,Arsenal,Tottenham,4,1,2025-11-23 16:30:00,Jurriën Timber,Pass
654365,50,BlockedShot,0.7859999847412109,0.40599998474121096,0.030601579695940018,Martín Zubimendi,h,7526,OpenPlay,2025,RightFoot,28889,Arsenal,Tottenham,4,1,2025-11-23 16:30:00,,None
654366,53,MissedShots,0.9119999694824219,0.4759999847412109,0.11291363090276718,Riccardo Calafiori,h,8129,SetPiece,2025,Head,28889,Arsenal,Tottenham,4,1,2025-11-23 16:30:00,Declan Rice,Cross
654368,62,MissedShots,0.8680000305175781,0.55,0.07228299230337143,Eberechi Eze,h,8706,SetPiece,2025,LeftFoot,28889,Arsenal,Tottenham,4,1,2025-11-23 16:30:00,,TakeOn
654370,71,SavedShot,0.769000015258789,0.40599998474121096,0.03429223969578743,Bukayo Saka,h,7322,OpenPlay,2025,LeftFoot,28889,Arsenal,Tottenham,4,1,2025-11-23 16:30:00,Martín Zubimendi,BallTouch
654371,72,MissedShots,0.7969999694824219,0.6129999923706054,0.023356325924396515,Eberechi Eze,h,8706,FromCorner,2025,LeftFoot,28889,Arsenal,Tottenham,4,1,2025-11-23 16:30:00,,None
654372,73,MissedShots,0.975,0.4590000152587891,0.5229226350784302,Jurriën Timber,h,11707,FromCorner,2025,Head,28889,Arsenal,Tottenham,4,1,2025-11-23 16:30:00,Declan Rice,Cross
654373,75,Goal,0.8480000305175781,0.46799999237060547,0.11569584906101227,Eberechi Eze,h,8706,OpenPlay,2025,RightFoot,28889,Arsenal,Tottenham,4,1,2025-11-23 16:30:00,Leandro Trossard,Pass
654374,78,SavedShot,0.8569999694824219,0.5070000076293946,0.12265277653932571,Eberechi Eze,h,8706,OpenPlay,2025,LeftFoot,28889,Arsenal,Tottenham,4,1,2025-11-23 16:30:00,Bukayo Saka,Pass
654367,54,Goal,0.664000015258789,0.5,0.008050988428294659,Richarlison,a,6026,OpenPlay,2025,RightFoot,28889,Arsenal,Tottenham,4,1,2025-11-23 16:30:00,João Palhinha,BallRecovery
654369,63,SavedShot,0.7880000305175782,0.7419999694824219,0.010567845776677132,Xavi Simons,a,8700,OpenPlay,2025,RightFoot,28889,Arsenal,Tottenham,4,1,2025-11-23 16:30:00,Wilson Odobert,Pass
654375,79,MissedShots,0.72,0.6519999694824219,0.011448337696492672,Xavi Simons,a,8700,OpenPlay,2025,RightFoot,28889,Arsenal,Tottenham,4,1,2025-11-23 16:30:00,Richarlison,Pass
655306,24,MissedShots,0.740999984741211,0.3029999923706055,0.015221820212900639,Archie Gray,h,10184,OpenPlay,2025,RightFoot,28906,Tottenham,Fulham,1,2,2025-11-29 20:00:00,Mohammed Kudus,Pass
655307,44,MissedShots,0.7819999694824219,0.624000015258789,0.022061016410589218,Micky van de Ven,h,10050,OpenPlay,2025,LeftFoot,28906,Tottenham,Fulham,1,2,2025-11-29 20:00:00,Iyenoma Destiny Udogie,Pass
655308,45,BlockedShot,0.904000015258789,0.38799999237060545,0.061503730714321136,Randal Kolo Muani,h,5743,OpenPlay,2025,RightFoot,28906,Tottenham,Fulham,1,2,2025-11-29 20:00:00,,None
655309,56,MissedShots,0.9069999694824219,0.4590000152587891,0.05306389555335045,Randal Kolo Muani,h,5743,OpenPlay,2025,Head,28906,Tottenham,Fulham,1,2,2025-11-29 20:00:00,Pedro Porro,Aerial
655310,58,BlockedShot,0.8530000305175781,0.31799999237060544,0.03155256435275078,Pedro Porro,h,6912,OpenPlay,2025,RightFoot,28906,Tottenham,Fulham,1,2,2025-11-29 20:00:00,,None
655311,58,Goal,0.9030000305175782,0.26600000381469724,0.030811473727226257,Mohammed Kudus,h,12027,OpenPlay,2025,LeftFoot,28906,Tottenham,Fulham,1,2,2025-11-29 20:00:00,Lucas Bergvall,Chipped
655312,62,MissedShots,0.985,0.40700000762939453,0.07270024716854095,Randal Kolo Muani,h,5743,OpenPlay,2025,RightFoot,28906,Tottenham,Fulham,1,2,2025-11-29 20:00:00,,None
655313,65,BlockedShot,0.870999984741211,0.45599998474121095,0.07313305884599686,Xavi Simons,h,8700,OpenPlay,2025,RightFoot,28906,Tottenham,Fulham,1,2,2025-11-29 20:00:00,Pedro Porro,Cross
655314,65,BlockedShot,0.9630000305175781,0.38799999237060545,0.01403483934700489,Lucas Bergvall,h,12912,FromCorner,2025,Head,28906,Tottenham,Fulham,1,2,2025-11-29 20:00:00,Mohammed Kudus,Aerial
655315,66,BlockedShot,0.8090000152587891,0.3039999961853027,0.027640143409371376,Pedro Porro,h,6912,OpenPlay,2025,RightFoot,28906,Tottenham,Fulham,1,2,2025-11-29 20:00:00,Rodrigo Bentancur,Pass
655316,70,MissedShots,0.9490000152587891,0.575999984741211,0.041982706636190414,Wilson Odobert,h,10822,OpenPlay,2025,Head,28906,Tottenham,Fulham,1,2,2025-11-29 20:00:00,Rodrigo Bentancur,Aerial
655318,76,BlockedShot,0.7430000305175781,0.634000015258789,0.01910373754799366,Xavi Simons,h,8700,OpenPlay,2025,RightFoot,28906,Tottenham,Fulham,1,2,2025-11-29 20:00:00,Iyenoma Destiny Udogie,Pass
655319,80,BlockedShot,0.909000015258789,0.5709999847412109,0.08167928457260132,Iyenoma Destiny Udogie,h,8831,OpenPlay,2025,RightFoot,28906,Tottenham,Fulham,1,2,2025-11-29 20:00:00,,None
655320,80,MissedShots,0.9580000305175781,0.5640000152587891,0.5438923835754395,Randal Kolo Muani,h,5743,OpenPlay,2025,RightFoot,28906,Tottenham,Fulham,1,2,2025-11-29 20:00:00,,Rebound
655301,3,Goal,0.8109999847412109,0.3659999847412109,0.03687554970383644,Kenny Tete,a,5973,OpenPlay,2025,RightFoot,28906,Tottenham,Fulham,1,2,2025-11-29 20:00:00,Samuel Chukwueze,Pass
655302,5,Goal,0.7969999694824219,0.06699999809265136,0.013996370136737823,Harry Wilson,a,5596,OpenPlay,2025,LeftFoot,28906,Tottenham,Fulham,1,2,2025-11-29 20:00:00,Joshua King,Pass
655303,9,BlockedShot,0.97,0.6170000076293946,0.09781817346811295,Samuel Chukwueze,a,7208,OpenPlay,2025,LeftFoot,28906,Tottenham,Fulham,1,2,2025-11-29 20:00:00,,BallTouch
655304,10,ShotOnPost,0.8209999847412109,0.46,0.020524468272924423,Samuel Chukwueze,a,7208,FromCorner,2025,LeftFoot,28906,Tottenham,Fulham,1,2,2025-11-29 20:00:00,,Aerial
655305,13,BlockedShot,0.8869999694824219,0.600999984741211,0.12613609433174133,Harry Wilson,a,5596,OpenPlay,2025,LeftFoot,28906,Tottenham,Fulham,1,2,2025-11-29 20:00:00,Samuel Chukwueze,Pass
655317,72,BlockedShot,0.8730000305175781,0.5409999847412109,0.10089686512947083,Emile Smith-Rowe,a,7230,OpenPlay,2025,LeftFoot,28906,Tottenham,Fulham,1,2,2025-11-29 20:00:00,,None
655321,82,SavedShot,0.7819999694824219,0.7030000305175781,0.09848829358816147,Kevin,a,14030,OpenPlay,2025,RightFoot,28906,Tottenham,Fulham,1,2,2025-11-29 20:00:00,Sasa Lukic,TakeOn
656134,3,MissedShots,0.8090000152587891,0.5229999923706055,0.053812336176633835,Lewis Hall,h,10216,OpenPlay,2025,LeftFoot,28916,Newcastle United,Tottenham,2,2,2025-12-02 20:15:00,,BallRecovery
656135,3,MissedShots,0.8930000305175781,0.5379999923706055,0.07318177074193954,Nick Woltemade,h,8117,OpenPlay,2025,Head,28916,Newcastle United,Tottenham,2,2,2025-12-02 20:15:00,Jacob Murphy,Cross
656136,8,BlockedShot,0.8019999694824219,0.555,0.03822809457778931,Lewis Miley,h,11386,OpenPlay,2025,RightFoot,28916,Newcastle United,Tottenham,2,2,2025-12-02 20:15:00,Nick Woltemade,Pass
656137,12,MissedShots,0.93,0.3890000152587891,0.08135701715946198,Jacob Murphy,h,6063,OpenPlay,2025,LeftFoot,28916,Newcastle United,Tottenham,2,2,2025-12-02 20:15:00,Harvey Barnes,Chipped
656138,16,SavedShot,0.840999984741211,0.4929999923706055,0.06654732674360275,Lewis Miley,h,11386,OpenPlay,2025,RightFoot,28916,Newcastle United,Tottenham,2,2,2025-12-02 20:15:00,,None
656139,30,BlockedShot,0.9569999694824218,0.605,0.028843555599451065,Malick Thiaw,h,8378,OpenPlay,2025,Head,28916,Newcastle United,Tottenham,2,2,2025-12-02 20:15:00,Sandro Tonali,Aerial
656140,34,SavedShot,0.9669999694824218,0.28600000381469726,0.11078458279371262,Joelinton,h,87,OpenPlay,2025,RightFoot,28916,Newcastle United,Tottenham,2,2,2025-12-02 20:15:00,Jacob Murphy,Throughball
656145,44,BlockedShot,0.764000015258789,0.525,0.025782722979784012,Harvey Barnes,h,6681,OpenPlay,2025,LeftFoot,28916,Newcastle United,Tottenham,2,2,2025-12-02 20:15:00,Lewis Miley,Pass
656146,47,SavedShot,0.9330000305175781,0.6619999694824219,0.1491088569164276,Harvey Barnes,h,6681,OpenPlay,2025,LeftFoot,28916,Newcastle United,Tottenham,2,2,2025-12-02 20:15:00,Joelinton,TakeOn
656147,47,BlockedShot,0.94,0.51,0.10230685025453568,Nick Woltemade,h,8117,OpenPlay,2025,Head,28916,Newcastle United,Tottenham,2,2,2025-12-02 20:15:00,,Aerial
656148,47,MissedShots,0.7969999694824219,0.43200000762939456,0.041734497994184494,Jacob Murphy,h,6063,OpenPlay,2025,LeftFoot,28916,Newcastle United,Tottenham,2,2,2025-12-02 20:15:00,Valentino Livramento,Pass
656149,53,BlockedShot,0.9580000305175781,0.715,0.02721305564045906,Lewis Hall,h,10216,OpenPlay,2025,LeftFoot,28916,Newcastle United,Tottenham,2,2,2025-12-02 20:15:00,Jacob Murphy,Cross
656150,53,MissedShots,0.9130000305175782,0.3270000076293945,0.046896085143089294,Jacob Murphy,h,6063,FromCorner,2025,RightFoot,28916,Newcastle United,Tottenham,2,2,2025-12-02 20:15:00,,None
656152,63,BlockedShot,0.8869999694824219,0.715,0.059542857110500336,Jacob Murphy,h,6063,OpenPlay,2025,LeftFoot,28916,Newcastle United,Tottenham,2,2,2025-12-02 20:15:00,Bruno Guimarães,Pass
656153,65,BlockedShot,0.8219999694824218,0.504000015258789,0.04302437603473663,Valentino Livramento,h,9512,FromCorner,2025,RightFoot,28916,Newcastle United,Tottenham,2,2,2025-12-02 20:15:00,,None
656154,70,Goal,0.850999984741211,0.65,0.05520704388618469,Bruno Guimarães,h,8327,OpenPlay,2025,RightFoot,28916,Newcastle United,Tottenham,2,2,2025-12-02 20:15:00,Nick Woltemade,BallTouch
656155,74,SavedShot,0.8590000152587891,0.44,0.09698233008384705,Lewis Miley,h,11386,OpenPlay,2025,LeftFoot,28916,Newcastle United,Tottenham,2,2,2025-12-02 20:15:00,,BallTouch
656157,80,BlockedShot,0.785,0.624000015258789,0.02385954186320305,Lewis Hall,h,10216,OpenPlay,2025,LeftFoot,28916,Newcastle United,Tottenham,2,2,2025-12-02 20:15:00,Nick Woltemade,Pass
656158,85,Goal,0.885,0.5,0.7611688375473022,Anthony Gordon,h,8150,Penalty,2025,RightFoot,28916,Newcastle United,Tottenham,2,2,2025-12-02 20:15:00,,Standard
656141,35,BlockedShot,0.8390000152587891,0.28899999618530275,0.024480745196342468,Mohammed Kudus,a,12027,OpenPlay,2025,LeftFoot,28916,Newcastle United,Tottenham,2,2,2025-12-02 20:15:00,Brennan Johnson,Pass
656142,36,MissedShots,0.9230000305175782,0.4779999923706055,0.3968951404094696,Lucas Bergvall,a,12912,OpenPlay,2025,RightFoot,28916,Newcastle United,Tottenham,2,2,2025-12-02 20:15:00,Mohammed Kudus,Cross
656143,37,BlockedShot,0.8919999694824219,0.2670000076293945,0.03786790743470192,Mohammed Kudus,a,12027,OpenPlay,2025,LeftFoot,28916,Newcastle United,Tottenham,2,2,2025-12-02 20:15:00,Randal Kolo Muani,Pass
656144,41,BlockedShot,0.8640000152587891,0.43200000762939456,0.06199289858341217,Lucas Bergvall,a,12912,OpenPlay,2025,RightFoot,28916,Newcastle United,Tottenham,2,2,2025-12-02 20:15:00,Pape Sarr,Cross
656151,63,BlockedShot,0.79,0.3840000152587891,0.021450616419315338,Pedro Porro,a,6912,FromCorner,2025,RightFoot,28916,Newcastle United,Tottenham,2,2,2025-12-02 20:15:00,,None
656156,77,Goal,0.9309999847412109,0.47400001525878904,0.3838828206062317,Cristian Romero,a,7218,OpenPlay,2025,Head,28916,Newcastle United,Tottenham,2,2,2025-12-02 20:15:00,Mohammed Kudus,Cross
656159,93,BlockedShot,0.9119999694824219,0.6309999847412109,0.06403274834156036,Xavi Simons,a,8700,OpenPlay,2025,LeftFoot,28916,Newcastle United,Tottenham,2,2,2025-12-02 20:15:00,Cristian Romero,BallTouch
656160,94,Goal,0.8690000152587891,0.40799999237060547,0.06144537031650543,Cristian Romero,a,7218,FromCorner,2025,RightFoot,28916,Newcastle United,Tottenham,2,2,2025-12-02 20:15:00,,None
656970,6,MissedShots,0.9230000305175782,0.5109999847412109,0.07793339341878891,Micky van de Ven,h,10050,FromCorner,2025,OtherBodyPart,28926,Tottenham,Brentford,2,0,2025-12-06 15:00:00,Mohammed Kudus,Cross
656971,13,BlockedShot,0.8580000305175781,0.5659999847412109,0.05666165053844452,Richarlison,h,6026,OpenPlay,2025,RightFoot,28926,Tottenham,Brentford,2,0,2025-12-06 15:00:00,Mohammed Kudus,Cross
656972,15,MissedShots,0.7630000305175781,0.775,0.014708057045936584,Xavi Simons,h,8700,OpenPlay,2025,RightFoot,28926,Tottenham,Brentford,2,0,2025-12-06 15:00:00,,TakeOn
656974,24,Goal,0.9569999694824218,0.529000015258789,0.6583117246627808,Richarlison,h,6026,OpenPlay,2025,LeftFoot,28926,Tottenham,Brentford,2,0,2025-12-06 15:00:00,Xavi Simons,Pass
656975,29,MissedShots,0.78,0.5229999923706055,0.02462613210082054,Xavi Simons,h,8700,SetPiece,2025,LeftFoot,28926,Tottenham,Brentford,2,0,2025-12-06 15:00:00,,None
656976,39,MissedShots,0.9069999694824219,0.4379999923706055,0.05458023399114609,Cristian Romero,h,7218,FromCorner,2025,Head,28926,Tottenham,Brentford,2,0,2025-12-06 15:00:00,Pedro Porro,Cross
656977,39,SavedShot,0.965,0.5790000152587891,0.2679367661476135,Randal Kolo Muani,h,5743,FromCorner,2025,Head,28926,Tottenham,Brentford,2,0,2025-12-06 15:00:00,Cristian Romero,Rebound
656978,42,Goal,0.8619999694824219,0.41700000762939454,0.13756541907787323,Xavi Simons,h,8700,OpenPlay,2025,RightFoot,28926,Tottenham,Brentford,2,0,2025-12-06 15:00:00,,BlockedPass
656979,45,BlockedShot,0.79,0.4909999847412109,0.030259564518928528,Rodrigo Bentancur,h,6108,SetPiece,2025,RightFoot,28926,Tottenham,Brentford,2,0,2025-12-06 15:00:00,,None
656980,50,SavedShot,0.9319999694824219,0.6370000076293946,0.4277614951133728,Djed Spence,h,10764,OpenPlay,2025,LeftFoot,28926,Tottenham,Brentford,2,0,2025-12-06 15:00:00,,None
656981,53,SavedShot,0.8069999694824219,0.42900001525878906,0.06116897240281105,Mohammed Kudus,h,12027,OpenPlay,2025,LeftFoot,28926,Tottenham,Brentford,2,0,2025-12-06 15:00:00,,BallRecovery
656982,54,BlockedShot,0.7680000305175781,0.5220000076293946,0.0387662798166275,Richarlison,h,6026,OpenPlay,2025,RightFoot,28926,Tottenham,Brentford,2,0,2025-12-06 15:00:00,Randal Kolo Muani,Pass
656983,61,SavedShot,0.8119999694824219,0.3559999847412109,0.0529128834605217,Xavi Simons,h,8700,OpenPlay,2025,RightFoot,28926,Tottenham,Brentford,2,0,2025-12-06 15:00:00,Richarlison,Pass
656985,82,SavedShot,0.9159999847412109,0.4490000152587891,0.5241883993148804,Pape Sarr,h,9021,OpenPlay,2025,RightFoot,28926,Tottenham,Brentford,2,0,2025-12-06 15:00:00,Djed Spence,Pass
656987,94,MissedShots,0.875,0.4420000076293945,0.011121518909931183,Kevin Danso,h,5261,SetPiece,2025,Head,28926,Tottenham,Brentford,2,0,2025-12-06 15:00:00,Pedro Porro,Aerial
656973,23,SavedShot,0.895,0.2879999923706055,0.06964171677827835,Thiago,a,13222,OpenPlay,2025,RightFoot,28926,Tottenham,Brentford,2,0,2025-12-06 15:00:00,Nathan Collins,Pass
656984,67,MissedShots,0.7430000305175781,0.5029999923706054,0.016270002350211143,Rico Henry,a,9679,FromCorner,2025,LeftFoot,28926,Tottenham,Brentford,2,0,2025-12-06 15:00:00,,None
656986,87,MissedShots,0.9290000152587891,0.37799999237060544,0.25937771797180176,Thiago,a,13222,OpenPlay,2025,RightFoot,28926,Tottenham,Brentford,2,0,2025-12-06 15:00:00,Vitaly Janelt,HeadPass
656988,96,BlockedShot,0.9109999847412109,0.5220000076293946,0.12527397274971008,Thiago,a,13222,OpenPlay,2025,Head,28926,Tottenham,Brentford,2,0,2025-12-06 15:00:00,Jordan Henderson,Cross
658537,4,ShotOnPost,0.9019999694824219,0.505,0.3084811270236969,Ibrahim Sangare,h,5722,OpenPlay,2025,Head,28935,Nottingham Forest,Tottenham,3,0,2025-12-14 14:00:00,Nicolò Savona,Cross
658538,4,BlockedShot,0.870999984741211,0.5229999923706055,0.08737680315971375,Igor Jesus,h,13778,OpenPlay,2025,RightFoot,28935,Nottingham Forest,Tottenham,3,0,2025-12-14 14:00:00,,Rebound
658539,4,SavedShot,0.855999984741211,0.5320000076293945,0.07140354067087173,Neco Williams,h,8204,OpenPlay,2025,RightFoot,28935,Nottingham Forest,Tottenham,3,0,2025-12-14 14:00:00,,Rebound
658541,23,MissedShots,0.919000015258789,0.5270000076293946,0.04958534985780716,Nikola Milenkovic,h,6174,FromCorner,2025,Head,28935,Nottingham Forest,Tottenham,3,0,2025-12-14 14:00:00,Neco Williams,Aerial
658542,27,Goal,0.9619999694824218,0.4779999923706055,0.6983979344367981,Callum Hudson-Odoi,h,6456,OpenPlay,2025,RightFoot,28935,Nottingham Forest,Tottenham,3,0,2025-12-14 14:00:00,Ibrahim Sangare,Pass
658544,36,MissedShots,0.9690000152587891,0.5570000076293945,0.5688505172729492,Morgan Gibbs-White,h,6857,OpenPlay,2025,RightFoot,28935,Nottingham Forest,Tottenham,3,0,2025-12-14 14:00:00,Igor Jesus,Cross
658545,37,MissedShots,0.9169999694824219,0.43599998474121093,0.12305129319429398,Morgan Gibbs-White,h,6857,OpenPlay,2025,RightFoot,28935,Nottingham Forest,Tottenham,3,0,2025-12-14 14:00:00,Nicolò Savona,Cross
658547,49,Goal,0.8280000305175781,0.9119999694824219,0.009632614441215992,Callum Hudson-Odoi,h,6456,OpenPlay,2025,RightFoot,28935,Nottingham Forest,Tottenham,3,0,2025-12-14 14:00:00,Ibrahim Sangare,HeadPass
658550,54,BlockedShot,0.8240000152587891,0.4540000152587891,0.09989706426858902,Omari Hutchinson,h,10348,OpenPlay,2025,LeftFoot,28935,Nottingham Forest,Tottenham,3,0,2025-12-14 14:00:00,,TakeOn
658551,60,MissedShots,0.875999984741211,0.28399999618530275,0.05985981971025467,Igor Jesus,h,13778,OpenPlay,2025,RightFoot,28935,Nottingham Forest,Tottenham,3,0,2025-12-14 14:00:00,Callum Hudson-Odoi,Pass
658552,61,MissedShots,0.7930000305175782,0.500999984741211,0.05639125406742096,Omari Hutchinson,h,10348,OpenPlay,2025,LeftFoot,28935,Nottingham Forest,Tottenham,3,0,2025-12-14 14:00:00,Elliot Anderson,Pass
658553,78,Goal,0.7559999847412109,0.5220000076293946,0.024129996076226234,Ibrahim Sangare,h,5722,OpenPlay,2025,RightFoot,28935,Nottingham Forest,Tottenham,3,0,2025-12-14 14:00:00,Callum Hudson-Odoi,Pass
658554,81,MissedShots,0.8680000305175781,0.5779999923706055,0.10778602957725525,Callum Hudson-Odoi,h,6456,OpenPlay,2025,RightFoot,28935,Nottingham Forest,Tottenham,3,0,2025-12-14 14:00:00,Neco Williams,Cross
658555,87,SavedShot,0.7609999847412109,0.549000015258789,0.07206279039382935,Morgan Gibbs-White,h,6857,DirectFreekick,2025,RightFoot,28935,Nottingham Forest,Tottenham,3,0,2025-12-14 14:00:00,,Standard
658556,87,SavedShot,0.9290000152587891,0.3170000076293945,0.04630829393863678,Omari Hutchinson,h,10348,SetPiece,2025,LeftFoot,28935,Nottingham Forest,Tottenham,3,0,2025-12-14 14:00:00,,Rebound
658540,13,MissedShots,0.909000015258789,0.46900001525878904,0.04859108477830887,Richarlison,a,6026,OpenPlay,2025,Head,28935,Nottingham Forest,Tottenham,3,0,2025-12-14 14:00:00,Randal Kolo Muani,Aerial
658543,33,SavedShot,0.8530000305175781,0.585,0.05619550868868828,Archie Gray,a,10184,OpenPlay,2025,RightFoot,28935,Nottingham Forest,Tottenham,3,0,2025-12-14 14:00:00,,None
658546,47,BlockedShot,0.7830000305175782,0.5220000076293946,0.03723670169711113,Micky van de Ven,a,10050,OpenPlay,2025,LeftFoot,28935,Nottingham Forest,Tottenham,3,0,2025-12-14 14:00:00,Rodrigo Bentancur,Pass
658548,51,BlockedShot,0.8859999847412109,0.42400001525878905,0.11211328208446503,Mohammed Kudus,a,12027,OpenPlay,2025,LeftFoot,28935,Nottingham Forest,Tottenham,3,0,2025-12-14 14:00:00,Xavi Simons,Pass
658549,51,BlockedShot,0.9230000305175782,0.5209999847412109,0.06956400722265244,Djed Spence,a,10764,OpenPlay,2025,Head,28935,Nottingham Forest,Tottenham,3,0,2025-12-14 14:00:00,Mohammed Kudus,Aerial
658557,89,BlockedShot,0.9080000305175782,0.43900001525878907,0.05654579773545265,Richarlison,a,6026,FromCorner,2025,Head,28935,Nottingham Forest,Tottenham,3,0,2025-12-14 14:00:00,Xavi Simons,Cross
659489,4,BlockedShot,0.9080000305175782,0.55,0.10945003479719162,Randal Kolo Muani,h,5743,OpenPlay,2025,RightFoot,28946,Tottenham,Liverpool,1,2,2025-12-20 17:30:00,Archie Gray,BallTouch
659491,14,MissedShots,0.93,0.3970000076293945,0.03766310214996338,Randal Kolo Muani,h,5743,OpenPlay,2025,Head,28946,Tottenham,Liverpool,1,2,2025-12-20 17:30:00,Pedro Porro,Aerial
659492,16,MissedShots,0.799000015258789,0.3820000076293945,0.02164538949728012,Rodrigo Bentancur,h,6108,OpenPlay,2025,LeftFoot,28946,Tottenham,Liverpool,1,2,2025-12-20 17:30:00,Randal Kolo Muani,HeadPass
659493,26,BlockedShot,0.710999984741211,0.485,0.013996732421219349,Mohammed Kudus,h,12027,OpenPlay,2025,LeftFoot,28946,Tottenham,Liverpool,1,2,2025-12-20 17:30:00,Xavi Simons,Pass
659494,26,SavedShot,0.9290000152587891,0.43599998474121093,0.36826151609420776,Randal Kolo Muani,h,5743,OpenPlay,2025,Head,28946,Tottenham,Liverpool,1,2,2025-12-20 17:30:00,Djed Spence,HeadPass
659500,63,BlockedShot,0.9259999847412109,0.33099998474121095,0.06994353979825974,Randal Kolo Muani,h,5743,OpenPlay,2025,RightFoot,28946,Tottenham,Liverpool,1,2,2025-12-20 17:30:00,Rodrigo Bentancur,Pass
659501,63,SavedShot,0.7430000305175781,0.7559999847412109,0.013211937621235847,Djed Spence,h,10764,OpenPlay,2025,RightFoot,28946,Tottenham,Liverpool,1,2,2025-12-20 17:30:00,Lucas Bergvall,Pass
659504,82,MissedShots,0.8719999694824219,0.5770000076293945,0.012215366587042809,Cristian Romero,h,7218,FromCorner,2025,Head,28946,Tottenham,Liverpool,1,2,2025-12-20 17:30:00,Pedro Porro,Aerial
659505,82,BlockedShot,0.8490000152587891,0.495,0.05091729760169983,Brennan Johnson,h,10760,FromCorner,2025,RightFoot,28946,Tottenham,Liverpool,1,2,2025-12-20 17:30:00,Cristian Romero,BallTouch
659506,82,BlockedShot,0.9059999847412109,0.37799999237060544,0.07360769063234329,João Palhinha,h,10715,FromCorner,2025,RightFoot,28946,Tottenham,Liverpool,1,2,2025-12-20 17:30:00,,Rebound
659507,82,Goal,0.909000015258789,0.509000015258789,0.4382711946964264,Richarlison,h,6026,FromCorner,2025,RightFoot,28946,Tottenham,Liverpool,1,2,2025-12-20 17:30:00,,Rebound
659508,85,BlockedShot,0.8669999694824219,0.5070000076293946,0.059255849570035934,Richarlison,h,6026,OpenPlay,2025,LeftFoot,28946,Tottenham,Liverpool,1,2,2025-12-20 17:30:00,Brennan Johnson,BallRecovery
659509,93,SavedShot,0.7040000152587891,0.500999984741211,0.03949039429426193,Pedro Porro,h,6912,DirectFreekick,2025,RightFoot,28946,Tottenham,Liverpool,1,2,2025-12-20 17:30:00,,Standard
659510,95,BlockedShot,0.8440000152587891,0.4620000076293945,0.05760210007429123,João Palhinha,h,10715,OpenPlay,2025,RightFoot,28946,Tottenham,Liverpool,1,2,2025-12-20 17:30:00,Micky van de Ven,Tackle
659511,95,MissedShots,0.909000015258789,0.2929999923706055,0.04265553504228592,Pedro Porro,h,6912,OpenPlay,2025,RightFoot,28946,Tottenham,Liverpool,1,2,2025-12-20 17:30:00,,Rebound
659490,12,SavedShot,0.909000015258789,0.48900001525878906,0.0500929020345211,Virgil van Dijk,a,833,SetPiece,2025,Head,28946,Tottenham,Liverpool,1,2,2025-12-20 17:30:00,Dominik Szoboszlai,Aerial
659495,35,SavedShot,0.865,0.6769999694824219,0.04933086782693863,Florian Wirtz,a,8397,OpenPlay,2025,RightFoot,28946,Tottenham,Liverpool,1,2,2025-12-20 17:30:00,Ryan Gravenberch,Pass
659496,49,BlockedShot,0.7659999847412109,0.5779999923706055,0.02689342200756073,Alexis Mac Allister,a,8379,OpenPlay,2025,RightFoot,28946,Tottenham,Liverpool,1,2,2025-12-20 17:30:00,Curtis Jones,Pass
659497,50,BlockedShot,0.8580000305175781,0.7319999694824219,0.022778131067752838,Florian Wirtz,a,8397,FromCorner,2025,LeftFoot,28946,Tottenham,Liverpool,1,2,2025-12-20 17:30:00,Hugo Ekitike,BallTouch
659498,47,BlockedShot,0.830999984741211,0.7230000305175781,0.02156944014132023,Alexis Mac Allister,a,8379,OpenPlay,2025,RightFoot,28946,Tottenham,Liverpool,1,2,2025-12-20 17:30:00,Florian Wirtz,Pass
659499,55,Goal,0.8909999847412109,0.565,0.3871943950653076,Alexander Isak,a,5232,OpenPlay,2025,LeftFoot,28946,Tottenham,Liverpool,1,2,2025-12-20 17:30:00,Florian Wirtz,Pass
659502,65,Goal,0.95,0.5359999847412109,0.6274961233139038,Hugo Ekitike,a,8995,OpenPlay,2025,Head,28946,Tottenham,Liverpool,1,2,2025-12-20 17:30:00,,Aerial
659503,72,MissedShots,0.8619999694824219,0.47200000762939454,0.04628351330757141,Alexis Mac Allister,a,8379,OpenPlay,2025,Head,28946,Tottenham,Liverpool,1,2,2025-12-20 17:30:00,Ryan Gravenberch,Chipped
660423,12,BlockedShot,0.815,0.39099998474121095,0.046074166893959045,Justin Devenny,h,13038,OpenPlay,2025,LeftFoot,28952,Crystal Palace,Tottenham,0,1,2025-12-28 16:30:00,Will Hughes,Pass
660424,20,MissedShots,0.86,0.34299999237060547,0.055351752787828445,Jean-Philippe Mateta,h,5735,OpenPlay,2025,RightFoot,28952,Crystal Palace,Tottenham,0,1,2025-12-28 16:30:00,Adam Wharton,Pass
660425,23,MissedShots,0.700999984741211,0.5159999847412109,0.014329781755805016,Yeremi Pino,h,9024,OpenPlay,2025,RightFoot,28952,Crystal Palace,Tottenham,0,1,2025-12-28 16:30:00,Justin Devenny,Pass
660426,26,MissedShots,0.960999984741211,0.5320000076293945,0.13962094485759735,Jean-Philippe Mateta,h,5735,SetPiece,2025,Head,28952,Crystal Palace,Tottenham,0,1,2025-12-28 16:30:00,Maxence Lacroix,Aerial
660427,28,SavedShot,0.885,0.49,0.05958692729473114,Justin Devenny,h,13038,OpenPlay,2025,Head,28952,Crystal Palace,Tottenham,0,1,2025-12-28 16:30:00,Tyrick Mitchell,Cross
660428,33,BlockedShot,0.78,0.62,0.028088008984923363,Tyrick Mitchell,h,8214,OpenPlay,2025,LeftFoot,28952,Crystal Palace,Tottenham,0,1,2025-12-28 16:30:00,Will Hughes,Pass
660429,34,SavedShot,0.87,0.2610000038146973,0.03443596512079239,Adam Wharton,h,12409,OpenPlay,2025,LeftFoot,28952,Crystal Palace,Tottenham,0,1,2025-12-28 16:30:00,,BallRecovery
660431,39,MissedShots,0.8130000305175781,0.534000015258789,0.05489948019385338,Will Hughes,h,6104,OpenPlay,2025,RightFoot,28952,Crystal Palace,Tottenham,0,1,2025-12-28 16:30:00,Yeremi Pino,Pass
660434,45,BlockedShot,0.799000015258789,0.3659999847412109,0.02470478042960167,Adam Wharton,h,12409,OpenPlay,2025,LeftFoot,28952,Crystal Palace,Tottenham,0,1,2025-12-28 16:30:00,Justin Devenny,Pass
660435,47,BlockedShot,0.865999984741211,0.61,0.05823683366179466,Yeremi Pino,h,9024,OpenPlay,2025,RightFoot,28952,Crystal Palace,Tottenham,0,1,2025-12-28 16:30:00,Justin Devenny,BallTouch
660436,55,MissedShots,0.945,0.46799999237060547,0.11524494737386703,Justin Devenny,h,13038,OpenPlay,2025,LeftFoot,28952,Crystal Palace,Tottenham,0,1,2025-12-28 16:30:00,Nathaniel Clyne,HeadPass
660437,69,MissedShots,0.9390000152587891,0.4929999923706055,0.0752086192369461,Maxence Lacroix,h,8853,FromCorner,2025,Head,28952,Crystal Palace,Tottenham,0,1,2025-12-28 16:30:00,Jefferson Lerma,Aerial
660439,78,MissedShots,0.9619999694824218,0.495,0.13677214086055756,Marc Guehi,h,7603,FromCorner,2025,Head,28952,Crystal Palace,Tottenham,0,1,2025-12-28 16:30:00,Adam Wharton,Cross
660443,92,MissedShots,0.88,0.2720000076293945,0.030961543321609497,Christantus Uche,h,12726,OpenPlay,2025,RightFoot,28952,Crystal Palace,Tottenham,0,1,2025-12-28 16:30:00,Jefferson Lerma,Pass
660444,94,BlockedShot,0.8119999694824219,0.49700000762939456,0.05616527795791626,Adam Wharton,h,12409,OpenPlay,2025,LeftFoot,28952,Crystal Palace,Tottenham,0,1,2025-12-28 16:30:00,Will Hughes,Pass
660430,36,MissedShots,0.749000015258789,0.3920000076293945,0.01676182448863983,Pedro Porro,a,6912,OpenPlay,2025,LeftFoot,28952,Crystal Palace,Tottenham,0,1,2025-12-28 16:30:00,,None
660432,41,BlockedShot,0.955999984741211,0.46900001525878904,0.10788459330797195,Richarlison,a,6026,FromCorner,2025,Head,28952,Crystal Palace,Tottenham,0,1,2025-12-28 16:30:00,Randal Kolo Muani,Aerial
660433,41,Goal,0.965,0.5070000076293946,0.5604415535926819,Archie Gray,a,10184,FromCorner,2025,Head,28952,Crystal Palace,Tottenham,0,1,2025-12-28 16:30:00,Richarlison,Rebound
660438,72,SavedShot,0.7340000152587891,0.750999984741211,0.012912326492369175,Wilson Odobert,a,10822,OpenPlay,2025,RightFoot,28952,Crystal Palace,Tottenham,0,1,2025-12-28 16:30:00,Djed Spence,TakeOn
660440,80,SavedShot,0.884000015258789,0.34400001525878904,0.08980710804462433,Richarlison,a,6026,OpenPlay,2025,RightFoot,28952,Crystal Palace,Tottenham,0,1,2025-12-28 16:30:00,Mohammed Kudus,Pass
660441,85,MissedShots,0.9230000305175782,0.4379999923706055,0.04882308840751648,Radu Dragusin,a,9105,SetPiece,2025,Head,28952,Crystal Palace,Tottenham,0,1,2025-12-28 16:30:00,Richarlison,Aerial
660442,87,ShotOnPost,0.774000015258789,0.5370000076293945,0.051529400050640106,Wilson Odobert,a,10822,OpenPlay,2025,RightFoot,28952,Crystal Palace,Tottenham,0,1,2025-12-28 16:30:00,Richarlison,HeadPass
660445,96,SavedShot,0.879000015258789,0.2879999923706055,0.043071091175079346,Rodrigo Bentancur,a,6108,OpenPlay,2025,RightFoot,28952,Crystal Palace,Tottenham,0,1,2025-12-28 16:30:00,Pedro Porro,Pass
660756,4,SavedShot,0.919000015258789,0.49200000762939455,0.10001590102910995,Nathan Collins,h,9733,FromCorner,2025,Head,28959,Brentford,Tottenham,0,0,2026-01-01 20:00:00,Vitaly Janelt,Cross
660757,18,MissedShots,0.7430000305175781,0.47900001525878905,0.011504643596708775,Rico Henry,h,9679,OpenPlay,2025,LeftFoot,28959,Brentford,Tottenham,0,0,2026-01-01 20:00:00,,Aerial
660760,34,MissedShots,0.8230000305175781,0.514000015258789,0.022401053458452225,Yehor Yarmolyuk,h,11772,OpenPlay,2025,LeftFoot,28959,Brentford,Tottenham,0,0,2026-01-01 20:00:00,,Aerial
660765,53,BlockedShot,0.9019999694824219,0.5559999847412109,0.09340077638626099,Keane Lewis-Potter,h,10809,OpenPlay,2025,LeftFoot,28959,Brentford,Tottenham,0,0,2026-01-01 20:00:00,Yehor Yarmolyuk,Cross
660766,61,BlockedShot,0.745999984741211,0.515,0.061892587691545486,Keane Lewis-Potter,h,10809,DirectFreekick,2025,RightFoot,28959,Brentford,Tottenham,0,0,2026-01-01 20:00:00,,Standard
660767,62,SavedShot,0.9180000305175782,0.47700000762939454,0.12112992256879807,Vitaly Janelt,h,9680,OpenPlay,2025,Head,28959,Brentford,Tottenham,0,0,2026-01-01 20:00:00,Jordan Henderson,Cross
660768,68,MissedShots,0.9259999847412109,0.46,0.14595896005630493,Thiago,h,13222,OpenPlay,2025,RightFoot,28959,Brentford,Tottenham,0,0,2026-01-01 20:00:00,Michael Kayode,Pass
660755,2,BlockedShot,0.85,0.624000015258789,0.07003919035196304,Archie Gray,a,10184,OpenPlay,2025,RightFoot,28959,Brentford,Tottenham,0,0,2026-01-01 20:00:00,Wilson Odobert,Pass
660758,31,BlockedShot,0.9219999694824219,0.4979999923706055,0.06566935777664185,Archie Gray,a,10184,OpenPlay,2025,Head,28959,Brentford,Tottenham,0,0,2026-01-01 20:00:00,Richarlison,Chipped
660759,31,MissedShots,0.9640000152587891,0.6220000076293946,0.08240051567554474,Richarlison,a,6026,OpenPlay,2025,LeftFoot,28959,Brentford,Tottenham,0,0,2026-01-01 20:00:00,,Rebound
660761,43,BlockedShot,0.8119999694824219,0.5359999847412109,0.05002754554152489,Wilson Odobert,a,10822,OpenPlay,2025,RightFoot,28959,Brentford,Tottenham,0,0,2026-01-01 20:00:00,,None
660762,49,BlockedShot,0.8419999694824218,0.524000015258789,0.072337806224823,Cristian Romero,a,7218,OpenPlay,2025,RightFoot,28959,Brentford,Tottenham,0,0,2026-01-01 20:00:00,Richarlison,BallTouch
660763,49,MissedShots,0.7080000305175781,0.29,0.010852402076125145,Mohammed Kudus,a,12027,OpenPlay,2025,LeftFoot,28959,Brentford,Tottenham,0,0,2026-01-01 20:00:00,Pedro Porro,BallRecovery
660764,51,SavedShot,0.970999984741211,0.4229999923706055,0.11548873037099838,Mohammed Kudus,a,12027,OpenPlay,2025,LeftFoot,28959,Brentford,Tottenham,0,0,2026-01-01 20:00:00,João Palhinha,Chipped
660769,73,BlockedShot,0.830999984741211,0.624000015258789,0.018768755719065666,Mohammed Kudus,a,12027,FromCorner,2025,LeftFoot,28959,Brentford,Tottenham,0,0,2026-01-01 20:00:00,,Aerial
660770,92,SavedShot,0.8469999694824218,0.47099998474121096,0.12813599407672882,Richarlison,a,6026,OpenPlay,2025,RightFoot,28959,Brentford,Tottenham,0,0,2026-01-01 20:00:00,Randal Kolo Muani,Pass
661396,1,SavedShot,0.7090000152587891,0.49400001525878906,0.012059689499437809,Mathys Tel,h,9780,OpenPlay,2025,RightFoot,28969,Tottenham,Sunderland,1,1,2026-01-04 15:00:00,,None
661397,8,MissedShots,0.745,0.125,0.009385052137076855,Pedro Porro,h,6912,OpenPlay,2025,RightFoot,28969,Tottenham,Sunderland,1,1,2026-01-04 15:00:00,,BallRecovery
661398,10,SavedShot,0.8640000152587891,0.6320000076293946,0.07055201381444931,Richarlison,h,6026,OpenPlay,2025,LeftFoot,28969,Tottenham,Sunderland,1,1,2026-01-04 15:00:00,Wilson Odobert,BallRecovery
661399,25,MissedShots,0.8340000152587891,0.634000015258789,0.05491928383708,Mathys Tel,h,9780,OpenPlay,2025,RightFoot,28969,Tottenham,Sunderland,1,1,2026-01-04 15:00:00,Wilson Odobert,Pass
661400,26,BlockedShot,0.8780000305175781,0.49599998474121093,0.024737762287259102,Richarlison,h,6026,OpenPlay,2025,Head,28969,Tottenham,Sunderland,1,1,2026-01-04 15:00:00,Ben Davies,Aerial
661401,29,BlockedShot,0.9230000305175782,0.4540000152587891,0.11886267364025116,Micky van de Ven,h,10050,FromCorner,2025,RightFoot,28969,Tottenham,Sunderland,1,1,2026-01-04 15:00:00,Cristian Romero,Pass
661402,29,Goal,0.9680000305175781,0.5029999923706054,0.7801306247711182,Ben Davies,h,660,FromCorner,2025,LeftFoot,28969,Tottenham,Sunderland,1,1,2026-01-04 15:00:00,Micky van de Ven,Rebound
661405,42,MissedShots,0.894000015258789,0.6170000076293946,0.10751840472221375,Richarlison,h,6026,OpenPlay,2025,RightFoot,28969,Tottenham,Sunderland,1,1,2026-01-04 15:00:00,Randal Kolo Muani,Cross
661407,51,SavedShot,0.9,0.5429999923706055,0.018127527087926865,Ben Davies,h,660,FromCorner,2025,Head,28969,Tottenham,Sunderland,1,1,2026-01-04 15:00:00,Pedro Porro,Aerial
661409,57,MissedShots,0.870999984741211,0.5329999923706055,0.03613406419754028,Archie Gray,h,10184,SetPiece,2025,Head,28969,Tottenham,Sunderland,1,1,2026-01-04 15:00:00,Wilson Odobert,Cross
661412,69,MissedShots,0.9769999694824218,0.654000015258789,0.19773046672344208,Randal Kolo Muani,h,5743,OpenPlay,2025,RightFoot,28969,Tottenham,Sunderland,1,1,2026-01-04 15:00:00,Pedro Porro,TakeOn
661417,92,BlockedShot,0.8,0.35400001525878905,0.029461489990353584,João Palhinha,h,10715,OpenPlay,2025,RightFoot,28969,Tottenham,Sunderland,1,1,2026-01-04 15:00:00,,None
661418,94,MissedShots,0.909000015258789,0.45099998474121095,0.05061304196715355,João Palhinha,h,10715,OpenPlay,2025,Head,28969,Tottenham,Sunderland,1,1,2026-01-04 15:00:00,Pedro Porro,Aerial
661403,35,BlockedShot,0.879000015258789,0.3629999923706055,0.07279208302497864,Enzo Le Fée,a,8651,OpenPlay,2025,RightFoot,28969,Tottenham,Sunderland,1,1,2026-01-04 15:00:00,Trai Hume,Pass
661404,36,MissedShots,0.7619999694824219,0.39299999237060546,0.02099074237048626,Trai Hume,a,13713,OpenPlay,2025,RightFoot,28969,Tottenham,Sunderland,1,1,2026-01-04 15:00:00,,None
661406,48,SavedShot,0.9080000305175782,0.47,0.03537650406360626,Eliezer Mayenda,a,13718,OpenPlay,2025,Head,28969,Tottenham,Sunderland,1,1,2026-01-04 15:00:00,Nordi Mukiele,Aerial
661408,53,BlockedShot,0.9230000305175782,0.3220000076293945,0.06356275826692581,Brian Brobbey,a,9789,OpenPlay,2025,RightFoot,28969,Tottenham,Sunderland,1,1,2026-01-04 15:00:00,Eliezer Mayenda,Pass
661410,63,MissedShots,0.850999984741211,0.33,0.043315887451171875,Simon Adingra,a,11710,FromCorner,2025,LeftFoot,28969,Tottenham,Sunderland,1,1,2026-01-04 15:00:00,Trai Hume,Pass
661411,67,MissedShots,0.86,0.6129999923706054,0.008340106345713139,Brian Brobbey,a,9789,OpenPlay,2025,Head,28969,Tottenham,Sunderland,1,1,2026-01-04 15:00:00,Lutsharel Geertruida,Aerial
661413,79,ShotOnPost,0.899000015258789,0.41700000762939454,0.04838725924491882,Enzo Le Fée,a,8651,OpenPlay,2025,Head,28969,Tottenham,Sunderland,1,1,2026-01-04 15:00:00,Nordi Mukiele,Cross
661414,79,Goal,0.8809999847412109,0.425,0.0928911417722702,Brian Brobbey,a,9789,OpenPlay,2025,LeftFoot,28969,Tottenham,Sunderland,1,1,2026-01-04 15:00:00,Enzo Le Fée,Pass
661415,83,SavedShot,0.845,0.6719999694824219,0.04603342339396477,Trai Hume,a,13713,OpenPlay,2025,RightFoot,28969,Tottenham,Sunderland,1,1,2026-01-04 15:00:00,Brian Brobbey,Pass
661416,84,BlockedShot,0.885,0.6070000076293945,0.03579150512814522,Omar Alderete,a,8986,FromCorner,2025,LeftFoot,28969,Tottenham,Sunderland,1,1,2026-01-04 15:00:00,,TakeOn
661910,10,MissedShots,0.7230000305175781,0.5029999923706054,0.01696714013814926,Marcus Tavernier,h,10741,OpenPlay,2025,LeftFoot,28979,Bournemouth,Tottenham,3,2,2026-01-07 19:30:00,Evanilson,Pass
661913,20,BlockedShot,0.9640000152587891,0.27899999618530275,0.040087684988975525,Evanilson,h,12963,OpenPlay,2025,RightFoot,28979,Bournemouth,Tottenham,3,2,2026-01-07 19:30:00,Eli Junior Kroupi,Pass
661914,21,Goal,0.905,0.4879999923706055,0.07423572242259979,Evanilson,h,12963,OpenPlay,2025,Head,28979,Bournemouth,Tottenham,3,2,2026-01-07 19:30:00,Marcus Tavernier,Cross
661917,35,Goal,0.96,0.534000015258789,0.6548885703086853,Eli Junior Kroupi,h,11504,SetPiece,2025,LeftFoot,28979,Bournemouth,Tottenham,3,2,2026-01-07 19:30:00,Marcos Senesi,Pass
661919,64,BlockedShot,0.7680000305175781,0.6090000152587891,0.06913010776042938,Enes Ünal,h,6219,DirectFreekick,2025,RightFoot,28979,Bournemouth,Tottenham,3,2,2026-01-07 19:30:00,,Standard
661922,69,MissedShots,0.9009999847412109,0.544000015258789,0.12114076316356659,Enes Ünal,h,6219,OpenPlay,2025,LeftFoot,28979,Bournemouth,Tottenham,3,2,2026-01-07 19:30:00,,None
661929,84,BlockedShot,0.8040000152587891,0.45,0.04416857287287712,David Brooks,h,6820,OpenPlay,2025,LeftFoot,28979,Bournemouth,Tottenham,3,2,2026-01-07 19:30:00,,None
661930,84,BlockedShot,0.7559999847412109,0.514000015258789,0.017628151923418045,Alex Scott,h,12149,OpenPlay,2025,RightFoot,28979,Bournemouth,Tottenham,3,2,2026-01-07 19:30:00,,Rebound
661931,93,BlockedShot,0.9009999847412109,0.47900001525878905,0.10187926143407822,Antoine Semenyo,h,11363,OpenPlay,2025,LeftFoot,28979,Bournemouth,Tottenham,3,2,2026-01-07 19:30:00,,None
661932,93,MissedShots,0.8040000152587891,0.44400001525878907,0.03429792448878288,David Brooks,h,6820,OpenPlay,2025,LeftFoot,28979,Bournemouth,Tottenham,3,2,2026-01-07 19:30:00,,Rebound
661933,94,Goal,0.7869999694824219,0.6969999694824218,0.01998584344983101,Antoine Semenyo,h,11363,OpenPlay,2025,RightFoot,28979,Bournemouth,Tottenham,3,2,2026-01-07 19:30:00,David Brooks,Pass
661908,4,SavedShot,0.72,0.385,0.01392255537211895,Lucas Bergvall,a,12912,OpenPlay,2025,RightFoot,28979,Bournemouth,Tottenham,3,2,2026-01-07 19:30:00,,Dispossessed
661909,4,Goal,0.870999984741211,0.705,0.041009411215782166,Mathys Tel,a,9780,OpenPlay,2025,RightFoot,28979,Bournemouth,Tottenham,3,2,2026-01-07 19:30:00,Xavi Simons,Pass
661911,16,BlockedShot,0.860999984741211,0.30100000381469727,0.046447835862636566,Pedro Porro,a,6912,OpenPlay,2025,RightFoot,28979,Bournemouth,Tottenham,3,2,2026-01-07 19:30:00,Randal Kolo Muani,Pass
661912,18,MissedShots,0.9519999694824218,0.40299999237060546,0.020086057484149933,Cristian Romero,a,7218,FromCorner,2025,Head,28979,Bournemouth,Tottenham,3,2,2026-01-07 19:30:00,Mathys Tel,Aerial
661915,28,MissedShots,0.7730000305175782,0.46,0.02977309562265873,Pedro Porro,a,6912,OpenPlay,2025,RightFoot,28979,Bournemouth,Tottenham,3,2,2026-01-07 19:30:00,,None
661916,30,MissedShots,0.7609999847412109,0.6869999694824219,0.015819231048226357,Lucas Bergvall,a,12912,OpenPlay,2025,RightFoot,28979,Bournemouth,Tottenham,3,2,2026-01-07 19:30:00,Djed Spence,Pass
661918,58,BlockedShot,0.8919999694824219,0.6090000152587891,0.07866767048835754,Xavi Simons,a,8700,OpenPlay,2025,RightFoot,28979,Bournemouth,Tottenham,3,2,2026-01-07 19:30:00,Wilson Odobert,Pass
661920,67,BlockedShot,0.8090000152587891,0.475,0.053719304502010345,João Palhinha,a,10715,OpenPlay,2025,RightFoot,28979,Bournemouth,Tottenham,3,2,2026-01-07 19:30:00,Mathys Tel,Pass
661921,68,ShotOnPost,0.95,0.46599998474121096,0.4562876522541046,Richarlison,a,6026,FromCorner,2025,Head,28979,Bournemouth,Tottenham,3,2,2026-01-07 19:30:00,Cristian Romero,Aerial
661923,77,BlockedShot,0.935,0.4540000152587891,0.0532647967338562,Cristian Romero,a,7218,FromCorner,2025,Head,28979,Bournemouth,Tottenham,3,2,2026-01-07 19:30:00,Pedro Porro,Aerial
661924,77,Goal,0.9390000152587891,0.4329999923706055,0.13334789872169495,João Palhinha,a,10715,FromCorner,2025,RightFoot,28979,Bournemouth,Tottenham,3,2,2026-01-07 19:30:00,,Rebound
661925,82,MissedShots,0.8119999694824219,0.29200000762939454,0.011373990215361118,Wilson Odobert,a,10822,SetPiece,2025,RightFoot,28979,Bournemouth,Tottenham,3,2,2026-01-07 19:30:00,,Aerial
661926,82,SavedShot,0.9440000152587891,0.51,0.41241157054901123,Micky van de Ven,a,10050,FromCorner,2025,Head,28979,Bournemouth,Tottenham,3,2,2026-01-07 19:30:00,Cristian Romero,HeadPass
661927,83,MissedShots,0.925,0.5679999923706055,0.07421965897083282,Cristian Romero,a,7218,FromCorner,2025,Head,28979,Bournemouth,Tottenham,3,2,2026-01-07 19:30:00,Mathys Tel,Cross
661928,83,BlockedShot,0.925,0.6120000076293945,0.15441486239433289,Richarlison,a,6026,OpenPlay,2025,LeftFoot,28979,Bournemouth,Tottenham,3,2,2026-01-07 19:30:00,,TakeOn
661934,99,MissedShots,0.8419999694824218,0.6129999923706054,0.0384383462369442,Mathys Tel,a,9780,OpenPlay,2025,LeftFoot,28979,Bournemouth,Tottenham,3,2,2026-01-07 19:30:00,Cristian Romero,Chipped
663687,3,MissedShots,0.8519999694824218,0.35700000762939454,0.051506251096725464,Wilson Odobert,h,10822,OpenPlay,2025,RightFoot,28996,Tottenham,West Ham,1,2,2026-01-17 15:00:00,Randal Kolo Muani,None
663688,3,MissedShots,0.8980000305175782,0.6120000076293945,0.07826177030801773,Mathys Tel,h,9780,OpenPlay,2025,RightFoot,28996,Tottenham,West Ham,1,2,2026-01-17 15:00:00,Wilson Odobert,Rebound
663691,21,MissedShots,0.7769999694824219,0.7240000152587891,0.016279030591249466,Xavi Simons,h,8700,OpenPlay,2025,RightFoot,28996,Tottenham,West Ham,1,2,2026-01-17 15:00:00,Mathys Tel,Pass
663692,23,SavedShot,0.955,0.505,0.45972439646720886,Wilson Odobert,h,10822,OpenPlay,2025,Head,28996,Tottenham,West Ham,1,2,2026-01-17 15:00:00,,None
663693,23,SavedShot,0.9669999694824218,0.6120000076293945,0.3344324231147766,Djed Spence,h,10764,OpenPlay,2025,RightFoot,28996,Tottenham,West Ham,1,2,2026-01-17 15:00:00,,Rebound
663696,27,MissedShots,0.865999984741211,0.745,0.031240012496709824,Mathys Tel,h,9780,OpenPlay,2025,RightFoot,28996,Tottenham,West Ham,1,2,2026-01-17 15:00:00,Archie Gray,Pass
663702,43,MissedShots,0.9059999847412109,0.4279999923706055,0.06555400788784027,Conor Gallagher,h,9040,OpenPlay,2025,Head,28996,Tottenham,West Ham,1,2,2026-01-17 15:00:00,Pedro Porro,Cross
663705,50,MissedShots,0.8580000305175781,0.41200000762939454,0.05946743115782738,Mathys Tel,h,9780,SetPiece,2025,LeftFoot,28996,Tottenham,West Ham,1,2,2026-01-17 15:00:00,Randal Kolo Muani,Chipped
663706,47,SavedShot,0.7,0.6079999923706054,0.01384522020816803,Yves Bissouma,h,5609,OpenPlay,2025,RightFoot,28996,Tottenham,West Ham,1,2,2026-01-17 15:00:00,Xavi Simons,Pass
663707,49,MissedShots,0.7580000305175781,0.605999984741211,0.020892027765512466,Djed Spence,h,10764,OpenPlay,2025,RightFoot,28996,Tottenham,West Ham,1,2,2026-01-17 15:00:00,Xavi Simons,Pass
663708,55,BlockedShot,0.8469999694824218,0.6919999694824219,0.03225649893283844,Pedro Porro,h,6912,SetPiece,2025,RightFoot,28996,Tottenham,West Ham,1,2,2026-01-17 15:00:00,Mathys Tel,Pass
663711,61,SavedShot,0.8109999847412109,0.5029999923706054,0.05798370763659477,Yves Bissouma,h,5609,OpenPlay,2025,RightFoot,28996,Tottenham,West Ham,1,2,2026-01-17 15:00:00,Wilson Odobert,Pass
663712,63,Goal,0.9309999847412109,0.5320000076293945,0.3274461030960083,Cristian Romero,h,7218,OpenPlay,2025,Head,28996,Tottenham,West Ham,1,2,2026-01-17 15:00:00,Pedro Porro,Cross
663713,66,MissedShots,0.9080000305175782,0.5129999923706055,0.07006863504648209,Yves Bissouma,h,5609,SetPiece,2025,RightFoot,28996,Tottenham,West Ham,1,2,2026-01-17 15:00:00,,Aerial
663715,70,BlockedShot,0.8669999694824219,0.76,0.02762422524392605,Xavi Simons,h,8700,OpenPlay,2025,RightFoot,28996,Tottenham,West Ham,1,2,2026-01-17 15:00:00,Conor Gallagher,Pass
663716,70,MissedShots,0.7380000305175781,0.4759999847412109,0.02455171011388302,Wilson Odobert,h,10822,FromCorner,2025,RightFoot,28996,Tottenham,West Ham,1,2,2026-01-17 15:00:00,Xavi Simons,Pass
663717,72,MissedShots,0.884000015258789,0.615,0.009273243136703968,Cristian Romero,h,7218,SetPiece,2025,Head,28996,Tottenham,West Ham,1,2,2026-01-17 15:00:00,Pedro Porro,Aerial
663719,82,BlockedShot,0.874000015258789,0.29600000381469727,0.04060839116573334,Conor Gallagher,h,9040,OpenPlay,2025,RightFoot,28996,Tottenham,West Ham,1,2,2026-01-17 15:00:00,Cristian Romero,Pass
663720,86,BlockedShot,0.8930000305175781,0.57,0.031068766489624977,Xavi Simons,h,8700,OpenPlay,2025,Head,28996,Tottenham,West Ham,1,2,2026-01-17 15:00:00,Pedro Porro,Aerial
663721,88,SavedShot,0.8090000152587891,0.49900001525878906,0.035546667873859406,Xavi Simons,h,8700,FromCorner,2025,RightFoot,28996,Tottenham,West Ham,1,2,2026-01-17 15:00:00,Pedro Porro,Cross
663724,96,MissedShots,0.905,0.5320000076293945,0.023065967485308647,Cristian Romero,h,7218,FromCorner,2025,Head,28996,Tottenham,West Ham,1,2,2026-01-17 15:00:00,Pedro Porro,Aerial
663689,13,MissedShots,0.8819999694824219,0.53,0.08817024528980255,Valentín Castellanos,a,10948,OpenPlay,2025,RightFoot,28996,Tottenham,West Ham,1,2,2026-01-17 15:00:00,Crysencio Summerville,HeadPass
663690,14,Goal,0.8640000152587891,0.5790000152587891,0.09637175500392914,Crysencio Summerville,a,9492,OpenPlay,2025,RightFoot,28996,Tottenham,West Ham,1,2,2026-01-17 15:00:00,Mateus Fernandes,Pass
663694,24,BlockedShot,0.9519999694824218,0.53,0.130820631980896,Konstantinos Mavropanos,a,6722,FromCorner,2025,Head,28996,Tottenham,West Ham,1,2,2026-01-17 15:00:00,Crysencio Summerville,Cross
663695,24,MissedShots,0.965999984741211,0.4370000076293945,0.3649011254310608,Valentín Castellanos,a,10948,FromCorner,2025,Head,28996,Tottenham,West Ham,1,2,2026-01-17 15:00:00,,Rebound
663697,28,MissedShots,0.8669999694824219,0.345,0.07448837161064148,Crysencio Summerville,a,9492,OpenPlay,2025,RightFoot,28996,Tottenham,West Ham,1,2,2026-01-17 15:00:00,Pablo,LayOff
663698,34,BlockedShot,0.850999984741211,0.435,0.0734565258026123,Jarrod Bowen,a,1776,OpenPlay,2025,LeftFoot,28996,Tottenham,West Ham,1,2,2026-01-17 15:00:00,Tomas Soucek,TakeOn
663699,35,BlockedShot,0.8490000152587891,0.5620000076293945,0.024918656796216965,Crysencio Summerville,a,9492,FromCorner,2025,RightFoot,28996,Tottenham,West Ham,1,2,2026-01-17 15:00:00,,Aerial
663700,35,SavedShot,0.924000015258789,0.495,0.4304499626159668,Tomas Soucek,a,8288,FromCorner,2025,OtherBodyPart,28996,Tottenham,West Ham,1,2,2026-01-17 15:00:00,Crysencio Summerville,BallTouch
663701,40,SavedShot,0.8919999694824219,0.5520000076293945,0.026575086638331413,Konstantinos Mavropanos,a,6722,SetPiece,2025,Head,28996,Tottenham,West Ham,1,2,2026-01-17 15:00:00,Tomas Soucek,Aerial
663703,48,BlockedShot,0.8330000305175781,0.624000015258789,0.06726328283548355,Crysencio Summerville,a,9492,OpenPlay,2025,RightFoot,28996,Tottenham,West Ham,1,2,2026-01-17 15:00:00,Mateus Fernandes,Pass
663704,48,BlockedShot,0.8819999694824219,0.49700000762939456,0.12067439407110214,Pablo,a,14290,OpenPlay,2025,RightFoot,28996,Tottenham,West Ham,1,2,2026-01-17 15:00:00,,Rebound
663709,58,MissedShots,0.8690000152587891,0.4109999847412109,0.09002874046564102,Pablo,a,14290,OpenPlay,2025,RightFoot,28996,Tottenham,West Ham,1,2,2026-01-17 15:00:00,,None
663710,60,BlockedShot,0.874000015258789,0.6309999847412109,0.10561680793762207,Crysencio Summerville,a,9492,OpenPlay,2025,RightFoot,28996,Tottenham,West Ham,1,2,2026-01-17 15:00:00,Valentín Castellanos,LayOff
663714,67,MissedShots,0.9130000305175782,0.46,0.10262949019670486,Valentín Castellanos,a,10948,OpenPlay,2025,RightFoot,28996,Tottenham,West Ham,1,2,2026-01-17 15:00:00,Aaron Wan-Bissaka,Cross
663718,81,MissedShots,0.8809999847412109,0.5970000076293945,0.019362695515155792,Valentín Castellanos,a,10948,OpenPlay,2025,Head,28996,Tottenham,West Ham,1,2,2026-01-17 15:00:00,Oliver Scarles,Cross
663722,91,BlockedShot,0.8780000305175781,0.4129999923706055,0.060372959822416306,Callum Wilson,a,468,OpenPlay,2025,RightFoot,28996,Tottenham,West Ham,1,2,2026-01-17 15:00:00,Aaron Wan-Bissaka,Cross
663723,92,Goal,0.9880000305175781,0.5109999847412109,0.9473608136177063,Callum Wilson,a,468,FromCorner,2025,LeftFoot,28996,Tottenham,West Ham,1,2,2026-01-17 15:00:00,,None
664791,8,MissedShots,0.889000015258789,0.4929999923706055,0.03932913765311241,Armando Broja,h,8384,OpenPlay,2025,Head,29001,Burnley,Tottenham,2,2,2026-01-24 15:00:00,Marcus Edwards,Chipped
664801,44,BlockedShot,0.7969999694824219,0.33299999237060546,0.022731944918632507,Jaidon Anthony,h,10746,OpenPlay,2025,LeftFoot,29001,Burnley,Tottenham,2,2,2026-01-24 15:00:00,Kyle Walker,Pass
664802,44,Goal,0.9459999847412109,0.54,0.5138687491416931,Axel Tuanzebe,h,934,OpenPlay,2025,RightFoot,29001,Burnley,Tottenham,2,2,2026-01-24 15:00:00,Kyle Walker,Cross
664803,47,BlockedShot,0.9419999694824219,0.665,0.234054833650589,Armando Broja,h,8384,OpenPlay,2025,LeftFoot,29001,Burnley,Tottenham,2,2,2026-01-24 15:00:00,Jaidon Anthony,Pass
664806,55,SavedShot,0.72,0.41700000762939454,0.014171522110700607,Jaidon Anthony,h,10746,OpenPlay,2025,RightFoot,29001,Burnley,Tottenham,2,2,2026-01-24 15:00:00,Marcus Edwards,BallRecovery
664807,59,MissedShots,0.9009999847412109,0.51,0.044398996978998184,Axel Tuanzebe,h,934,OpenPlay,2025,Head,29001,Burnley,Tottenham,2,2,2026-01-24 15:00:00,Kyle Walker,Aerial
664810,75,SavedShot,0.8959999847412109,0.55,0.41303926706314087,Lyle Foster,h,7498,OpenPlay,2025,LeftFoot,29001,Burnley,Tottenham,2,2,2026-01-24 15:00:00,Jaidon Anthony,Pass
664811,75,Goal,0.9,0.5079999923706054,0.38911712169647217,Lyle Foster,h,7498,OpenPlay,2025,RightFoot,29001,Burnley,Tottenham,2,2,2026-01-24 15:00:00,,Rebound
664816,96,BlockedShot,0.8109999847412109,0.6220000076293946,0.03884991258382797,Bashir Humphreys,h,11243,OpenPlay,2025,RightFoot,29001,Burnley,Tottenham,2,2,2026-01-24 15:00:00,,None
664790,2,SavedShot,0.89,0.7,0.05518742650747299,Djed Spence,a,10764,OpenPlay,2025,RightFoot,29001,Burnley,Tottenham,2,2,2026-01-24 15:00:00,Dominic Solanke,Pass
664792,22,MissedShots,0.7959999847412109,0.7730000305175782,0.04587186500430107,Pedro Porro,a,6912,DirectFreekick,2025,RightFoot,29001,Burnley,Tottenham,2,2,2026-01-24 15:00:00,,Standard
664793,27,SavedShot,0.76,0.7480000305175781,0.039462435990571976,Pedro Porro,a,6912,DirectFreekick,2025,RightFoot,29001,Burnley,Tottenham,2,2,2026-01-24 15:00:00,,Standard
664794,31,MissedShots,0.9169999694824219,0.5879999923706055,0.07051411271095276,Dominic Solanke,a,1679,OpenPlay,2025,Head,29001,Burnley,Tottenham,2,2,2026-01-24 15:00:00,Conor Gallagher,Cross
664795,33,MissedShots,0.7769999694824219,0.3390000152587891,0.020875655114650726,Pedro Porro,a,6912,OpenPlay,2025,RightFoot,29001,Burnley,Tottenham,2,2,2026-01-24 15:00:00,Xavi Simons,Pass
664796,35,SavedShot,0.7530000305175781,0.46299999237060546,0.022962823510169983,Wilson Odobert,a,10822,OpenPlay,2025,LeftFoot,29001,Burnley,Tottenham,2,2,2026-01-24 15:00:00,Dominic Solanke,BallRecovery
664797,36,SavedShot,0.8519999694824218,0.40700000762939453,0.02352972701191902,Wilson Odobert,a,10822,FromCorner,2025,RightFoot,29001,Burnley,Tottenham,2,2,2026-01-24 15:00:00,,Aerial
664798,36,SavedShot,0.965,0.43099998474121093,0.526802122592926,Conor Gallagher,a,9040,FromCorner,2025,RightFoot,29001,Burnley,Tottenham,2,2,2026-01-24 15:00:00,,Rebound
664799,37,Goal,0.8540000152587891,0.5320000076293945,0.063218854367733,Micky van de Ven,a,10050,FromCorner,2025,LeftFoot,29001,Burnley,Tottenham,2,2,2026-01-24 15:00:00,,None
664800,40,SavedShot,0.8669999694824219,0.5509999847412109,0.10341862589120865,Wilson Odobert,a,10822,OpenPlay,2025,LeftFoot,29001,Burnley,Tottenham,2,2,2026-01-24 15:00:00,,Dispossessed
664804,49,MissedShots,0.9069999694824219,0.47200000762939454,0.14213863015174866,Xavi Simons,a,8700,OpenPlay,2025,Head,29001,Burnley,Tottenham,2,2,2026-01-24 15:00:00,Djed Spence,Cross
664805,49,SavedShot,0.9580000305175781,0.49900001525878906,0.6403005719184875,Dominic Solanke,a,1679,OpenPlay,2025,Head,29001,Burnley,Tottenham,2,2,2026-01-24 15:00:00,Xavi Simons,Cross
664808,66,SavedShot,0.715,0.385,0.013355312868952751,Djed Spence,a,10764,OpenPlay,2025,LeftFoot,29001,Burnley,Tottenham,2,2,2026-01-24 15:00:00,Wilson Odobert,Pass
664809,74,MissedShots,0.6890000152587891,0.6840000152587891,0.01082692015916109,Yves Bissouma,a,5609,OpenPlay,2025,RightFoot,29001,Burnley,Tottenham,2,2,2026-01-24 15:00:00,Xavi Simons,Pass
664812,83,SavedShot,0.955999984741211,0.5029999923706054,0.5876996517181396,Mathys Tel,a,9780,OpenPlay,2025,LeftFoot,29001,Burnley,Tottenham,2,2,2026-01-24 15:00:00,Djed Spence,Cross
664813,83,MissedShots,0.8069999694824219,0.4370000076293945,0.031320396810770035,Wilson Odobert,a,10822,FromCorner,2025,LeftFoot,29001,Burnley,Tottenham,2,2,2026-01-24 15:00:00,,None
664814,89,ShotOnPost,0.894000015258789,0.5279999923706055,0.1099558025598526,Xavi Simons,a,8700,OpenPlay,2025,RightFoot,29001,Burnley,Tottenham,2,2,2026-01-24 15:00:00,Wilson Odobert,Pass
664815,89,Goal,0.92,0.47400001525878904,0.09588658064603806,Cristian Romero,a,7218,OpenPlay,2025,Head,29001,Burnley,Tottenham,2,2,2026-01-24 15:00:00,Wilson Odobert,Cross
666687,22,BlockedShot,0.7830000305175782,0.7090000152587891,0.05561675876379013,Xavi Simons,h,8700,DirectFreekick,2025,RightFoot,29016,Tottenham,Manchester City,2,2,2026-02-01 16:30:00,,Standard
666689,37,BlockedShot,0.8390000152587891,0.5540000152587891,0.06450939923524857,Xavi Simons,h,8700,OpenPlay,2025,RightFoot,29016,Tottenham,Manchester City,2,2,2026-02-01 16:30:00,Dominic Solanke,Pass
666692,48,SavedShot,0.7680000305175781,0.580999984741211,0.07416581362485886,Xavi Simons,h,8700,DirectFreekick,2025,RightFoot,29016,Tottenham,Manchester City,2,2,2026-02-01 16:30:00,,Standard
666693,49,MissedShots,0.8130000305175781,0.509000015258789,0.038780827075242996,Conor Gallagher,h,9040,OpenPlay,2025,RightFoot,29016,Tottenham,Manchester City,2,2,2026-02-01 16:30:00,,None
666694,50,SavedShot,0.8830000305175781,0.6509999847412109,0.07947027683258057,Iyenoma Destiny Udogie,h,8831,OpenPlay,2025,LeftFoot,29016,Tottenham,Manchester City,2,2,2026-02-01 16:30:00,Xavi Simons,Pass
666695,51,BlockedShot,0.865999984741211,0.49700000762939456,0.06596865504980087,João Palhinha,h,10715,OpenPlay,2025,LeftFoot,29016,Tottenham,Manchester City,2,2,2026-02-01 16:30:00,,None
666696,52,Goal,0.914000015258789,0.5790000152587891,0.32584047317504883,Dominic Solanke,h,1679,OpenPlay,2025,RightFoot,29016,Tottenham,Manchester City,2,2,2026-02-01 16:30:00,Xavi Simons,Throughball
666699,69,Goal,0.9009999847412109,0.4490000152587891,0.09163563698530197,Dominic Solanke,h,1679,OpenPlay,2025,RightFoot,29016,Tottenham,Manchester City,2,2,2026-02-01 16:30:00,Conor Gallagher,Cross
666700,73,SavedShot,0.9319999694824219,0.3240000152587891,0.10021057724952698,Wilson Odobert,h,10822,OpenPlay,2025,RightFoot,29016,Tottenham,Manchester City,2,2,2026-02-01 16:30:00,Xavi Simons,Pass
666701,74,SavedShot,0.8169999694824219,0.7119999694824218,0.020270364359021187,Xavi Simons,h,8700,OpenPlay,2025,RightFoot,29016,Tottenham,Manchester City,2,2,2026-02-01 16:30:00,Mathys Tel,Pass
666702,76,BlockedShot,0.7559999847412109,0.6170000076293946,0.019630085676908493,Xavi Simons,h,8700,OpenPlay,2025,LeftFoot,29016,Tottenham,Manchester City,2,2,2026-02-01 16:30:00,Wilson Odobert,Pass
666708,84,BlockedShot,0.95,0.485,0.561280369758606,Wilson Odobert,h,10822,OpenPlay,2025,RightFoot,29016,Tottenham,Manchester City,2,2,2026-02-01 16:30:00,Xavi Simons,Cross
666684,1,SavedShot,0.9030000305175782,0.6890000152587891,0.0816001296043396,Antoine Semenyo,a,11363,OpenPlay,2025,RightFoot,29016,Tottenham,Manchester City,2,2,2026-02-01 16:30:00,Erling Haaland,Pass
666685,10,Goal,0.8419999694824218,0.33599998474121096,0.04703173786401749,Mathis Cherki,a,8094,OpenPlay,2025,RightFoot,29016,Tottenham,Manchester City,2,2,2026-02-01 16:30:00,Erling Haaland,Pass
666686,17,MissedShots,0.845999984741211,0.6029999923706054,0.1271149069070816,Erling Haaland,a,8260,OpenPlay,2025,LeftFoot,29016,Tottenham,Manchester City,2,2,2026-02-01 16:30:00,Rodri,Throughball
666688,22,MissedShots,0.9590000152587891,0.37099998474121093,0.17307023704051971,Mathis Cherki,a,8094,OpenPlay,2025,LeftFoot,29016,Tottenham,Manchester City,2,2,2026-02-01 16:30:00,,TakeOn
666690,43,MissedShots,0.754000015258789,0.595999984741211,0.027343081310391426,Rayan Ait Nouri,a,6674,OpenPlay,2025,LeftFoot,29016,Tottenham,Manchester City,2,2,2026-02-01 16:30:00,Matheus Nunes,Pass
666691,43,Goal,0.8780000305175781,0.48,0.404064804315567,Antoine Semenyo,a,11363,OpenPlay,2025,LeftFoot,29016,Tottenham,Manchester City,2,2,2026-02-01 16:30:00,Bernardo Silva,Pass
666697,56,BlockedShot,0.8669999694824219,0.3579999923706055,0.08774785697460175,Mathis Cherki,a,8094,OpenPlay,2025,LeftFoot,29016,Tottenham,Manchester City,2,2,2026-02-01 16:30:00,Erling Haaland,Pass
666698,61,MissedShots,0.9309999847412109,0.46799999237060547,0.11187050491571426,Marc Guehi,a,7603,FromCorner,2025,Head,29016,Tottenham,Manchester City,2,2,2026-02-01 16:30:00,Mathis Cherki,Cross
666703,77,MissedShots,0.9180000305175782,0.5320000076293945,0.3390714228153229,Tijjani Reijnders,a,11965,OpenPlay,2025,Head,29016,Tottenham,Manchester City,2,2,2026-02-01 16:30:00,Bernardo Silva,Cross
666704,81,MissedShots,0.865999984741211,0.534000015258789,0.00920921005308628,Nico O&#039;Reilly,a,11592,SetPiece,2025,Head,29016,Tottenham,Manchester City,2,2,2026-02-01 16:30:00,Bernardo Silva,Rebound
666705,81,BlockedShot,0.914000015258789,0.5070000076293946,0.08871933817863464,Marc Guehi,a,7603,SetPiece,2025,LeftFoot,29016,Tottenham,Manchester City,2,2,2026-02-01 16:30:00,Nico O&#039;Reilly,None
666706,81,BlockedShot,0.9369999694824219,0.5259999847412109,0.14153313636779785,Erling Haaland,a,8260,SetPiece,2025,LeftFoot,29016,Tottenham,Manchester City,2,2,2026-02-01 16:30:00,,Rebound
666707,83,MissedShots,0.9209999847412109,0.590999984741211,0.29182592034339905,Tijjani Reijnders,a,11965,OpenPlay,2025,Head,29016,Tottenham,Manchester City,2,2,2026-02-01 16:30:00,Erling Haaland,HeadPass
666709,87,BlockedShot,0.945,0.5129999923706055,0.07595854997634888,Marc Guehi,a,7603,FromCorner,2025,Head,29016,Tottenham,Manchester City,2,2,2026-02-01 16:30:00,Tijjani Reijnders,Aerial
666710,87,MissedShots,0.9269999694824219,0.519000015258789,0.049411840736866,Marc Guehi,a,7603,FromCorner,2025,Head,29016,Tottenham,Manchester City,2,2,2026-02-01 16:30:00,,Rebound
667025,0,MissedShots,0.91,0.6869999694824219,0.0643032044172287,Bryan Mbeumo,h,6552,OpenPlay,2025,LeftFoot,29025,Manchester United,Tottenham,2,0,2026-02-07 12:30:00,Bruno Fernandes,Pass
667026,9,BlockedShot,0.7480000305175781,0.31799999237060544,0.01932317018508911,Casemiro,h,2248,OpenPlay,2025,RightFoot,29025,Manchester United,Tottenham,2,0,2026-02-07 12:30:00,Kobbie Mainoo,Pass
667027,9,BlockedShot,0.815,0.4909999847412109,0.044640760868787766,Bruno Fernandes,h,1228,OpenPlay,2025,RightFoot,29025,Manchester United,Tottenham,2,0,2026-02-07 12:30:00,,Rebound
667028,10,SavedShot,0.705999984741211,0.47700000762939454,0.015003346838057041,Casemiro,h,2248,OpenPlay,2025,RightFoot,29025,Manchester United,Tottenham,2,0,2026-02-07 12:30:00,Bruno Fernandes,Pass
667034,19,MissedShots,0.7530000305175781,0.504000015258789,0.023536980152130127,Matheus Cunha,h,7080,OpenPlay,2025,RightFoot,29025,Manchester United,Tottenham,2,0,2026-02-07 12:30:00,Diogo Dalot,Pass
667035,22,MissedShots,0.860999984741211,0.46799999237060547,0.10665799677371979,Bruno Fernandes,h,1228,OpenPlay,2025,RightFoot,29025,Manchester United,Tottenham,2,0,2026-02-07 12:30:00,Amad Diallo Traore,Pass
667036,25,BlockedShot,0.8159999847412109,0.35700000762939454,0.041169047355651855,Bruno Fernandes,h,1228,OpenPlay,2025,RightFoot,29025,Manchester United,Tottenham,2,0,2026-02-07 12:30:00,,BallTouch
667037,36,BlockedShot,0.81,0.4829999923706055,0.0547957643866539,Bruno Fernandes,h,1228,OpenPlay,2025,RightFoot,29025,Manchester United,Tottenham,2,0,2026-02-07 12:30:00,Matheus Cunha,Tackle
667038,37,Goal,0.850999984741211,0.52,0.051388245075941086,Bryan Mbeumo,h,6552,FromCorner,2025,LeftFoot,29025,Manchester United,Tottenham,2,0,2026-02-07 12:30:00,Kobbie Mainoo,Pass
667039,40,SavedShot,0.9419999694824219,0.565,0.3026084899902344,Casemiro,h,2248,FromCorner,2025,Head,29025,Manchester United,Tottenham,2,0,2026-02-07 12:30:00,,None
667040,50,SavedShot,0.784000015258789,0.6480000305175782,0.033623382449150085,Casemiro,h,2248,OpenPlay,2025,RightFoot,29025,Manchester United,Tottenham,2,0,2026-02-07 12:30:00,Kobbie Mainoo,Pass
667041,55,BlockedShot,0.8030000305175782,0.46700000762939453,0.04997754469513893,Bruno Fernandes,h,1228,OpenPlay,2025,RightFoot,29025,Manchester United,Tottenham,2,0,2026-02-07 12:30:00,Amad Diallo Traore,Pass
667043,59,SavedShot,0.7859999847412109,0.6430000305175781,0.03327018395066261,Luke Shaw,h,1006,OpenPlay,2025,LeftFoot,29025,Manchester United,Tottenham,2,0,2026-02-07 12:30:00,Casemiro,Pass
667044,60,SavedShot,0.7909999847412109,0.6370000076293946,0.02331257238984108,Diogo Dalot,h,7281,FromCorner,2025,RightFoot,29025,Manchester United,Tottenham,2,0,2026-02-07 12:30:00,Bruno Fernandes,Pass
667045,61,BlockedShot,0.8909999847412109,0.539000015258789,0.08099004626274109,Luke Shaw,h,1006,SetPiece,2025,LeftFoot,29025,Manchester United,Tottenham,2,0,2026-02-07 12:30:00,,None
667046,70,SavedShot,0.9880000305175781,0.35200000762939454,0.07241816818714142,Amad Diallo Traore,h,8127,OpenPlay,2025,RightFoot,29025,Manchester United,Tottenham,2,0,2026-02-07 12:30:00,Bruno Fernandes,TakeOn
667047,70,MissedShots,0.7419999694824219,0.5679999923706055,0.015657814219594002,Diogo Dalot,h,7281,FromCorner,2025,LeftFoot,29025,Manchester United,Tottenham,2,0,2026-02-07 12:30:00,,None
667048,77,SavedShot,0.7190000152587891,0.544000015258789,0.021713407710194588,Bruno Fernandes,h,1228,FromCorner,2025,RightFoot,29025,Manchester United,Tottenham,2,0,2026-02-07 12:30:00,Casemiro,Pass
667049,80,Goal,0.9169999694824219,0.5670000076293945,0.3245004117488861,Bruno Fernandes,h,1228,OpenPlay,2025,RightFoot,29025,Manchester United,Tottenham,2,0,2026-02-07 12:30:00,Diogo Dalot,Cross
667050,85,MissedShots,0.865,0.4109999847412109,0.10405639559030533,Bryan Mbeumo,h,6552,OpenPlay,2025,RightFoot,29025,Manchester United,Tottenham,2,0,2026-02-07 12:30:00,Amad Diallo Traore,Pass
667051,90,MissedShots,0.8619999694824219,0.6819999694824219,0.06297649443149567,Noussair Mazraoui,h,10696,OpenPlay,2025,RightFoot,29025,Manchester United,Tottenham,2,0,2026-02-07 12:30:00,Bruno Fernandes,Pass
667052,90,MissedShots,0.7769999694824219,0.5479999923706055,0.050928253680467606,Bruno Fernandes,h,1228,OpenPlay,2025,RightFoot,29025,Manchester United,Tottenham,2,0,2026-02-07 12:30:00,Kobbie Mainoo,Pass
667054,95,SavedShot,0.9009999847412109,0.4859999847412109,0.5697665214538574,Benjamin Sesko,h,11974,OpenPlay,2025,Head,29025,Manchester United,Tottenham,2,0,2026-02-07 12:30:00,Bruno Fernandes,Chipped
667029,11,SavedShot,0.9209999847412109,0.40099998474121096,0.30400845408439636,Conor Gallagher,a,9040,OpenPlay,2025,RightFoot,29025,Manchester United,Tottenham,2,0,2026-02-07 12:30:00,Xavi Simons,Chipped
667030,13,BlockedShot,0.7930000305175782,0.34900001525878904,0.028693845495581627,João Palhinha,a,10715,OpenPlay,2025,RightFoot,29025,Manchester United,Tottenham,2,0,2026-02-07 12:30:00,Wilson Odobert,Pass
667031,13,BlockedShot,0.759000015258789,0.49599998474121093,0.018740225583314896,Pape Sarr,a,9021,OpenPlay,2025,RightFoot,29025,Manchester United,Tottenham,2,0,2026-02-07 12:30:00,,Rebound
667032,15,BlockedShot,0.865999984741211,0.5479999923706055,0.0713186040520668,Xavi Simons,a,8700,OpenPlay,2025,RightFoot,29025,Manchester United,Tottenham,2,0,2026-02-07 12:30:00,Conor Gallagher,Cross
667033,15,BlockedShot,0.9290000152587891,0.5479999923706055,0.12356050312519073,Micky van de Ven,a,10050,OpenPlay,2025,LeftFoot,29025,Manchester United,Tottenham,2,0,2026-02-07 12:30:00,Iyenoma Destiny Udogie,Cross
667042,56,MissedShots,0.7380000305175781,0.49400001525878906,0.01723553240299225,Xavi Simons,a,8700,OpenPlay,2025,LeftFoot,29025,Manchester United,Tottenham,2,0,2026-02-07 12:30:00,,BallRecovery
667053,94,BlockedShot,0.830999984741211,0.7119999694824218,0.03038470447063446,Mathys Tel,a,9780,OpenPlay,2025,RightFoot,29025,Manchester United,Tottenham,2,0,2026-02-07 12:30:00,Souza,Pass
668208,6,MissedShots,0.9480000305175781,0.664000015258789,0.054863132536411285,Xavi Simons,h,8700,OpenPlay,2025,RightFoot,29036,Tottenham,Newcastle United,1,2,2026-02-10 19:30:00,Conor Gallagher,Chipped
668213,26,BlockedShot,0.915,0.305,0.06323908269405365,Dominic Solanke,h,1679,OpenPlay,2025,RightFoot,29036,Tottenham,Newcastle United,1,2,2026-02-10 19:30:00,Wilson Odobert,Pass
668217,35,BlockedShot,0.8059999847412109,0.43599998474121093,0.05014680325984955,Xavi Simons,h,8700,OpenPlay,2025,RightFoot,29036,Tottenham,Newcastle United,1,2,2026-02-10 19:30:00,Conor Gallagher,Pass
668221,51,BlockedShot,0.905,0.53,0.10610202699899673,Dominic Solanke,h,1679,OpenPlay,2025,LeftFoot,29036,Tottenham,Newcastle United,1,2,2026-02-10 19:30:00,Xavi Simons,Pass
668227,50,MissedShots,0.8640000152587891,0.7140000152587891,0.03408777713775635,Mathys Tel,h,9780,OpenPlay,2025,RightFoot,29036,Tottenham,Newcastle United,1,2,2026-02-10 19:30:00,Xavi Simons,Pass
668228,52,MissedShots,0.899000015258789,0.5029999923706054,0.43720176815986633,Mathys Tel,h,9780,OpenPlay,2025,LeftFoot,29036,Tottenham,Newcastle United,1,2,2026-02-10 19:30:00,Archie Gray,Pass
668229,53,SavedShot,0.664000015258789,0.620999984741211,0.011685307137668133,Pape Sarr,h,9021,OpenPlay,2025,RightFoot,29036,Tottenham,Newcastle United,1,2,2026-02-10 19:30:00,Xavi Simons,Pass
668230,55,BlockedShot,0.764000015258789,0.644000015258789,0.02140733040869236,Xavi Simons,h,8700,OpenPlay,2025,RightFoot,29036,Tottenham,Newcastle United,1,2,2026-02-10 19:30:00,Conor Gallagher,Pass
668231,59,BlockedShot,0.8830000305175781,0.46900001525878904,0.07547178864479065,Radu Dragusin,h,9105,SetPiece,2025,RightFoot,29036,Tottenham,Newcastle United,1,2,2026-02-10 19:30:00,Xavi Simons,Cross
668232,63,Goal,0.9640000152587891,0.5,0.5875789523124695,Archie Gray,h,10184,FromCorner,2025,RightFoot,29036,Tottenham,Newcastle United,1,2,2026-02-10 19:30:00,Pape Sarr,HeadPass
668238,73,MissedShots,0.9530000305175781,0.5690000152587891,0.053759314119815826,Mathys Tel,h,9780,FromCorner,2025,Head,29036,Tottenham,Newcastle United,1,2,2026-02-10 19:30:00,Randal Kolo Muani,Aerial
668239,77,BlockedShot,0.765,0.605,0.02274554781615734,Mathys Tel,h,9780,OpenPlay,2025,RightFoot,29036,Tottenham,Newcastle United,1,2,2026-02-10 19:30:00,Xavi Simons,Pass
668240,79,BlockedShot,0.6869999694824219,0.5670000076293945,0.012936679646372795,Mathys Tel,h,9780,OpenPlay,2025,LeftFoot,29036,Tottenham,Newcastle United,1,2,2026-02-10 19:30:00,João Palhinha,Pass
668241,92,MissedShots,0.8130000305175781,0.534000015258789,0.016499454155564308,Mathys Tel,h,9780,OpenPlay,2025,LeftFoot,29036,Tottenham,Newcastle United,1,2,2026-02-10 19:30:00,,Aerial
668242,92,BlockedShot,0.870999984741211,0.47,0.07426989823579788,Dominic Solanke,h,1679,OpenPlay,2025,RightFoot,29036,Tottenham,Newcastle United,1,2,2026-02-10 19:30:00,Mathys Tel,Rebound
668243,92,MissedShots,0.8680000305175781,0.4640000152587891,0.06847696006298065,Micky van de Ven,h,10050,OpenPlay,2025,LeftFoot,29036,Tottenham,Newcastle United,1,2,2026-02-10 19:30:00,Mathys Tel,Tackle
668207,2,MissedShots,0.96,0.5170000076293946,0.4640386998653412,Sven Botman,a,8635,FromCorner,2025,Head,29036,Tottenham,Newcastle United,1,2,2026-02-10 19:30:00,,None
668209,8,MissedShots,0.794000015258789,0.30100000381469727,0.02374868653714657,Joe Willock,a,6630,OpenPlay,2025,RightFoot,29036,Tottenham,Newcastle United,1,2,2026-02-10 19:30:00,Bruno Guimarães,Pass
668210,10,SavedShot,0.9019999694824219,0.4229999923706055,0.08644911646842957,Harvey Barnes,a,6681,OpenPlay,2025,RightFoot,29036,Tottenham,Newcastle United,1,2,2026-02-10 19:30:00,Anthony Elanga,Cross
668211,16,MissedShots,0.874000015258789,0.5890000152587891,0.08276552706956863,Jacob Ramsey,a,8941,OpenPlay,2025,LeftFoot,29036,Tottenham,Newcastle United,1,2,2026-02-10 19:30:00,Dan Burn,BallTouch
668212,23,SavedShot,0.8180000305175781,0.5120000076293946,0.04039943218231201,Joe Willock,a,6630,FromCorner,2025,RightFoot,29036,Tottenham,Newcastle United,1,2,2026-02-10 19:30:00,,None
668214,28,BlockedShot,0.855,0.595,0.05264689400792122,Jacob Ramsey,a,8941,FromCorner,2025,RightFoot,29036,Tottenham,Newcastle United,1,2,2026-02-10 19:30:00,,None
668215,29,BlockedShot,0.955,0.43200000762939456,0.10911308228969574,Malick Thiaw,a,8378,FromCorner,2025,Head,29036,Tottenham,Newcastle United,1,2,2026-02-10 19:30:00,Bruno Guimarães,Cross
668216,29,MissedShots,0.9540000152587891,0.5259999847412109,0.10269550234079361,Anthony Gordon,a,8150,FromCorner,2025,Head,29036,Tottenham,Newcastle United,1,2,2026-02-10 19:30:00,,Aerial
668218,41,MissedShots,0.9119999694824219,0.5029999923706054,0.060197990387678146,Dan Burn,a,7382,SetPiece,2025,Head,29036,Tottenham,Newcastle United,1,2,2026-02-10 19:30:00,Anthony Elanga,HeadPass
668219,49,SavedShot,0.914000015258789,0.5579999923706055,0.09956315904855728,Malick Thiaw,a,8378,SetPiece,2025,Head,29036,Tottenham,Newcastle United,1,2,2026-02-10 19:30:00,Joe Willock,Cross
668220,49,Goal,0.970999984741211,0.5379999923706055,0.7422443628311157,Malick Thiaw,a,8378,SetPiece,2025,LeftFoot,29036,Tottenham,Newcastle United,1,2,2026-02-10 19:30:00,,Rebound
668222,47,BlockedShot,0.8419999694824218,0.28200000762939453,0.044182732701301575,Joe Willock,a,6630,OpenPlay,2025,RightFoot,29036,Tottenham,Newcastle United,1,2,2026-02-10 19:30:00,,BallRecovery
668223,47,BlockedShot,0.8130000305175781,0.5990000152587891,0.09097566455602646,Anthony Gordon,a,8150,OpenPlay,2025,RightFoot,29036,Tottenham,Newcastle United,1,2,2026-02-10 19:30:00,Joe Willock,Pass
668224,48,BlockedShot,0.91,0.5529999923706055,0.07264108210802078,Jacob Ramsey,a,8941,FromCorner,2025,LeftFoot,29036,Tottenham,Newcastle United,1,2,2026-02-10 19:30:00,Bruno Guimarães,Cross
668225,48,BlockedShot,0.9180000305175782,0.515,0.05608046427369118,Jacob Ramsey,a,8941,FromCorner,2025,Head,29036,Tottenham,Newcastle United,1,2,2026-02-10 19:30:00,Malick Thiaw,HeadPass
668226,48,BlockedShot,0.9519999694824218,0.44599998474121094,0.14220499992370605,Sven Botman,a,8635,FromCorner,2025,LeftFoot,29036,Tottenham,Newcastle United,1,2,2026-02-10 19:30:00,,Rebound
668233,65,BlockedShot,0.889000015258789,0.674000015258789,0.05455455183982849,Anthony Gordon,a,8150,OpenPlay,2025,RightFoot,29036,Tottenham,Newcastle United,1,2,2026-02-10 19:30:00,,None
668234,66,BlockedShot,0.914000015258789,0.5170000076293946,0.062417171895504,Harvey Barnes,a,6681,FromCorner,2025,LeftFoot,29036,Tottenham,Newcastle United,1,2,2026-02-10 19:30:00,,Aerial
668235,67,MissedShots,0.8519999694824218,0.4879999923706055,0.03235430642962456,Harvey Barnes,a,6681,SetPiece,2025,RightFoot,29036,Tottenham,Newcastle United,1,2,2026-02-10 19:30:00,,Aerial
668236,67,Goal,0.8830000305175781,0.5529999923706055,0.11958196014165878,Jacob Ramsey,a,8941,OpenPlay,2025,LeftFoot,29036,Tottenham,Newcastle United,1,2,2026-02-10 19:30:00,Anthony Gordon,Pass
668237,71,MissedShots,0.784000015258789,0.42,0.012931542471051216,Anthony Gordon,a,8150,SetPiece,2025,RightFoot,29036,Tottenham,Newcastle United,1,2,2026-02-10 19:30:00,,Aerial
670374,20,BlockedShot,0.8230000305175781,0.4759999847412109,0.06227592006325722,Pape Sarr,h,9021,OpenPlay,2025,RightFoot,29046,Tottenham,Arsenal,1,4,2026-02-22 16:30:00,Xavi Simons,BallTouch
670377,33,Goal,0.924000015258789,0.575999984741211,0.07935891300439835,Randal Kolo Muani,h,5743,OpenPlay,2025,RightFoot,29046,Tottenham,Arsenal,1,4,2026-02-22 16:30:00,,BallRecovery
670383,45,SavedShot,0.8090000152587891,0.5890000152587891,0.04653223976492882,Xavi Simons,h,8700,OpenPlay,2025,RightFoot,29046,Tottenham,Arsenal,1,4,2026-02-22 16:30:00,Randal Kolo Muani,Pass
670391,83,SavedShot,0.960999984741211,0.4490000152587891,0.09906435012817383,Richarlison,h,6026,OpenPlay,2025,RightFoot,29046,Tottenham,Arsenal,1,4,2026-02-22 16:30:00,Djed Spence,Cross
670392,91,SavedShot,0.9359999847412109,0.455,0.08599616587162018,Richarlison,h,6026,OpenPlay,2025,Head,29046,Tottenham,Arsenal,1,4,2026-02-22 16:30:00,Mathys Tel,Aerial
670394,97,SavedShot,0.7380000305175781,0.6140000152587891,0.010036625899374485,Pape Sarr,h,9021,OpenPlay,2025,RightFoot,29046,Tottenham,Arsenal,1,4,2026-02-22 16:30:00,,None
670369,3,BlockedShot,0.925,0.5570000076293945,0.10428673028945923,Viktor Gyokeres,a,7254,OpenPlay,2025,Head,29046,Tottenham,Arsenal,1,4,2026-02-22 16:30:00,Jurriën Timber,Cross
670370,4,BlockedShot,0.68,0.165,0.008129761554300785,Leandro Trossard,a,7698,OpenPlay,2025,RightFoot,29046,Tottenham,Arsenal,1,4,2026-02-22 16:30:00,,None
670371,6,MissedShots,0.8859999847412109,0.6919999694824219,0.050743479281663895,Viktor Gyokeres,a,7254,OpenPlay,2025,RightFoot,29046,Tottenham,Arsenal,1,4,2026-02-22 16:30:00,Piero Hincapié,Pass
670372,16,MissedShots,0.950999984741211,0.5120000076293946,0.4694522023200989,William Saliba,a,6888,FromCorner,2025,Head,29046,Tottenham,Arsenal,1,4,2026-02-22 16:30:00,Viktor Gyokeres,HeadPass
670373,17,MissedShots,0.8140000152587891,0.5020000076293946,0.05713878571987152,Leandro Trossard,a,7698,OpenPlay,2025,LeftFoot,29046,Tottenham,Arsenal,1,4,2026-02-22 16:30:00,,BallRecovery
670375,31,BlockedShot,0.7819999694824219,0.3729999923706055,0.02563510462641716,Eberechi Eze,a,8706,OpenPlay,2025,LeftFoot,29046,Tottenham,Arsenal,1,4,2026-02-22 16:30:00,,None
670376,31,Goal,0.935,0.4620000076293945,0.5693182945251465,Eberechi Eze,a,8706,OpenPlay,2025,RightFoot,29046,Tottenham,Arsenal,1,4,2026-02-22 16:30:00,,None
670378,36,SavedShot,0.87,0.45599998474121095,0.29228296875953674,Bukayo Saka,a,7322,OpenPlay,2025,RightFoot,29046,Tottenham,Arsenal,1,4,2026-02-22 16:30:00,Piero Hincapié,Chipped
670379,39,BlockedShot,0.845,0.30100000381469727,0.03902117908000946,Bukayo Saka,a,7322,OpenPlay,2025,LeftFoot,29046,Tottenham,Arsenal,1,4,2026-02-22 16:30:00,,BallTouch
670380,40,BlockedShot,0.92,0.34400001525878904,0.0758991688489914,Leandro Trossard,a,7698,OpenPlay,2025,RightFoot,29046,Tottenham,Arsenal,1,4,2026-02-22 16:30:00,Jurriën Timber,Pass
670381,47,MissedShots,0.7440000152587891,0.3629999923706055,0.013650032691657543,Eberechi Eze,a,8706,OpenPlay,2025,RightFoot,29046,Tottenham,Arsenal,1,4,2026-02-22 16:30:00,,None
670382,50,BlockedShot,0.8059999847412109,0.6930000305175781,0.013790796510875225,Piero Hincapié,a,9911,OpenPlay,2025,LeftFoot,29046,Tottenham,Arsenal,1,4,2026-02-22 16:30:00,Bukayo Saka,Chipped
670384,46,Goal,0.8180000305175781,0.48400001525878905,0.06347543746232986,Viktor Gyokeres,a,7254,OpenPlay,2025,RightFoot,29046,Tottenham,Arsenal,1,4,2026-02-22 16:30:00,Jurriën Timber,Pass
670385,50,BlockedShot,0.8619999694824219,0.5679999923706055,0.15849021077156067,Eberechi Eze,a,8706,OpenPlay,2025,RightFoot,29046,Tottenham,Arsenal,1,4,2026-02-22 16:30:00,Piero Hincapié,TakeOn
670386,58,SavedShot,0.924000015258789,0.35200000762939454,0.34032025933265686,Bukayo Saka,a,7322,OpenPlay,2025,RightFoot,29046,Tottenham,Arsenal,1,4,2026-02-22 16:30:00,Eberechi Eze,Throughball
670387,60,Goal,0.899000015258789,0.5359999847412109,0.4393695294857025,Eberechi Eze,a,8706,OpenPlay,2025,RightFoot,29046,Tottenham,Arsenal,1,4,2026-02-22 16:30:00,,Dispossessed
670388,65,BlockedShot,0.8430000305175781,0.3629999923706055,0.07445280998945236,Bukayo Saka,a,7322,OpenPlay,2025,LeftFoot,29046,Tottenham,Arsenal,1,4,2026-02-22 16:30:00,Cristhian Mosquera,Pass
670389,70,MissedShots,0.7609999847412109,0.63,0.029286561533808708,Leandro Trossard,a,7698,OpenPlay,2025,RightFoot,29046,Tottenham,Arsenal,1,4,2026-02-22 16:30:00,Bukayo Saka,Pass
670390,71,MissedShots,0.87,0.375,0.11946041882038116,Bukayo Saka,a,7322,OpenPlay,2025,LeftFoot,29046,Tottenham,Arsenal,1,4,2026-02-22 16:30:00,Eberechi Eze,Pass
670393,93,Goal,0.9109999847412109,0.6070000076293945,0.37280917167663574,Viktor Gyokeres,a,7254,OpenPlay,2025,RightFoot,29046,Tottenham,Arsenal,1,4,2026-02-22 16:30:00,Martin Odegaard,Pass
671527,6,MissedShots,0.9269999694824219,0.5379999923706055,0.09147199243307114,Raúl Jiménez,h,4105,OpenPlay,2025,Head,29052,Fulham,Tottenham,2,1,2026-03-01 14:00:00,Kenny Tete,Chipped
671528,6,Goal,0.9359999847412109,0.47200000762939454,0.5784841775894165,Harry Wilson,h,5596,OpenPlay,2025,LeftFoot,29052,Fulham,Tottenham,2,1,2026-03-01 14:00:00,,None
671529,9,MissedShots,0.9540000152587891,0.44799999237060545,0.07754938304424286,Calvin Bassey,h,11728,FromCorner,2025,Head,29052,Fulham,Tottenham,2,1,2026-03-01 14:00:00,,Aerial
671532,18,MissedShots,0.8690000152587891,0.3729999923706055,0.08028776943683624,Kenny Tete,h,5973,OpenPlay,2025,LeftFoot,29052,Fulham,Tottenham,2,1,2026-03-01 14:00:00,,None
671535,33,Goal,0.7980000305175782,0.29399999618530276,0.031117545440793037,Alex Iwobi,h,500,OpenPlay,2025,RightFoot,29052,Fulham,Tottenham,2,1,2026-03-01 14:00:00,Harry Wilson,Pass
671541,45,MissedShots,0.9180000305175782,0.32299999237060545,0.04584887996315956,Oscar Bobb,h,11903,FromCorner,2025,RightFoot,29052,Fulham,Tottenham,2,1,2026-03-01 14:00:00,,None
671542,45,MissedShots,0.9359999847412109,0.4420000076293945,0.13555949926376343,Calvin Bassey,h,11728,FromCorner,2025,RightFoot,29052,Fulham,Tottenham,2,1,2026-03-01 14:00:00,Oscar Bobb,Rebound
671543,49,MissedShots,0.7519999694824219,0.46599998474121096,0.020411787554621696,Ryan Sessegnon,h,6837,SetPiece,2025,RightFoot,29052,Fulham,Tottenham,2,1,2026-03-01 14:00:00,Alex Iwobi,Pass
671544,50,MissedShots,0.9409999847412109,0.6669999694824219,0.2412012219429016,Emile Smith-Rowe,h,7230,OpenPlay,2025,LeftFoot,29052,Fulham,Tottenham,2,1,2026-03-01 14:00:00,Oscar Bobb,Pass
671545,54,BlockedShot,0.9080000305175782,0.5720000076293945,0.14064611494541168,Raúl Jiménez,h,4105,OpenPlay,2025,LeftFoot,29052,Fulham,Tottenham,2,1,2026-03-01 14:00:00,Oscar Bobb,Pass
671546,54,MissedShots,0.965999984741211,0.415,0.034032247960567474,Kenny Tete,h,5973,FromCorner,2025,Head,29052,Fulham,Tottenham,2,1,2026-03-01 14:00:00,Alex Iwobi,Aerial
671547,56,BlockedShot,0.8769999694824219,0.42700000762939455,0.127191424369812,Harry Wilson,h,5596,OpenPlay,2025,LeftFoot,29052,Fulham,Tottenham,2,1,2026-03-01 14:00:00,Raúl Jiménez,Pass
671548,61,SavedShot,0.875,0.4370000076293945,0.3278960883617401,Emile Smith-Rowe,h,7230,OpenPlay,2025,RightFoot,29052,Fulham,Tottenham,2,1,2026-03-01 14:00:00,Alex Iwobi,Pass
671551,74,MissedShots,0.8180000305175781,0.5579999923706055,0.06656290590763092,Tom Cairney,h,6835,OpenPlay,2025,LeftFoot,29052,Fulham,Tottenham,2,1,2026-03-01 14:00:00,,None
671552,76,MissedShots,0.874000015258789,0.654000015258789,0.08353184908628464,Alex Iwobi,h,500,OpenPlay,2025,RightFoot,29052,Fulham,Tottenham,2,1,2026-03-01 14:00:00,Samuel Chukwueze,Pass
671553,79,SavedShot,0.884000015258789,0.5929999923706055,0.09168354421854019,Rodrigo Muniz,h,10717,OpenPlay,2025,RightFoot,29052,Fulham,Tottenham,2,1,2026-03-01 14:00:00,Samuel Chukwueze,Chipped
671554,85,BlockedShot,0.8869999694824219,0.3039999961853027,0.059661660343408585,Samuel Chukwueze,h,7208,OpenPlay,2025,LeftFoot,29052,Fulham,Tottenham,2,1,2026-03-01 14:00:00,Ryan Sessegnon,Pass
671555,85,BlockedShot,0.8680000305175781,0.6309999847412109,0.09377693384885788,Ryan Sessegnon,h,6837,OpenPlay,2025,RightFoot,29052,Fulham,Tottenham,2,1,2026-03-01 14:00:00,Alex Iwobi,Pass
671530,15,BlockedShot,0.7980000305175782,0.55,0.03807353973388672,João Palhinha,a,10715,OpenPlay,2025,RightFoot,29052,Fulham,Tottenham,2,1,2026-03-01 14:00:00,,None
671531,15,MissedShots,0.85,0.5070000076293946,0.06186285987496376,Pedro Porro,a,6912,FromCorner,2025,LeftFoot,29052,Fulham,Tottenham,2,1,2026-03-01 14:00:00,,None
671533,20,BlockedShot,0.8530000305175781,0.3320000076293945,0.04114425182342529,Dominic Solanke,a,1679,OpenPlay,2025,LeftFoot,29052,Fulham,Tottenham,2,1,2026-03-01 14:00:00,,BallRecovery
671534,24,BlockedShot,0.899000015258789,0.3089999961853027,0.058325473219156265,Randal Kolo Muani,a,5743,OpenPlay,2025,RightFoot,29052,Fulham,Tottenham,2,1,2026-03-01 14:00:00,Pedro Porro,Pass
671536,36,BlockedShot,0.8159999847412109,0.5029999923706054,0.059657320380210876,Yves Bissouma,a,5609,OpenPlay,2025,RightFoot,29052,Fulham,Tottenham,2,1,2026-03-01 14:00:00,Randal Kolo Muani,Pass
671537,37,MissedShots,0.9009999847412109,0.4279999923706055,0.056463275104761124,Radu Dragusin,a,9105,FromCorner,2025,LeftFoot,29052,Fulham,Tottenham,2,1,2026-03-01 14:00:00,Xavi Simons,Cross
671538,39,BlockedShot,0.8859999847412109,0.4109999847412109,0.07248974591493607,Randal Kolo Muani,a,5743,FromCorner,2025,RightFoot,29052,Fulham,Tottenham,2,1,2026-03-01 14:00:00,,None
671539,39,BlockedShot,0.8419999694824218,0.4209999847412109,0.05675717443227768,João Palhinha,a,10715,FromCorner,2025,RightFoot,29052,Fulham,Tottenham,2,1,2026-03-01 14:00:00,,Rebound
671540,39,MissedShots,0.7559999847412109,0.34700000762939454,0.012190587818622589,Pedro Porro,a,6912,OpenPlay,2025,RightFoot,29052,Fulham,Tottenham,2,1,2026-03-01 14:00:00,Dominic Solanke,Pass
671549,65,Goal,0.9419999694824219,0.415,0.3003266453742981,Richarlison,a,6026,OpenPlay,2025,Head,29052,Fulham,Tottenham,2,1,2026-03-01 14:00:00,Archie Gray,Cross
671550,67,MissedShots,0.904000015258789,0.40099998474121096,0.027002383023500443,Radu Dragusin,a,9105,FromCorner,2025,Head,29052,Fulham,Tottenham,2,1,2026-03-01 14:00:00,Mathys Tel,Cross
671556,87,MissedShots,0.960999984741211,0.605999984741211,0.1085798591375351,Pape Sarr,a,9021,OpenPlay,2025,LeftFoot,29052,Fulham,Tottenham,2,1,2026-03-01 14:00:00,Souza,Pass
671557,96,BlockedShot,0.8680000305175781,0.5640000152587891,0.06333247572183609,João Palhinha,a,10715,SetPiece,2025,RightFoot,29052,Fulham,Tottenham,2,1,2026-03-01 14:00:00,Richarlison,HeadPass
672330,5,MissedShots,0.8530000305175781,0.4,0.06891724467277527,Pape Sarr,h,9021,OpenPlay,2025,RightFoot,29066,Tottenham,Crystal Palace,1,3,2026-03-05 20:00:00,João Palhinha,BallTouch
672332,14,SavedShot,0.845999984741211,0.6769999694824219,0.039098143577575684,Mathys Tel,h,9780,OpenPlay,2025,RightFoot,29066,Tottenham,Crystal Palace,1,3,2026-03-05 20:00:00,Pedro Porro,HeadPass
672333,33,BlockedShot,0.8490000152587891,0.615,0.06339745223522186,Mathys Tel,h,9780,OpenPlay,2025,RightFoot,29066,Tottenham,Crystal Palace,1,3,2026-03-05 20:00:00,Souza,BallTouch
672334,33,Goal,0.9630000305175781,0.4759999847412109,0.6400454640388489,Dominic Solanke,h,1679,FromCorner,2025,LeftFoot,29066,Tottenham,Crystal Palace,1,3,2026-03-05 20:00:00,Archie Gray,Pass
672338,45,SavedShot,0.925,0.5740000152587891,0.06790173798799515,Kevin Danso,h,5261,FromCorner,2025,Head,29066,Tottenham,Crystal Palace,1,3,2026-03-05 20:00:00,Mathys Tel,Cross
672339,47,BlockedShot,0.9669999694824218,0.5870000076293945,0.07688134908676147,Kevin Danso,h,5261,FromCorner,2025,Head,29066,Tottenham,Crystal Palace,1,3,2026-03-05 20:00:00,Mathys Tel,Cross
672340,47,BlockedShot,0.8630000305175781,0.34700000762939454,0.05390240252017975,Pape Sarr,h,9021,OpenPlay,2025,LeftFoot,29066,Tottenham,Crystal Palace,1,3,2026-03-05 20:00:00,Dominic Solanke,BallTouch
672341,47,BlockedShot,0.879000015258789,0.375,0.05087141692638397,Archie Gray,h,10184,OpenPlay,2025,LeftFoot,29066,Tottenham,Crystal Palace,1,3,2026-03-05 20:00:00,,Rebound
672342,55,MissedShots,0.7469999694824219,0.46799999237060547,0.015475230291485786,João Palhinha,h,10715,OpenPlay,2025,RightFoot,29066,Tottenham,Crystal Palace,1,3,2026-03-05 20:00:00,Mathys Tel,Pass
672344,67,SavedShot,0.9119999694824219,0.6609999847412109,0.07772460579872131,Dominic Solanke,h,1679,OpenPlay,2025,RightFoot,29066,Tottenham,Crystal Palace,1,3,2026-03-05 20:00:00,Mathys Tel,Pass
672347,85,BlockedShot,0.7659999847412109,0.43900001525878907,0.07526879012584686,Xavi Simons,h,8700,DirectFreekick,2025,RightFoot,29066,Tottenham,Crystal Palace,1,3,2026-03-05 20:00:00,,Standard
672349,92,MissedShots,0.9430000305175781,0.5579999923706055,0.06940609216690063,Mathys Tel,h,9780,SetPiece,2025,Head,29066,Tottenham,Crystal Palace,1,3,2026-03-05 20:00:00,Xavi Simons,Aerial
672329,0,SavedShot,0.8869999694824219,0.42700000762939455,0.08563436567783356,Adam Wharton,a,12409,OpenPlay,2025,LeftFoot,29066,Tottenham,Crystal Palace,1,3,2026-03-05 20:00:00,,None
672331,11,BlockedShot,0.85,0.4329999923706055,0.06548171490430832,Daniel Muñoz,a,12408,OpenPlay,2025,LeftFoot,29066,Tottenham,Crystal Palace,1,3,2026-03-05 20:00:00,,None
672335,39,Goal,0.885,0.5,0.7611688375473022,Ismaila Sarr,a,5675,Penalty,2025,RightFoot,29066,Tottenham,Crystal Palace,1,3,2026-03-05 20:00:00,,Standard
672336,45,Goal,0.924000015258789,0.3970000076293945,0.39391157031059265,Jørgen Strand Larsen,a,11070,OpenPlay,2025,RightFoot,29066,Tottenham,Crystal Palace,1,3,2026-03-05 20:00:00,Adam Wharton,Throughball
672337,51,Goal,0.905,0.5159999847412109,0.32808563113212585,Ismaila Sarr,a,5675,OpenPlay,2025,RightFoot,29066,Tottenham,Crystal Palace,1,3,2026-03-05 20:00:00,Adam Wharton,Chipped
672343,59,BlockedShot,0.8090000152587891,0.4329999923706055,0.05616768077015877,Adam Wharton,a,12409,OpenPlay,2025,RightFoot,29066,Tottenham,Crystal Palace,1,3,2026-03-05 20:00:00,Jørgen Strand Larsen,Pass
672345,69,MissedShots,0.830999984741211,0.3110000038146973,0.0517299622297287,Jørgen Strand Larsen,a,11070,OpenPlay,2025,LeftFoot,29066,Tottenham,Crystal Palace,1,3,2026-03-05 20:00:00,Jaydee Canvot,Pass
672346,83,BlockedShot,0.865,0.40599998474121096,0.08293890208005905,Christantus Uche,a,12726,OpenPlay,2025,LeftFoot,29066,Tottenham,Crystal Palace,1,3,2026-03-05 20:00:00,,None
672348,89,MissedShots,0.970999984741211,0.5540000152587891,0.09002723544836044,Jaydee Canvot,a,13091,FromCorner,2025,Head,29066,Tottenham,Crystal Palace,1,3,2026-03-05 20:00:00,,None
674647,9,MissedShots,0.8590000152587891,0.64,0.06424836069345474,Cody Gakpo,h,11296,OpenPlay,2025,LeftFoot,29073,Liverpool,Tottenham,1,1,2026-03-15 16:30:00,Florian Wirtz,Pass
674650,17,Goal,0.7140000152587891,0.629000015258789,0.038130804896354675,Dominik Szoboszlai,h,9788,DirectFreekick,2025,RightFoot,29073,Liverpool,Tottenham,1,1,2026-03-15 16:30:00,,Standard
674651,20,MissedShots,0.7909999847412109,0.4829999923706055,0.060200341045856476,Ryan Gravenberch,h,10697,OpenPlay,2025,RightFoot,29073,Liverpool,Tottenham,1,1,2026-03-15 16:30:00,Virgil van Dijk,BallRecovery
674652,25,BlockedShot,0.7369999694824219,0.590999984741211,0.025966830551624298,Cody Gakpo,h,11296,OpenPlay,2025,RightFoot,29073,Liverpool,Tottenham,1,1,2026-03-15 16:30:00,Alexis Mac Allister,Pass
674653,33,BlockedShot,0.875,0.644000015258789,0.0880206748843193,Rio Ngumoha,h,13692,OpenPlay,2025,LeftFoot,29073,Liverpool,Tottenham,1,1,2026-03-15 16:30:00,Florian Wirtz,Pass
674654,35,SavedShot,0.855999984741211,0.5529999923706055,0.11071915924549103,Cody Gakpo,h,11296,OpenPlay,2025,RightFoot,29073,Liverpool,Tottenham,1,1,2026-03-15 16:30:00,Alexis Mac Allister,Pass
674657,50,MissedShots,0.9009999847412109,0.6419999694824219,0.08435066789388657,Rio Ngumoha,h,13692,OpenPlay,2025,RightFoot,29073,Liverpool,Tottenham,1,1,2026-03-15 16:30:00,,None
674658,52,SavedShot,0.799000015258789,0.7069999694824218,0.028683166950941086,Rio Ngumoha,h,13692,OpenPlay,2025,RightFoot,29073,Liverpool,Tottenham,1,1,2026-03-15 16:30:00,Florian Wirtz,Pass
674662,56,BlockedShot,0.6819999694824219,0.54,0.01306177582591772,Dominik Szoboszlai,h,9788,OpenPlay,2025,RightFoot,29073,Liverpool,Tottenham,1,1,2026-03-15 16:30:00,Florian Wirtz,Pass
674664,67,MissedShots,0.9009999847412109,0.35400001525878905,0.1212330237030983,Hugo Ekitike,h,8995,OpenPlay,2025,LeftFoot,29073,Liverpool,Tottenham,1,1,2026-03-15 16:30:00,Mohamed Salah,Pass
674665,68,BlockedShot,0.8619999694824219,0.40700000762939453,0.10256381332874298,Mohamed Salah,h,1250,OpenPlay,2025,LeftFoot,29073,Liverpool,Tottenham,1,1,2026-03-15 16:30:00,Hugo Ekitike,Pass
674666,72,MissedShots,0.9019999694824219,0.33,0.1238228976726532,Mohamed Salah,h,1250,OpenPlay,2025,RightFoot,29073,Liverpool,Tottenham,1,1,2026-03-15 16:30:00,,None
674669,76,MissedShots,0.8219999694824218,0.37400001525878906,0.06049954518675804,Mohamed Salah,h,1250,OpenPlay,2025,LeftFoot,29073,Liverpool,Tottenham,1,1,2026-03-15 16:30:00,Cody Gakpo,Pass
674670,77,BlockedShot,0.970999984741211,0.605,0.07543467730283737,Andrew Robertson,h,1688,OpenPlay,2025,Head,29073,Liverpool,Tottenham,1,1,2026-03-15 16:30:00,Mohamed Salah,Cross
674671,77,SavedShot,0.8530000305175781,0.465,0.11894158273935318,Ryan Gravenberch,h,10697,OpenPlay,2025,LeftFoot,29073,Liverpool,Tottenham,1,1,2026-03-15 16:30:00,,TakeOn
674672,84,MissedShots,0.7869999694824219,0.33299999237060546,0.0339055210351944,Dominik Szoboszlai,h,9788,OpenPlay,2025,LeftFoot,29073,Liverpool,Tottenham,1,1,2026-03-15 16:30:00,,None
674676,95,BlockedShot,0.8980000305175782,0.515,0.1509767770767212,Hugo Ekitike,h,8995,OpenPlay,2025,RightFoot,29073,Liverpool,Tottenham,1,1,2026-03-15 16:30:00,Federico Chiesa,Pass
674648,11,SavedShot,0.6790000152587891,0.515,0.011544901877641678,Souza,a,14410,OpenPlay,2025,LeftFoot,29073,Liverpool,Tottenham,1,1,2026-03-15 16:30:00,,BallRecovery
674649,15,BlockedShot,0.7909999847412109,0.6809999847412109,0.017275482416152954,Djed Spence,a,10764,OpenPlay,2025,RightFoot,29073,Liverpool,Tottenham,1,1,2026-03-15 16:30:00,Mathys Tel,TakeOn
674655,44,MissedShots,0.92,0.46599998474121096,0.34409838914871216,Richarlison,a,6026,OpenPlay,2025,Head,29073,Liverpool,Tottenham,1,1,2026-03-15 16:30:00,Mathys Tel,Cross
674656,47,SavedShot,0.9019999694824219,0.5209999847412109,0.0647883415222168,Richarlison,a,6026,FromCorner,2025,Head,29073,Liverpool,Tottenham,1,1,2026-03-15 16:30:00,Mathys Tel,Cross
674659,54,SavedShot,0.874000015258789,0.54,0.07186521589756012,Richarlison,a,6026,OpenPlay,2025,LeftFoot,29073,Liverpool,Tottenham,1,1,2026-03-15 16:30:00,Guglielmo Vicario,Pass
674660,55,BlockedShot,0.8090000152587891,0.495,0.03527435287833214,Xavi Simons,a,8700,FromCorner,2025,RightFoot,29073,Liverpool,Tottenham,1,1,2026-03-15 16:30:00,,None
674661,56,MissedShots,0.84,0.534000015258789,0.0163723137229681,Xavi Simons,a,8700,FromCorner,2025,Head,29073,Liverpool,Tottenham,1,1,2026-03-15 16:30:00,Richarlison,BallTouch
674663,67,SavedShot,0.8090000152587891,0.4620000076293945,0.04328835383057594,Richarlison,a,6026,OpenPlay,2025,RightFoot,29073,Liverpool,Tottenham,1,1,2026-03-15 16:30:00,,None
674667,73,SavedShot,0.855,0.7380000305175781,0.03237900137901306,Djed Spence,a,10764,OpenPlay,2025,RightFoot,29073,Liverpool,Tottenham,1,1,2026-03-15 16:30:00,Xavi Simons,Pass
674668,74,BlockedShot,0.8030000305175782,0.485,0.05159866437315941,Mathys Tel,a,9780,OpenPlay,2025,RightFoot,29073,Liverpool,Tottenham,1,1,2026-03-15 16:30:00,Djed Spence,Pass
674673,87,SavedShot,0.7680000305175781,0.6719999694824219,0.021029386669397354,Xavi Simons,a,8700,OpenPlay,2025,RightFoot,29073,Liverpool,Tottenham,1,1,2026-03-15 16:30:00,Archie Gray,Pass
674674,89,Goal,0.894000015258789,0.555,0.4107465147972107,Richarlison,a,6026,OpenPlay,2025,RightFoot,29073,Liverpool,Tottenham,1,1,2026-03-15 16:30:00,Randal Kolo Muani,Pass
674675,95,MissedShots,0.8619999694824219,0.335,0.03609543666243553,Pedro Porro,a,6912,FromCorner,2025,RightFoot,29073,Liverpool,Tottenham,1,1,2026-03-15 16:30:00,,None
675916,12,BlockedShot,0.889000015258789,0.615,0.099175363779068,Mathys Tel,h,9780,OpenPlay,2025,RightFoot,29086,Tottenham,Nottingham Forest,0,3,2026-03-22 14:15:00,Archie Gray,TakeOn
675917,14,MissedShots,0.9590000152587891,0.5679999923706055,0.3391525447368622,Richarlison,h,6026,FromCorner,2025,Head,29086,Tottenham,Nottingham Forest,0,3,2026-03-22 14:15:00,Mathys Tel,Cross
675919,19,BlockedShot,0.8219999694824218,0.7069999694824218,0.01605481468141079,Pape Sarr,h,9021,OpenPlay,2025,RightFoot,29086,Tottenham,Nottingham Forest,0,3,2026-03-22 14:15:00,Cristian Romero,TakeOn
675922,46,BlockedShot,0.8090000152587891,0.53,0.043386682868003845,Pape Sarr,h,9021,OpenPlay,2025,RightFoot,29086,Tottenham,Nottingham Forest,0,3,2026-03-22 14:15:00,,Dispossessed
675923,46,SavedShot,0.7559999847412109,0.590999984741211,0.022298669442534447,Mathys Tel,h,9780,OpenPlay,2025,RightFoot,29086,Tottenham,Nottingham Forest,0,3,2026-03-22 14:15:00,Pape Sarr,Pass
675925,53,MissedShots,0.8530000305175781,0.524000015258789,0.02314853109419346,Cristian Romero,h,7218,SetPiece,2025,Head,29086,Tottenham,Nottingham Forest,0,3,2026-03-22 14:15:00,Pedro Porro,Cross
675926,55,BlockedShot,0.8240000152587891,0.5529999923706055,0.0563233345746994,Archie Gray,h,10184,OpenPlay,2025,RightFoot,29086,Tottenham,Nottingham Forest,0,3,2026-03-22 14:15:00,Mathys Tel,Pass
675927,55,MissedShots,0.815,0.5790000152587891,0.04398403316736221,Archie Gray,h,10184,OpenPlay,2025,LeftFoot,29086,Tottenham,Nottingham Forest,0,3,2026-03-22 14:15:00,,Rebound
675930,67,BlockedShot,0.93,0.46700000762939453,0.11202584952116013,Kevin Danso,h,5261,FromCorner,2025,Head,29086,Tottenham,Nottingham Forest,0,3,2026-03-22 14:15:00,Pedro Porro,Cross
675931,74,MissedShots,0.919000015258789,0.48900001525878906,0.3056284487247467,Lucas Bergvall,h,12912,OpenPlay,2025,RightFoot,29086,Tottenham,Nottingham Forest,0,3,2026-03-22 14:15:00,Iyenoma Destiny Udogie,Cross
675932,76,BlockedShot,0.8159999847412109,0.624000015258789,0.027954494580626488,Pape Sarr,h,9021,FromCorner,2025,RightFoot,29086,Tottenham,Nottingham Forest,0,3,2026-03-22 14:15:00,,None
675935,88,SavedShot,0.8159999847412109,0.529000015258789,0.09637925773859024,Dominic Solanke,h,1679,OpenPlay,2025,RightFoot,29086,Tottenham,Nottingham Forest,0,3,2026-03-22 14:15:00,Pape Sarr,TakeOn
675936,88,SavedShot,0.9219999694824219,0.46099998474121096,0.3042137622833252,Dominic Solanke,h,1679,FromCorner,2025,Head,29086,Tottenham,Nottingham Forest,0,3,2026-03-22 14:15:00,Pedro Porro,Cross
675937,88,MissedShots,0.9619999694824218,0.5929999923706055,0.18921948969364166,Randal Kolo Muani,h,5743,FromCorner,2025,Head,29086,Tottenham,Nottingham Forest,0,3,2026-03-22 14:15:00,,Rebound
675918,17,SavedShot,0.8769999694824219,0.25,0.023117922246456146,Omari Hutchinson,a,10348,OpenPlay,2025,LeftFoot,29086,Tottenham,Nottingham Forest,0,3,2026-03-22 14:15:00,Elliot Anderson,Chipped
675920,44,SavedShot,0.904000015258789,0.5309999847412109,0.09845151752233505,Igor Jesus,a,13778,FromCorner,2025,RightFoot,29086,Tottenham,Nottingham Forest,0,3,2026-03-22 14:15:00,Elliot Anderson,HeadPass
675921,44,Goal,0.960999984741211,0.4229999923706055,0.09873788803815842,Igor Jesus,a,13778,FromCorner,2025,Head,29086,Tottenham,Nottingham Forest,0,3,2026-03-22 14:15:00,Neco Williams,Cross
675924,49,SavedShot,0.9180000305175782,0.6320000076293946,0.16291508078575134,Neco Williams,a,8204,OpenPlay,2025,Head,29086,Tottenham,Nottingham Forest,0,3,2026-03-22 14:15:00,Elliot Anderson,Cross
675928,59,BlockedShot,0.7809999847412109,0.4779999923706055,0.04278121516108513,Omari Hutchinson,a,10348,OpenPlay,2025,LeftFoot,29086,Tottenham,Nottingham Forest,0,3,2026-03-22 14:15:00,Callum Hudson-Odoi,Pass
675929,61,Goal,0.914000015258789,0.52,0.48457208275794983,Morgan Gibbs-White,a,6857,OpenPlay,2025,RightFoot,29086,Tottenham,Nottingham Forest,0,3,2026-03-22 14:15:00,Callum Hudson-Odoi,Pass
675933,84,SavedShot,0.735,0.6220000076293946,0.009213833138346672,Neco Williams,a,8204,SetPiece,2025,RightFoot,29086,Tottenham,Nottingham Forest,0,3,2026-03-22 14:15:00,,Aerial
675934,86,Goal,0.955999984741211,0.48200000762939454,0.6242920756340027,Taiwo Awoniyi,a,7814,OpenPlay,2025,RightFoot,29086,Tottenham,Nottingham Forest,0,3,2026-03-22 14:15:00,Neco Williams,Cross
678293,18,MissedShots,0.9540000152587891,0.5079999923706054,0.573997974395752,Brian Brobbey,h,9789,OpenPlay,2025,Head,29090,Sunderland,Tottenham,1,0,2026-04-12 13:00:00,Enzo Le Fée,Chipped
678295,28,MissedShots,0.9569999694824218,0.5640000152587891,0.3711395263671875,Nordi Mukiele,h,5659,SetPiece,2025,Head,29090,Sunderland,Tottenham,1,0,2026-04-12 13:00:00,Enzo Le Fée,Chipped
678296,31,MissedShots,0.8440000152587891,0.40099998474121096,0.058442700654268265,Granit Xhaka,h,204,OpenPlay,2025,RightFoot,29090,Sunderland,Tottenham,1,0,2026-04-12 13:00:00,,None
678298,38,MissedShots,0.8130000305175781,0.3579999923706055,0.10279612988233566,Granit Xhaka,h,204,DirectFreekick,2025,LeftFoot,29090,Sunderland,Tottenham,1,0,2026-04-12 13:00:00,,Standard
678300,46,SavedShot,0.960999984741211,0.43,0.08737580478191376,Brian Brobbey,h,9789,SetPiece,2025,RightFoot,29090,Sunderland,Tottenham,1,0,2026-04-12 13:00:00,Chris Rigg,HeadPass
678301,46,BlockedShot,0.8680000305175781,0.37599998474121094,0.06436117738485336,Nordi Mukiele,h,5659,SetPiece,2025,RightFoot,29090,Sunderland,Tottenham,1,0,2026-04-12 13:00:00,,End
678302,47,BlockedShot,0.8219999694824218,0.32799999237060545,0.025211680680513382,Nordi Mukiele,h,5659,SetPiece,2025,LeftFoot,29090,Sunderland,Tottenham,1,0,2026-04-12 13:00:00,,None
678305,53,MissedShots,0.845,0.72,0.031667742878198624,Habib Diarra,h,9767,OpenPlay,2025,RightFoot,29090,Sunderland,Tottenham,1,0,2026-04-12 13:00:00,Noah Sadiki,Pass
678307,60,Goal,0.7580000305175781,0.4229999923706055,0.02515130490064621,Nordi Mukiele,h,5659,OpenPlay,2025,LeftFoot,29090,Sunderland,Tottenham,1,0,2026-04-12 13:00:00,Habib Diarra,Pass
678309,79,MissedShots,0.8019999694824219,0.4570000076293945,0.059221528470516205,Habib Diarra,h,9767,OpenPlay,2025,RightFoot,29090,Sunderland,Tottenham,1,0,2026-04-12 13:00:00,,None
678310,79,MissedShots,0.879000015258789,0.41900001525878905,0.03503738343715668,Luke O&#039;Nien,h,14099,OpenPlay,2025,Head,29090,Sunderland,Tottenham,1,0,2026-04-12 13:00:00,Habib Diarra,None
678311,80,BlockedShot,0.8180000305175781,0.485,0.067990243434906,Chris Rigg,h,13719,OpenPlay,2025,LeftFoot,29090,Sunderland,Tottenham,1,0,2026-04-12 13:00:00,Noah Sadiki,Pass
678312,86,MissedShots,0.9730000305175781,0.585999984741211,0.2734485864639282,Noah Sadiki,h,13716,OpenPlay,2025,Head,29090,Sunderland,Tottenham,1,0,2026-04-12 13:00:00,Trai Hume,Cross
678291,1,SavedShot,0.8469999694824218,0.35,0.05352926254272461,Pedro Porro,a,6912,OpenPlay,2025,RightFoot,29090,Sunderland,Tottenham,1,0,2026-04-12 13:00:00,Randal Kolo Muani,BallTouch
678292,4,SavedShot,0.855999984741211,0.6730000305175782,0.049707770347595215,Richarlison,a,6026,OpenPlay,2025,RightFoot,29090,Sunderland,Tottenham,1,0,2026-04-12 13:00:00,Randal Kolo Muani,Pass
678294,26,BlockedShot,0.870999984741211,0.5520000076293945,0.02116418071091175,Richarlison,a,6026,FromCorner,2025,Head,29090,Sunderland,Tottenham,1,0,2026-04-12 13:00:00,Conor Gallagher,Cross
678297,35,BlockedShot,0.8469999694824218,0.3729999923706055,0.10821732133626938,Dominic Solanke,a,1679,OpenPlay,2025,RightFoot,29090,Sunderland,Tottenham,1,0,2026-04-12 13:00:00,Cristian Romero,BallRecovery
678299,44,MissedShots,0.915,0.46700000762939453,0.09102358669042587,Dominic Solanke,a,1679,FromCorner,2025,RightFoot,29090,Sunderland,Tottenham,1,0,2026-04-12 13:00:00,Pedro Porro,Cross
678303,48,SavedShot,0.9590000152587891,0.5820000076293945,0.4814724624156952,Dominic Solanke,a,1679,OpenPlay,2025,LeftFoot,29090,Sunderland,Tottenham,1,0,2026-04-12 13:00:00,,None
678304,49,MissedShots,0.94,0.5990000152587891,0.017812440171837807,Cristian Romero,a,7218,FromCorner,2025,Head,29090,Sunderland,Tottenham,1,0,2026-04-12 13:00:00,Pedro Porro,Aerial
678306,59,SavedShot,0.8619999694824219,0.710999984741211,0.03264720365405083,Richarlison,a,6026,OpenPlay,2025,RightFoot,29090,Sunderland,Tottenham,1,0,2026-04-12 13:00:00,Pedro Porro,Pass
678308,75,SavedShot,0.9,0.535,0.07579837739467621,Dominic Solanke,a,1679,OpenPlay,2025,Head,29090,Sunderland,Tottenham,1,0,2026-04-12 13:00:00,Mathys Tel,Cross
678313,91,SavedShot,0.924000015258789,0.875999984741211,0.045461006462574005,Pedro Porro,a,6912,DirectFreekick,2025,RightFoot,29090,Sunderland,Tottenham,1,0,2026-04-12 13:00:00,,Standard
678314,96,SavedShot,0.86,0.285,0.03914731740951538,Pedro Porro,a,6912,OpenPlay,2025,RightFoot,29090,Sunderland,Tottenham,1,0,2026-04-12 13:00:00,Iyenoma Destiny Udogie,LayOff
679339,9,MissedShots,0.7319999694824219,0.5220000076293946,0.01192146260291338,Rodrigo Bentancur,h,6108,SetPiece,2025,RightFoot,29107,Tottenham,Brighton,2,2,2026-04-18 16:30:00,,None
679340,20,BlockedShot,0.7909999847412109,0.35400001525878905,0.01965232379734516,Xavi Simons,h,8700,FromCorner,2025,RightFoot,29107,Tottenham,Brighton,2,2,2026-04-18 16:30:00,,None
679341,21,MissedShots,0.8830000305175781,0.4540000152587891,0.08308736979961395,Conor Gallagher,h,9040,FromCorner,2025,RightFoot,29107,Tottenham,Brighton,2,2,2026-04-18 16:30:00,,None
679342,21,MissedShots,0.8530000305175781,0.5109999847412109,0.05317157506942749,Randal Kolo Muani,h,5743,FromCorner,2025,LeftFoot,29107,Tottenham,Brighton,2,2,2026-04-18 16:30:00,Micky van de Ven,BallTouch
679344,38,Goal,0.9269999694824219,0.500999984741211,0.369232714176178,Pedro Porro,h,6912,OpenPlay,2025,Head,29107,Tottenham,Brighton,2,2,2026-04-18 16:30:00,Xavi Simons,Chipped
679345,40,ShotOnPost,0.919000015258789,0.575999984741211,0.3888964056968689,Xavi Simons,h,8700,OpenPlay,2025,RightFoot,29107,Tottenham,Brighton,2,2,2026-04-18 16:30:00,Dominic Solanke,TakeOn
679346,40,SavedShot,0.8980000305175782,0.3890000152587891,0.09658651053905487,Pedro Porro,h,6912,OpenPlay,2025,RightFoot,29107,Tottenham,Brighton,2,2,2026-04-18 16:30:00,,Rebound
679352,53,SavedShot,0.874000015258789,0.28399999618530275,0.026393035426735878,Dominic Solanke,h,1679,OpenPlay,2025,Head,29107,Tottenham,Brighton,2,2,2026-04-18 16:30:00,Pedro Porro,Chipped
679354,67,BlockedShot,0.950999984741211,0.6459999847412109,0.33745718002319336,Xavi Simons,h,8700,OpenPlay,2025,RightFoot,29107,Tottenham,Brighton,2,2,2026-04-18 16:30:00,Conor Gallagher,TakeOn
679355,67,SavedShot,0.845999984741211,0.5279999923706055,0.06412005424499512,João Palhinha,h,10715,OpenPlay,2025,RightFoot,29107,Tottenham,Brighton,2,2,2026-04-18 16:30:00,,Rebound
679356,76,Goal,0.8069999694824219,0.6359999847412109,0.03537139296531677,Xavi Simons,h,8700,OpenPlay,2025,RightFoot,29107,Tottenham,Brighton,2,2,2026-04-18 16:30:00,Lucas Bergvall,Pass
679357,79,BlockedShot,0.9009999847412109,0.33299999237060546,0.08775355666875839,Dominic Solanke,h,1679,OpenPlay,2025,RightFoot,29107,Tottenham,Brighton,2,2,2026-04-18 16:30:00,Mathys Tel,Pass
679361,97,SavedShot,0.9490000152587891,0.28899999618530275,0.0460803247988224,Archie Gray,h,10184,OpenPlay,2025,RightFoot,29107,Tottenham,Brighton,2,2,2026-04-18 16:30:00,,None
679343,34,SavedShot,0.914000015258789,0.47,0.3058024048805237,Danny Welbeck,a,501,SetPiece,2025,Head,29107,Tottenham,Brighton,2,2,2026-04-18 16:30:00,Pascal Groß,Chipped
679347,47,Goal,0.94,0.67,0.03816204145550728,Kaoru Mitoma,a,10806,OpenPlay,2025,LeftFoot,29107,Tottenham,Brighton,2,2,2026-04-18 16:30:00,Pascal Groß,Cross
679348,50,MissedShots,0.895,0.535,0.0844598188996315,Jack Hinshelwood,a,11269,OpenPlay,2025,Head,29107,Tottenham,Brighton,2,2,2026-04-18 16:30:00,Pascal Groß,Cross
679349,46,MissedShots,0.9109999847412109,0.47400001525878904,0.05026159808039665,Jan Paul van Hecke,a,10807,SetPiece,2025,Head,29107,Tottenham,Brighton,2,2,2026-04-18 16:30:00,Pascal Groß,Aerial
679350,48,BlockedShot,0.8169999694824219,0.5070000076293946,0.053611163049936295,Yasin Ayari,a,11385,OpenPlay,2025,RightFoot,29107,Tottenham,Brighton,2,2,2026-04-18 16:30:00,Jack Hinshelwood,Pass
679351,48,BlockedShot,0.8619999694824219,0.644000015258789,0.048371799290180206,Kaoru Mitoma,a,10806,OpenPlay,2025,RightFoot,29107,Tottenham,Brighton,2,2,2026-04-18 16:30:00,,Rebound
679353,66,BlockedShot,0.8069999694824219,0.7019999694824218,0.07079588621854782,Danny Welbeck,a,501,DirectFreekick,2025,RightFoot,29107,Tottenham,Brighton,2,2,2026-04-18 16:30:00,,Standard
679358,92,MissedShots,0.9269999694824219,0.5409999847412109,0.10704171657562256,Charalampos Kostoulas,a,14118,OpenPlay,2025,Head,29107,Tottenham,Brighton,2,2,2026-04-18 16:30:00,Yankuba Minteh,Cross
679359,92,MissedShots,0.9480000305175781,0.3820000076293945,0.3446272015571594,Ferdi Kadioglu,a,13066,OpenPlay,2025,RightFoot,29107,Tottenham,Brighton,2,2,2026-04-18 16:30:00,Charalampos Kostoulas,Rebound
679360,94,Goal,0.8530000305175781,0.5359999847412109,0.07364984601736069,Georginio Rutter,a,6937,OpenPlay,2025,LeftFoot,29107,Tottenham,Brighton,2,2,2026-04-18 16:30:00,Jan Paul van Hecke,Pass
681068,27,BlockedShot,0.9259999847412109,0.46700000762939453,0.052953559905290604,Santiago Bueno,h,10945,FromCorner,2025,Head,29117,Wolverhampton Wanderers,Tottenham,0,1,2026-04-25 14:00:00,Mateus Mané,CornerAwarded
681069,27,BlockedShot,0.919000015258789,0.3160000038146973,0.021327851340174675,Rodrigo Gomes,h,12756,FromCorner,2025,RightFoot,29117,Wolverhampton Wanderers,Tottenham,0,1,2026-04-25 14:00:00,,Aerial
681072,46,BlockedShot,0.904000015258789,0.6430000305175781,0.02019132860004902,Adam Armstrong,h,4419,SetPiece,2025,Head,29117,Wolverhampton Wanderers,Tottenham,0,1,2026-04-25 14:00:00,Mateus Mané,Cross
681073,46,MissedShots,0.735999984741211,0.539000015258789,0.015366338193416595,Pedro Lima,h,13156,FromCorner,2025,RightFoot,29117,Wolverhampton Wanderers,Tottenham,0,1,2026-04-25 14:00:00,,None
681076,60,MissedShots,0.9180000305175782,0.5659999847412109,0.090581014752388,Mateus Mané,h,13484,OpenPlay,2025,Head,29117,Wolverhampton Wanderers,Tottenham,0,1,2026-04-25 14:00:00,Pedro Lima,Cross
681077,64,SavedShot,0.8469999694824218,0.5170000076293946,0.11118429899215698,Adam Armstrong,h,4419,OpenPlay,2025,RightFoot,29117,Wolverhampton Wanderers,Tottenham,0,1,2026-04-25 14:00:00,,None
681078,66,MissedShots,0.740999984741211,0.545,0.05725497007369995,Hugo Bueno,h,10140,DirectFreekick,2025,LeftFoot,29117,Wolverhampton Wanderers,Tottenham,0,1,2026-04-25 14:00:00,,Standard
681081,78,BlockedShot,0.7580000305175781,0.3970000076293945,0.011955855414271355,Hugo Bueno,h,10140,OpenPlay,2025,RightFoot,29117,Wolverhampton Wanderers,Tottenham,0,1,2026-04-25 14:00:00,,Aerial
681082,78,MissedShots,0.91,0.5520000076293945,0.2993236780166626,Adam Armstrong,h,4419,OpenPlay,2025,Head,29117,Wolverhampton Wanderers,Tottenham,0,1,2026-04-25 14:00:00,Mateus Mané,Cross
681085,89,MissedShots,0.7730000305175782,0.7090000152587891,0.019175291061401367,Mateus Mané,h,13484,OpenPlay,2025,RightFoot,29117,Wolverhampton Wanderers,Tottenham,0,1,2026-04-25 14:00:00,Hugo Bueno,Pass
681086,97,SavedShot,0.754000015258789,0.42200000762939455,0.06334147602319717,João Gomes,h,11384,DirectFreekick,2025,RightFoot,29117,Wolverhampton Wanderers,Tottenham,0,1,2026-04-25 14:00:00,,Standard
681065,11,MissedShots,0.81,0.34200000762939453,0.03502706438302994,Randal Kolo Muani,a,5743,OpenPlay,2025,RightFoot,29117,Wolverhampton Wanderers,Tottenham,0,1,2026-04-25 14:00:00,,BallRecovery
681066,12,BlockedShot,0.8109999847412109,0.710999984741211,0.024413730949163437,Djed Spence,a,10764,OpenPlay,2025,RightFoot,29117,Wolverhampton Wanderers,Tottenham,0,1,2026-04-25 14:00:00,Xavi Simons,Pass
681067,13,MissedShots,0.754000015258789,0.63,0.008238635025918484,Pedro Porro,a,6912,FromCorner,2025,RightFoot,29117,Wolverhampton Wanderers,Tottenham,0,1,2026-04-25 14:00:00,Xavi Simons,Chipped
681070,29,MissedShots,0.8330000305175781,0.519000015258789,0.09351101517677307,Xavi Simons,a,8700,OpenPlay,2025,RightFoot,29117,Wolverhampton Wanderers,Tottenham,0,1,2026-04-25 14:00:00,,TakeOn
681071,33,MissedShots,0.8519999694824218,0.22100000381469725,0.018712332472205162,Pedro Porro,a,6912,OpenPlay,2025,RightFoot,29117,Wolverhampton Wanderers,Tottenham,0,1,2026-04-25 14:00:00,Conor Gallagher,HeadPass
681074,51,MissedShots,0.8969999694824219,0.5840000152587891,0.12118716537952423,Xavi Simons,a,8700,OpenPlay,2025,RightFoot,29117,Wolverhampton Wanderers,Tottenham,0,1,2026-04-25 14:00:00,,None
681075,53,MissedShots,0.7430000305175781,0.24299999237060546,0.031475309282541275,Richarlison,a,6026,OpenPlay,2025,RightFoot,29117,Wolverhampton Wanderers,Tottenham,0,1,2026-04-25 14:00:00,Conor Gallagher,Pass
681079,67,BlockedShot,0.725,0.35200000762939454,0.019041987136006355,Mathys Tel,a,9780,OpenPlay,2025,RightFoot,29117,Wolverhampton Wanderers,Tottenham,0,1,2026-04-25 14:00:00,Pedro Porro,Pass
681080,68,SavedShot,0.9030000305175782,0.43599998474121093,0.04708403721451759,Rodrigo Bentancur,a,6108,FromCorner,2025,Head,29117,Wolverhampton Wanderers,Tottenham,0,1,2026-04-25 14:00:00,Pedro Porro,Cross
681083,81,MissedShots,0.9030000305175782,0.49900001525878906,0.10436218231916428,Richarlison,a,6026,FromCorner,2025,LeftFoot,29117,Wolverhampton Wanderers,Tottenham,0,1,2026-04-25 14:00:00,Kevin Danso,None
681084,81,Goal,0.97,0.45099998474121095,0.6263421773910522,João Palhinha,a,10715,FromCorner,2025,RightFoot,29117,Wolverhampton Wanderers,Tottenham,0,1,2026-04-25 14:00:00,Richarlison,Rebound
683157,60,BlockedShot,0.7730000305175782,0.7569999694824219,0.013899480924010277,Morgan Rogers,h,12412,OpenPlay,2025,RightFoot,29120,Aston Villa,Tottenham,1,2,2026-05-03 19:00:00,Ian Maatsen,Pass
683158,63,BlockedShot,0.7240000152587891,0.6,0.012706533074378967,Morgan Rogers,h,12412,OpenPlay,2025,RightFoot,29120,Aston Villa,Tottenham,1,2,2026-05-03 19:00:00,Ollie Watkins,Pass
683159,70,BlockedShot,0.6990000152587891,0.41200000762939454,0.010201149620115757,Ollie Watkins,h,8865,OpenPlay,2025,RightFoot,29120,Aston Villa,Tottenham,1,2,2026-05-03 19:00:00,Ross Barkley,Pass
683161,88,MissedShots,0.9669999694824218,0.4640000152587891,0.47756630182266235,Tyrone Mings,h,1024,FromCorner,2025,Head,29120,Aston Villa,Tottenham,1,2,2026-05-03 19:00:00,Leon Bailey,Aerial
683162,95,Goal,0.9159999847412109,0.42900001525878906,0.09512057900428772,Emiliano Buendía,h,2203,OpenPlay,2025,Head,29120,Aston Villa,Tottenham,1,2,2026-05-03 19:00:00,Matthew Cash,Cross
683148,1,BlockedShot,0.860999984741211,0.49700000762939456,0.11514778435230255,Richarlison,a,6026,OpenPlay,2025,RightFoot,29120,Aston Villa,Tottenham,1,2,2026-05-03 19:00:00,,TakeOn
683149,11,Goal,0.754000015258789,0.53,0.012301265262067318,Conor Gallagher,a,9040,OpenPlay,2025,RightFoot,29120,Aston Villa,Tottenham,1,2,2026-05-03 19:00:00,,Aerial
683150,16,SavedShot,0.7559999847412109,0.38299999237060545,0.028188062831759453,João Palhinha,a,10715,OpenPlay,2025,RightFoot,29120,Aston Villa,Tottenham,1,2,2026-05-03 19:00:00,,None
683151,23,SavedShot,0.9669999694824218,0.40799999237060547,0.32906386256217957,Randal Kolo Muani,a,5743,OpenPlay,2025,RightFoot,29120,Aston Villa,Tottenham,1,2,2026-05-03 19:00:00,Mathys Tel,Cross
683152,24,BlockedShot,0.8630000305175781,0.5529999923706055,0.055473994463682175,Kevin Danso,a,5261,FromCorner,2025,RightFoot,29120,Aston Villa,Tottenham,1,2,2026-05-03 19:00:00,,BallTouch
683153,24,Goal,0.9540000152587891,0.514000015258789,0.46063587069511414,Richarlison,a,6026,FromCorner,2025,Head,29120,Aston Villa,Tottenham,1,2,2026-05-03 19:00:00,Mathys Tel,Cross
683154,35,MissedShots,0.7480000305175781,0.32,0.024129103869199753,Randal Kolo Muani,a,5743,OpenPlay,2025,RightFoot,29120,Aston Villa,Tottenham,1,2,2026-05-03 19:00:00,,TakeOn
683155,41,MissedShots,0.91,0.67,0.05950745567679405,Mathys Tel,a,9780,OpenPlay,2025,RightFoot,29120,Aston Villa,Tottenham,1,2,2026-05-03 19:00:00,Iyenoma Destiny Udogie,HeadPass
683156,54,MissedShots,0.7380000305175781,0.3029999923706055,0.020911550149321556,Pedro Porro,a,6912,OpenPlay,2025,RightFoot,29120,Aston Villa,Tottenham,1,2,2026-05-03 19:00:00,Iyenoma Destiny Udogie,Pass
683160,83,SavedShot,0.8919999694824219,0.47299999237060547,0.016892826184630394,Kevin Danso,a,5261,FromCorner,2025,Head,29120,Aston Villa,Tottenham,1,2,2026-05-03 19:00:00,Pedro Porro,Aerial
684803,25,BlockedShot,0.905,0.6530000305175782,0.11693864315748215,Mathys Tel,h,9780,OpenPlay,2025,RightFoot,29136,Tottenham,Leeds,1,1,2026-05-11 20:00:00,Rodrigo Bentancur,TakeOn
684804,27,BlockedShot,0.85,0.4859999847412109,0.07059775292873383,Conor Gallagher,h,9040,OpenPlay,2025,RightFoot,29136,Tottenham,Leeds,1,1,2026-05-11 20:00:00,,None
684805,31,SavedShot,0.9109999847412109,0.524000015258789,0.11006283015012741,Richarlison,h,6026,OpenPlay,2025,RightFoot,29136,Tottenham,Leeds,1,1,2026-05-11 20:00:00,Pedro Porro,Cross
684806,32,BlockedShot,0.9330000305175781,0.5170000076293946,0.12780731916427612,Rodrigo Bentancur,h,6108,FromCorner,2025,RightFoot,29136,Tottenham,Leeds,1,1,2026-05-11 20:00:00,Mathys Tel,Cross
684807,32,MissedShots,0.919000015258789,0.514000015258789,0.11360611766576767,Richarlison,h,6026,FromCorner,2025,LeftFoot,29136,Tottenham,Leeds,1,1,2026-05-11 20:00:00,,None
684808,32,BlockedShot,0.87,0.32,0.03993106260895729,Pedro Porro,h,6912,FromCorner,2025,RightFoot,29136,Tottenham,Leeds,1,1,2026-05-11 20:00:00,Richarlison,Rebound
684809,32,BlockedShot,0.755,0.5409999847412109,0.024643927812576294,Conor Gallagher,h,9040,FromCorner,2025,RightFoot,29136,Tottenham,Leeds,1,1,2026-05-11 20:00:00,,Rebound
684810,35,MissedShots,0.904000015258789,0.5,0.07654063403606415,João Palhinha,h,10715,OpenPlay,2025,LeftFoot,29136,Tottenham,Leeds,1,1,2026-05-11 20:00:00,,Aerial
684811,38,MissedShots,0.904000015258789,0.45099998474121095,0.05714351683855057,Rodrigo Bentancur,h,6108,FromCorner,2025,Head,29136,Tottenham,Leeds,1,1,2026-05-11 20:00:00,Pedro Porro,Cross
684813,43,MissedShots,0.88,0.865,0.04313843324780464,Pedro Porro,h,6912,DirectFreekick,2025,RightFoot,29136,Tottenham,Leeds,1,1,2026-05-11 20:00:00,,Standard
684814,49,Goal,0.8190000152587891,0.6559999847412109,0.024596812203526497,Mathys Tel,h,9780,FromCorner,2025,RightFoot,29136,Tottenham,Leeds,1,1,2026-05-11 20:00:00,,None
684815,57,MissedShots,0.9059999847412109,0.4759999847412109,0.4671705365180969,Richarlison,h,6026,OpenPlay,2025,RightFoot,29136,Tottenham,Leeds,1,1,2026-05-11 20:00:00,Randal Kolo Muani,Pass
684822,90,MissedShots,0.8919999694824219,0.4640000152587891,0.044991664588451385,Kevin Danso,h,5261,FromCorner,2025,Head,29136,Tottenham,Leeds,1,1,2026-05-11 20:00:00,Pedro Porro,Cross
684823,92,MissedShots,0.8419999694824218,0.6,0.057444583624601364,Lucas Bergvall,h,12912,OpenPlay,2025,RightFoot,29136,Tottenham,Leeds,1,1,2026-05-11 20:00:00,,None
684826,102,BlockedShot,0.9469999694824218,0.35400001525878905,0.06964846700429916,João Palhinha,h,10715,OpenPlay,2025,RightFoot,29136,Tottenham,Leeds,1,1,2026-05-11 20:00:00,,None
684827,104,BlockedShot,0.89,0.6959999847412109,0.05431010574102402,Richarlison,h,6026,OpenPlay,2025,LeftFoot,29136,Tottenham,Leeds,1,1,2026-05-11 20:00:00,Kevin Danso,HeadPass
684801,0,MissedShots,0.884000015258789,0.5609999847412109,0.04110518842935562,Pascal Struijk,a,8717,OpenPlay,2025,Head,29136,Tottenham,Leeds,1,1,2026-05-11 20:00:00,Daniel James,Cross
684802,20,SavedShot,0.9209999847412109,0.43400001525878906,0.22965805232524872,Joe Rodon,a,6377,FromCorner,2025,Head,29136,Tottenham,Leeds,1,1,2026-05-11 20:00:00,Brenden Aaronson,Cross
684812,39,MissedShots,0.8090000152587891,0.504000015258789,0.05743689462542534,Ao Tanaka,a,13834,OpenPlay,2025,LeftFoot,29136,Tottenham,Leeds,1,1,2026-05-11 20:00:00,Joe Rodon,Pass
684816,60,MissedShots,0.7609999847412109,0.555,0.02155790477991104,Daniel James,a,5595,OpenPlay,2025,LeftFoot,29136,Tottenham,Leeds,1,1,2026-05-11 20:00:00,Dominic Calvert-Lewin,Pass
684817,68,MissedShots,0.8109999847412109,0.509000015258789,0.01640596054494381,Anton Stach,a,9910,OpenPlay,2025,LeftFoot,29136,Tottenham,Leeds,1,1,2026-05-11 20:00:00,,Aerial
684818,73,Goal,0.885,0.5,0.7611688375473022,Dominic Calvert-Lewin,a,5555,Penalty,2025,RightFoot,29136,Tottenham,Leeds,1,1,2026-05-11 20:00:00,,Standard
684819,74,SavedShot,0.8780000305175781,0.549000015258789,0.08473948389291763,Lukas Nmecha,a,6544,OpenPlay,2025,RightFoot,29136,Tottenham,Leeds,1,1,2026-05-11 20:00:00,,None
684820,78,BlockedShot,0.7569999694824219,0.6320000076293946,0.019882500171661377,James Justin,a,7753,OpenPlay,2025,RightFoot,29136,Tottenham,Leeds,1,1,2026-05-11 20:00:00,Wilfried Gnonto,Pass
684821,83,MissedShots,0.735,0.4379999923706055,0.01762286014854908,Dominic Calvert-Lewin,a,5555,OpenPlay,2025,RightFoot,29136,Tottenham,Leeds,1,1,2026-05-11 20:00:00,Anton Stach,BallRecovery
684824,97,SavedShot,0.9359999847412109,0.6580000305175782,0.2726624011993408,Sean Longstaff,a,7078,OpenPlay,2025,LeftFoot,29136,Tottenham,Leeds,1,1,2026-05-11 20:00:00,James Justin,Pass
684825,98,MissedShots,0.9530000305175781,0.3990000152587891,0.3475230634212494,Sean Longstaff,a,7078,FromCorner,2025,RightFoot,29136,Tottenham,Leeds,1,1,2026-05-11 20:00:00,Jaka Bijol,HeadPass
686632,13,SavedShot,0.799000015258789,0.5159999847412109,0.039518702775239944,Cole Palmer,h,8497,OpenPlay,2025,LeftFoot,29142,Chelsea,Tottenham,2,1,2026-05-19 20:15:00,Jorrel Hato,Pass
686633,17,Goal,0.7169999694824218,0.5120000076293946,0.016422247514128685,Enzo Fernández,h,11356,OpenPlay,2025,RightFoot,29142,Chelsea,Tottenham,2,1,2026-05-19 20:15:00,Pedro Neto,Pass
686634,22,MissedShots,0.8819999694824219,0.634000015258789,0.07755722850561142,Liam Delap,h,8868,OpenPlay,2025,RightFoot,29142,Chelsea,Tottenham,2,1,2026-05-19 20:15:00,Cole Palmer,Pass
686635,28,ShotOnPost,0.8959999847412109,0.9259999847412109,0.03315247222781181,Enzo Fernández,h,11356,DirectFreekick,2025,RightFoot,29142,Chelsea,Tottenham,2,1,2026-05-19 20:15:00,,Standard
686637,45,MissedShots,0.799000015258789,0.485,0.06206893175840378,Cole Palmer,h,8497,OpenPlay,2025,RightFoot,29142,Chelsea,Tottenham,2,1,2026-05-19 20:15:00,Enzo Fernández,Pass
686639,55,BlockedShot,0.855999984741211,0.27600000381469725,0.046831171959638596,Pedro Neto,h,6382,OpenPlay,2025,LeftFoot,29142,Chelsea,Tottenham,2,1,2026-05-19 20:15:00,,None
686641,66,Goal,0.9340000152587891,0.505,0.6097752451896667,Andrey Santos,h,11808,OpenPlay,2025,LeftFoot,29142,Chelsea,Tottenham,2,1,2026-05-19 20:15:00,Enzo Fernández,Pass
686642,70,SavedShot,0.9540000152587891,0.315,0.11582694202661514,Pedro Neto,h,6382,OpenPlay,2025,RightFoot,29142,Chelsea,Tottenham,2,1,2026-05-19 20:15:00,Moisés Caicedo,GoodSkill
686646,81,BlockedShot,0.7980000305175782,0.37099998474121093,0.09146657586097717,Cole Palmer,h,8497,DirectFreekick,2025,LeftFoot,29142,Chelsea,Tottenham,2,1,2026-05-19 20:15:00,,Standard
686631,10,ShotOnPost,0.9130000305175782,0.5820000076293945,0.24855348467826843,Mathys Tel,a,9780,OpenPlay,2025,Head,29142,Chelsea,Tottenham,2,1,2026-05-19 20:15:00,Pedro Porro,Chipped
686636,36,MissedShots,0.86,0.7380000305175781,0.02884736657142639,Mathys Tel,a,9780,OpenPlay,2025,RightFoot,29142,Chelsea,Tottenham,2,1,2026-05-19 20:15:00,Conor Gallagher,Pass
686638,50,MissedShots,0.9119999694824219,0.5359999847412109,0.2724771499633789,Richarlison,a,6026,SetPiece,2025,Head,29142,Chelsea,Tottenham,2,1,2026-05-19 20:15:00,Mathys Tel,Cross
686640,57,SavedShot,0.8959999847412109,0.515,0.05651315301656723,Richarlison,a,6026,FromCorner,2025,Head,29142,Chelsea,Tottenham,2,1,2026-05-19 20:15:00,Pedro Porro,Cross
686643,71,SavedShot,0.889000015258789,0.4129999923706055,0.2535037100315094,Conor Gallagher,a,9040,OpenPlay,2025,RightFoot,29142,Chelsea,Tottenham,2,1,2026-05-19 20:15:00,Pape Sarr,Cross
686644,73,MissedShots,0.92,0.42700000762939455,0.12187177687883377,Pape Sarr,a,9021,OpenPlay,2025,RightFoot,29142,Chelsea,Tottenham,2,1,2026-05-19 20:15:00,Pedro Porro,Pass
686645,73,Goal,0.9769999694824218,0.5279999923706055,0.7112091779708862,Richarlison,a,6026,OpenPlay,2025,RightFoot,29142,Chelsea,Tottenham,2,1,2026-05-19 20:15:00,Pape Sarr,Rebound
686647,83,BlockedShot,0.955999984741211,0.5720000076293945,0.48739227652549744,James Maddison,a,6818,OpenPlay,2025,LeftFoot,29142,Chelsea,Tottenham,2,1,2026-05-19 20:15:00,Richarlison,Pass
686648,93,MissedShots,0.775,0.6790000152587891,0.05857841670513153,James Maddison,a,6818,DirectFreekick,2025,RightFoot,29142,Chelsea,Tottenham,2,1,2026-05-19 20:15:00,,Standard
687181,3,MissedShots,0.9019999694824219,0.5970000076293945,0.012921205721795559,Richarlison,h,6026,FromCorner,2025,Head,29156,Tottenham,Everton,1,0,2026-05-24 15:00:00,Mathys Tel,Aerial
687182,5,BlockedShot,0.7869999694824219,0.29700000762939455,0.017947787418961525,Pedro Porro,h,6912,OpenPlay,2025,LeftFoot,29156,Tottenham,Everton,1,0,2026-05-24 15:00:00,,None
687183,5,MissedShots,0.875,0.44099998474121094,0.028796430677175522,Micky van de Ven,h,10050,OpenPlay,2025,Head,29156,Tottenham,Everton,1,0,2026-05-24 15:00:00,,Aerial
687184,5,MissedShots,0.93,0.600999984741211,0.09252417832612991,Conor Gallagher,h,9040,OpenPlay,2025,LeftFoot,29156,Tottenham,Everton,1,0,2026-05-24 15:00:00,,None
687185,8,BlockedShot,0.8819999694824219,0.710999984741211,0.046466924250125885,Iyenoma Destiny Udogie,h,8831,OpenPlay,2025,LeftFoot,29156,Tottenham,Everton,1,0,2026-05-24 15:00:00,João Palhinha,TakeOn
687186,9,MissedShots,0.875,0.595999984741211,0.011908184736967087,Kevin Danso,h,5261,FromCorner,2025,Head,29156,Tottenham,Everton,1,0,2026-05-24 15:00:00,Mathys Tel,Aerial
687187,9,MissedShots,0.8919999694824219,0.5890000152587891,0.08201052248477936,Kevin Danso,h,5261,FromCorner,2025,RightFoot,29156,Tottenham,Everton,1,0,2026-05-24 15:00:00,João Palhinha,Rebound
687188,13,MissedShots,0.914000015258789,0.3559999847412109,0.030343636870384216,João Palhinha,h,10715,SetPiece,2025,RightFoot,29156,Tottenham,Everton,1,0,2026-05-24 15:00:00,,Aerial
687189,15,BlockedShot,0.7980000305175782,0.67,0.021364357322454453,João Palhinha,h,10715,OpenPlay,2025,RightFoot,29156,Tottenham,Everton,1,0,2026-05-24 15:00:00,Mathys Tel,Pass
687193,34,BlockedShot,0.7430000305175781,0.33799999237060546,0.015138352289795876,João Palhinha,h,10715,OpenPlay,2025,RightFoot,29156,Tottenham,Everton,1,0,2026-05-24 15:00:00,,GoodSkill
687194,34,BlockedShot,0.8780000305175781,0.53,0.02913578599691391,Kevin Danso,h,5261,FromCorner,2025,Head,29156,Tottenham,Everton,1,0,2026-05-24 15:00:00,Pedro Porro,Cross
687195,39,BlockedShot,0.855,0.6930000305175781,0.019499819725751877,Mathys Tel,h,9780,OpenPlay,2025,RightFoot,29156,Tottenham,Everton,1,0,2026-05-24 15:00:00,Pedro Porro,Cross
687196,42,ShotOnPost,0.9619999694824218,0.4640000152587891,0.48207104206085205,João Palhinha,h,10715,FromCorner,2025,Head,29156,Tottenham,Everton,1,0,2026-05-24 15:00:00,Mathys Tel,Cross
687197,42,Goal,0.9540000152587891,0.44400001525878907,0.550243079662323,João Palhinha,h,10715,FromCorner,2025,LeftFoot,29156,Tottenham,Everton,1,0,2026-05-24 15:00:00,,Rebound
687200,47,SavedShot,0.845,0.24200000762939453,0.029962608590722084,Djed Spence,h,10764,OpenPlay,2025,LeftFoot,29156,Tottenham,Everton,1,0,2026-05-24 15:00:00,Conor Gallagher,Pass
687201,48,MissedShots,0.8969999694824219,0.4829999923706055,0.05752405524253845,Richarlison,h,6026,FromCorner,2025,Head,29156,Tottenham,Everton,1,0,2026-05-24 15:00:00,Pedro Porro,Cross
687202,48,BlockedShot,0.76,0.34200000762939453,0.015354982577264309,Pedro Porro,h,6912,FromCorner,2025,LeftFoot,29156,Tottenham,Everton,1,0,2026-05-24 15:00:00,,None
687203,49,BlockedShot,0.8819999694824219,0.47099998474121096,0.015882831066846848,Kevin Danso,h,5261,FromCorner,2025,Head,29156,Tottenham,Everton,1,0,2026-05-24 15:00:00,Richarlison,Aerial
687204,59,BlockedShot,0.86,0.6329999923706054,0.09755511581897736,Mathys Tel,h,9780,OpenPlay,2025,RightFoot,29156,Tottenham,Everton,1,0,2026-05-24 15:00:00,,TakeOn
687205,74,MissedShots,0.7219999694824218,0.7240000152587891,0.015547760762274265,Randal Kolo Muani,h,5743,FromCorner,2025,RightFoot,29156,Tottenham,Everton,1,0,2026-05-24 15:00:00,Pape Sarr,Pass
687190,21,MissedShots,0.884000015258789,0.46799999237060547,0.0191451758146286,Thierno Barry,a,12916,SetPiece,2025,Head,29156,Tottenham,Everton,1,0,2026-05-24 15:00:00,James Garner,Aerial
687191,31,BlockedShot,0.7909999847412109,0.33099998474121095,0.026595965027809143,Kiernan Dewsbury-Hall,a,9739,OpenPlay,2025,LeftFoot,29156,Tottenham,Everton,1,0,2026-05-24 15:00:00,Iliman Ndiaye,Pass
687192,32,BlockedShot,0.8430000305175781,0.5029999923706054,0.06814605742692947,Iliman Ndiaye,a,9307,OpenPlay,2025,LeftFoot,29156,Tottenham,Everton,1,0,2026-05-24 15:00:00,James Garner,CornerAwarded
687198,44,BlockedShot,0.8859999847412109,0.3970000076293945,0.021828236058354378,Michael Keane,a,1653,OpenPlay,2025,Head,29156,Tottenham,Everton,1,0,2026-05-24 15:00:00,Jake O&#039;Brien,KeeperPickup
687199,44,MissedShots,0.7419999694824219,0.46099998474121096,0.010653485544025898,James Garner,a,7438,OpenPlay,2025,LeftFoot,29156,Tottenham,Everton,1,0,2026-05-24 15:00:00,,Aerial
687206,92,MissedShots,0.8630000305175781,0.4159999847412109,0.017236508429050446,Michael Keane,a,1653,OpenPlay,2025,Head,29156,Tottenham,Everton,1,0,2026-05-24 15:00:00,James Garner,Cross
687207,95,MissedShots,0.9159999847412109,0.5479999923706055,0.03790665417909622,Carlos Alcaraz,a,11297,OpenPlay,2025,Head,29156,Tottenham,Everton,1,0,2026-05-24 15:00:00,Seamus Coleman,Aerial
687208,98,SavedShot,0.8580000305175781,0.6709999847412109,0.03307060897350311,Tyrique George,a,12573,SetPiece,2025,RightFoot,29156,Tottenham,Everton,1,0,2026-05-24 15:00:00,Vitalii Mykolenko,Pass
687209,99,MissedShots,0.9019999694824219,0.4909999847412109,0.033893704414367676,James Tarkowski,a,1665,FromCorner,2025,Head,29156,Tottenham,Everton,1,0,2026-05-24 15:00:00,James Garner,Aerial
